{"title": "Original Article\n", "content": {"0": ["T\u00f3m t\u1eaft: Quercetin l\u00e0 m\u1ed9t flavonoid t\u1ef1 nhi\u00ean, \u0111\u01b0\u1ee3c bi\u1ebft \u0111\u1ebfn v\u1edbi nh\u1eefng t\u00e1c d\u1ee5ng sinh h\u1ecdc kh\u00e1c nhau nh\u01b0 ch\u1ed1ng vi\u00eam, ch\u1ed1ng oxy ho\u00e1,...\n", "Do h\u1ea7u nh\u01b0 kh\u00f4ng tan trong n\u01b0\u1edbc, b\u1ecb chuy\u1ec3n ho\u00e1, th\u1ea3i tr\u1eeb nhanh sau khi d\u00f9ng qua \u0111\u01b0\u1eddng ti\u00eau ho\u00e1 n\u00ean sinh kh\u1ea3 d\u1ee5ng \u0111\u01b0\u1eddng u\u1ed1ng c\u1ee7a quercetin r\u1ea5t th\u1ea5p.\n", "V\u00ec v\u1eady, cho \u0111\u1ebfn nay, ho\u1ea1t ch\u1ea5t n\u00e0y ch\u01b0a \u0111\u01b0\u1ee3c s\u1eed d\u1ee5ng r\u1ed9ng r\u00e3i trong \u0111i\u1ec1u tr\u1ecb l\u00e2m s\u00e0ng.\n", "\u0110\u1ec3 kh\u1eafc ph\u1ee5 nh\u1eefng h\u1ea1n ch\u1ebf \u0111\u00e3 n\u00eau, phytosome quercetin \u0111\u00e3 \u0111\u01b0\u1ee3c nghi\u00ean c\u1ee9u b\u00e0o ch\u1ebf b\u1eb1ng ph\u01b0\u01a1ng ph\u00e1p b\u1ed1c h\u01a1i dung m\u00f4i.\n", "Trong nghi\u00ean c\u1ee9u n\u00e0y, ch\u00fang t\u00f4i ti\u1ebfp t\u1ee5c nghi\u00ean c\u1ee9u \u1ee9ng d\u1ee5ng ph\u1ee9c h\u1ee3p phytosome \u0111\u00e3 b\u00e0o ch\u1ebf v\u00e0o d\u1ea1ng thu\u1ed1c nang c\u1ee9ng.\n", "Nghi\u00ean c\u1ee9u \u0111\u00e3 t\u00ecm ra c\u00f4ng th\u1ee9c b\u00e0o ch\u1ebf t\u1ed1i \u01b0u c\u1ee7a vi\u00ean nang c\u1ee9ng ch\u1ee9a h\u1ea1t phytosome quercetin v\u1edbi h\u00e0m l\u01b0\u1ee3ng ho\u1ea1t ch\u1ea5t 50 mg, c\u00f3 kh\u1ea3 n\u0103ng ho\u00e0 tan tr\u00ean 90% quercetin sau 45 ph\u00fat.\n", "C\u00e1c k\u1ebft qu\u1ea3 \u0111\u00e1nh gi\u00e1 t\u00e1c d\u1ee5ng b\u1ea3o v\u1ec7 gan c\u1ee7a vi\u00ean nang b\u00e0o ch\u1ebf tr\u00ean chu\u1ed9t c\u0169ng b\u01b0\u1edbc \u0111\u1ea7u ch\u1ee9ng minh \u0111\u01b0\u1ee3c vi\u00ean nang phytosome quercetin c\u00f3 kh\u1ea3 n\u0103ng b\u1ea3o v\u1ec7 gan v\u01b0\u1ee3t tr\u1ed9i so v\u1edbi vi\u00ean ch\u1ee9a quercetin t\u1ef1 do c\u00f3 c\u00f9ng th\u00e0nh ph\u1ea7n v\u00e0 t\u1ef7 l\u1ec7 t\u00e1 d\u01b0\u1ee3c.\n", "T\u1eeb kho\u00e1: Querecetin, phytosome, nang c\u1ee9ng, ch\u1ed1ng oxy ho\u00e1, t\u00e1c d\u1ee5ng b\u1ea3o v\u1ec7 gan.\n"], "1": ["1.\n", "M\u1edf \u0111\u1ea7u\n", "Phytosome \u0111\u01b0\u1ee3c xem l\u00e0 m\u1ed9t h\u01b0\u1edbng nghi\u00ean c\u1ee9u hi\u1ec7u qu\u1ea3 trong vi\u1ec7c c\u1ea3i thi\u1ec7n nh\u1eefng h\u1ea1n ch\u1ebf v\u1ec1 \u0111\u1ed9 tan, t\u00ednh th\u1ea5m c\u0169ng nh\u01b0 nguy c\u01a1 chuy\u1ec3n ho\u00e1 qua gan c\u1ee7a c\u00e1c ho\u1ea1t ch\u1ea5t nh\u00f3m polyphenol [1, 2].\n", "Quercetin l\u00e0 m\u1ed9t flavonoid t\u1ef1 nhi\u00ean \u0111\u01b0\u1ee3c ch\u1ee9ng minh c\u00f3 nhi\u1ec1u t\u00e1c d\u1ee5ng sinh h\u1ecdc kh\u00e1c nhau nh\u01b0 ch\u1ed1ng vi\u00eam, ch\u1ed1ng d\u1ecb \u1ee9ng, ng\u0103n ng\u1eeba h\u00ecnh th\u00e0nh kh\u1ed1i u, ch\u1ed1ng oxy ho\u00e1 m\u1ea1nh ngay c\u1ea3 \u1edf n\u1ed3ng \u0111\u1ed9 th\u1ea5p [3].\n", "Tuy nhi\u00ean, do \u0111\u1eb7c t\u00ednh h\u1ea7u nh\u01b0 kh\u00f4ng tan trong n\u01b0\u1edbc, b\u1ecb chuy\u1ec3n ho\u00e1, th\u1ea3i tr\u1eeb nhanh khi d\u00f9ng \u0111\u01b0\u1eddng u\u1ed1ng, \u0111\u00e3 h\u1ea1n ch\u1ebf kh\u1ea3 n\u0103ng \u1ee9ng d\u1ee5ng quercetin tr\u00ean l\u00e2m s\u00e0ng [4, 5].\n", "\u0110\u1ec3 g\u00f3p ph\u1ea7n t\u0103ng kh\u1ea3 n\u0103ng \u1ee9ng d\u1ee5ng ho\u1ea1t ch\u1ea5t c\u00f3 ngu\u1ed3n g\u1ed1c t\u1ef1 nhi\u00ean, phytosome quercetin \u0111\u00e3 \u0111\u01b0\u1ee3c nghi\u00ean c\u1ee9u x\u00e2y d\u1ef1ng c\u00f4ng th\u1ee9c v\u00e0 quy _* T\u00e1c gi\u1ea3 li\u00ean h\u1ec7.\n", "tr\u00ecnh b\u00e0o ch\u1ebf, k\u1ebft qu\u1ea3 nghi\u00ean c\u1ee9u \u0111\u00e3 b\u01b0\u1edbc \u0111\u1ea7u [6, 7].\n", "Tr\u00ean c\u01a1 s\u1edf nh\u1eefng k\u1ebft qu\u1ea3 thu \u0111\u01b0\u1ee3c, nghi\u00ean c\u1ee9u n\u00e0y \u0111\u01b0\u1ee3c ti\u1ebfp t\u1ee5c ti\u1ebfn h\u00e0nh v\u1edbi m\u1ee5c ti\u00eau:\n", "\u1ee8ng d\u1ee5ng phytosome quercetin v\u00e0o d\u1ea1ng vi\u00ean nang c\u1ee9ng v\u00e0 \u0111\u00e1nh gi\u00e1 t\u00e1c d\u1ee5ng b\u1ea3o v\u1ec7 gan in vivo c\u1ee7a ch\u1ebf ph\u1ea9m thu \u0111\u01b0\u1ee3c.\n"], "2": ["2.\n", "Nguy\u00ean v\u1eadt li\u1ec7u, thi\u1ebft b\u1ecb v\u00e0 ph\u01b0\u01a1ng ph\u00e1p nghi\u00ean c\u1ee9u 2.1.\n", "Nguy\u00ean v\u1eadt li\u1ec7u\n", "Quercetin dihydrat (Vi\u1ec7t Nam \u2013 TCNSX, h\u00e0m l\u01b0\u1ee3ng > 95%); phosphatidyl cholin \u0111\u1eadu n\u00e0nh hydrogen ho\u00e1 (HSPC \u2013 Lipoid \u0110\u1ee9c \u2013 USP 40), carbon tetraclorid v\u00e0 d\u1ea7u \u00f4 liu (Sigma \u2013\n", "Aldrich - TCNSX); natri glycolat (SSG), Tween 80, lactose (Trung Qu\u1ed1c \u2013 BP 2015).\n", "T\u00e1 d\u01b0\u1ee3c v\u00e0 ho\u00e1 ch\u1ea5t \u0111\u1ec1u \u0111\u1ea1t ti\u00eau chu\u1ea9n d\u01b0\u1ee3c d\u1ee5ng ho\u1eb7c tinh khi\u1ebft ph\u00e2n t\u00edch.\n", "Quercetin chu\u1ea9n \u0111\u1ed1i chi\u1ebfu (s\u1ed1 ki\u1ec3m so\u00e1t: QT104111016, h\u00e0m l\u01b0\u1ee3ng 95,7%) do cung c\u1ea5p.\n", "2.2.\n", "Thi\u1ebft b\u1ecb nghi\u00ean c\u1ee9u\n", "Thi\u1ebft b\u1ecb \u0111\u00f3ng nang th\u1ee7 c\u00f4ng, m\u00e1y th\u1eed \u0111\u1ed9 ho\u00e0 tan Erweka-DT700 (\u0110\u1ee9c), h\u1ec7 th\u1ed1ng m\u00e1y s\u1eafc k\u00fd l\u1ecfng hi\u1ec7u n\u0103ng cao HPLC Agilent 1260 Infinity (M\u1ef9), t\u1ee7 vi kh\u00ed h\u1eadu Climacell, c\u00e2n ph\u00e2n t\u00edch\n", "Satorius BP121S, m\u00e1y \u0111o pH, t\u1ee7 l\u1ea1nh,...\n", "2.3.\n", "Ph\u01b0\u01a1ng ph\u00e1p nghi\u00ean c\u1ee9u 2.3.1.\n", "B\u00e0o ch\u1ebf vi\u00ean nang c\u1ee9ng ch\u1ee9a phytosome quercetin\n", "D\u1ef1a tr\u00ean k\u1ebft qu\u1ea3 kh\u1ea3o s\u00e1t s\u01a1 b\u1ed9 ban \u0111\u1ea7u, th\u00e0nh ph\u1ea7n vi\u00ean nang phytosome quercetin \u0111\u01b0\u1ee3c d\u1ef1 ki\u1ebfn:\n", "Phytosome quercetin (t\u01b0\u01a1ng \u1ee9ng 50mg quercetin) 187,41 mg\n", "T\u00e1 d\u01b0\u1ee3c \u0111\u1ed9n (lactose)\n", "Thay \u0111\u1ed5i theo nghi\u00ean c\u1ee9u\n", "T\u00e1 d\u01b0\u1ee3c si\u00eau r\u00e3 (natri starch glycolat)\n", "Thay \u0111\u1ed5i theo nghi\u00ean c\u1ee9u\n", "Ch\u1ea5t di\u1ec7n ho\u1ea1t (Tween 80)\n", "Thay \u0111\u1ed5i theo nghi\u00ean c\u1ee9u\n", "Dung m\u00f4i t\u1ea1o h\u1ea1t (Ethanol tuy\u1ec7t \u0111\u1ed1i)\n", "V\u1eeba \u0111\u1ee7\n", "T\u00e1 d\u01b0\u1ee3c tr\u01a1n (Aerosil) 2,50 mg\n", "T\u00e1 d\u01b0\u1ee3c tr\u01a1n (Talc) 3,18 mg\n", "Vi\u00ean nang ch\u1ee9a phytosome quercetin \u0111\u01b0\u1ee3c b\u00e0o ch\u1ebf b\u1eb1ng ph\u01b0\u01a1ng ph\u00e1p ph\u00e2n li\u1ec1u theo th\u1ec3 t\u00edch qua c\u00e1c b\u01b0\u1edbc nh\u01b0 sau:\n", "C\u00e2n, r\u00e2y c\u00e1c nguy\u00ean li\u1ec7u qua r\u00e2y 250 \u00b5m.\n", "Tr\u1ed9n b\u1ed9t k\u00e9p phytosome quercetin v\u1edbi t\u00e1 d\u01b0\u1ee3c \u0111\u1ed9n, r\u00e3 trong.\n", "Nh\u00e0o \u1ea9m b\u1ed9t k\u00e9p thu \u0111\u01b0\u1ee3c v\u1edbi dung d\u1ecbch\n", "Tween 80 trong ethanol tuy\u1ec7t \u0111\u1ed1i.\n", "X\u00e1t h\u1ea1t qua r\u00e2y 800 \u00b5m.\n", "S\u1ea5y h\u1ea1t \u0111\u1ebfn h\u00e0m \u1ea9m kh\u00f4ng qu\u00e1 3% \u1edf nhi\u1ec7t \u0111\u1ed9 50-55 oC sau \u0111\u00f3 s\u1eeda h\u1ea1t qua r\u00e2y 800 \u00b5m.\n", "Tr\u1ed9n h\u1ea1t thu \u0111\u01b0\u1ee3c v\u1edbi t\u00e1 d\u01b0\u1ee3c r\u00e3 ngo\u00e0i, t\u00e1 d\u01b0\u1ee3c tr\u01a1n r\u1ed3i \u0111\u00f3ng nang.\n", "2.3.2.\n", "\u0110\u00e1nh gi\u00e1 m\u1ed9t s\u1ed1 ch\u1ec9 ti\u00eau ch\u1ea5t l\u01b0\u1ee3ng phytosome quercetin v\u00e0 h\u1ea1t phytosome quercetin\n", "Ph\u1ed5 kh\u1ed1i l\u01b0\u1ee3ng MS: \u0111\u01b0\u1ee3c \u0111o b\u1eb1ng m\u00e1y kh\u1ed1i ph\u1ed5 LTQ Orbitrap XLTM, ho\u1ea1t \u0111\u1ed9ng theo nguy\u00ean t\u1eafc phun ch\u00f9m ion trong dung d\u1ecbch t\u1ea1o th\u00e0nh \u0111\u00e1m s\u01b0\u01a1ng m\u00f9 v\u1edbi c\u00e1c gi\u1ecdt nh\u1ecf d\u1ec5 bay h\u01a1i.\n", "X\u00e1c \u0111\u1ecbnh ph\u1ed5 MS c\u1ee7a 3 m\u1eabu quercetin, HSPC, phytosome \u1edf c\u00f9ng dung m\u00f4i methanol, ch\u1ebf \u0111\u1ed9 \u0111o\n", "ESI ion d\u01b0\u01a1ng.\n", "M\u1ea5t kh\u1ed1i l\u01b0\u1ee3ng do l\u00e0m kh\u00f4: \u0111\u01b0\u1ee3c \u0111\u00e1nh gi\u00e1 b\u1eb1ng ph\u01b0\u01a1ng ph\u00e1p s\u1ea5y \u0111\u1ebfn kh\u1ed1i l\u01b0\u1ee3ng kh\u00f4ng \u0111\u1ed5i, theo ph\u1ee5 l\u1ee5c 9.6, D\u01b0\u1ee3c \u0111i\u1ec3n Vi\u1ec7t Nam V (D\u0110VN V) [8].\n", "Kh\u1ea3 n\u0103ng tr\u01a1n ch\u1ea3y c\u1ee7a c\u1ed1m: theo quy \u0111\u1ecbnh c\u1ee7a D\u0110VN V [8].\n", "M\u1ed9t l\u01b0\u1ee3ng c\u1ed1m c\u00f3 kh\u1ed1i l\u01b0\u1ee3ng x\u00e1c \u0111\u1ecbnh (m) \u0111\u01b0\u1ee3c cho v\u00e0o \u1ed1ng \u0111ong th\u1ec3 t\u00edch h\u00ecnh tr\u1ee5.\n", "Th\u1ec3 t\u00edch kh\u1ed1i b\u1ed9t ban \u0111\u1ea7u l\u00e0 Vo.\n", "Sau \u0111\u00f3, \u1ed1ng \u0111ong \u0111\u01b0\u1ee3c g\u00f5 cho \u0111\u1ebfn khi th\u1ec3 t\u00edch kh\u00f4ng thay \u0111\u1ed5i th\u00ec \u0111\u1ecdc th\u1ec3 t\u00edch cu\u1ed1i c\u00f9ng l\u00e0 V.\n", "Ch\u1ec9 s\u1ed1\n", "Carr (%) = \u00d7100.\n", "2.3.3.\n", "\u0110\u00e1nh gi\u00e1 m\u1ed9t s\u1ed1 ch\u1ec9 ti\u00eau ch\u1ea5t l\u01b0\u1ee3ng vi\u00ean nang c\u1ee9ng phytosome quercetin\n", "H\u00ecnh th\u1ee9c vi\u00ean: nang c\u1ee9ng HPMC s\u1ed1 0, th\u00e2n v\u00e0 n\u1eafp m\u00e0u tr\u1eafng ch\u1ee9a c\u00e1c h\u1ea1t c\u1ed1m m\u00e0u v\u00e0ng nh\u1ea1t, \u0111\u1ed3ng \u0111\u1ec1u, tr\u01a1n ch\u1ea3y t\u1ed1t, kh\u00f4ng v\u00f3n c\u1ee5c.\n", "\u0110\u1ed9 \u0111\u1ed3ng \u0111\u1ec1u kh\u1ed1i l\u01b0\u1ee3ng: th\u1ef1c hi\u1ec7n theo ch\u1ec9 d\u1eabn ph\u00e9p th\u1eed \u0111\u1ed9 \u0111\u1ed3ng \u0111\u1ec1u v\u1ec1 kh\u1ed1i l\u01b0\u1ee3ng trong\n", "D\u0110VN V [8].\n", "C\u00e2n kh\u1ed1i l\u01b0\u1ee3ng c\u1ee7a 1 nang, th\u00e1o r\u1eddi 2 n\u1eeda v\u1ecf nang, d\u00f9ng b\u00f4ng lau s\u1ea1ch v\u1ecf v\u00e0 c\u00e2n kh\u1ed1i l\u01b0\u1ee3ng c\u1ee7a v\u1ecf.\n", "Kh\u1ed1i l\u01b0\u1ee3ng thu\u1ed1c trong nang l\u00e0 hi\u1ec7u s\u1ed1 gi\u1eefa kh\u1ed1i l\u01b0\u1ee3ng c\u1ea3 nang thu\u1ed1c v\u00e0 kh\u1ed1i l\u01b0\u1ee3ng v\u1ecf nang.\n", "Ti\u1ebfn h\u00e0nh t\u01b0\u01a1ng t\u1ef1 v\u1edbi 19 \u0111\u01a1n v\u1ecb kh\u00e1c l\u1ea5y ng\u1eabu nhi\u00ean.\n", "Y\u00eau c\u1ea7u: Kh\u00f4ng c\u00f3 vi\u00ean nang n\u00e0o c\u00f3 \u0111\u1ed9 l\u1ec7ch l\u1edbn h\u01a1n 7,5 % so v\u1edbi kh\u1ed1i l\u01b0\u1ee3ng trung b\u00ecnh thu\u1ed1c trong nang.\n", "\u0110\u1ecbnh l\u01b0\u1ee3ng b\u1eb1ng ph\u01b0\u01a1ng ph\u00e1p HPLC [6]: c\u1ed9t s\u1eafc k\u00fd Apollo C18, k\u00edch th\u01b0\u1edbc c\u1ed9t 4,6 \u00d7 250 mm, \u0111\u01b0\u1eddng k\u00ednh h\u1ea1t nh\u1ed3i 5 \u00b5m; b\u1ea3o v\u1ec7 c\u1ed9t\n", "Apollo C18 (4,6 \u00d7 12,5 mm, 5 \u00b5m); pha \u0111\u1ed9ng: h\u1ed7n h\u1ee3p acid phosphoric 0,2% trong n\u01b0\u1edbc v\u00e0 methanol v\u1edbi t\u1ef7 l\u1ec7 40: 60 (v/v); t\u1ed1c \u0111\u1ed9 d\u00f2ng: 1 ml/ph\u00fat; th\u1ec3 t\u00edch ti\u00eam m\u1eabu: 20 \u00b5l; detector UV b\u01b0\u1edbc s\u00f3ng 370 nm.\n", "M\u1eabu chu\u1ea9n: c\u00e2n ch\u00ednh x\u00e1c kho\u1ea3ng 8 mg quercetin chu\u1ea9n ho\u00e0 tan trong b\u00ecnh \u0111\u1ecbnh m\u1ee9c 100 ml b\u1eb1ng methanol, thu \u0111\u01b0\u1ee3c dung d\u1ecbch chu\u1ea9n g\u1ed1c c\u00f3 n\u1ed3ng \u0111\u1ed9 80 \u00b5g/ml.\n", "H\u00fat ch\u00ednh x\u00e1c 1 ml dung d\u1ecbch g\u1ed1c, pha lo\u00e3ng b\u1eb1ng methanol trong b\u00ecnh \u0111\u1ecbnh m\u1ee9c 10 ml, thu \u0111\u01b0\u1ee3c dung d\u1ecbch chu\u1ea9n c\u00f3 n\u1ed3ng \u0111\u1ed9 th\u00edch h\u1ee3p.\n", "L\u1ecdc dung d\u1ecbch qua m\u00e0ng 0,2 \u00b5m tr\u01b0\u1edbc khi ti\u00eam m\u1eabu v\u00e0o h\u1ec7 th\u1ed1ng s\u1eafc k\u00ed.\n", "M\u1eabu th\u1eed: c\u00e2n v\u00e0 nghi\u1ec1n th\u00e0nh b\u1ed9t m\u1ecbn kh\u1ed1i l\u01b0\u1ee3ng c\u1ee7a 20 vi\u00ean nang (\u0111\u00e3 th\u00e1o b\u1ed9t lo\u1ea1i v\u1ecf), sau \u0111\u00f3 c\u00e2n m\u1ed9t l\u01b0\u1ee3ng b\u1ed9t ch\u1ee9a kho\u1ea3ng 20 mg quercetin, ho\u00e0 tan trong b\u00ecnh \u0111\u1ecbnh m\u1ee9c 50 ml b\u1eb1ng methanol, b\u1ed5 sung th\u1ec3 t\u00edch \u0111\u1ebfn v\u1ea1ch.\n", "H\u00fat ch\u00ednh x\u00e1c 2 ml dung d\u1ecbch m\u1eabu th\u1eed, pha lo\u00e3ng b\u1eb1ng methanol trong b\u00ecnh \u0111\u1ecbnh m\u1ee9c 10ml, thu \u0111\u01b0\u1ee3c dung d\u1ecbch m\u1eabu th\u1eed.\n", "L\u1ecdc m\u1eabu qua m\u00e0ng 0,2 \u00b5m tr\u01b0\u1edbc khi ti\u00eam m\u1eabu v\u00e0o h\u1ec7 th\u1ed1ng s\u1eafc k\u00ed.\n", "H\u00e0m l\u01b0\u1ee3ng quercetin to\u00e0n ph\u1ea7n trong m\u1eabu th\u1eed \u0111\u01b0\u1ee3c x\u00e1c \u0111\u1ecbnh b\u1eb1ng c\u00f4ng th\u1ee9c:\n", "HLquercetin (%) = \u00d7250 \u00d7 100\n", "Trong \u0111\u00f3: HLquercetin: h\u00e0m l\u01b0\u1ee3ng quercetin to\u00e0n ph\u1ea7n trong m\u1eabu th\u1eed (%); m: kh\u1ed1i l\u01b0\u1ee3ng m\u1eabu quercetin (mg);\n", "Ci: n\u1ed3ng \u0111\u1ed9 c\u1ee7a quercetin trong m\u1eabu th\u1eed (mg/ml).\n", "Ci = \u00d7 \u00d7\n", "Cci: n\u1ed3ng \u0111\u1ed9 dung d\u1ecbch chu\u1ea9n c\u1ee7a quercetin (mg/ml);\n", "Si: di\u1ec7n t\u00edch c\u1ee7a pic quercetin trong m\u1eabu th\u1eed (mAU.\n", "S);\n", "Sci: di\u1ec7n t\u00edch pic dung d\u1ecbch chu\u1ea9n quercetin (mAU.\n", "S); k: h\u1ec7 s\u1ed1 pha lo\u00e3ng.\n", "\u0110\u00e1nh gi\u00e1 \u0111\u1ed9 ho\u00e0 tan in-vitro [9, 10]: ti\u1ebfn h\u00e0nh trong m\u00f4i tr\u01b0\u1eddng 900 ml dung d\u1ecbch HCl pH 1,2 c\u00f3 0,75% Tween 80, nhi\u1ec7t \u0111\u1ed9 37 \u00b1 0,5 oC, thi\u1ebft b\u1ecb gi\u1ecf quay v\u1edbi t\u1ed1c \u0111\u1ed9 75 \u00b1 2 v\u00f2ng/ph\u00fat.\n", "Sau 45 ph\u00fat, h\u00fat 10 ml m\u1eabu.\n", "M\u1eabu \u0111\u01b0\u1ee3c \u0111\u01b0a v\u00e0o \u1ed1ng ly t\u00e2m si\u00eau l\u1ecdc Amicon 10 kDa, ly t\u00e2m 8000 v\u00f2ng/ph\u00fat trong th\u1eddi gian 3 ph\u00fat.\n", "\u0110\u1ecbnh l\u01b0\u1ee3ng ph\u1ea7n d\u1ecbch trong b\u1eb1ng ph\u01b0\u01a1ng ph\u00e1p HPLC.\n", "Ph\u1ea7n tr\u0103m quercetin ho\u00e0 tan (% HT) \u0111\u01b0\u1ee3c t\u00ednh nh\u01b0 sau: % HT= \u00e0 \u01b0\u1ee3 \u0111\u01b0\u1ee3 \u00f2 tan() \u00e0 \u01b0\u1ee3 \u00ea \u00e3 () \u00d7 100 2.3.4.\n", "Nghi\u00ean c\u1ee9u \u0111\u1ed9 \u1ed5n \u0111\u1ecbnh vi\u00ean nang phytosome quercetin 03 l\u00f4 vi\u00ean nang c\u1ee9ng phytosome quercetin \u0111\u01b0\u1ee3c \u0111\u00f3ng trong l\u1ecd thu\u1ef7 tinh m\u00e0u n\u00e2u c\u00f3 t\u00fai h\u00fat \u1ea9m v\u00e0 \u0111\u1eady n\u1eafp cao su k\u00edn, theo d\u00f5i \u0111\u1ed9 \u1ed5n \u0111\u1ecbnh \u1edf c\u00e1c \u0111i\u1ec1u ki\u1ec7n th\u1ef1c (nhi\u1ec7t \u0111\u1ed9 15 \u2013 35 oC, \u0111\u1ed9 \u1ea9m t\u01b0\u01a1ng \u0111\u1ed1i 60 - 90%) trong 12 th\u00e1ng v\u00e0 \u0111i\u1ec1u ki\u1ec7n l\u00e3o ho\u00e1 c\u1ea5p t\u1ed1c (nhi\u1ec7t \u0111\u1ed9 40 \u00b1 2 oC, \u0111\u1ed9 \u1ea9m t\u01b0\u01a1ng \u0111\u1ed1i 75 \u00b1 %) trong 06 th\u00e1ng.\n", "2.3.5.\n", "\u0110\u00e1nh gi\u00e1 t\u00e1c d\u1ee5ng b\u1ea3o v\u1ec7 gan c\u1ee7a vi\u00ean nang phytosome quercetin\n", "\u0110\u1ed9ng v\u1eadt th\u1eed nghi\u1ec7m: chu\u1ed9t thu\u1ea7n ch\u1ee7ng d\u00f2ng BALB/c kho\u1ea3ng 5-6 tu\u1ea7n tu\u1ed5i c\u00f3 kh\u1ed1i l\u01b0\u1ee3ng kho\u1ea3ng 24-28 g, kho\u1ebb m\u1ea1nh, kh\u00f4ng ph\u00e2n bi\u1ec7t gi\u1ed1ng, \u0111\u1ea1t ti\u00eau chu\u1ea9n th\u00ed nghi\u1ec7m do Vi\u1ec7n\n", "C\u00f4ng ngh\u1ec7 Sinh h\u1ecdc - Vi\u1ec7n H\u00e0n l\u00e2m Khoa h\u1ecdc v\u00e0 C\u00f4ng ngh\u1ec7 Vi\u1ec7t Nam cung c\u1ea5p.\n", "Chu\u1ed9t \u0111\u01b0\u1ee3c nu\u00f4i \u1ed5n \u0111\u1ecbnh 1 tu\u1ea7n tr\u01b0\u1edbc khi th\u00ed nghi\u1ec7m.\n", "H\u1eb1ng ng\u00e0y chu\u1ed9t \u0111\u01b0\u1ee3c cho \u0103n th\u1ee9c \u0103n ti\u00eau chu\u1ea9n v\u00e0 u\u1ed1ng n\u01b0\u1edbc t\u1ef1 do.\n", "\u0110\u00e1nh gi\u00e1 t\u00e1c d\u1ee5ng b\u1ea3o v\u1ec7 gan tr\u00ean m\u00f4 h\u00ecnh g\u00e2y \u0111\u1ed9c b\u1eb1ng carbon tetraclorid [11].\n", "B\u1ed1 tr\u00ed th\u00ed nghi\u1ec7m: 18 con chu\u1ed9t \u0111\u01b0\u1ee3c chia ng\u1eabu nhi\u00ean th\u00e0nh 3 nh\u00f3m, m\u1ed7i nh\u00f3m 6 con.\n", "C\u00e1c nh\u00f3m chu\u1ed9t \u0111\u1ec1u \u0111\u01b0\u1ee3c ch\u0103m s\u00f3c \u1edf ch\u1ebf \u0111\u1ed9 ti\u00eau chu\u1ea9n, cho u\u1ed1ng n\u01b0\u1edbc c\u1ea5t ho\u1eb7c m\u1eabu th\u1eed, 1 l\u1ea7n/ng\u00e0y v\u00e0o bu\u1ed5i s\u00e1ng, li\u00ean t\u1ee5c 7 ng\u00e0y tr\u01b0\u1edbc khi g\u00e2y \u0111\u1ed9c cho gan.\n", "L\u00f4 1 (\u0110\u1ed1i ch\u1ee9ng b\u1ec7nh l\u00fd): cho u\u1ed1ng n\u01b0\u1edbc c\u1ea5t 0,2 ml/con/ng\u00e0y.\n", "L\u00f4 2: u\u1ed1ng l\u01b0\u1ee3ng h\u1ed7n d\u1ecbch b\u1ed9t \u0111\u00f3ng nang quercetin t\u1ef1 do (c\u00f9ng h\u00e0m l\u01b0\u1ee3ng ho\u1ea1t ch\u1ea5t, th\u00e0nh ph\u1ea7n v\u00e0 t\u1ef7 l\u1ec7 t\u00e1 d\u01b0\u1ee3c nh\u01b0 nang phytosome quercetin) t\u01b0\u01a1ng \u1ee9ng v\u1edbi li\u1ec1u t\u00ednh theo quercetin 50 mg/kg/ng\u00e0y.\n", "L\u00f4 3: chu\u1ed9t \u0111\u01b0\u1ee3c u\u1ed1ng l\u01b0\u1ee3ng h\u1ed7n d\u1ecbch ch\u1ee9a b\u1ed9t \u0111\u00f3ng nang phytosome quercetin v\u1edbi li\u1ec1u t\u01b0\u01a1ng \u1ee9ng 50 mg quercetin/kgP/ng\u00e0y.\n", "Ng\u00e0y th\u1ee9 7, ti\u1ebfn h\u00e0nh g\u00e2y \u0111\u1ed9c gan b\u1eb1ng c\u00e1ch ti\u00eam m\u00e0ng b\u1ee5ng dung d\u1ecbch CCl4 10% trong d\u1ea7u \u00f4 liu v\u1edbi li\u1ec1u 0,2 ml/kg (t\u00ednh theo th\u1ec3 t\u00edch CCl4 nguy\u00ean ch\u1ea5t).\n", "Sau khi g\u00e2y \u0111\u1ed9c 48 gi\u1edd, l\u1ea5y m\u00e1u \u1edf h\u1ed1c m\u1eaft x\u00e1c \u0111\u1ecbnh ho\u1ea1t \u0111\u1ed9 ALT, AST b\u1eb1ng m\u00e1y \u0111\u1ecbnh l\u01b0\u1ee3ng sinh ho\u00e1 b\u00e1n t\u1ef1 \u0111\u1ed9ng c\u1ee7a Beckman Coulter AU680.\n", "Sau \u0111\u00f3, gi\u1ebft chu\u1ed9t, t\u00e1ch l\u1ea5y gan, r\u1eeda s\u1ea1ch b\u1eb1ng n\u01b0\u1edbc mu\u1ed1i sinh l\u00fd l\u1ea1nh v\u00e0 ti\u1ebfn h\u00e0nh x\u00e1c \u0111\u1ecbnh h\u00e0m l\u01b0\u1ee3ng malondialdehyd trong gan.\n", "Chu\u1ea9n b\u1ecb m\u1eabu: m\u1edf v\u1ecf 20 vi\u00ean nang, sau \u0111\u00f3 c\u00e2n l\u01b0\u1ee3ng c\u1ed1m t\u01b0\u01a1ng \u1ee9ng v\u1edbi kh\u1ed1i l\u01b0\u1ee3ng m\u1ed9t vi\u00ean, nghi\u1ec1n m\u1ecbn v\u00e0 ph\u00e2n t\u00e1n to\u00e0n b\u1ed9 c\u1ed1m trong n\u01b0\u1edbc tinh khi\u1ebft v\u1eeba \u0111\u1ee7 10 ml.\n", "H\u1ed7n d\u1ecbch \u0111\u01b0\u1ee3c khu\u1ea5y t\u1eeb li\u00ean t\u1ee5c trong su\u1ed1t th\u1eddi gian cho chu\u1ed9t u\u1ed1ng.\n", "Cho chu\u1ed9t u\u1ed1ng m\u1eabu b\u1eb1ng b\u01a1m ti\u00eam kim \u0111\u1ea7u t\u00f9, h\u1ed7n d\u1ecbch \u0111\u01b0\u1ee3c b\u01a1m th\u1eb3ng v\u00e0o d\u1ea1 d\u00e0y chu\u1ed9t.\n", "X\u00e1c \u0111\u1ecbnh h\u00e0m l\u01b0\u1ee3ng malondialdehyd (MDA) trong gan: Gan chu\u1ed9t \u0111\u01b0\u1ee3c nghi\u1ec1n trong dung d\u1ecbch \u0111\u1ec7m KCl 1,15% theo t\u1ef7 l\u1ec7 1:10 (gan:dung d\u1ecbch \u0111\u1ec7m) \u1edf nhi\u1ec7t \u0111\u1ed9 0-5 oC.\n", "L\u1ea5y 1 ml d\u1ecbch \u0111\u1ed3ng th\u1ec3, th\u00eam 0,5 ml \u0111\u1ec7m Tris - HCl, \u1ee7 \u1edf 37 oC trong 1 gi\u1edd.\n", "K\u1ebft th\u00fac ph\u1ea3n \u1ee9ng b\u1eb1ng 0,5 ml acid tricloacetic 10%, ly t\u00e2m 10.000 v\u00f2ng/ph\u00fat trong 5 ph\u00fat.\n", "L\u1ea5y 0,5 ml d\u1ecbch trong cho ph\u1ea3n \u1ee9ng v\u1edbi 0,5 ml acid thiobarbituric 0,8%, \u1ee7 \u1edf 95-100 oC trong 15 ph\u00fat v\u00e0 \u0111o m\u00e0u \u1edf b\u01b0\u1edbc s\u00f3ng = 532 nm.\n", "H\u00e0m l\u01b0\u1ee3ng MDA (nM/ml) \u0111\u01b0\u1ee3c t\u00ednh theo ph\u01b0\u01a1ng tr\u00ecnh h\u1ed3i quy ch\u1ea5t chu\u1ea9n MDA: y = ax + b.\n", "Trong \u0111\u00f3: y l\u00e0 gi\u00e1 tr\u1ecb \u0111\u1ed9 h\u1ea5p th\u1ee5 quang, x l\u00e0 h\u00e0m l\u01b0\u1ee3ng MDA.\n", "2.3.6.\n", "Ph\u01b0\u01a1ng ph\u00e1p x\u1eed l\u00fd s\u1ed1 li\u1ec7u\n", "C\u00e1c k\u1ebft qu\u1ea3 \u0111\u01b0\u1ee3c x\u1eed l\u00fd th\u1ed1ng k\u00ea v\u1edbi s\u1ef1 h\u1ed7 tr\u1ee3 c\u1ee7a ph\u1ea7n m\u1ec1m Microsoft Excel 2020.\n", "K\u1ebft qu\u1ea3 \u0111\u01b0\u1ee3c tr\u00ecnh b\u00e0y d\u01b0\u1edbi d\u1ea1ng: X \u00b1 SD.\n", "Trong \u0111\u00f3: X l\u00e0 gi\u00e1 tr\u1ecb trung b\u00ecnh, SD l\u00e0 \u0111\u1ed9 l\u1ec7ch chu\u1ea9n, n l\u00e0 s\u1ed1 l\u1ea7n l\u1eb7p l\u1ea1i th\u00ed nghi\u1ec7m/c\u1ee1 m\u1eabu.\n"], "3": ["3.\n", "K\u1ebft qu\u1ea3 nghi\u00ean c\u1ee9u 3.1.\n", "X\u00e2y d\u1ef1ng c\u00f4ng th\u1ee9c b\u00e0o ch\u1ebf vi\u00ean nang c\u1ee9ng phytosome quercetin 3.1.1.\n", "\u0110\u00e1nh gi\u00e1 phytosome quercetin v\u00e0 l\u1ef1a ch\u1ecdn v\u1ecf nang\n", "Ho\u00e0 tan phytosome quercetin b\u00e0o ch\u1ebf theo c\u00f4ng th\u1ee9c v\u00e0 quy tr\u00ecnh \u0111\u00e3 c\u00f4ng b\u1ed1 [6] trong ethyl acetat (dung m\u00f4i c\u00f3 kh\u1ea3 n\u0103ng ho\u00e0 tan ch\u1ecdn l\u1ecdc quercetin \u0111\u1ec3 lo\u1ea1i quercetin t\u1ef1 do n\u1ebfu c\u00f3), si\u00eau \u00e2m h\u1ed7n h\u1ee3p trong 10 ph\u00fat sau \u0111\u00f3 ly t\u00e2m t\u00e1ch ri\u00eang ph\u1ea7n c\u1eafn kh\u00f4ng tan.\n", "S\u1ea5y kh\u00f4 c\u1eafn thu \u0111\u01b0\u1ee3c \u0111em \u0111o ph\u1ed5 kh\u1ed1i l\u01b0\u1ee3ng x\u00e1c \u0111\u1ecbnh kh\u1ed1i l\u01b0\u1ee3ng ph\u00e2n t\u1eed (KLPT) c\u00f9ng v\u1edbi c\u00e1c m\u1eabu quercetin v\u00e0 HSPC.\n", "K\u1ebft qu\u1ea3 thu \u0111\u01b0\u1ee3c nh\u01b0 B\u1ea3ng 1.\n", "K\u1ebft qu\u1ea3 cho th\u1ea5y phytosome l\u00e0 ph\u00e2n t\u1eed m\u1edbi v\u00e0 c\u00f3 s\u1ef1 h\u00ecnh th\u00e0nh li\u00ean k\u1ebft ho\u00e1 h\u1ecdc gi\u1eefa quercetin v\u00e0 HSPC.\n", "M phytosome M quercetin + M HSPC.\n", "K\u1ebft qu\u1ea3 n\u00e0y ph\u00f9 h\u1ee3p v\u1edbi k\u1ebft qu\u1ea3 ch\u1ee9ng minh li\u00ean k\u1ebft ho\u00e1 h\u1ecdc gi\u1eefa quercetin v\u00e0\n", "HSPC l\u00e0 li\u00ean k\u1ebft hydro v\u00e0 t\u1ef7 l\u1ec7 ph\u1ea3n \u1ee9ng t\u1ea1o phytosome l\u00e0 1:1 [5, 6].\n", "B\u1ea3ng 1.\n", "C\u00e1c th\u00f4ng s\u1ed1 MS c\u1ee7a m\u1eabu ph\u00e2n t\u00edch\n", "M\u1eabu m/z\n", "KLPT x\u00e1c \u0111\u1ecbnh t\u1eeb ph\u1ed5 MS\n", "KLPT tra c\u1ee9u (g/mol)\n", "C\u00f4ng th\u1ee9c ph\u00e2n t\u1eed\n", "Quercetin 303,08 (M-H) + 302,08 302,23 C15H10O7\n", "Phytosome quercetin 1062,64 (M-H) - 1063,64 _ _ 1090,77 (M-H) - 1091,77 _ _ 1114,97 (M-H) + 1113,97 _ _\n", "HSPC 762,69 (M-H) + 761,69 761,59 C42H84NO8P 790,7 (M-H) + 789,70 789,62 C44H88NO8P 812,69 (M-H) + 811,61 811,61 C46H86NO8P\n", "K\u1ebft qu\u1ea3 \u0111\u00e1nh gi\u00e1 c\u00f2n cho th\u1ea5y b\u1ed9t\n", "Phytosome quercetin c\u00f3 kh\u1ed1i l\u01b0\u1ee3ng ri\u00eang bi\u1ec3u ki\u1ebfn 0,42 \u00b1 0,03 (g/ml), th\u1ec3 t\u00edch bi\u1ec3u ki\u1ebfn t\u01b0\u01a1ng \u1ee9ng v\u1edbi h\u00e0m l\u01b0\u1ee3ng 50 mg quercetin kho\u1ea3ng 0,446 ml, khi b\u1ea3o qu\u1ea3n d\u1ec5 h\u00fat \u1ea9m, \u1ea3nh h\u01b0\u1edfng \u0111\u1ebfn kh\u1ea3 n\u0103ng tr\u01a1n ch\u1ea3y c\u1ee7a b\u1ed9t.\n", "V\u00ec v\u1eady, nghi\u00ean c\u1ee9u \u0111\u1ecbnh h\u01b0\u1edbng t\u1ea1o h\u1ea1t phytosome b\u00e0o ch\u1ebf v\u1edbi c\u00e1c t\u00e1 d\u01b0\u1ee3c \u00edt h\u00fat \u1ea9m sau \u0111\u00f3 \u0111\u00f3ng nang c\u1ee9ng HPMC s\u1ed1 0 do s\u1ebd c\u1ea7n k\u1ebft h\u1ee3p v\u1edbi l\u01b0\u1ee3ng \u0111\u00e1ng k\u1ec3 c\u00e1c t\u00e1 d\u01b0\u1ee3c c\u1ea7n thi\u1ebft.\n", "Ti\u1ebfn h\u00e0nh b\u00e0o ch\u1ebf h\u1ea1t ch\u1ee9a phytosome quercetin theo c\u00f4ng th\u1ee9c ch\u1ee9a 50 mg ho\u1ea1t ch\u1ea5t (t\u01b0\u01a1ng \u1ee9ng v\u1edbi 01 nang) nh\u01b0 sau:\n", "Phytosome quercetin (t\u01b0\u01a1ng \u1ee9ng v\u1edbi 50 mg quercetin) 187,41 mg\n", "Lactose 230,00 mg\n", "Natri starch glycolat r\u00e3 trong 15,00 mg\n", "Tween 80 15,00 mg\n", "Ethanol tuy\u1ec7t \u0111\u1ed1i v\u1eeba \u0111\u1ee7\n", "Natri starch glycolat r\u00e3 ngo\u00e0i 15,00 mg\n", "Aerosil 2,50 mg\n", "Talc 3,18 mg\n", "K\u1ebft qu\u1ea3 \u0111\u00e1nh gi\u00e1 \u0111\u1eb7c t\u00ednh c\u1ee7a c\u1ed1m phytosome quercetin \u0111\u01b0\u1ee3c tr\u00ecnh b\u00e0y \u1edf B\u1ea3ng 2.\n", "C\u00f3 th\u1ec3 th\u1ea5y, vi\u1ec7c t\u1ea1o h\u1ea1t \u0111\u00e3 c\u1ea3i thi\u1ec7n \u0111\u00e1ng k\u1ec3 kh\u1ed1i l\u01b0\u1ee3ng ri\u00eang bi\u1ec3u ki\u1ebfn v\u00e0 \u0111\u1ed9 tr\u01a1n ch\u1ea3y c\u1ee7a phytosome quercetin.\n", "\u0110\u00f3ng h\u1ea1t t\u1ea1o th\u00e0nh v\u00e0o nang HPMC s\u1ed1 0 b\u1eb1ng ph\u01b0\u01a1ng ph\u00e1p c\u00e2n v\u1edbi h\u00e0m l\u01b0\u01a1ng t\u01b0\u01a1ng \u1ee9ng 50 mg quercetin.\n", "K\u1ebft qu\u1ea3 \u0111\u00e1nh gi\u00e1 \u0111\u1ed9 ho\u00e0 tan c\u1ee7a c\u1ed1m phytosome v\u00e0 nang c\u1ee9ng HPMC b\u00e0o ch\u1ebf th\u1ec3 hi\u1ec7n trong H\u00ecnh 1 cho th\u1ea5y vi\u1ec7c \u0111\u00f3ng nang kh\u00f4ng \u1ea3nh h\u01b0\u1edfng \u0111\u1ebfn kh\u1ea3 n\u0103ng gi\u1ea3i ph\u00f3ng quercetin (f2 = 70,97).\n", "B\u1ea3ng 2.\n", "\u0110\u1eb7c t\u00ednh c\u1ee7a c\u1ed1m phytosome quercetin (n=3)\n", "\u0110\u1ed9 \u1ea9m (%)\n", "Kh\u1ed1i l\u01b0\u1ee3ng ri\u00eang bi\u1ec3u ki\u1ebfn (dbk , g/ml)\n", "Ch\u1ec9 s\u1ed1 Carr (%)\n", "H\u00e0m l\u01b0\u1ee3ng quercetin to\u00e0n ph\u1ea7n (%) 2,31 \u00b1 0,14 0,79 \u00b1 0,04 12,93 \u00b1 0,72 10,09 \u00b1 0,56\n", "H\u00ecnh 1.\n", "\u0110\u1ed3 th\u1ecb bi\u1ec3u di\u1ec5n kh\u1ea3 n\u0103ng gi\u1ea3i ph\u00f3ng quercetin t\u1eeb c\u1ed1m v\u00e0 vi\u00ean nang b\u00e0o ch\u1ebf (n = 12).\n", "3.1.2.\n", "X\u00e2y d\u1ef1ng c\u00f4ng th\u1ee9c h\u1ea1t phytosome quercetin \u0111\u00f3ng nang\n", "Ti\u1ebfn h\u00e0nh kh\u1ea3o s\u00e1t \u1ea3nh h\u01b0\u1edfng c\u1ee7a c\u00e1c t\u00e1 d\u01b0\u1ee3c \u0111\u1ed9n (lactose), r\u00e3 (natri starch glycolat), t\u0103ng th\u1ea5m (Tween 80) \u0111\u1ebfn kh\u1ea3 n\u0103ng gi\u1ea3i ph\u00f3ng quercetin t\u1eeb vi\u00ean nang phytosome quercetin khi c\u1ed1 \u0111\u1ecbnh l\u01b0\u1ee3ng c\u00e1c t\u00e1 d\u01b0\u1ee3c c\u00f2n l\u1ea1i trong vi\u00ean nang.\n", "K\u1ebft qu\u1ea3 nghi\u00ean c\u1ee9u \u0111\u01b0\u1ee3c th\u1ec3 hi\u1ec7n trong\n", "H\u00ecnh 2.\n", "C\u00f3 th\u1ec3 th\u1ea5y khi l\u01b0\u1ee3ng lactose trong vi\u00ean t\u0103ng l\u00ean th\u00ec t\u1ed1c \u0111\u1ed9 gi\u1ea3i ph\u00f3ng ho\u1ea1t ch\u1ea5t c\u0169ng t\u0103ng theo.\n", "Nguy\u00ean nh\u00e2n l\u00e0 do lactose c\u00f3 kh\u1ea3 n\u0103ng t\u1ea1o ra c\u00e1c k\u00eanh khu\u1ebfch t\u00e1n, l\u1ea1i d\u1ec5 tan trong n\u01b0\u1edbc n\u00ean l\u00e0m t\u0103ng m\u1eadt \u0111\u1ed9 c\u0169ng nh\u01b0 k\u00edch th\u01b0\u1edbc l\u1ed7 x\u1ed1p trong vi\u00ean, th\u00fac \u0111\u1ea9y qu\u00e1 tr\u00ecnh ho\u00e0 tan v\u00e0 khu\u1ebfch t\u00e1n ho\u1ea1t ch\u1ea5t t\u1eeb vi\u00ean.\n", "Vi\u1ec7c s\u1eed d\u1ee5ng t\u00e1 d\u01b0\u1ee3c si\u00eau r\u00e3 natri starch glycolat, k\u1ebft h\u1ee3p v\u1eeba r\u00e3 trong v\u1eeba r\u00e3 ngo\u00e0i \u1edf t\u1ef7 l\u1ec7 th\u00edch h\u1ee3p c\u0169ng g\u00f3p ph\u1ea7n c\u1ea3i thi\u1ec7n \u0111\u00e1ng k\u1ec3 kh\u1ea3 n\u0103ng gi\u1ea3i ph\u00f3ng ho\u1ea1t ch\u1ea5t t\u1eeb vi\u00ean nang.\n", "0 15 30 45 60 % q u er ce ti n g \u1ec9a i p h \u00f3 n g\n", "Th\u1eddi gian (ph\u00fat)\n", "C\u1ed1m ch\u1ee9a phytosome Vi\u00ean nang ch\u1ee9a phytosome\n", "H\u00ecnh 2.\n", "Bi\u1ec3u \u0111\u1ed3 bi\u1ec3u di\u1ec5n \u1ea3nh h\u01b0\u1edfng c\u1ee7a t\u1ef7 l\u1ec7 t\u00e1 d\u01b0\u1ee3c \u0111\u1ed9n, r\u00e3 v\u00e0 t\u0103ng th\u1ea5m \u0111\u1ebfn \u0111\u1ed9 ho\u00e0 tan vi\u00ean nang phytosome quercetin sau 45 ph\u00fat (n=6).\n", "H\u00ecnh 3.\n", "\u0110\u1ed3 th\u1ecb bi\u1ec3u di\u1ec5n t\u1ef7 l\u1ec7 % quercetin gi\u1ea3i ph\u00f3ng t\u1eeb vi\u00ean nang (n = 6).\n", "M\u1eb7c d\u00f9 \u0111\u00e3 \u0111\u01b0\u1ee3c ch\u1ee9ng minh g\u00f3p ph\u1ea7n c\u1ea3i thi\u1ec7n \u0111\u00e1ng k\u1ec3 \u0111\u1ed9 tan c\u1ee7a quercetin khi t\u1ea1o ph\u1ee9c h\u1ee3p phytosome [6] nh\u01b0ng phospholipid l\u1ea1i d\u1ec5 h\u00fat n\u01b0\u1edbc v\u00e0 h\u00ecnh th\u00e0nh l\u1edbp keo c\u1ea3n tr\u1edf qu\u00e1 tr\u00ecnh th\u1ea5m m\u00f4i tr\u01b0\u1eddng v\u00e0o trong l\u00f2ng vi\u00ean nang.\n", "V\u00ec th\u1ebf, vi\u1ec7c k\u1ebft h\u1ee3p th\u00eam ch\u1ea5t t\u0103ng th\u1ea5m trong th\u00e0nh ph\u1ea7n vi\u00ean nang \u0111\u1ec3 th\u00fac \u0111\u1ea7y qu\u00e1 tr\u00ecnh th\u1ea5m m\u00f4i qu\u1ea3 nghi\u00ean c\u1ee9u c\u0169ng cho th\u1ea5y l\u01b0\u1ee3ng Tween 80 trong th\u00e0nh ph\u1ea7n vi\u00ean nang c\u00f3 \u1ea3nh h\u01b0\u1edfng \u0111\u00e1ng k\u1ec3 \u0111\u1ebfn \u0111\u1ed9 ho\u00e0 tan c\u1ee7a vi\u00ean nang.\n", "T\u1eeb k\u1ebft qu\u1ea3 thu \u0111\u01b0\u1ee3c, c\u00f4ng th\u1ee9c vi\u00ean nang phytosome quercetin \u0111\u01b0\u1ee3c l\u1ef1a ch\u1ecdn nh\u01b0 sau: 190mg 210mg 230mg 250mg 270mg 290mg % q u er ce ti n h \u00f2 a t a n\n", "L\u01b0\u1ee3ng lactose (mg/vi\u00ean) 0:1 1:3 1:1 3:1 1:0 % q u er ce ti n h \u00f2 a t a n\n", "T\u1ef7 l\u1ec7 t\u00e1 d\u01b0\u1ee3c r\u00e3 trong : r\u00e3 ngo\u00e0i 15mg 20mg 22mg 25mg 30mg 32mg 35mg % q u er ce ti n h \u00f2 a t a n\n", "L\u01b0\u1ee3ng natri starch glycolat (mg/vi\u00ean) 0mg 5mg 10mg 15mg 20mg 25mg % q u er ce ti n h \u00f2 a t a n\n", "L\u01b0\u1ee3ng Tween 80 (mg/vi\u00ean) 0 15 30 45 60 % q u er ce ti n g \u1ec9a i p h \u00f3 n g\n", "Th\u1eddi gian (ph\u00fat)\n", "Vi\u00ean nang ch\u1ee9a quercetin Vi\u00ean nang ch\u1ee9a phytosome quercetin\n", "Phytosome quercetin (t\u01b0\u01a1ng \u1ee9ng 50 mg quercetin) 187,41 mg\n", "Lactose 250,00 mg\n", "Natri starch glycolat r\u00e3 trong 11,00 mg\n", "Tween 80 15,00 mg\n", "Ethanol tuy\u1ec7t \u0111\u1ed1i 0,15 ml\n", "Natri starch glycolat r\u00e3 ngo\u00e0i 11,00 mg\n", "Aerosil 2,50 mg\n", "Talc 3,18 mg\n", "Ti\u1ebfn h\u00e0nh b\u00e0o ch\u1ebf vi\u00ean nang phytosome quercetin v\u00e0 vi\u00ean nang quercetin v\u1edbi c\u00f9ng h\u00e0m l\u01b0\u1ee3ng ho\u1ea1t ch\u1ea5t l\u00e0 50 mg theo c\u00f4ng th\u1ee9c trong b\u1ea3ng tr\u00ean v\u00e0 \u0111\u00e1nh gi\u00e1 \u0111\u1ed9 ho\u00e0 tan c\u1ee7a c\u00e1c m\u1eabu vi\u00ean nang thu \u0111\u01b0\u1ee3c.\n", "K\u1ebft qu\u1ea3 nghi\u00ean c\u1ee9u th\u1ec3 hi\u1ec7n trong H\u00ecnh 3 cho th\u1ea5y vi\u1ec7c t\u1ea1o ph\u1ee9c h\u1ee3p v\u1edbi phospholipid \u0111\u00e3 c\u1ea3i thi\u1ec7n \u0111\u00e1ng k\u1ec3 kh\u1ea3 n\u0103ng gi\u1ea3i ph\u00f3ng ho\u1ea1t ch\u1ea5t so v\u1edbi d\u1ea1ng t\u1ef1 do.\n", "3.1.3.\n", "\u0110\u00e1nh gi\u00e1 ch\u1ea5t l\u01b0\u1ee3ng h\u1ea1t v\u00e0 vi\u00ean nang c\u1ee9ng phytosome quercetin\n", "Ti\u1ebfn h\u00e0nh b\u00e0o ch\u1ebf 3 l\u00f4 vi\u00ean nang c\u1ee9ng phytosome quercetin \u1edf quy m\u00f4 1000 vi\u00ean/l\u00f4, k\u1ebft qu\u1ea3 \u0111\u00e1nh gi\u00e1 m\u1ed9t s\u1ed1 ch\u1ec9 ti\u00eau ch\u1ea5t l\u01b0\u1ee3ng h\u1ea1t v\u00e0 vi\u00ean nang \u0111\u01b0\u1ee3c tr\u00ecnh b\u00e0y \u1edf B\u1ea3ng 3.\n", "C\u00f3 th\u1ec3 nh\u1eadn th\u1ea5y ch\u1ea5t l\u01b0\u1ee3ng c\u1ee7a h\u1ea1t v\u00e0 vi\u00ean nang phytosome quercetin c\u1ee7a 3 l\u00f4 b\u00e0o ch\u1ebf \u1ed5n \u0111\u1ecbnh v\u00e0 \u0111\u1ed3ng nh\u1ea5t.\n", "\u0110\u1eb7c t\u00ednh c\u1ee7a h\u1ea1t phytosome quercetin thu\u1eadn l\u1ee3i cho vi\u1ec7c \u0111\u00f3ng nang theo ph\u01b0\u01a1ng ph\u00e1p \u0111ong th\u1ec3 t\u00edch khi b\u00e0o ch\u1ebf \u1edf quy m\u00f4 t\u0103ng.\n", "B\u1ea3ng 3.\n", "\u0110\u1eb7c t\u00ednh h\u1ea1t v\u00e0 vi\u00ean nang phytosome quercetin 50 mg\n", "Ch\u1ec9 ti\u00eau ch\u1ea5t l\u01b0\u1ee3ng L\u00f4 01NC L\u00f4 02NC L\u00f4 03NC\n", "D\u1ef1 ki\u1ebfn ti\u00eau chu\u1ea9n\n", "H\u1ea1t phytosome quercetin\n", "Ch\u1ec9 s\u1ed1 Carr (%) (n = 3) 13,08 \u00b1 0,43 12,75 \u00b1 0,31 13,44 \u00b1 0,37 11 - 15\n", "M\u1ea5t kh\u1ed1i l\u01b0\u1ee3ng do l\u00e0m kh\u00f4 (%) (n = 3) 2,42 \u00b1 0,09 2,55 \u00b1 0,17 2,51 \u00b1 0,15 \u2264 5\n", "H\u00e0m l\u01b0\u1ee3ng quercetin to\u00e0n ph\u1ea7n (%) (n = 3) 10,13 \u00b1 0,41 10,03 \u00b1 0,51 10,20 \u00b1 0,59 9 - 11\n", "Kh\u1ed1i l\u01b0\u1ee3ng ri\u00eang bi\u1ec3u ki\u1ebfn (g/ml) (n = 3) 0,76 \u00b1 0,02 0,77 \u00b1 0,02 0,78 \u00b1 0,03 0,72 - 0,84\n", "Vi\u00ean nang phytosome quercetin 50 mg\n", "H\u00ecnh th\u1ee9c\n", "Vi\u00ean nang c\u1ee9ng HPMC s\u1ed1 0, th\u00e2n v\u00e0 n\u1eafp m\u00e0u tr\u1eafng, b\u00ean trong ch\u1ee9a c\u00e1c h\u1ea1t m\u00e0u v\u00e0ng nh\u1ea1t, kh\u00f4ng v\u00f3n c\u1ee5c\n", "Sai s\u1ed1 so v\u1edbi kh\u1ed1i l\u01b0\u1ee3ng trung b\u00ecnh (%, n = 20) 1,31 1,14 0,85 \u2264 5\n", "H\u00e0m l\u01b0\u1ee3ng quercetin so v\u1edbi ghi tr\u00ean nh\u00e3n (%, n=3) 100,14 \u00b1 0,88 101,24 \u00b1 0,74 100,34 \u00b1 0,56 90 - 110\n", "\u0110\u1ed9 ho\u00e0 tan sau 45 ph\u00fat (n = 6) 96,58 \u00b1 1,47 97,05 \u00b1 1,52 97,03 \u00b1 1,56 \u2265 80 3.2.\n", "\u0110\u00e1nh gi\u00e1 \u0111\u1ed9 \u1ed5n \u0111\u1ecbnh c\u1ee7a vi\u00ean nang ch\u1ee9a phytosome quercetin\n", "Sau 1 n\u0103m b\u1ea3o qu\u1ea3n \u1edf \u0111i\u1ec1u ki\u1ec7n th\u1ef1c v\u00e0 6 th\u00e1ng \u1edf \u0111i\u1ec1u ki\u1ec7n l\u00e3o ho\u00e1 c\u1ea5p t\u1ed1c, c\u00e1c m\u1eabu vi\u00ean nang v\u1eabn \u0111\u1ea1t c\u00e1c ch\u1ec9 ti\u00eau v\u1ec1 h\u00ecnh th\u1ee9c v\u00e0 \u0111\u1ed9 \u0111\u1ed3ng \u0111\u1ec1u kh\u1ed1i l\u01b0\u1ee3ng v\u00e0 \u0111\u1ed9 ho\u00e0 tan.\n", "K\u1ebft qu\u1ea3 \u0111\u00e1nh gi\u00e1 \u0111\u1ed9 \u1ed5n \u0111\u1ecbnh vi\u00ean theo c\u00e1c ch\u1ec9 ti\u00eau h\u00e0m l\u01b0\u1ee3ng ho\u1ea1t ch\u1ea5t v\u00e0 \u0111\u1ed9 ho\u00e0 tan \u0111\u01b0\u1ee3c x\u1eed l\u00fd b\u1eb1ng ph\u1ea7m m\u1ec1m\n", "Minitab 18 v\u00e0 th\u1ec3 hi\u1ec7n trong H\u00ecnh 4.\n", "C\u00f3 th\u1ec3 nh\u1eadn th\u1ea5y v\u1edbi y\u00eau c\u1ea7u h\u00e0m l\u01b0\u1ee3ng d\u01b0\u1ee3c ch\u1ea5t trong vi\u00ean \u0111\u1ea1t 90-110% so v\u1edbi nh\u00e3n, \u0111\u1ed9 ho\u00e0 tan sau 45 ph\u00fat kh\u00f4ng d\u01b0\u1edbi 80% v\u00e0 v\u1edbi \u0111\u1ed9 tin c\u1eady 95%, c\u00e1c l\u00f4 vi\u00ean nang \u0111\u00e3 b\u00e0o ch\u1ebf \u0111\u1ec1u c\u00f3 th\u1ec3 \u0111\u1ea1t tu\u1ed5i th\u1ecd tr\u00ean 24 th\u00e1ng.\n", "(a) (b)\n", "H\u00ecnh 4.\n", "\u0110\u01b0\u1eddng h\u1ed3i qui gi\u00e1 tr\u1ecb trung b\u00ecnh v\u00e0 c\u1eadn bi\u1ec3u di\u1ec5n s\u1ef1 bi\u1ebfn \u0111\u1ed5i h\u00e0m l\u01b0\u1ee3ng quercetin (a) v\u00e0 \u0111\u1ed9 ho\u00e0 tan (b) c\u1ee7a 3 l\u00f4 vi\u00ean nang phytosome quercetin theo th\u1eddi gian khi b\u1ea3o qu\u1ea3n \u1edf \u0111i\u1ec1u ki\u1ec7n th\u1ef1c.\n", "B\u1ea3ng 4.\n", "Kh\u1ed1i l\u01b0\u1ee3ng chu\u1ed9t tr\u01b0\u1edbc v\u00e0 sau khi th\u00ed nghi\u1ec7m (n = 6)\n", "STT L\u00f4\n", "Kh\u1ed1i l\u01b0\u1ee3ng chu\u1ed9t (gam/con)\n", "Tr\u01b0\u1edbc th\u00ed nghi\u1ec7m (ng\u00e0y 1)\n", "Sau 7 ng\u00e0y u\u1ed1ng m\u1eabu\n", "Sau 9 ng\u00e0y u\u1ed1ng m\u1eabu 1 \u0110\u1ed1i ch\u1ee9ng b\u1ec7nh l\u00fd 24,75 \u00b1 0,48 26,07 \u00b1 0,30 26,75 \u00b1 0,54 2 L\u00f4 u\u1ed1ng vi\u00ean nang quercetin 24,97 \u00b1 0,21 26,50 \u00b1 0,43 26,88 \u00b10,40 3 L\u00f4 u\u1ed1ng vi\u00ean nang phytosome 24,92 \u00b1 0,20 26,75 \u00b1 0,50 27,03 \u00b1 0,32\n", "Gi\u00e1 tr\u1ecb P > 0,01 > 0,01 > 0,01 3.3.\n", "\u0110\u00e1nh gi\u00e1 t\u00e1c d\u1ee5ng b\u1ea3o v\u1ec7 gan c\u1ee7a vi\u00ean nang c\u1ee9ng phytosome quercetin\n", "K\u1ebft qu\u1ea3 \u1edf B\u1ea3ng 4 cho th\u1ea5y s\u1ef1 thay \u0111\u1ed5i kh\u1ed1i l\u01b0\u1ee3ng chu\u1ed9t \u1edf c\u00e1c l\u00f4 nghi\u00ean c\u1ee9u so v\u1edbi tr\u01b0\u1edbc khi u\u1ed1ng m\u1eabu l\u00e0 kh\u00f4ng c\u00f3 \u00fd ngh\u0129a v\u1ec1 m\u1eb7t th\u1ed1ng k\u00ea (p > 0,01).\n", "Kh\u1ea3 n\u0103ng c\u1ea3i thi\u1ec7n t\u00e1c d\u1ee5ng b\u1ea3o v\u1ec7 gan in vivo c\u1ee7a quercetin trong phytosome so v\u1edbi quercetin d\u1ea1ng t\u1ef1 do \u0111\u01b0\u1ee3c th\u1ec3 hi\u1ec7n th\u00f4ng qua vi\u1ec7c l\u00e0m gi\u1ea3m c\u00e1c ch\u1ec9 s\u1ed1 ALT, AST trong huy\u1ebft thanh chu\u1ed9t v\u00e0 l\u00e0m gi\u1ea3m h\u00e0m l\u01b0\u1ee3ng MDA \u1edf gan theo h\u01b0\u1edbng v\u1ec1 m\u1ee9c b\u00ecnh th\u01b0\u1eddng so v\u1edbi \u0111\u1ed1i ch\u1ee9ng b\u1ec7nh l\u00fd (B\u1ea3ng 5).\n", "Nguy\u00ean nh\u00e2n c\u00f3 th\u1ec3 l\u00e0 do sau khi t\u1ea1o ph\u1ee9c h\u1ee3p v\u1edbi phospholipid, h\u1ec7 s\u1ed1 ph\u00e2n b\u1ed1 d\u1ea7u n\u01b0\u1edbc c\u1ee7a ho\u1ea1t ch\u1ea5t b\u1ecb thay \u0111\u1ed5i, k\u1ebft qu\u1ea3 l\u00e0m gia t\u0103ng t\u00e1c d\u1ee5ng sinh h\u1ecdc c\u1ee7a ho\u1ea1t ch\u1ea5t.\n", "B\u1ea3ng 5.\n", "S\u1ef1 thay \u0111\u1ed5i n\u1ed3ng \u0111\u1ed9 AST, ALT trong huy\u1ebft thanh chu\u1ed9t v\u00e0 h\u00e0m l\u01b0\u1ee3ng MDA trong gan chu\u1ed9t BALB/c b\u1ecb nhi\u1ec5m \u0111\u1ed9c CCl4 (n = 6)\n", "STT L\u00f4 AST (UI/L) ALT (UI/L)\n", "MDA (nM/ml d\u1ecbch \u0111\u1ed3ng th\u1ec3 gan) 1 Ch\u1ee9ng b\u1ec7nh l\u00fd 1529,33 \u00b1 116,16 533,93 \u00b1 42,46 3,09 \u00b1 0,28 2 Nang quercetin 1446,82 \u00b1 111,02 407,42 \u00b1 39,46 3,08 \u00b1 0,25\n", "Nang phytosome quercetin 682,12**\u00b1 68,59 256,33** \u00b1 18,87 2,25* \u00b1 0,32\n", "Ghi ch\u00fa: *: p < 0,05; **: p < 0,01 so v\u1edbi \u0111\u1ed1i ch\u1ee9ng b\u1ec7nh l\u00fd.\n", "(h ) ( % ) ( h ) (% ) 4.\n", "B\u00e0n lu\u1eadn\n", "Khi \u1ee9ng d\u1ee5ng phytosome quercetin v\u00e0o vi\u00ean nang c\u1ea7n k\u1ebft h\u1ee3p m\u1ed9t t\u1ef7 l\u1ec7 l\u1edbn t\u00e1 d\u01b0\u1ee3c \u0111\u1ec3 kh\u1eafc ph\u1ee5c nh\u01b0\u1ee3c \u0111i\u1ec3m d\u1ec5 h\u00fat \u1ea9m, b\u1ebft d\u00ednh c\u1ee7a phospholipid.\n", "Ngo\u00e0i ra, \u0111\u1ec3 thu\u1eadn l\u1ee3i cho vi\u1ec7c \u0111\u00f3ng v\u00e0o nang, k\u1ebft qu\u1ea3 kh\u1ea3o s\u00e1t cho th\u1ea5y c\u1ea7n thi\u1ebft ph\u1ea3i t\u1ea1o h\u1ea1t h\u1ed7n h\u1ee3p phytosome quercetin v\u00e0 c\u00e1c t\u00e1 d\u01b0\u1ee3c v\u00e0 ph\u01b0\u01a1ng ph\u00e1p tao h\u1ea1t \u01b0\u1edbt \u0111\u01b0\u1ee3c l\u1ef1a ch\u1ecdn.\n", "Tuy nhi\u00ean, phytosome quercetin kh\u00e1 nh\u1ea1y c\u1ea3m v\u1edbi nhi\u1ec7t v\u00e0 \u1ea9m.\n", "Ch\u00ednh v\u00ec v\u1eady, qu\u00e1 tr\u00ecnh b\u00e0o ch\u1ebf ph\u1ea3i \u0111\u01b0\u1ee3c th\u1ef1c hi\u1ec7n trong \u0111i\u1ec1u ki\u1ec7n ki\u1ec3m so\u00e1t \u0111\u1ed9 \u1ea9m m\u00f4i tr\u01b0\u1eddng v\u00e0 nhi\u1ec7t \u0111\u1ed9 s\u1ea5y nguy\u00ean li\u1ec7u, t\u00e1 d\u01b0\u1ee3c d\u00ednh c\u1ea7n l\u00e0 dung m\u00f4i khan n\u01b0\u1edbc.\n", "Ph\u1ea3n \u1ee9ng t\u1ea1o ph\u1ee9c gi\u1eefa quercetin v\u00e0 phospholipid \u0111\u01b0\u1ee3c ti\u1ebfn h\u00e0nh trong ethanol tuy\u1ec7t \u0111\u1ed1i.\n", "Do \u0111\u00f3, nh\u1eb1m \u0111\u1ea3m b\u1ea3o \u0111\u1ed9 \u1ed5n \u0111\u1ecbnh c\u1ee7a phytosome, nghi\u00ean c\u1ee9u l\u1ef1a ch\u1ecdn dung m\u00f4i n\u00e0y l\u00e0m t\u00e1 d\u01b0\u1ee3c d\u00ednh \u0111\u1ec3 t\u1ea1o h\u1ea1t.\n", "Do \u0111\u1eb7c t\u00ednh d\u1ec5 bay h\u01a1i c\u1ee7a ethanol tuy\u1ec7t \u0111\u1ed1i, trong qu\u00e1 tr\u00ecnh b\u00e0o ch\u1ebf c\u1ea7n ki\u1ec3m so\u00e1t th\u1eddi gian nh\u00e0o \u1ea9m \u0111\u1ec3 \u0111\u1ea3m b\u1ea3o \u0111\u1ed9 ch\u1eafc v\u00e0 k\u00edch th\u01b0\u1edbc h\u1ea1t.\n", "Trong qu\u00e1 tr\u00ecnh nghi\u00ean c\u1ee9u \u1ee9ng d\u1ee5ng phytosome quercetin v\u00e0o d\u1ea1ng thu\u1ed1c nang c\u1ee9ng c\u1ea7n ch\u00fa tr\u1ecdng y\u00eau c\u1ea7u v\u1ec1 \u0111\u1ed9 ho\u00e0 tan ho\u1ea1t ch\u1ea5t do quercetin h\u1ea7u nh\u01b0 kh\u00f4ng tan trong n\u01b0\u1edbc (% quercetin ho\u00e0 tan t\u1eeb vi\u00ean nang ch\u1ee9a ho\u1ea1t ch\u1ea5t t\u1ef1 do ch\u1ec9 \u0111\u1ea1t 26,50%).\n", "M\u1eb7c d\u00f9 sau khi t\u1ea1o ph\u1ee9c v\u1edbi phospholipid, \u0111\u1ed9 tan c\u1ee7a quercetin \u0111\u00e3 \u0111\u01b0\u1ee3c c\u1ea3i thi\u1ec7n r\u00f5 r\u1ec7t nh\u01b0ng \u0111\u1ec3 \u0111\u1ea3m b\u1ea3o ch\u1ea5t l\u01b0\u1ee3ng c\u1ee7a vi\u00ean, vi\u1ec7c kh\u1ea3o s\u00e1t \u1ea3nh h\u01b0\u1edfng v\u00e0 ch\u1ecdn t\u1ef7 l\u1ec7 t\u00e1 d\u01b0\u1ee3c th\u00edch h\u1ee3p cho vi\u00ean nang \u0111\u1ec3 t\u0103ng th\u1ea5m h\u00fat m\u00f4i tr\u01b0\u1eddng gi\u00fap vi\u00ean gi\u1ea3i ph\u00f3ng ho\u1ea1t ch\u1ea5t nhanh l\u00e0 c\u1ea7n thi\u1ebft.\n", "Tr\u00ean th\u1ecb tr\u01b0\u1eddng hi\u1ec7n nay c\u00f3 nhi\u1ec1u s\u1ea3n ph\u1ea9m b\u1ea3o v\u1ec7 s\u1ee9c kho\u1ebb ch\u1ee9a phytosome quercetin l\u00e0 ph\u1ee9c h\u1ee3p lecithin-quercetin v\u1edbi h\u00e0m l\u01b0\u1ee3ng \u0111\u01b0\u1ee3c ghi tr\u00ean nh\u00e3n l\u00e0 200 ho\u1eb7c 250 mg t\u00ednh theo t\u1ed5ng l\u01b0\u1ee3ng ph\u1ee9c h\u1ee3p.\n", "M\u1eb7c d\u00f9 c\u00e1ch c\u00f4ng b\u1ed1 h\u00e0m l\u01b0\u1ee3ng vi\u00ean nh\u01b0 v\u1eady c\u00f3 th\u1ec3 \u0111\u01b0\u1ee3c ch\u1ea5p nh\u1eadn v\u1edbi th\u1ef1c ph\u1ea9m b\u1ea3o v\u1ec7 s\u1ee9c kho\u1ebb nh\u01b0ng th\u00f4ng tin t\u1ef7 l\u1ec7 t\u1ea1o ph\u1ee9c gi\u1eefa quercetin v\u00e0 lecithin bao nhi\u00eau l\u00e0 r\u1ea5t quan tr\u1ecdng.\n", "Th\u00eam v\u00e0o \u0111\u00f3, lecithin l\u1ea1i l\u00e0 m\u1ed9t h\u1ed7n h\u1ee3p c\u00e1c phospholipid kh\u00e1c nhau n\u00ean th\u1ef1c s\u1ef1 ch\u01b0a th\u1ec3 x\u00e1c \u0111\u1ecbnh \u0111\u01b0\u1ee3c c\u01a1 s\u1edf m\u1ee9c h\u00e0m l\u01b0\u1ee3ng ho\u1ea1t ch\u1ea5t trong vi\u00ean \u0111\u1ed1i v\u1edbi c\u00e1c ch\u1ebf ph\u1ea9m tr\u00ean.\n", "Trong nghi\u00ean c\u1ee9u n\u00e0y, \u0111\u1ec3 g\u00f3p ph\u1ea7n h\u01b0\u1edbng \u0111\u1ebfn khai th\u00e1c \u1ee9ng d\u1ee5ng c\u00e1c ho\u1ea1t ch\u1ea5t c\u00f3 ngu\u1ed3n g\u1ed1c t\u1eeb d\u01b0\u1ee3c li\u1ec7u v\u00e0o trong l\u00e2m s\u00e0ng, nh\u1eb1m khai th\u00e1c \u0111\u01b0\u1ee3c nh\u1eefng t\u00e1c d\u1ee5ng qu\u00fd c\u1ee7a quercetin ch\u01b0a \u0111\u01b0\u1ee3c khai th\u00e1c trong \u0111i\u1ec1u tr\u1ecb do h\u1ea1n ch\u1ebf v\u1ec1 \u0111\u1eb7c t\u00ednh l\u00fd ho\u00e1 v\u1ed1n c\u00f3 c\u1ee7a ho\u1ea1t ch\u1ea5t,...\n", "quercetin \u0111\u01b0\u1ee3c t\u1ea1o ph\u1ee9c phytosome v\u1edbi HSPC l\u00e0 phospholipid tinh khi\u1ebft, t\u1ef7 l\u1ec7 mol t\u1ea1o ph\u1ee9c t\u1ed1i \u01b0u l\u00e0 1:1 [6], h\u00e0m l\u01b0\u1ee3ng ho\u1ea1t ch\u1ea5t \u0111\u00f3ng nang t\u00ednh theo quercetin.\n", "V\u1edbi th\u00e0nh ph\u1ea7n c\u00f4ng th\u1ee9c vi\u00ean nang x\u00e2y d\u1ef1ng \u0111\u01b0\u1ee3c, ch\u1ebf ph\u1ea9m \u1ed5n \u0111\u1ecbnh \u1edf c\u00e1c \u0111i\u1ec1u ki\u1ec7n th\u1ef1c v\u00e0 l\u00e3o ho\u00e1 c\u1ea5p t\u1ed1c trong th\u1eddi gian nghi\u00ean c\u1ee9u v\u00e0 c\u00f3 tri\u1ec3n v\u1ecdng \u0111\u1ea1t tu\u1ed5i th\u1ecd tr\u00ean 24 th\u00e1ng.\n", "K\u1ebft qu\u1ea3 \u0111\u00e1nh gi\u00e1 t\u00e1c d\u1ee5ng b\u1ea3o v\u1ec7 gan in-vivo cho th\u1ea5y: so v\u1edbi vi\u00ean nang quercetin, vi\u00ean nang ch\u1ee9a phytosome quercetin th\u1ec3 hi\u1ec7n ho\u1ea1t t\u00ednh cao h\u01a1n h\u1eb3n, m\u1edf ra tri\u1ec3n v\u1ecdng c\u00f3 th\u1ec3 \u1ee9ng d\u1ee5ng k\u1ebft qu\u1ea3 nghi\u00ean c\u1ee9u b\u00e0o ch\u1ebf phytosome quercetin v\u00e0o th\u1ef1c ti\u1ec5n.\n"], "5": ["5.\n", "K\u1ebft lu\u1eadn\n", "Tr\u00ean c\u01a1 s\u1edf kh\u1ea3o s\u00e1t \u1ea3nh h\u01b0\u1edfng c\u1ee7a c\u00e1c y\u1ebfu t\u1ed1 thu\u1ed9c th\u00e0nh ph\u1ea7n c\u00f4ng th\u1ee9c t\u1edbi \u0111\u1eb7c t\u00ednh v\u00e0 kh\u1ea3 n\u0103ng gi\u1ea3i ph\u00f3ng ho\u1ea1t ch\u1ea5t, nghi\u00ean c\u1ee9u \u0111\u00e3 b\u00e0o ch\u1ebf \u0111\u01b0\u1ee3c vi\u00ean nang c\u1ee9ng phytosome quercetin v\u1edbi h\u00e0m l\u01b0\u1ee3ng ho\u1ea1t ch\u1ea5t 50 mg, c\u00f3 \u0111\u1ed9 ho\u00e0 tan > 96%, c\u00f3 tri\u1ec3n v\u1ecdng \u0111\u1ea1t tu\u1ed5i th\u1ecd tr\u00ean 24 th\u00e1ng.\n", "\u0110\u00e3 ti\u1ebfn h\u00e0nh \u0111\u00e1nh gi\u00e1 t\u00e1c d\u1ee5ng b\u1ea3o v\u1ec7 gan c\u1ee7a vi\u00ean nang c\u1ee9ng phytosome quercetin b\u00e0o ch\u1ebf tr\u00ean chu\u1ed9t th\u00ed nghi\u1ec7m.\n", "K\u1ebft qu\u1ea3 nghi\u00ean c\u1ee9u b\u01b0\u1edbc \u0111\u1ea7u ch\u1ee9ng t\u1ecf t\u00e1c d\u1ee5ng v\u01b0\u1ee3t tr\u1ed9i c\u1ee7a vi\u00ean nang phytosome quercetin so v\u1edbi vi\u00ean nang ch\u1ee9a quercetin \u1edf d\u1ea1ng t\u1ef1 do v\u1edbi c\u00f9ng th\u00e0nh ph\u1ea7n v\u00e0 t\u1ef7 l\u1ec7 t\u00e1 d\u01b0\u1ee3c, c\u00f3 th\u1ec3 ti\u1ebfp t\u1ee5c \u1ee9ng d\u1ee5ng trong c\u00e1c nghi\u00ean c\u1ee9u s\u00e2u, r\u1ed9ng h\u01a1n.\n"]}, "Word count": 4815}