{"title": "Original Article\n", "content": {"0": ["T\u00f3m t\u1eaft: C\u00e1m g\u1ea1o l\u00e0 m\u1ed9t ngu\u1ed3n dinh d\u01b0\u1ee1ng quan tr\u1ecdng ch\u1ee9a nhi\u1ec1u th\u00e0nh ph\u1ea7n c\u00f3 ho\u1ea1t t\u00ednh sinh h\u1ecdc t\u1ed1t.\n", "M\u1ee5c \u0111\u00edch c\u1ee7a nghi\u00ean c\u1ee9u l\u00e0 chi\u1ebft xu\u1ea5t d\u1ea7u c\u00e1m g\u1ea1o b\u1eb1ng ph\u01b0\u01a1ng ph\u00e1p s\u1eed d\u1ee5ng m\u00f4i CO2 si\u00eau t\u1edbi h\u1ea1n.\n", "H\u00e0m l\u01b0\u1ee3ng acid b\u00e9o t\u1ef1 do trong c\u00e1m g\u1ea1o \u0111\u00e3 \u0111\u01b0\u1ee3c \u1ed5n \u0111\u1ecbnh trong 8 th\u00e1ng b\u1eb1ng ph\u01b0\u01a1ng ph\u00e1p s\u1ea5y t\u1ea7ng s\u00f4i (5,25%).\n", "Chi\u1ebft xu\u1ea5t d\u1ea7u c\u00e1m b\u1eb1ng dung m\u00f4i CO2 si\u00eau t\u1edbi h\u1ea1n \u1edf \u00e1p su\u1ea5t 400 bar, nhi\u1ec7t \u0111\u1ed9 60 oC, t\u1ed1c \u0111\u1ed9 d\u00f2ng 20 g/ph\u00fat, th\u1eddi gian chi\u1ebft 120 ph\u00fat thu \u0111\u01b0\u1ee3c hi\u1ec7u su\u1ea5t 14,84%.\n", "N\u1ed3ng \u0111\u1ed9 c\u1ee7a -oryzanol trong d\u1ea7u c\u00e1m chi\u1ebft xu\u1ea5t b\u1eb1ng dung m\u00f4i CO2 si\u00eau t\u1edbi h\u1ea1n l\u00e0 0,50%, cao h\u01a1n so v\u1edbi ph\u01b0\u01a1ng ph\u00e1p chi\u1ebft Soxhlet v\u1edbi dung m\u00f4i n-hexan (0,42%).\n", "Nghi\u00ean c\u1ee9u c\u0169ng \u0111\u00e3 ch\u1ec9 ra s\u1ef1 \u1ea3nh h\u01b0\u1edfng c\u1ee7a \u00e1p su\u1ea5t v\u00e0 nhi\u1ec7t \u0111\u1ed9 l\u00ean hi\u1ec7u su\u1ea5t chi\u1ebft xu\u1ea5t v\u00e0 h\u00e0m l\u01b0\u1ee3ng -oryzanol trong d\u1ea7u c\u00e1m g\u1ea1o.\n", "T\u1eeb kho\u00e1: C\u00e1m g\u1ea1o, d\u1ea7u c\u00e1m g\u1ea1o, -oryzanol, acid b\u00e9o t\u1ef1 do, CO2 si\u00eau t\u1edbi h\u1ea1n.\n"], "1": ["1.\n", "M\u1edf \u0111\u1ea7u\n", "G\u1ea1o l\u00e0 m\u1ed9t lo\u1ea1i ng\u0169 c\u1ed1c quan tr\u1ecdng, l\u00e0 l\u01b0\u01a1ng th\u1ef1c ch\u1ee7 y\u1ebfu c\u1ee7a h\u01a1n m\u1ed9t n\u1eeda d\u00e2n s\u1ed1 th\u1ebf gi\u1edbi [1].\n", "N\u0103m 2010, s\u1ea3n l\u01b0\u1ee3ng l\u00faa g\u1ea1o tr\u00ean th\u1ebf gi\u1edbi \u0111\u1ea1t g\u1ea7n 700 tri\u1ec7u t\u1ea5n [2].\n", "Vi\u1ec7t Nam l\u00e0 m\u1ed9t n\u01b0\u1edbc c\u00f3 n\u1ec1n n\u00f4ng nghi\u1ec7p l\u00e2u \u0111\u1eddi, c\u00e2y l\u00faa \u0111\u00e3 tr\u1edf th\u00e0nh c\u00e2y l\u01b0\u01a1ng th\u1ef1c ch\u1ee7 y\u1ebfu c\u00f3 \u00fd ngh\u0129a quan tr\u1ecdng trong \u0111\u1eddi s\u1ed1ng v\u00e0 n\u1ec1n kinh t\u1ebf n\u00f4ng nghi\u1ec7p.\n", "Qu\u00e1 tr\u00ecnh s\u1ea3n xu\u1ea5t g\u1ea1o t\u1ea1o ra c\u00e1m g\u1ea1o, chi\u1ebfm 10% kh\u1ed1i l\u01b0\u1ee3ng h\u1ea1t th\u00f3c [3, 4], \u0111\u01b0\u1ee3c coi l\u00e0 ph\u1ee5 ph\u1ea9m n\u00f4ng nghi\u1ec7p, \u0111\u01b0\u1ee3c d\u00f9ng l\u00e0m th\u1ee9c \u0103n ch\u0103n nu\u00f4i ho\u1eb7c xu\u1ea5t kh\u1ea9u d\u01b0\u1edbi d\u1ea1ng nguy\u00ean li\u1ec7u th\u00f4.\n", "C\u00e1m g\u1ea1o ch\u1ee9a 12-16% protein, 7-11% ch\u1ea5t x\u01a1, 34-52% carbohydrat, 7-10% tro v\u00e0 15-20% lipid [5].\n", "D\u1ea7u c\u00e1m g\u1ea1o \u0111\u01b0\u1ee3c s\u1eed d\u1ee5ng l\u00e0m d\u1ea7u \u0103n ph\u1ed5 bi\u1ebfn trong r\u1ea5t nhi\u1ec1u qu\u1ed1c gia tr\u00ean th\u1ebf gi\u1edbi do c\u00f3 _* T\u00e1c gi\u1ea3 li\u00ean h\u1ec7.\n", "\u0111i\u1ec3m kh\u00f3i cao v\u00e0 h\u01b0\u01a1ng th\u01a1m d\u1ec5 ch\u1ecbu [6].\n", "C\u00e1c th\u00e0nh ph\u1ea7n trong d\u1ea7u c\u00e1m g\u1ea1o, \u0111\u1eb7c bi\u1ec7t -oryzanol \u0111\u00e3 \u0111\u01b0\u1ee3c ch\u1ee9ng minh c\u00f3 m\u1ed9t s\u1ed1 t\u00e1c d\u1ee5ng t\u1ed1t nh\u01b0 gi\u1ea3m cholesterol, h\u1ea1 lipid m\u00e1u [7], h\u1ea1 glucose m\u00e1u \u1edf b\u1ec7nh nh\u00e2n ti\u1ec3u \u0111\u01b0\u1eddng type 2, t\u0103ng c\u01b0\u1eddng ch\u1ee9c n\u0103ng d\u1ea1 d\u00e0y, gan, \u1ee9c ch\u1ebf t\u1ebf b\u00e0o ung th\u01b0 \u0111\u1ea1i tr\u00e0ng, d\u1ea1 d\u00e0y, ch\u1ed1ng l\u00e3o ho\u00e1, ch\u1ed1ng oxy ho\u00e1,...\n", "[8, 9].\n", "Hi\u1ec7n nay, c\u00f4ng ngh\u1ec7 chi\u1ebft s\u1eed d\u1ee5ng dung m\u00f4i\n", "CO2 si\u00eau t\u1edbi h\u1ea1n \u0111\u1ec3 s\u1ea3n xu\u1ea5t ho\u1ea1t ch\u1ea5t v\u00e0 h\u01b0\u01a1ng li\u1ec7u c\u00f3 ngu\u1ed3n g\u1ed1c t\u1eeb thi\u00ean nhi\u00ean, l\u00e0 m\u1ed9t k\u0129 thu\u1eadt \u0111ang \u0111\u01b0\u1ee3c ph\u00e1t tri\u1ec3n c\u1ea1nh tranh v\u1edbi c\u00e1c k\u1ef9 thu\u1eadt truy\u1ec1n th\u1ed1ng do c\u00f3 \u01b0u th\u1ebf v\u01b0\u1ee3t tr\u1ed9i, t\u1ea1o c\u00e1c s\u1ea3n ph\u1ea9m c\u00f3 \u0111\u1ed9 tinh khi\u1ebft cao, gi\u1ea3m thi\u1ec3u \u00f4 nhi\u1ec5m m\u00f4i tr\u01b0\u1eddng v\u00e0 kh\u00f4ng \u0111\u1ec3 l\u1ea1i d\u01b0 l\u01b0\u1ee3ng ho\u00e1 ch\u1ea5t c\u00f3 h\u1ea1i cho s\u1ee9c kho\u1ebb con ng\u01b0\u1eddi [10].\n", "Do v\u1eady, \u0111\u1ec3 g\u00f3p ph\u1ea7n n\u00e2ng cao gi\u00e1 tr\u1ecb c\u1ee7a l\u00faa g\u1ea1o, t\u1ea1o c\u01a1 s\u1edf cho s\u1ea3n xu\u1ea5t c\u00e1c ch\u1ebf ph\u1ea9m c\u00f3 t\u00ednh \u1ee9ng d\u1ee5ng cao trong d\u01b0\u1ee3c ph\u1ea9m, ho\u00e1 m\u1ef9 ph\u1ea9m v\u00e0 th\u1ef1c ph\u1ea9m, ch\u00fang t\u00f4i th\u1ef1c hi\u1ec7n nghi\u00ean c\u1ee9u chi\u1ebft xu\u1ea5t c\u00e1c th\u00e0nh ph\u1ea7n c\u00f3 ho\u1ea1t t\u00ednh t\u1eeb c\u00e1m g\u1ea1o b\u1eb1ng ph\u01b0\u01a1ng ph\u00e1p d\u00f9ng dung m\u00f4i CO2 si\u00eau t\u1edbi h\u1ea1n v\u00e0 \u0111\u00e1nh gi\u00e1 h\u00e0m l\u01b0\u1ee3ng -oryzanol trong d\u1ea7u c\u00e1m g\u1ea1o chi\u1ebft \u0111\u01b0\u1ee3c.\n"], "2": ["2.\n", "Nguy\u00ean li\u1ec7u v\u00e0 ph\u01b0\u01a1ng ph\u00e1p 2.1.\n", "Nguy\u00ean li\u1ec7u\n", "M\u1eabu c\u00e1m g\u1ea1o c\u1ee7a gi\u1ed1ng l\u00faa T161 tr\u1ed3ng t\u1ea1i\n", "Nh\u00e2n Ho\u00e0, M\u1ef9 H\u00e0o, H\u01b0ng Y\u00ean thu t\u1ea1i c\u01a1 s\u1edf xay x\u00e1t \u1edf \u0111\u1ecba ph\u01b0\u01a1ng; -oryzanol chu\u1ea9n (CAS: 11042-64-1, Tokyo chemical industry,\n", "Nh\u1eadt B\u1ea3n), acid oxalic, n-heptan, n-hexan, ethanol, diethyl ether, kali hydroxyd, phenolphthalein (Trung Qu\u1ed1c).\n", "T\u00e1 d\u01b0\u1ee3c v\u00e0 ho\u00e1 ch\u1ea5t \u0111\u1ec1u \u0111\u1ea1t ti\u00eau chu\u1ea9n d\u01b0\u1ee3c d\u1ee5ng ho\u1eb7c tinh khi\u1ebft ph\u00e2n t\u00edch.\n", "2.2.\n", "Thi\u1ebft b\u1ecb\n", "M\u00e1y \u0111o quang UV-2600 Shimadzu (Nh\u1eadt B\u1ea3n), c\u00e2n k\u1ef9 thu\u1eadt Shimadzu (Nh\u1eadt B\u1ea3n), c\u00e2n ph\u00e2n t\u00edch AY 129 Shimadzu (Nh\u1eadt B\u1ea3n), h\u1ec7 th\u1ed1ng chi\u1ebft xu\u1ea5t CO2 si\u00eau t\u1edbi h\u1ea1n SFE500 h\u00e3ng\n", "Waters (M\u1ef9), b\u1ed9 chi\u1ebft Soxhlet (Trung Qu\u1ed1c), m\u00e1y c\u1ea5t quay Rotavapor R-210 Buchi (Thu\u1ef5 s\u1ef9), b\u1ebfp \u0111i\u1ec7n WHM12012 Daihan (H\u00e0n Qu\u1ed1c), m\u00e1y s\u1ea5y t\u1ea7ng s\u00f4i FG-5 (Trung Qu\u1ed1c), b\u1ebfp c\u00e1ch thu\u1ef7 WB 5 (Israel), t\u1ee7 s\u1ea5y t\u0129nh UNB 500 Memmert (\u0110\u1ee9c).\n", "2.3.\n", "Ph\u01b0\u01a1ng ph\u00e1p nghi\u00ean c\u1ee9u\n", "X\u1eed l\u00fd \u0111\u1ed9 \u1ed5n \u0111\u1ecbnh nguy\u00ean li\u1ec7u c\u00e1m g\u1ea1o: trong quy tr\u00ecnh xay x\u00e1t g\u1ea1o, c\u00e1m xoa l\u00e0 ph\u1ea7n c\u00e1m thu \u0111\u01b0\u1ee3c khi \u0111\u00e1nh b\u00f3ng h\u1ea1t g\u1ea1o sau khi x\u00e1t l\u1ea7n th\u1ee9 nh\u1ea5t, c\u00e1m c\u00f3 m\u00e0u tr\u1eafng ng\u00e0, bao g\u1ed3m c\u00f3 m\u1ed9t ph\u1ea7n g\u1ea1o, m\u1ea7m h\u1ea1t g\u1ea1o, l\u1edbp c\u00e1m b\u00ean trong \u0111\u01b0\u1ee3c r\u00e2y qua c\u1ee1 m\u1eaft r\u00e2y 180 \u00b5m (m\u1eabu c\u00e1m C1).\n", "M\u1eabu c\u00e1m C1 \u0111\u01b0\u1ee3c s\u1ea5y t\u1ea7ng s\u00f4i \u1edf nhi\u1ec7t \u0111\u1ed9 140 oC trong 10 ph\u00fat, sau \u0111\u00f3 s\u1ea5y 90 oC \u0111\u1ebfn kh\u00f4 trong th\u1eddi gian 60 ph\u00fat.\n", "M\u1eabu c\u00e1m g\u1ea1o sau khi \u0111\u01b0\u1ee3c x\u1eed l\u00fd v\u1edbi nhi\u1ec7t (m\u1eabu c\u00e1m C2) \u0111\u01b0\u1ee3c \u0111\u00f3ng v\u00e0o t\u00fai PE k\u00edn, b\u1ea3o qu\u1ea3n \u1edf nhi\u1ec7t \u0111\u1ed9 ph\u00f2ng v\u00e0 \u0111\u01b0\u1ee3c \u0111\u00e1nh gi\u00e1 s\u1ef1 thay \u0111\u1ed5i v\u1ec1 h\u00e0m l\u01b0\u1ee3ng acid b\u00e9o t\u1ef1 do trong 8 th\u00e1ng k\u1ec3 t\u1eeb th\u1eddi \u0111i\u1ec3m xay x\u00e1t.\n", "Chi\u1ebft xu\u1ea5t d\u1ea7u c\u00e1m g\u1ea1o b\u1eb1ng dung m\u00f4i CO2 si\u00eau t\u1edbi h\u1ea1n: tham kh\u1ea3o m\u1ed9t s\u1ed1 c\u00e1c nghi\u00ean c\u1ee9u tr\u01b0\u1edbc [11, 12], ti\u1ebfn h\u00e0nh kh\u1ea3o s\u00e1t chi\u1ebft 50 gam m\u1eabu c\u00e1m C2 b\u1eb1ng dung m\u00f4i CO2 si\u00eau t\u1edbi h\u1ea1n \u1edf c\u00e1c \u0111i\u1ec1u ki\u1ec7n nh\u01b0 sau: \u00e1p su\u1ea5t (350-450 bar), nhi\u1ec7t \u0111\u1ed9 (40-80 oC), t\u1ed1c \u0111\u1ed9 d\u00f2ng CO2 (20-30 g/ph\u00fat), th\u1eddi gian chi\u1ebft xu\u1ea5t (30-180 ph\u00fat).\n", "D\u1ea7u c\u00e1m g\u1ea1o chi\u1ebft xu\u1ea5t \u0111\u01b0\u1ee3c b\u1ea3o qu\u1ea3n trong t\u1ee7 l\u1ea1nh \u1edf 4 oC.\n", "Chi\u1ebft xu\u1ea5t d\u1ea7u c\u00e1m g\u1ea1o b\u1eb1ng ph\u01b0\u01a1ng ph\u00e1p\n", "Soxhlet: 10 gam m\u1eabu c\u00e1m C2 \u0111\u01b0\u1ee3c chi\u1ebft xu\u1ea5t v\u1edbi 200 ml n-hexan tr\u00ean b\u1ed9 chi\u1ebft Soxhlet trong th\u1eddi gian 8 gi\u1edd.\n", "D\u1ecbch chi\u1ebft sau \u0111\u00f3 \u0111\u01b0\u1ee3c lo\u1ea1i b\u1ecf dung m\u00f4i n-hexan b\u1eb1ng m\u00e1y c\u00f4 quay d\u01b0\u1edbi \u00e1p su\u1ea5t gi\u1ea3m thu \u0111\u01b0\u1ee3c d\u1ea7u c\u00e1m g\u1ea1o, sau \u0111\u00f3 \u0111\u01b0\u1ee3c s\u1ea5y \u1edf 60 oC t\u1edbi kh\u1ed1i l\u01b0\u1ee3ng kh\u00f4ng \u0111\u1ed5i.\n", "X\u00e1c \u0111\u1ecbnh hi\u1ec7u su\u1ea5t chi\u1ebft d\u1ea7u c\u00e1m g\u1ea1o:\n", "Hi\u1ec7u su\u1ea5t chi\u1ebft d\u1ea7u c\u00e1m g\u1ea1o \u0111\u01b0\u1ee3c t\u00ednh theo c\u00f4ng th\u1ee9c sau [11, 12]:\n", "Hi\u1ec7u su\u1ea5t chi\u1ebft(%)=\n", "Kh\u1ed1i l\u01b0\u1ee3ng d\u1ea7u c\u00e1m g\u1ea1o\n", "Kh\u1ed1i l\u01b0\u1ee3ng c\u00e1m g\u1ea1o x 100\n", "Trong \u0111\u00f3: kh\u1ed1i l\u01b0\u1ee3ng d\u1ea7u c\u00e1m g\u1ea1o l\u00e0 kh\u1ed1i l\u01b0\u1ee3ng d\u1ea7u c\u00e1m g\u1ea1o chi\u1ebft xu\u1ea5t \u0111\u01b0\u1ee3c (g);\n", "Kh\u1ed1i l\u01b0\u1ee3ng c\u00e1m g\u1ea1o l\u00e0 kh\u1ed1i l\u01b0\u1ee3ng c\u00e1m g\u1ea1o d\u00f9ng \u0111\u1ec3 chi\u1ebft xu\u1ea5t (g).\n", "X\u00e1c \u0111\u1ecbnh \u0111\u1ed9 acid (h\u00e0m l\u01b0\u1ee3ng acid b\u00e9o t\u1ef1 do) trong c\u00e1m g\u1ea1o: ti\u1ebfn h\u00e0nh \u0111\u00e1nh gi\u00e1 h\u00e0m l\u01b0\u1ee3ng acid b\u00e9o t\u1ef1 do trong c\u00e1m g\u1ea1o b\u1eb1ng ph\u01b0\u01a1ng ph\u00e1p chu\u1ea9n \u0111\u1ed9 theo Ti\u00eau chu\u1ea9n Vi\u1ec7t Nam (TCVN 6127:2007).\n", "Chu\u1ea9n b\u1ecb: dung d\u1ecbch kali hydroxyd (\u0111\u00e3 \u0111\u01b0\u1ee3c chu\u1ea9n \u0111\u1ed9 b\u1eb1ng dung d\u1ecbch acid oxalic chu\u1ea9n 0,01 N).\n", "Pha h\u1ed7n h\u1ee3p dung m\u00f4i ethanol 96% v\u00e0 diethyl ether theo t\u1ec9 l\u1ec7 th\u1ec3 t\u00edch 1:1.\n", "Trung ho\u00e0 h\u1ed7n h\u1ee3p dung m\u00f4i b\u1eb1ng dung d\u1ecbch kali hydroxyd.\n", "Ti\u1ebfn h\u00e0nh: c\u00e2n ch\u00ednh x\u00e1c kho\u1ea3ng 10 g m\u1eabu c\u00e1m g\u1ea1o cho v\u00e0o b\u00ecnh n\u00f3n 250 ml.\n", "Th\u00eam 50 ml h\u1ed7n h\u1ee3p dung m\u00f4i \u0111\u00e3 trung ho\u00e0 v\u00e0 ho\u00e0 tan ph\u1ea7n m\u1eabu th\u1eed b\u1eb1ng c\u00e1ch l\u00e0m n\u00f3ng nh\u1eb9.\n", "Th\u00eam kho\u1ea3ng 0,5 ml ch\u1ea5t ch\u1ec9 th\u1ecb phenolphtalein, chu\u1ea9n \u0111\u1ed9 b\u1eb1ng dung d\u1ecbch kali hydroxyd.\n", "Vi\u1ec7c chu\u1ea9n \u0111\u1ed9 \u0111\u01b0\u1ee3c coi l\u00e0 k\u1ebft th\u00fac khi th\u00eam m\u1ed9t gi\u1ecdt ki\u1ec1m l\u00e0m \u0111\u1ed5i m\u00e0u dung d\u1ecbch sang h\u1ed3ng nh\u1ea1t (\u1ed5n \u0111\u1ecbnh trong \u00edt nh\u1ea5t 15 gi\u00e2y).\n", "T\u00ednh to\u00e1n: ch\u1ec9 s\u1ed1 acid (h\u00e0m l\u01b0\u1ee3ng acid b\u00e9o t\u1ef1 do) trong c\u00e1m g\u1ea1o \u0111\u01b0\u1ee3c t\u00ednh theo c\u00f4ng th\u1ee9c sau:\n", "H\u00e0m l\u01b0\u1ee3ng acid b\u00e9o t\u1ef1 do (%) = 0,5 x 56,1 x c x V m\n", "Trong \u0111\u00f3: c l\u00e0 n\u1ed3ng \u0111\u1ed9 c\u1ee7a dung d\u1ecbch chu\u1ea9n kali hydroxyd \u0111\u00e3 s\u1eed d\u1ee5ng, t\u00ednh b\u1eb1ng mol tr\u00ean l\u00edt (mol/l);\n", "V l\u00e0 th\u1ec3 t\u00edch c\u1ee7a dung d\u1ecbch chu\u1ea9n kali hydroxyd \u0111\u00e3 s\u1eed d\u1ee5ng, t\u00ednh b\u1eb1ng mililit (ml); m l\u00e0 kh\u1ed1i l\u01b0\u1ee3ng ph\u1ea7n m\u1eabu th\u1eed, t\u00ednh b\u1eb1ng gam (g).\n", "\u0110\u1ecbnh l\u01b0\u1ee3ng -oryzanol trong d\u1ea7u c\u00e1m g\u1ea1o b\u1eb1ng ph\u01b0\u01a1ng ph\u00e1p \u0111o quang: c\u00e2n ch\u00ednh x\u00e1c m\u1ed9t l\u01b0\u1ee3ng d\u1ea7u c\u00e1m g\u1ea1o ho\u00e0 tan trong m\u1ed9t l\u01b0\u1ee3ng n-heptan th\u00edch h\u1ee3p (n\u1ed3ng \u0111\u1ed9 -oryzanol n\u1eb1m trong kho\u1ea3ng t\u1eeb 4-16 \u00b5g/ml), l\u1ecdc b\u1eb1ng gi\u1ea5y l\u1ecdc thu \u0111\u01b0\u1ee3c d\u1ecbch l\u1ecdc, \u0111o \u0111\u1ed9 h\u1ea5p th\u1ee5 quang t\u1ea1i b\u01b0\u1edbc s\u00f3ng c\u1ef1c \u0111\u1ea1i = 315 nm, v\u1edbi m\u1eabu tr\u1eafng l\u00e0 dung d\u1ecbch n-heptan.\n"], "3": ["3.\n", "K\u1ebft qu\u1ea3 nghi\u00ean c\u1ee9u v\u00e0 b\u00e0n lu\u1eadn 3.1.\n", "Kh\u1ea3o s\u00e1t \u0111\u1ed9 \u1ed5n \u0111\u1ecbnh c\u1ee7a c\u00e1m g\u1ea1o\n", "Ti\u1ebfn h\u00e0nh \u0111\u00e1nh gi\u00e1 ch\u1ea5t l\u01b0\u1ee3ng c\u00e1m g\u1ea1o b\u1eb1ng c\u00e1ch theo d\u00f5i h\u00e0m l\u01b0\u1ee3ng acid b\u00e9o t\u1ef1 do trong th\u1eddi gian 8 th\u00e1ng c\u1ee7a m\u1eabu c\u00e1m C2 sau khi \u0111\u01b0\u1ee3c x\u1eed l\u00fd v\u1edbi nhi\u1ec7t so v\u1edbi m\u1eabu c\u00e1m C1.\n", "K\u1ebft qu\u1ea3 thu \u0111\u01b0\u1ee3c nh\u01b0 trong B\u1ea3ng 1.\n", "B\u1ea3ng 1.\n", "H\u00e0m l\u01b0\u1ee3ng acid b\u00e9o t\u1ef1 do trong m\u1eabu c\u00e1m C1 v\u00e0 C2 trong th\u1eddi gian 8 th\u00e1ng\n", "M\u1eabu\n", "H\u00e0m l\u01b0\u1ee3ng acid b\u00e9o t\u1ef1 do sau th\u1eddi gian b\u1ea3o qu\u1ea3n (%) 0 th\u00e1ng 1 th\u00e1ng 2 th\u00e1ng 4 th\u00e1ng 8 th\u00e1ng\n", "M\u1eabu c\u00e1m C1 1,25 9,45 11,91 14,42 18,85\n", "M\u1eabu c\u00e1m C2 1,25 1,85 2,30 3,60 5,25\n", "K\u1ebft qu\u1ea3 cho th\u1ea5y \u1edf m\u1eabu c\u00e1m C1 kh\u00f4ng \u0111\u01b0\u1ee3c x\u1eed l\u00fd v\u1edbi nhi\u1ec7t th\u00ec h\u00e0m l\u01b0\u1ee3ng acid b\u00e9o t\u1ef1 do t\u0103ng r\u1ea5t nhanh ngay sau m\u1ed9t th\u00e1ng (9,45%) v\u00e0 sau 8 th\u00e1ng h\u00e0m l\u01b0\u1ee3ng acid b\u00e9o t\u1ef1 do t\u0103ng g\u1ea5p kho\u1ea3ng 15 l\u1ea7n (18,85%).\n", "Nguy\u00ean nh\u00e2n l\u00e0 do t\u00e1c \u0111\u1ed9ng c\u1ee7a enzym lipase x\u00fac t\u00e1c cho ph\u1ea3n \u1ee9ng thu\u1ef7 ph\u00e2n trigycerid t\u1ea1o th\u00e0nh glycerin v\u00e0 acid b\u00e9o t\u01b0\u01a1ng \u1ee9ng d\u1eabn t\u1edbi t\u0103ng h\u00e0m l\u01b0\u1ee3ng acid b\u00e9o t\u1ef1 do trong c\u00e1m g\u1ea1o [13].\n", "V\u00ec th\u1ebf n\u1ebfu c\u00e1m g\u1ea1o trong 24 gi\u1edd \u0111\u1ea7u sau khi xay x\u00e1t kh\u00f4ng \u0111\u01b0\u1ee3c x\u1eed l\u00fd th\u00ec l\u01b0\u1ee3ng acid b\u00e9o t\u1ef1 do t\u0103ng l\u00ean r\u1ea5t nhanh g\u00e2y bi\u1ebfn \u0111\u1ed5i ch\u1ea5t l\u01b0\u1ee3ng, l\u00e0m m\u1ea5t gi\u00e1 tr\u1ecb c\u1ee7a c\u00e1m g\u1ea1o [14].\n", "M\u1eabu c\u00e1m C2 l\u00e0 m\u1eabu c\u00e1m C1 \u0111\u01b0\u1ee3c x\u1eed l\u00fd v\u1edbi nhi\u1ec7t th\u00ec sau 8 th\u00e1ng b\u1ea3o qu\u1ea3n h\u00e0m l\u01b0\u1ee3ng acid b\u00e9o t\u1ef1 do t\u0103ng kh\u00f4ng nhi\u1ec1u (5,25%).\n", "K\u1ebft qu\u1ea3 n\u00e0y c\u0169ng ph\u00f9 h\u1ee3p nh\u01b0 theo nghi\u00ean c\u1ee9u n\u0103m 2004 c\u1ee7a\n", "G.\n", "S.\n", "Chauhan v\u00e0 c\u1ed9ng s\u1ef1 [15], sau 60 ng\u00e0y b\u1ea3o qu\u1ea3n th\u00ec h\u00e0m l\u01b0\u1ee3ng acid b\u00e9o t\u1ef1 do trong m\u1eabu m\u1eabu c\u00e1m g\u1ea1o x\u1eed l\u00fd v\u1edbi nhi\u1ec7t n\u00f3ng t\u0103ng l\u00ean kh\u00f4ng nhi\u1ec1u t\u1eeb 3,66% l\u00ean 9,15%, c\u00f2n m\u1eabu x\u1eed l\u00fd b\u1eb1ng ph\u01b0\u01a1ng ph\u00e1p \u0111\u00f9n n\u00f3ng h\u1ea7u nh\u01b0 kh\u00f4ng thay \u0111\u1ed5i trong su\u1ed1t qu\u00e1 tr\u00ecnh b\u1ea3o qu\u1ea3n (3,85% so v\u1edbi 4,1%).\n", "T\u01b0\u01a1ng t\u1ef1 n\u0103m 2004, Lakkakula v\u00e0 c\u1ed9ng s\u1ef1 [16] \u0111\u00e3 \u1ed5n \u0111\u1ecbnh ch\u1ea5t l\u01b0\u1ee3ng c\u00e1m g\u1ea1o b\u1eb1ng nhi\u1ec7t s\u1eed d\u1ee5ng d\u00f2ng \u0111i\u1ec7n, sau 6 tu\u1ea7n b\u1ea3o qu\u1ea3n th\u00ec h\u00e0m l\u01b0\u1ee3ng acid t\u1ef1 do t\u0103ng nh\u1eb9 (5,54%).\n", "Theo m\u1ed9t s\u1ed1 nghi\u00ean c\u1ee9u tr\u01b0\u1edbc th\u00ec h\u00e0m l\u01b0\u1ee3ng acid b\u00e9o t\u1ef1 do trong d\u1ea7u c\u00e1m g\u1ea1o n\u00ean d\u01b0\u1edbi 5% v\u00e0 kh\u00f4ng \u0111\u01b0\u1ee3c v\u01b0\u1ee3t qu\u00e1 15% [17, 18].\n", "Nh\u01b0 v\u1eady ph\u01b0\u01a1ng ph\u00e1p s\u1ea5y t\u1ea7ng s\u00f4i \u0111\u00e3 l\u00e0m b\u1ea5t ho\u1ea1t enzyme lipase trong c\u00e1m g\u1ea1o, \u1ed5n \u0111\u1ecbnh \u0111\u01b0\u1ee3c ch\u1ea5t l\u01b0\u1ee3ng d\u1ea7u c\u00e1m g\u1ea1o.\n", "C\u00e1m g\u1ea1o sau x\u1eed l\u00fd v\u1edbi nhi\u1ec7t c\u00f3 th\u1ec3 b\u1ea3o qu\u1ea3n \u0111\u01b0\u1ee3c trong m\u1ed9t th\u1eddi gian d\u00e0i m\u00e0 kh\u00f4ng b\u1ecb ph\u00e2n hu\u1ef7, c\u00f3 m\u00f9i \u00f4i kh\u00e9t.\n", "M\u1eabu c\u00e1m C2 \u0111\u01b0\u1ee3c s\u1eed d\u1ee5ng cho chi\u1ebft xu\u1ea5t d\u1ea7u c\u00e1m g\u1ea1o b\u1eb1ng dung m\u00f4i CO2 si\u00eau t\u1edbi h\u1ea1n trong c\u00e1c nghi\u00ean c\u1ee9u ti\u1ebfp theo.\n", "3.2.\n", "Kh\u1ea3o s\u00e1t c\u00e1c \u0111i\u1ec1u ki\u1ec7n chi\u1ebft xu\u1ea5t d\u1ea7u c\u00e1m g\u1ea1o b\u1eb1ng ph\u01b0\u01a1ng ph\u00e1p s\u1eed d\u1ee5ng dung m\u00f4i CO2 si\u00eau t\u1edbi h\u1ea1n\n", "Kh\u1ea3o s\u00e1t kho\u1ea3ng th\u1eddi gian chi\u1ebft xu\u1ea5t: ti\u1ebfn h\u00e0nh chi\u1ebft d\u1ea7u c\u00e1m g\u1ea1o v\u1edbi c\u00e1c th\u00f4ng s\u1ed1 quy tr\u00ecnh nh\u01b0 sau: kh\u1ed1i l\u01b0\u1ee3ng m\u1eabu c\u00e1m C2 l\u00e0 50 g, nhi\u1ec7t \u0111\u1ed9 40 C, \u00e1p su\u1ea5t 350 bar, t\u1ed1c \u0111\u1ed9 d\u00f2ng CO2 25 g/ph\u00fat, th\u1eddi gian chi\u1ebft 30-180 ph\u00fat.\n", "D\u1ea7u c\u00e1m g\u1ea1o sau khi chi\u1ebft \u0111\u01b0\u1ee3c \u0111\u00e1nh gi\u00e1 h\u00e0m l\u01b0\u1ee3ng \u2013oryzanol.\n", "K\u1ebft qu\u1ea3 nh\u01b0 trong B\u1ea3ng 2.\n", "B\u1ea3ng 2.\n", "Hi\u1ec7u su\u1ea5t chi\u1ebft d\u1ea7u c\u00e1m g\u1ea1o v\u00e0 h\u00e0m l\u01b0\u1ee3ng \u2013oryzanol khi thay \u0111\u1ed5i th\u1eddi gian chi\u1ebft\n", "Th\u1eddi gian (ph\u00fat)\n", "Hi\u1ec7u su\u1ea5t chi\u1ebft d\u1ea7u c\u00e1m g\u1ea1o (%)\n", "H\u00e0m l\u01b0\u1ee3ng \u2013oryzanol (%) 30 6,82 0,27 60 11,08 0,28 120 14,48 0,27 180 14,52 0,27\n", "K\u1ebft qu\u1ea3 cho th\u1ea5y khi t\u0103ng th\u1eddi gian chi\u1ebft th\u00ec hi\u1ec7u su\u1ea5t chi\u1ebft d\u1ea7u c\u00e1m g\u1ea1o t\u0103ng l\u00ean c\u00f2n h\u00e0m l\u01b0\u1ee3ng \u2013oryzanol trong d\u1ea7u c\u00e1m th\u00ec h\u1ea7u nh\u01b0 kh\u00f4ng thay \u0111\u1ed5i (kho\u1ea3ng 0,27-0,28%).\n", "T\u1ed1c \u0111\u1ed9 chi\u1ebft d\u1ea7u c\u00e1m g\u1ea1o gi\u1ea3m d\u1ea7n theo th\u1eddi gian, l\u01b0\u1ee3ng d\u1ea7u chi\u1ebft \u0111\u01b0\u1ee3c \u1edf th\u1eddi \u0111i\u1ec3m 120 ph\u00fat v\u00e0 180 ph\u00fat t\u01b0\u01a1ng \u0111\u01b0\u01a1ng nhau l\u1ea7n l\u01b0\u1ee3t l\u00e0 14,48% v\u00e0 14,52%.\n", "K\u1ebft qu\u1ea3 n\u00e0y cho th\u1ea5y sau 120 ph\u00fat chi\u1ebft xu\u1ea5t th\u00ec l\u01b0\u1ee3ng d\u1ea7u trong c\u00e1m g\u1ea7n nh\u01b0 \u0111\u00e3 \u0111\u01b0\u1ee3c chi\u1ebft ki\u1ec7t.\n", "Nguy\u00ean nh\u00e2n l\u00e0 do c\u00e0ng v\u1ec1 sau th\u00ec l\u01b0\u1ee3ng d\u1ea7u trong c\u00e1m c\u00e0ng \u00edt \u0111i, do v\u1eady l\u00e0m gi\u1ea3m t\u1ed1c \u0111\u1ed9 chi\u1ebft d\u1ea7u c\u00e1m g\u1ea1o.\n", "Nh\u01b0 v\u1eady th\u1eddi gian chi\u1ebft ch\u1ee7 y\u1ebfu \u1ea3nh h\u01b0\u1edfng t\u1edbi hi\u1ec7u su\u1ea5t chi\u1ebft xu\u1ea5t, h\u1ea7u nh\u01b0 kh\u00f4ng \u1ea3nh h\u01b0\u1edfng t\u1edbi h\u00e0m l\u01b0\u1ee3ng \u2013oryzanol trong d\u1ea7u c\u00e1m g\u1ea1o.\n", "Sau 120 ph\u00fat th\u00ec d\u1ea7u c\u00e1m g\u1ea1o \u0111\u00e3 \u0111\u01b0\u1ee3c chi\u1ebft g\u1ea7n nh\u01b0 ho\u00e0n to\u00e0n, do v\u1eady th\u1eddi gian chi\u1ebft l\u00e0 120 ph\u00fat \u0111\u01b0\u1ee3c s\u1eed d\u1ee5ng trong c\u00e1c nghi\u00ean c\u1ee9u ti\u1ebfp theo.\n", "B\u1ea3ng 3.\n", "Hi\u1ec7u su\u1ea5t chi\u1ebft d\u1ea7u c\u00e1m g\u1ea1o v\u00e0 h\u00e0m l\u01b0\u1ee3ng \u2013oryzanol khi thay \u0111\u1ed5i \u00e1p su\u1ea5t\n", "\u00c1p su\u1ea5t (bar)\n", "Hi\u1ec7u su\u1ea5t chi\u1ebft d\u1ea7u c\u00e1m g\u1ea1o (%)\n", "H\u00e0m l\u01b0\u1ee3ng \u2013oryzanol (%) 350 14,88 0,27 400 15,50 0,31 450 15,06 0,28\n", "Kh\u1ea3o s\u00e1t s\u1ef1 \u1ea3nh h\u01b0\u1edfng c\u1ee7a \u00e1p su\u1ea5t chi\u1ebft: ti\u1ebfn h\u00e0nh chi\u1ebft d\u1ea7u c\u00e1m g\u1ea1o v\u1edbi c\u00e1c th\u00f4ng s\u1ed1 quy tr\u00ecnh nh\u01b0 sau: kh\u1ed1i l\u01b0\u1ee3ng m\u1eabu c\u00e1m C2 l\u00e0 50 g, nhi\u1ec7t \u0111\u1ed9 chi\u1ebft 40 C, \u00e1p su\u1ea5t chi\u1ebft 350-450 bar, t\u1ed1c \u0111\u1ed9 d\u00f2ng CO2 25 g/ph\u00fat, th\u1eddi gian chi\u1ebft 120 ph\u00fat.\n", "K\u1ebft qu\u1ea3 \u0111\u01b0\u1ee3c tr\u00ecnh b\u00e0y trong B\u1ea3ng 3.\n", "K\u1ebft qu\u1ea3 cho th\u1ea5y khi thay \u0111\u1ed5i \u00e1p su\u1ea5t chi\u1ebft th\u00ec hi\u1ec7u su\u1ea5t chi\u1ebft d\u1ea7u c\u00e1m g\u1ea1o thu \u0111\u01b0\u1ee3c thay \u0111\u1ed5i kh\u00f4ng \u0111\u00e1ng k\u1ec3 (hi\u1ec7u su\u1ea5t chi\u1ebft d\u1ea7u c\u00e1m g\u1ea1o \u1edf 350, 400, 450 bar l\u1ea7n l\u01b0\u1ee3t l\u00e0 14,88%; 15,50%; 15,06%).\n", "Tuy nhi\u00ean c\u00f3 s\u1ef1 kh\u00e1c bi\u1ec7t v\u1ec1 ch\u1ea5t l\u01b0\u1ee3ng d\u1ea7u c\u00e1m (h\u00e0m l\u01b0\u1ee3ng \u2013oryzanol), trong \u0111\u00f3 \u1edf \u00e1p su\u1ea5t 400 bar thu \u0111\u01b0\u1ee3c h\u00e0m l\u01b0\u1ee3ng \u2013oryzanol cao nh\u1ea5t (0,31%), nh\u01b0 v\u1eady \u1edf \u00e1p su\u1ea5t 400 bar th\u00ec \u2013oryzanol ho\u00e0 tan t\u1ed1t h\u01a1n trong dung m\u00f4i CO2 si\u00eau t\u1edbi h\u1ea1n so v\u1edbi \u1edf c\u00e1c \u00e1p su\u1ea5t kh\u00e1c.\n", "Khi gi\u1eef nhi\u1ec7t \u0111\u1ed9 \u1edf 40 oC, t\u0103ng d\u1ea7n \u00e1p su\u1ea5t chi\u1ebft th\u00ec t\u1ef7 tr\u1ecdng c\u1ee7a CO2 t\u0103ng, t\u0103ng \u0111\u1ed9 ho\u00e0 tan c\u1ee7a c\u00e1c th\u00e0nh ph\u1ea7n c\u00f3 trong d\u1ea7u c\u00e1m g\u1ea1o [12].\n", "Tuy nhi\u00ean khi chi\u1ebft \u1edf \u00e1p su\u1ea5t cao (350-450 bar), th\u00ec s\u1ef1 \u1ea3nh h\u01b0\u1edfng c\u1ee7a \u00e1p su\u1ea5t chi\u1ebft t\u1edbi \u0111\u1ed9 ho\u00e0 tan c\u1ee7a d\u1ea7u trong dung m\u00f4i CO2 l\u00e0 \u00edt, v\u00ec th\u1ebf kh\u1ed1i l\u01b0\u1ee3ng d\u1ea7u c\u00e1m thu \u0111\u01b0\u1ee3c \u1edf nh\u1eefng \u00e1p su\u1ea5t n\u00e0y thay \u0111\u1ed5i kh\u00f4ng nhi\u1ec1u.\n", "Do v\u1eady \u00e1p su\u1ea5t chi\u1ebft xu\u1ea5t l\u00e0 400 bar \u0111\u01b0\u1ee3c l\u1ef1a ch\u1ecdn.\n", "Kh\u1ea3o s\u00e1t s\u1ef1 \u1ea3nh h\u01b0\u1edfng c\u1ee7a nhi\u1ec7t \u0111\u1ed9 chi\u1ebft: ti\u1ebfn h\u00e0nh chi\u1ebft d\u1ea7u c\u00e1m g\u1ea1o v\u1edbi c\u00e1c th\u00f4ng s\u1ed1 quy tr\u00ecnh nh\u01b0 sau: kh\u1ed1i l\u01b0\u1ee3ng m\u1eabu c\u00e1m C2 l\u00e0 50 g, nhi\u1ec7t \u0111\u1ed9 chi\u1ebft 40-80 C, \u00e1p su\u1ea5t chi\u1ebft 400 bar, t\u1ed1c \u0111\u1ed9 d\u00f2ng CO2 25 g/ph\u00fat, th\u1eddi gian chi\u1ebft 120 ph\u00fat.\n", "K\u1ebft qu\u1ea3 nh\u01b0 trong B\u1ea3ng 4.\n", "B\u1ea3ng 4.\n", "Hi\u1ec7u su\u1ea5t chi\u1ebft d\u1ea7u c\u00e1m g\u1ea1o v\u00e0 h\u00e0m l\u01b0\u1ee3ng \u2013oryzanol khi thay \u0111\u1ed5i nhi\u1ec7t \u0111\u1ed9 chi\u1ebft\n", "Nhi\u1ec7t \u0111\u1ed9 (oC)\n", "Hi\u1ec7u su\u1ea5t chi\u1ebft d\u1ea7u c\u00e1m g\u1ea1o (%)\n", "H\u00e0m l\u01b0\u1ee3ng \u2013oryzanol (%) 40 15,50 0,31 60 16,27 0,50 80 10,52 0,44\n", "K\u1ebft qu\u1ea3 cho th\u1ea5y hi\u1ec7u su\u1ea5t chi\u1ebft d\u1ea7u c\u00e1m g\u1ea1o khi chi\u1ebft \u1edf nhi\u1ec7t \u0111\u1ed9 60 C cao nh\u1ea5t (16,27%), th\u1ea5p nh\u1ea5t \u1edf nhi\u1ec7t \u0111\u1ed9 80 C (10,52%).\n", "V\u1ec1 ch\u1ea5t l\u01b0\u1ee3ng d\u1ea7u c\u00e1m g\u1ea1o \u1edf nhi\u1ec7t \u0111\u1ed9 60 C thu \u0111\u01b0\u1ee3c h\u00e0m l\u01b0\u1ee3ng \u2013oryzanol (0,5%) c\u0169ng cao nh\u1ea5t so v\u1edbi khi chi\u1ebft xu\u1ea5t \u1edf hai nhi\u1ec7t \u0111\u1ed9 c\u00f2n l\u1ea1i.\n", "T\u1ed1c \u0111\u1ed9 khu\u1ebfch t\u00e1n CO2 v\u00e0o d\u1ea7u c\u00e1m g\u1ea1o v\u00e0 s\u1ef1 t\u0103ng \u00e1p su\u1ea5t h\u01a1i c\u1ee7a d\u1ea7u c\u00e1m khi t\u0103ng nhi\u1ec7t \u0111\u1ed9 c\u00f3 t\u00e1c \u0111\u1ed9ng r\u1ea5t nhi\u1ec1u t\u1edbi kh\u1ea3 n\u0103ng ho\u00e0 tan th\u00e0nh ph\u1ea7n d\u1ea7u trong dung m\u00f4i CO2 si\u00eau t\u1edbi h\u1ea1n.\n", "\u1ede \u00e1p su\u1ea5t th\u1ea5p, t\u1ef7 tr\u1ecdng CO2 s\u1ebd gi\u1ea3m r\u1ea5t nhi\u1ec1u khi t\u0103ng nhi\u1ec7t \u0111\u1ed9, l\u00e0m gi\u1ea3m t\u1ed1c \u0111\u1ed9 khu\u1ebfch t\u00e1n c\u1ee7a CO2 qua c\u00e1m g\u1ea1o.\n", "Tuy nhi\u00ean t\u1ef7 tr\u1ecdng CO2 \u1edf \u0111i\u1ec1u ki\u1ec7n \u00e1p su\u1ea5t cao gi\u1ea3m kh\u00f4ng nhi\u1ec1u khi t\u0103ng nhi\u1ec7t \u0111\u1ed9, h\u01a1n n\u1eefa t\u1ed1c \u0111\u1ed9 khu\u1ebfch t\u00e1n c\u1ee7a CO2 c\u0169ng thay \u0111\u1ed5i \u00edt.\n", "Khi gi\u1eef \u00e1p su\u1ea5t chi\u1ebft cao (400 bar), t\u0103ng nhi\u1ec7t \u0111\u1ed9 t\u1eeb 60 C l\u00ean 80 C th\u00ec t\u1ef7 tr\u1ecdng CO2 gi\u1ea3m [12], do \u0111\u00f3 \u0111\u1ed9 tan c\u1ee7a d\u1ea7u c\u00e1m g\u1ea1o trong dung m\u00f4i CO2 si\u00eau t\u1edbi h\u1ea1n gi\u1ea3m v\u00e0 t\u1ed1c \u0111\u1ed9 khu\u1ebfch t\u00e1n c\u1ee7a CO2 v\u00e0o d\u1ea7u c\u00e1m g\u1ea1o c\u0169ng gi\u1ea3m d\u1eabn t\u1edbi gi\u1ea3m hi\u1ec7u su\u1ea5t chi\u1ebft.\n", "Khi chi\u1ebft \u1edf \u0111i\u1ec1u ki\u1ec7n \u00e1p su\u1ea5t 400 bar v\u00e0 nhi\u1ec7t \u0111\u1ed9 60oC th\u00ec \u2013oryzanol c\u0169ng cho th\u1ea5y kh\u1ea3 n\u0103ng tan t\u1ed1t h\u01a1n.\n", "Nh\u01b0 v\u1eady, qua kh\u1ea3o s\u00e1t cho th\u1ea5y \u0111i\u1ec1u ki\u1ec7n nhi\u1ec7t \u0111\u1ed9 v\u00e0 \u00e1p su\u1ea5t chi\u1ebft xu\u1ea5t \u1ea3nh h\u01b0\u1edfng t\u1edbi t\u1ef7 tr\u1ecdng CO2 v\u00e0 \u00e1p su\u1ea5t h\u01a1i c\u1ee7a d\u1ea7u d\u1eabn t\u1edbi s\u1ef1 thay \u0111\u1ed5i kh\u1ea3 n\u0103ng ho\u00e0 tan c\u1ee7a d\u1ea7u c\u00e1m g\u1ea1o v\u00e0 \u2013oryzanol trong dung m\u00f4i CO2 si\u00eau t\u1edbi h\u1ea1n, t\u1eeb \u0111\u00f3 l\u00e0m hi\u1ec7u su\u1ea5t chi\u1ebft xu\u1ea5t v\u00e0 h\u00e0m l\u01b0\u1ee3ng \u2013oryzanol trong d\u1ea7u c\u00e1m g\u1ea1o \u1edf c\u00e1c \u0111i\u1ec1u ki\u1ec7n kh\u00e1c nhau l\u00e0 kh\u00e1c nhau [12].\n", "Kh\u1ea3o s\u00e1t s\u1ef1 \u1ea3nh h\u01b0\u1edfng c\u1ee7a t\u1ed1c \u0111\u1ed9 d\u00f2ng CO2: ti\u1ebfn h\u00e0nh chi\u1ebft d\u1ea7u c\u00e1m g\u1ea1o v\u1edbi c\u00e1c th\u00f4ng s\u1ed1 quy tr\u00ecnh nh\u01b0 sau kh\u1ed1i l\u01b0\u1ee3ng m\u1eabu c\u00e1m C2 l\u00e0 50 g, nhi\u1ec7t \u0111\u1ed9 chi\u1ebft 60 C, \u00e1p su\u1ea5t chi\u1ebft 400 bar, t\u1ed1c \u0111\u1ed9 d\u00f2ng CO2 20-30 g/ph\u00fat, th\u1eddi gian chi\u1ebft 120 ph\u00fat.\n", "K\u1ebft qu\u1ea3 nh\u01b0 trong B\u1ea3ng 5.\n", "B\u1ea3ng 5.\n", "Hi\u1ec7u su\u1ea5t chi\u1ebft d\u1ea7u c\u00e1m g\u1ea1o v\u00e0 h\u00e0m l\u01b0\u1ee3ng \u2013oryzanol khi thay \u0111\u1ed5i nhi\u1ec7t \u0111\u1ed9 chi\u1ebft\n", "T\u1ed1c \u0111\u1ed9 d\u00f2ng\n", "CO2 (g/ph\u00fat)\n", "Hi\u1ec7u su\u1ea5t chi\u1ebft d\u1ea7u c\u00e1m g\u1ea1o (%)\n", "H\u00e0m l\u01b0\u1ee3ng \u2013 oryzanol (%) 20 14,84 0,50 25 16,27 0,50 30 16,67 0,52\n", "K\u1ebft qu\u1ea3 cho th\u1ea5y khi t\u0103ng t\u1ed1c \u0111\u1ed9 d\u00f2ng CO2 th\u00ec hi\u1ec7u su\u1ea5t chi\u1ebft d\u1ea7u c\u00e1m g\u1ea1o t\u0103ng l\u00ean nh\u01b0ng kh\u00f4ng nhi\u1ec1u, t\u1ed1c \u0111\u1ed9 d\u00f2ng chi\u1ebft CO2 l\u00e0 30 g/ph\u00fat cho hi\u1ec7u su\u1ea5t cao nh\u1ea5t (16,67%).\n", "V\u1ec1 h\u00e0m l\u01b0\u1ee3ng \u2013oryzanol trong d\u1ea7u c\u00e1m g\u1ea1o th\u00ec \u1edf t\u1ed1c \u0111\u1ed9 d\u00f2ng 30 g/ph\u00fat c\u0169ng cao h\u01a1n t\u1ed1c \u0111\u1ed9 d\u00f2ng 20 g/ph\u00fat v\u00e0 t\u1ed1c \u0111\u1ed9 d\u00f2ng 25 g/ph\u00fat (0,52% so v\u1edbi 0,50%).\n", "Tuy nhi\u00ean s\u1ef1 kh\u00e1c bi\u1ec7t c\u1ee7a hi\u1ec7u su\u1ea5t chi\u1ebft d\u1ea7u c\u00e1m g\u1ea1o v\u00e0 h\u00e0m l\u01b0\u1ee3ng \u2013oryzanol \u1edf ba t\u1ed1c \u0111\u1ed9 d\u00f2ng kh\u00e1c nhau kh\u00f4ng nhi\u1ec1u.\n", "Nguy\u00ean nh\u00e2n l\u00e0 do khi t\u0103ng t\u1ed1c \u0111\u1ed9 d\u00f2ng CO2 th\u00ec t\u0103ng t\u1ef7 l\u1ec7 s\u1ed1 ph\u00e2n t\u1eed CO2 tr\u00ean m\u1ed7i \u0111\u01a1n v\u1ecb kh\u1ed1i l\u01b0\u1ee3ng c\u1ee7a c\u00e1m g\u1ea1o, l\u00e0m t\u0103ng s\u1ef1 t\u01b0\u01a1ng t\u00e1c gi\u1eefa ph\u00e2n t\u1eed CO2 v\u00e0 c\u00e1m g\u1ea1o, do \u0111\u00f3 l\u00e0m t\u0103ng kh\u1ea3 n\u0103ng ho\u00e0 tan d\u1ea7u c\u00e1m trong dung m\u00f4i.\n", "M\u1eb7t kh\u00e1c khi t\u0103ng t\u1ed1c \u0111\u1ed9 d\u00f2ng\n", "CO2 c\u0169ng l\u00e0m t\u0103ng s\u1ef1 chuy\u1ec3n kh\u1ed1i, do v\u1eady l\u00e0m t\u0103ng l\u01b0\u1ee3ng d\u1ea7u c\u00e1m g\u1ea1o \u0111\u01b0\u1ee3c ho\u00e0 tan [12].\n", "V\u00ec v\u1eady, trong qu\u00e1 tr\u00ecnh chi\u1ebft, \u0111\u1ec3 ti\u1ebft ki\u1ec7m chi ph\u00ed\n", "CO2, ch\u00fang t\u00f4i l\u1ef1a ch\u1ecdn t\u1ed1c \u0111\u1ed9 d\u00f2ng CO2 l\u00e0 20 g/ph\u00fat.\n", "So s\u00e1nh v\u1edbi ph\u01b0\u01a1ng ph\u00e1p chi\u1ebft Soxhlet: ti\u1ebfn h\u00e0nh chi\u1ebft xu\u1ea5t d\u1ea7u c\u00e1m g\u1ea1o b\u1eb1ng ph\u01b0\u01a1ng ph\u00e1p chi\u1ebft Soxhlet v\u1edbi n-hexan.\n", "D\u1ea7u c\u00e1m g\u1ea1o \u0111\u01b0\u1ee3c \u0111\u00e1nh gi\u00e1 h\u00e0m l\u01b0\u1ee3ng \u2013oryzanol.\n", "K\u1ebft qu\u1ea3 nghi\u00ean c\u1ee9u th\u1ec3 hi\u1ec7n nh\u01b0 trong B\u1ea3ng 6.\n", "B\u1ea3ng 6.\n", "Hi\u1ec7u su\u1ea5t chi\u1ebft d\u1ea7u c\u00e1m g\u1ea1o v\u00e0 h\u00e0m l\u01b0\u1ee3ng \u2013oryzanol trong d\u1ea7u c\u00e1m g\u1ea1o khi chi\u1ebft b\u1eb1ng c\u00e1c ph\u01b0\u01a1ng ph\u00e1p kh\u00e1c nhau\n", "Ph\u01b0\u01a1ng ph\u00e1p\n", "Hi\u1ec7u su\u1ea5t chi\u1ebft d\u1ea7u c\u00e1m g\u1ea1o (%)\n", "H\u00e0m l\u01b0\u1ee3ng \u2013oryzanol (%)\n", "Chi\u1ebft xu\u1ea5t b\u1eb1ng dung m\u00f4i CO2 si\u00eau t\u1edbi h\u1ea1n 14,84 0,50\n", "Chi\u1ebft\n", "Soxhlet 16,71 0,42\n", "K\u1ebft qu\u1ea3 cho th\u1ea5y hi\u1ec7u su\u1ea5t chi\u1ebft d\u1ea7u c\u00e1m g\u1ea1o b\u1eb1ng b\u00ecnh chi\u1ebft Soxhlet v\u1edbi n-hexan (16,71%) cao h\u01a1n khi chi\u1ebft v\u1edbi dung m\u00f4i CO2 si\u00eau t\u1edbi h\u1ea1n (14,84%) do m\u1ed9t s\u1ed1 acid b\u00e9o trong d\u1ea7u c\u00e1m g\u1ea1o c\u00f3 \u00e1i l\u1ef1c v\u1edbi n-hexan cao h\u01a1n so v\u1edbi dung m\u00f4i\n", "CO2 si\u00eau t\u1edbi h\u1ea1n [19], hi\u1ec7u su\u1ea5t thu h\u1ed3i d\u1ea7u c\u00e1m g\u1ea1o c\u1ee7a ph\u01b0\u01a1ng ph\u00e1p s\u1eed d\u1ee5ng dung m\u00f4i CO2 si\u00eau t\u1edbi h\u1ea1n so v\u1edbi chi\u1ebft Soxhlet cao, \u0111\u1ea1t 88,81%.\n", "Tuy nhi\u00ean h\u00e0m l\u01b0\u1ee3ng \u2013oryzanol trong d\u1ea7u c\u00e1m g\u1ea1o khi s\u1eed d\u1ee5ng dung m\u00f4i CO2 si\u00eau t\u1edbi h\u1ea1n (0,5%) cao h\u01a1n khi chi\u1ebft Soxhlet (0,42%).\n", "K\u1ebft qu\u1ea3 n\u00e0y c\u0169ng t\u01b0\u01a1ng t\u1ef1 nh\u01b0 trong c\u00f4ng b\u1ed1 c\u1ee7a Kuk v\u00e0 Dowd [19].\n", "Nh\u01b0 v\u1eady, nghi\u00ean c\u1ee9u \u0111\u00e3 chi\u1ebft xu\u1ea5t \u0111\u01b0\u1ee3c d\u1ea7u c\u00e1m g\u1ea1o t\u1eeb c\u00e1m g\u1ea1o b\u1eb1ng ph\u01b0\u01a1ng ph\u00e1p s\u1eed d\u1ee5ng d\u00f9ng dung m\u00f4i si\u00eau t\u1edbi h\u1ea1n, \u0111\u00e2y \u0111\u01b0\u1ee3c coi l\u00e0 c\u00f4ng ngh\u1ec7 xanh cho vi\u1ec7c chi\u1ebft xu\u1ea5t c\u00e1c ch\u1ea5t t\u1ef1 nhi\u00ean c\u00f3 gi\u00e1 tr\u1ecb cao t\u1eeb c\u00e1c lo\u1ea1i th\u1ef1c v\u1eadt c\u00f3 th\u00e0nh ph\u1ea7n ph\u1ee9c t\u1ea1p, thu h\u00fat s\u1ef1 quan t\u00e2m r\u1ea5t nhi\u1ec1u t\u1eeb c\u00e1c nh\u00e0 khoa h\u1ecdc trong l\u0129nh v\u1ef1c th\u1ef1c ph\u1ea9m, d\u01b0\u1ee3c ph\u1ea9m v\u00e0 m\u1ef9 ph\u1ea9m [20, 21].\n", "Dung m\u00f4i CO2 si\u00eau t\u1edbi h\u1ea1n l\u00e0 m\u1ed9t dung m\u00f4i l\u00fd t\u01b0\u1edfng cho vi\u1ec7c chi\u1ebft xu\u1ea5t c\u00e1c ch\u1ea5t nh\u1ea1y c\u1ea3m v\u1edbi nhi\u1ec7t v\u00e0 c\u00e1c nghi\u00ean c\u1ee9u tr\u01b0\u1edbc \u0111\u00e3 ch\u1ec9 ra r\u1eb1ng n\u00f3 l\u00e0 dung m\u00f4i th\u00edch h\u1ee3p cho vi\u1ec7c chi\u1ebft xu\u1ea5t c\u00e1c h\u1ee3p ch\u1ea5t th\u00e2n d\u1ea7u [22].\n", "Trong nghi\u00ean c\u1ee9u n\u00e0y, \u0111i\u1ec1u ki\u1ec7n chi\u1ebft \u0111\u00e3 \u0111\u01b0\u1ee3c l\u1ef1a ch\u1ecdn nh\u01b0 sau: \u00e1p su\u1ea5t 400 bar, nhi\u1ec7t \u0111\u1ed9 60 oC, t\u1ed1c \u0111\u1ed9 d\u00f2ng CO2 20 g/ph\u00fat, th\u1eddi gian chi\u1ebft xu\u1ea5t 120 ph\u00fat; hi\u1ec7u ch\u1ea5t chi\u1ebft d\u1ea7u c\u00e1m g\u1ea1o v\u00e0 h\u00e0m l\u01b0\u1ee3ng \u2013oryzanol trong d\u1ea7u c\u00e1m g\u1ea1o t\u01b0\u01a1ng \u1ee9ng l\u00e0 14,84% v\u00e0 0,50%.\n", "So s\u00e1nh v\u1edbi m\u1ed9t s\u1ed1 nghi\u00ean c\u1ee9u tr\u01b0\u1edbc, cho th\u1ea5y k\u1ebft qu\u1ea3 c\u1ee7a nh\u00f3m nghi\u00ean c\u1ee9u v\u1ec1 hi\u1ec7u su\u1ea5t chi\u1ebft v\u00e0 h\u00e0m l\u01b0\u1ee3ng \u2013oryzanol trong d\u1ea7u c\u00e1m g\u1ea1o g\u1ea7n t\u01b0\u01a1ng \u0111\u01b0\u01a1ng.\n", "N\u0103m 2008, Chen v\u00e0 c\u1ed9ng s\u1ef1 [11] \u0111\u00e3 ti\u1ebfn h\u00e0nh chi\u1ebft xu\u1ea5t d\u1ea7u c\u00e1m g\u1ea1o b\u1eb1ng ph\u01b0\u01a1ng ph\u00e1p d\u00f9ng dung m\u00f4i CO2 si\u00eau t\u1edbi h\u1ea1n \u1edf nhi\u1ec7t \u0111\u1ed9 40C, \u00e1p su\u1ea5t 300 bar, t\u1ed1c \u0111\u1ed9 d\u00f2ng CO2 10 g/ph\u00fat, sau 210 ph\u00fat thu \u0111\u01b0\u1ee3c h\u00e0m l\u01b0\u1ee3ng d\u1ea7u \u0111\u1ea1t 15,7%, h\u00e0m l\u01b0\u1ee3ng \u2013oryzanol trong d\u1ea7u c\u00e1m g\u1ea1o l\u00e0 0,63%.\n", "M\u1ed9t nghi\u00ean c\u1ee9u kh\u00e1c c\u1ee7a Kuk v\u00e0 Dowd n\u0103m 1998 [19] \u0111\u00e3 chi\u1ebft xu\u1ea5t \u0111\u01b0\u1ee3c d\u1ea7u c\u00e1m g\u1ea1o v\u1edbi hi\u1ec7u su\u1ea5t t\u1ed1i \u0111a l\u00e0 20,4% b\u1eb1ng dung m\u00f4i CO2 si\u00eau t\u1edbi h\u1ea1n \u1edf \u00e1p su\u1ea5t 620 bar, nhi\u1ec7t \u0111\u1ed9 100 C, nghi\u00ean c\u1ee9u c\u0169ng \u0111\u00e3 ch\u1ec9 ra r\u1eb1ng n\u1ed3ng \u0111\u1ed9 \u2013oryzanol trong d\u1ea7u c\u00e1m g\u1ea1o khi chi\u1ebft xu\u1ea5t d\u00f9ng dung m\u00f4i CO2 si\u00eau t\u1edbi h\u1ea1n cao h\u01a1n ph\u01b0\u01a1ng ph\u00e1p chi\u1ebft Soxhlet v\u1edbi n-hexan.\n"], "4": ["4.\n", "K\u1ebft lu\u1eadn\n", "Nghi\u00ean c\u1ee9u \u0111\u00e3 b\u01b0\u1edbc \u0111\u1ea7u x\u1eed l\u00fd \u0111\u01b0\u1ee3c \u0111\u1ed9 \u1ed5n \u0111\u1ecbnh c\u1ee7a c\u00e1m g\u1ea1o trong 8 th\u00e1ng b\u1eb1ng ph\u01b0\u01a1ng ph\u00e1p s\u1ea5y t\u1ea7ng s\u00f4i v\u00e0 \u0111\u00e3 chi\u1ebft xu\u1ea5t \u0111\u01b0\u1ee3c d\u1ea7u c\u00e1m g\u1ea1o s\u1eed d\u1ee5ng dung m\u00f4i CO2 si\u00eau t\u1edbi h\u1ea1n \u1edf \u00e1p su\u1ea5t 400 bar, nhi\u1ec7t \u0111\u1ed9 60 oC, t\u1ed1c \u0111\u1ed9 d\u00f2ng CO2 20 g/ph\u00fat, th\u1eddi gian chi\u1ebft 120 ph\u00fat, hi\u1ec7u su\u1ea5t chi\u1ebft xu\u1ea5t 14,84%.\n", "H\u00e0m l\u01b0\u1ee3ng -oryzanol trong d\u1ea7u c\u00e1m g\u1ea1o thu \u0111\u01b0\u1ee3c \u0111\u1ea1t 0,50% cao h\u01a1n khi chi\u1ebft xu\u1ea5t v\u1edbi dung m\u00f4i n-hexan b\u1eb1ng ph\u01b0\u01a1ng ph\u00e1p Soxhlet.\n"]}, "Word count": 3795}