{"title": "Original Article\n", "content": {"0": ["T\u00f3m t\u1eaft: Vi\u00ean nang \u00cdch tr\u00ed Hadiphar \u0111\u01b0\u1ee3c \u0111\u00e1nh gi\u00e1 \u0111\u1ed9c t\u00ednh c\u1ea5p v\u00e0 \u0111\u1ed9c t\u00ednh li\u1ec1u l\u1eb7p l\u1ea1i tr\u00ean chu\u1ed9t nh\u1eaft tr\u1eafng v\u00e0 th\u1ecf.\n", "K\u1ebft qu\u1ea3 \u0111\u1ed9c t\u00ednh c\u1ea5p \u0111\u01b0\u1eddng u\u1ed1ng theo ph\u01b0\u01a1ng ph\u00e1p c\u1ee7a Behrens cho th\u1ea5y LD50 c\u1ee7a \u00cdch tr\u00ed Hadiphar l\u1edbn h\u01a1n 30 g/kg.\n", "Trong th\u1eed nghi\u1ec7m \u0111\u1ed9c t\u00ednh li\u1ec1u l\u1eb7p l\u1ea1i, th\u1ecf \u0111\u01b0\u1ee3c u\u1ed1ng \u00cdch tr\u00ed\n", "Hadiphar v\u1edbi li\u1ec1u 186,5 v\u00e0 560,0 mg/kg/ng\u00e0y trong 28 ng\u00e0y (t\u01b0\u01a1ng \u0111\u01b0\u01a1ng v\u1edbi li\u1ec1u d\u00f9ng t\u1ed1i \u0111a tr\u00ean ng\u01b0\u1eddi v\u00e0 li\u1ec1u g\u1ea5p 3 l\u1ea7n li\u1ec1u d\u00f9ng tr\u00ean ng\u01b0\u1eddi).\n", "M\u1eabu m\u00e1u \u0111\u01b0\u1ee3c l\u1ea5y v\u00e0o ng\u00e0y 0, 14 v\u00e0 28 \u0111\u1ec3 ki\u1ec3m tra c\u00e1c ch\u1ec9 s\u1ed1 sinh ho\u00e1 v\u00e0 huy\u1ebft h\u1ecdc.\n", "M\u1eabu gan v\u00e0 th\u1eadn \u0111\u01b0\u1ee3c l\u1ea5y v\u00e0o ng\u00e0y 28 \u0111\u1ec3 l\u00e0m m\u00f4 b\u1ec7nh h\u1ecdc.\n", "K\u1ebft qu\u1ea3 th\u1eed nghi\u1ec7m \u0111\u1ed9c t\u00ednh li\u1ec1u l\u1eb7p l\u1ea1i cho th\u1ea5y \u00cdch tr\u00ed Hadiphar kh\u00f4ng g\u00e2y \u1ea3nh h\u01b0\u1edfng c\u00f3 \u00fd ngh\u0129a th\u1ed1ng k\u00ea \u0111\u1ebfn ch\u1ec9 s\u1ed1 sinh ho\u00e1, huy\u1ebft h\u1ecdc c\u0169ng nh\u01b0 m\u00f4 b\u1ec7nh h\u1ecdc gan v\u00e0 th\u1eadn c\u1ee7a th\u1ecf.\n", "T\u1eeb kho\u00e1: \u0110\u1ed9c t\u00ednh c\u1ea5p, \u0111\u1ed9c t\u00ednh li\u1ec1u l\u1eb7p l\u1ea1i, \u00cdch tr\u00ed Hadiphar.\n"], "1": ["1.\n", "M\u1edf \u0111\u1ea7u\n", "Sa s\u00fat tr\u00ed tu\u1ec7 l\u00e0 m\u1ed9t h\u1ed9i ch\u1ee9ng suy gi\u1ea3m tr\u00ed nh\u1edb, suy ngh\u0129, h\u00e0nh vi v\u00e0 kh\u1ea3 n\u0103ng th\u1ef1c hi\u1ec7n c\u00e1c ho\u1ea1t \u0111\u1ed9ng h\u00e0ng ng\u00e0y.\n", "Ch\u1ee9ng sa s\u00fat tr\u00ed tu\u1ec7 kh\u00f4ng ch\u1ec9 t\u00e1c \u0111\u1ed9ng x\u1ea5u \u0111\u1ebfn th\u1ec3 ch\u1ea5t, t\u00e2m l\u00fd v\u00e0 kinh t\u1ebf c\u1ee7a ng\u01b0\u1eddi b\u1ec7nh m\u00e0 c\u00f2n c\u1ea3 v\u1edbi ng\u01b0\u1eddi ch\u0103m s\u00f3c h\u1ecd.\n", "V\u00ec v\u1eady vi\u1ec7c nghi\u00ean c\u1ee9u b\u00e0o ch\u1ebf s\u1ea3n ph\u1ea9m h\u1ed7 tr\u1ee3 \u0111i\u1ec1u tr\u1ecb ch\u1ee9ng sa s\u00fat tr\u00ed tu\u1ec7 tr\u1edf n\u00ean r\u1ea5t c\u1ea7n thi\u1ebft cho c\u1ed9ng \u0111\u1ed3ng.\n", "Vi\u00ean nang \u00cdch tr\u00ed Hadiphar \u0111\u01b0\u1ee3c ph\u00e1t tri\u1ec3n d\u1ef1a tr\u00ean b\u00e0i thu\u1ed1c c\u1ed5 truy\u1ec1n t\u1ee9 v\u1eadt thang, bao g\u1ed3m: th\u1ee5c \u0111\u1ecba, \u0111\u01b0\u01a1ng quy, b\u1ea1ch th\u01b0\u1ee3c, xuy\u00ean khung l\u00e0 b\u00e0i thu\u1ed1c \u0111\u01b0\u1ee3c s\u1eed d\u1ee5ng t\u1eeb l\u00e2u \u0111\u1ec3 b\u1ed5 huy\u1ebft, ho\u1ea1t huy\u1ebft,...\n", "k\u1ebft h\u1ee3p gia gi\u1ea3m th\u00eam m\u1ed9t s\u1ed1 d\u01b0\u1ee3c li\u1ec7u qu\u00fd nh\u01b0: \u0111\u1ecba long, vi\u1ec5n ch\u00ed, th\u00f4ng \u0111\u1ea5t, th\u00e0nh ng\u1ea1nh,...\n", "S\u1ea3n ph\u1ea9m s\u1eed d\u1ee5ng cho ng\u01b0\u1eddi b\u1ecb suy gi\u1ea3m tr\u00ed nh\u1edb, th\u1ea7n kinh c\u0103ng th\u1eb3ng, k\u00e9m t\u1eadp trung, ng\u01b0\u1eddi b\u1ecb thi\u1ec3u n\u0103ng tu\u1ea7n ho\u00e0n n\u00e3o.\n", "Nh\u1eb1m \u0111\u1ea3m b\u1ea3o t\u00ednh an to\u00e0n c\u1ee7a s\u1ea3n _* T\u00e1c gi\u1ea3 li\u00ean h\u1ec7.\n", "ph\u1ea9m tr\u01b0\u1edbc khi s\u1eed d\u1ee5ng tr\u00ean ng\u01b0\u1eddi, ch\u00fang t\u00f4i ti\u1ebfn h\u00e0nh \u0111\u00e1nh gi\u00e1 \u0111\u1ed9c t\u00ednh c\u1ea5p v\u00e0 \u0111\u1ed9c t\u00ednh li\u1ec1u l\u1eb7p l\u1ea1i c\u1ee7a s\u1ea3n ph\u1ea9m ph\u1ea9m vi\u00ean \u00cdch tr\u00ed Hadiphar tr\u00ean \u0111\u1ed9ng v\u1eadt th\u00ed nghi\u1ec7m.\n"], "2": ["2.\n", "\u0110\u1ed1i t\u01b0\u1ee3ng v\u00e0 ph\u01b0\u01a1ng ph\u00e1p nghi\u00ean c\u1ee9u 2.1.\n", "\u0110\u1ed1i t\u01b0\u1ee3ng nghi\u00ean c\u1ee9u\n", "Vi\u00ean nang \u00cdch tr\u00ed Hadiphar do C\u00f4ng ty C\u1ed5 ph\u1ea7n D\u01b0\u1ee3c H\u00e0 T\u0129nh s\u1ea3n xu\u1ea5t \u0111\u1ea1t ti\u00eau chu\u1ea9n c\u01a1 s\u1edf.\n", "Th\u00e0nh ph\u1ea7n 1 vi\u00ean nang 500 mg bao g\u1ed3m: xuy\u00ean khung 55,2 mg, \u0111\u01b0\u01a1ng quy 88,2 mg, b\u1ea1ch th\u01b0\u1ee3c 69,0 mg, \u0111\u1ecba long 103,5 mg, \u0111an s\u00e2m 82,8 mg, th\u00f4ng \u0111\u1ea5t 82,8 mg, vi\u1ec5n ch\u00ed 69,0 mg, c\u00e2u \u0111\u1eb1ng 55,2 mg, trinh n\u1eef 8 mg, th\u00e0nh ng\u1ea1nh 55,2 mg, t\u00e1 d\u01b0\u1ee3c v\u1eeba \u0111\u1ee7.\n", "Li\u1ec1u t\u1ed1i \u0111a d\u1ef1 ki\u1ebfn d\u00f9ng tr\u00ean ng\u01b0\u1eddi l\u00e0 6 vi\u00ean/ng\u01b0\u1eddi/ng\u00e0y.\n", "2.2.\n", "Thi\u1ebft b\u1ecb, d\u1ee5ng c\u1ee5, ho\u00e1 ch\u1ea5t\n", "M\u00e1y x\u00e9t nghi\u1ec7m sinh ho\u00e1 (Beckman Coulter\n", "AU 680, M\u1ef9);\n", "M\u00e1y x\u00e9t nghi\u1ec7m huy\u1ebft h\u1ecdc (Sysmex XS- 1000I, Nh\u1eadt B\u1ea3n);\n", "M\u00e1y li t\u00e2m l\u1ea1nh (Eppendorf 5804 R, \u0110\u1ee9c);\n", "M\u00e1y c\u1eaft vi th\u1ec3 Microm HM315, \u0110\u1ee9c;\n", "K\u00ednh hi\u1ec3n vi quang h\u1ecdc g\u1eafn camera k\u1ebft n\u1ed1i m\u00e1y t\u00ednh (Nikon, Nh\u1eadt B\u1ea3n);\n", "Kim cong cho u\u1ed1ng;\n", "Xy lanh, g\u0103ng cao su, c\u1ed1c thu\u1ef7 tinh, ch\u00e0y c\u1ed1i s\u1ee9;\n", "B\u1ed9 k\u00edt \u0111\u1ecbnh l\u01b0\u1ee3ng c\u00e1c ch\u1ec9 s\u1ed1 huy\u1ebft h\u1ecdc v\u00e0 sinh ho\u00e1 (c\u1ee7a Stromatolyser v\u00e0 Beckman\n", "Coulter);\n", "C\u00e1c ho\u00e1 ch\u1ea5t kh\u00e1c.\n", "2.3.\n", "\u0110\u1ed9ng v\u1eadt th\u00ed nghi\u1ec7m\n", "Chu\u1ed9t nh\u1eaft tr\u1eafng gi\u1ed1ng Swiss (\u0111\u1ef1c v\u00e0 c\u00e1i) kho\u1ebb m\u1ea1nh, kho\u1ea3ng 5 - 6 tu\u1ea7n tu\u1ed5i, tr\u1ecdng l\u01b0\u1ee3ng 18-22 g do Vi\u1ec7n V\u1ec7 sinh D\u1ecbch t\u1ec5 Trung \u01b0\u01a1ng cung c\u1ea5p.\n", "Th\u1ecf tr\u1eafng New Zealand (\u0111\u1ef1c v\u00e0 c\u00e1i) tr\u01b0\u1edfng th\u00e0nh kho\u1ebb m\u1ea1nh, kho\u1ea3ng 12 tu\u1ea7n tu\u1ed5i, c\u00e2n n\u1eb7ng 1,8-2,2 kg do Vi\u1ec7n Ki\u1ec3m nghi\u1ec7m thu\u1ed1c Trung \u01b0\u01a1ng cung c\u1ea5p.\n", "\u0110\u1ed9ng v\u1eadt \u0111\u01b0\u1ee3c nu\u00f4i trong ph\u00f2ng ki\u1ec3m so\u00e1t nhi\u1ec7t \u0111\u1ed9 t\u1eeb 25 oC \u00b1 3 oC, \u0111\u1ed9 \u1ea9m t\u01b0\u01a1ng \u0111\u1ed1i t\u1eeb 30-70 %, chu k\u1ef3 12 h s\u00e1ng/t\u1ed1i.\n", "\u0110\u1ed9ng v\u1eadt \u0111\u01b0\u1ee3c \u0103n u\u1ed1ng theo nhu c\u1ea7u v\u1edbi th\u1ee9c \u0103n c\u00f4ng th\u1ee9c ph\u00f9 h\u1ee3p d\u00e0nh cho chu\u1ed9t v\u00e0 th\u1ecf.\n", "T\u1ea5t c\u1ea3 c\u00e1c qui tr\u00ecnh th\u1ef1c hi\u1ec7n tr\u00ean \u0111\u1ed9ng v\u1eadt \u0111\u1ec1u \u0111\u01b0\u1ee3c tu\u00e2n theo h\u01b0\u1edbng d\u1eabn v\u1ec1 ch\u0103m s\u00f3c v\u00e0 s\u1eed d\u1ee5ng \u0111\u1ed9ng v\u1eadt th\u00ed nghi\u1ec7m c\u1ee7a 2.4.\n", "Ph\u01b0\u01a1ng ph\u00e1p nghi\u00ean c\u1ee9u 2.4.1.\n", "\u0110\u00e1nh gi\u00e1 \u0111\u1ed9c t\u00ednh c\u1ea5p theo ph\u01b0\u01a1ng ph\u00e1p c\u1ee7a Behrens [1-3]\n", "Chu\u1ed9t \u0111\u01b0\u1ee3c nh\u1ecbn \u0103n 3-4 gi\u1edd tr\u01b0\u1edbc khi th\u1eed nghi\u1ec7m, n\u01b0\u1edbc u\u1ed1ng theo nhu c\u1ea7u.\n", "\u0110\u01b0\u1eddng d\u00f9ng thu\u1ed1c: \u0111\u01b0\u1eddng u\u1ed1ng, cho chu\u1ed9t u\u1ed1ng b\u1eb1ng c\u00e1ch d\u00f9ng b\u01a1m ti\u00eam kim cong \u0111\u1ea7u t\u00f9 \u0111\u1ec3 \u0111\u01b0a th\u1eb3ng thu\u1ed1c v\u00e0o d\u1ea1 d\u00e0y chu\u1ed9t.\n", "C\u00e1ch x\u1eed l\u00fd v\u00e0 chu\u1ea9n b\u1ecb m\u1eabu th\u1eed: l\u1ea5y b\u1ed9t thu\u1ed1c trong nang, nghi\u1ec1n k\u1ef9, tr\u1ed9n \u0111\u1ec1u v\u1edbi n\u01b0\u1edbc \u0111\u1ec3 thu \u0111\u01b0\u1ee3c h\u1ed7n d\u1ecbch th\u1eed c\u00f3 ch\u1ee9a 0,5 g m\u1eabu th\u1eed/ml (h\u1ed7n d\u1ecbch th\u1eed).\n", "Chia chu\u1ed9t nh\u1eaft tr\u1eafng th\u00e0nh c\u00e1c l\u00f4, m\u1ed7i l\u00f4 10 con.\n", "Ti\u1ebfn h\u00e0nh th\u1eed nghi\u1ec7m s\u01a1 b\u1ed9 x\u00e1c \u0111\u1ecbnh m\u1ee9c \u0111\u1ed9 \u0111\u1ed9c c\u1ee7a m\u1eabu.\n", "Th\u1eed nghi\u1ec7m ch\u00ednh th\u1ee9c \u0111\u01b0\u1ee3c ti\u1ebfn h\u00e0nh tr\u00ean 6 nh\u00f3m chu\u1ed9t: 1 nh\u00f3m ch\u1ee9ng v\u00e0 5 nh\u00f3m th\u1eed v\u1edbi v\u1edbi 5 m\u1ee9c li\u1ec1u: 10 g m\u1eabu th\u1eed/kg chu\u1ed9t (m\u1ee9c li\u1ec1u 1), 15 g m\u1eabu th\u1eed/kg chu\u1ed9t (m\u1ee9c li\u1ec1u 2), 20 g m\u1eabu th\u1eed/kg chu\u1ed9t (m\u1ee9c li\u1ec1u 3), 25 g m\u1eabu th\u1eed/kg chu\u1ed9t (m\u1ee9c li\u1ec1u 4), 30 g m\u1eabu th\u1eed/kg chu\u1ed9t (m\u1ee9c li\u1ec1u 5) (m\u1ee9c li\u1ec1u 5 - li\u1ec1u t\u1ed1i \u0111a c\u00f3 th\u1ec3 cho u\u1ed1ng).Theo d\u00f5i bi\u1ec3u hi\u1ec7n c\u1ee7a chu\u1ed9t (v\u1ec1 th\u1ec3 tr\u1ea1ng, h\u00e0nh vi, v\u1eadn \u0111\u1ed9ng, t\u00ecnh tr\u1ea1ng \u0103n, u\u1ed1ng, ph\u00e2n, n\u01b0\u1edbc ti\u1ec3u,...) sau khi u\u1ed1ng trong 24 gi\u1edd \u0111\u1ea7u v\u00e0 theo d\u00f5i ho\u1ea1t \u0111\u1ed9ng c\u1ee7a chu\u1ed9t trong th\u1eddi gian 7 ng\u00e0y sau khi u\u1ed1ng.\n", "2.4.2.\n", "\u0110\u00e1nh gi\u00e1 \u0111\u1ed9c t\u00ednh li\u1ec1u l\u1eb7p l\u1ea1i [2, 4, 5]\n", "Nghi\u00ean c\u1ee9u \u0111\u1ed9c t\u00ednh li\u1ec1u l\u1eb7p l\u1ea1i \u0111\u01b0\u1ee3c ti\u1ebfn h\u00e0nh tr\u00ean 3 nh\u00f3m th\u1ecf g\u1ed3m 1 nh\u00f3m ch\u1ee9ng v\u00e0 2 nh\u00f3m th\u1eed, m\u1ed7i nh\u00f3m 7 con.\n", "Hai nh\u00f3m th\u1eed \u0111\u01b0\u1ee3c cho u\u1ed1ng m\u1eabu th\u1eed v\u1edbi li\u1ec1u 560,0 mg/kg th\u1ecf (5 ml h\u1ed7n d\u1ecbch A/kg th\u1ecf) v\u00e0 186,5 mg/kg th\u1ecf (5 ml h\u1ed7n d\u1ecbch B/kg th\u1ecf).\n", "Nh\u00f3m ch\u1ee9ng: u\u1ed1ng n\u01b0\u1edbc.\n", "Cho th\u1ecf u\u1ed1ng b\u1eb1ng c\u00e1ch d\u00f9ng xi lanh b\u01a1m thu\u1ed1c qua \u1ed1ng th\u00f4ng (sonde) \u0111\u01b0\u1ee3c lu\u1ed3n t\u1eeb mi\u1ec7ng v\u00e0o th\u1eb3ng d\u1ea1 d\u00e0y th\u1ecf.\n", "Th\u1eddi gian u\u1ed1ng li\u00ean t\u1ee5c 28 ng\u00e0y.\n", "M\u1eabu th\u1eed: chu\u1ea9n b\u1ecb 2 h\u1ed7n d\u1ecbch c\u00f3 n\u1ed3ng \u0111\u1ed9 kh\u00e1c nhau.\n", "H\u1ed7n d\u1ecbch A (n\u1ed3ng \u0111\u1ed9 112,0 mg/ml):\n", "L\u1ea5y b\u1ed9t thu\u1ed1c trong 28 nang, nghi\u1ec1n k\u1ef9, tr\u1ed9n \u0111\u1ec1u v\u1edbi n\u01b0\u1edbc v\u1eeba \u0111\u1ee7 125 ml (h\u1ed7n d\u1ecbch A).\n", "H\u1ed7n d\u1ecbch\n", "B (n\u1ed3ng \u0111\u1ed9 37,3 mg/ml): pha lo\u00e3ng 40 ml h\u1ed7n d\u1ecbch A v\u1edbi n\u01b0\u1edbc v\u1eeba \u0111\u1ee7 120 ml (h\u1ed7n d\u1ecbch B).\n", "Theo d\u00f5i th\u1ecf h\u00e0ng ng\u00e0y v\u1ec1 m\u1ee9c \u0111\u1ed9 ti\u00eau th\u1ee5 th\u1ee9c \u0103n, kh\u1ea3 n\u0103ng ho\u1ea1t \u0111\u1ed9ng, t\u00ecnh tr\u1ea1ng ph\u00e2n, l\u00f4ng.\n", "Tr\u01b0\u1edbc th\u00ed nghi\u1ec7m, x\u00e1c \u0111\u1ecbnh c\u00e2n n\u1eb7ng c\u1ee7a th\u1ecf, c\u00e1c d\u1ea5u hi\u1ec7u to\u00e0n th\u00e2n, l\u1ea5y m\u00e1u x\u00e9t nghi\u1ec7m \u0111\u00e1nh gi\u00e1 c\u00e1c ch\u1ec9 s\u1ed1 huy\u1ebft h\u1ecdc (s\u1ed1 l\u01b0\u1ee3ng h\u1ed3ng c\u1ea7u, b\u1ea1ch c\u1ea7u, ti\u1ec3u c\u1ea7u, hemoglobin, hematocrit), c\u00e1c ch\u1ec9 s\u1ed1 sinh ho\u00e1 (AST, ALT, cholesterol, bilirubin, creatinin, urea, protein to\u00e0n ph\u1ea7n).\n", "Theo d\u00f5i c\u00e2n n\u1eb7ng c\u1ee7a th\u1ecf h\u00e0ng tu\u1ea7n.\n", "Sau 14 v\u00e0 28 ng\u00e0y u\u1ed1ng thu\u1ed1c, l\u1ea5y m\u00e1u th\u1ecf \u0111\u1ec3 l\u00e0m c\u00e1c x\u00e9t nghi\u1ec7m n\u00eau tr\u00ean.\n", "So s\u00e1nh k\u1ebft qu\u1ea3 c\u1ee7a nh\u00f3m th\u1eed v\u00e0 nh\u00f3m ch\u1ee9ng theo ph\u01b0\u01a1ng ph\u00e1p th\u1ed1ng k\u00ea.\n", "Quan s\u00e1t \u0111\u1ea1i th\u1ec3 v\u00e0 vi th\u1ec3 m\u1ed9t s\u1ed1 t\u1ed5 ch\u1ee9c (gan v\u00e0 th\u1eadn) sau khi k\u1ebft th\u00fac th\u00ed nghi\u1ec7m.\n", "2.4.3.\n", "Tr\u00ecnh b\u00e0y v\u00e0 x\u1eed l\u00fd s\u1ed1 li\u1ec7u\n", "S\u1ed1 li\u1ec7u \u0111\u01b0\u1ee3c tr\u00ecnh b\u00e0y d\u01b0\u1edbi d\u1ea1ng gi\u00e1 tr\u1ecb trung b\u00ecnh c\u1ed9ng tr\u1eeb \u0111\u1ed9 l\u1ec7ch chu\u1ea9n (mean \u00b1 SD) v\u00e0 \u0111\u01b0\u1ee3c x\u1eed l\u00fd th\u1ed1ng k\u00ea b\u1eb1ng ph\u00e9p ph\u00e2n t\u00edch bi\u1ebfn 1 chi\u1ec1u (one-way ANOVA) v\u1edbi h\u1eadu ki\u1ec3m (post- hoc) Newman-Keuls test ho\u1eb7c \u0111\u01b0\u1ee3c x\u1eed l\u00fd th\u1ed1ng k\u00ea b\u1eb1ng tr\u1eafc nghi\u1ec7m Student s\u1eed d\u1ee5ng ph\u1ea7n m\u1ec1m\n", "Prism phi\u00ean b\u1ea3n 8.0 (Graph Pad Software).\n", "Gi\u00e1 tr\u1ecb p < 0,05 \u0111\u01b0\u1ee3c coi l\u00e0 c\u00f3 \u00fd ngh\u0129a th\u1ed1ng k\u00ea.\n", "2.5.\n", "\u0110\u1ecba \u0111i\u1ec3m nghi\u00ean c\u1ee9u\n", "Nghi\u00ean c\u1ee9u \u0111\u01b0\u1ee3c th\u1ef1c hi\u1ec7n t\u1ea1i khoa D\u01b0\u1ee3c l\u00fd - Vi\u1ec7n Ki\u1ec3m nghi\u1ec7m thu\u1ed1c Trung \u01b0\u01a1ng.\n"], "3": ["3.\n", "K\u1ebft qu\u1ea3 nghi\u00ean c\u1ee9u 3.1.\n", "\u0110\u1ed9c t\u00ednh c\u1ea5p\n", "Th\u1eed nghi\u1ec7m \u0111\u1ed9c t\u00ednh c\u1ea5p \u0111\u01b0\u1ee3c ti\u1ebfn h\u00e0nh tr\u00ean 5 m\u1ee9c li\u1ec1u th\u1eed.\n", "K\u1ebft qu\u1ea3 th\u1ef1c nghi\u1ec7m \u0111\u01b0\u1ee3c th\u1ec3 hi\u1ec7n \u1edf B\u1ea3ng 1.\n", "Sau th\u00ed nghi\u1ec7m chu\u1ed9t \u1edf c\u00e1c nh\u00f3m th\u1eed \u0111\u1ec1u t\u0103ng c\u00e2n, kh\u1ed1i l\u01b0\u1ee3ng chu\u1ed9t \u1edf m\u1ed7i nh\u00f3m c\u00f3 s\u1ef1 kh\u00e1c bi\u1ec7t c\u00f3 \u00fd ngh\u0129a th\u1ed1ng k\u00ea so v\u1edbi tr\u01b0\u1edbc th\u1eed nghi\u1ec7m (p < 0,05, B\u1ea3ng 2).\n", "Kh\u00f4ng c\u00f3 s\u1ef1 kh\u00e1c bi\u1ec7t v\u1ec1 c\u00e2n n\u1eb7ng gi\u1eefa nh\u00f3m th\u1eed v\u00e0 nh\u00f3m ch\u1ee9ng \u1edf c\u00e1c th\u1eddi \u0111i\u1ec3m theo d\u00f5i trong th\u1eed nghi\u1ec7m.\n", "B\u1ea3ng 1.\n", "K\u1ebft qu\u1ea3 quan s\u00e1t bi\u1ec3u hi\u1ec7n chu\u1ed9t trong th\u1eed nghi\u1ec7m \u0111\u1ed9c t\u00ednh c\u1ea5p vi\u00ean \u00cdch tr\u00ed Hadiphar\n", "Nh\u00f3m\n", "S\u1ed1 chu\u1ed9t\n", "Li\u1ec1u m\u1eabu th\u1eed K\u1ebft qu\u1ea3\n", "Ch\u1ee9ng 10 - Chu\u1ed9t \u0103n u\u1ed1ng, ho\u1ea1t \u0111\u1ed9ng b\u00ecnh th\u01b0\u1eddng.\n", "Th\u1eed 1 10 10 g/kg Kh\u00f4ng c\u00f3 bi\u1ec3u hi\u1ec7n ng\u1ed9 \u0111\u1ed9c, chu\u1ed9t \u0103n u\u1ed1ng ho\u1ea1t \u0111\u1ed9ng b\u00ecnh th\u01b0\u1eddng.\n", "Th\u1eed 2 10 15 g/kg Sau khi u\u1ed1ng h\u1ed7n d\u1ecbch th\u1eed kho\u1ea3ng 2 gi\u1edd, t\u1ea5t c\u1ea3 chu\u1ed9t c\u00f3 bi\u1ec3u hi\u1ec7n to\u00e0n th\u00e2n v\u00e3 m\u1ed3 h\u00f4i, gi\u1ea3m ho\u1ea1t \u0111\u1ed9ng, m\u1ed9t s\u1ed1 chu\u1ed9t n\u1eb1m m\u1ec7t;\n", "Sau 24 gi\u1edd chu\u1ed9t \u0103n u\u1ed1ng v\u00e0 ho\u1ea1t \u0111\u1ed9ng b\u00ecnh th\u01b0\u1eddng tr\u1edf l\u1ea1i.\n", "Th\u1eed 3 10 20 g/kg\n", "Th\u1eed 4 10 25 g/kg\n", "Th\u1eed 5 10 30 g/kg\n", "Sau khi u\u1ed1ng h\u1ed7n d\u1ecbch th\u1eed kho\u1ea3ng 2 gi\u1edd, t\u1ea5t c\u1ea3 chu\u1ed9t c\u00f3 bi\u1ec3u hi\u1ec7n to\u00e0n th\u00e2n v\u00e3 m\u1ed3 h\u00f4i, gi\u1ea3m ho\u1ea1t \u0111\u1ed9ng, n\u1eb1m m\u1ec7t;\n", "C\u00f3 2 chu\u1ed9t b\u1ecb ch\u1ebft trong kho\u1ea3ng 6-24 gi\u1edd sau khi u\u1ed1ng m\u1eabu th\u1eed, m\u1ed5 quan s\u00e1t \u0111\u1ea1i th\u1ec3 nh\u1eadn th\u1ea5y c\u00e1c t\u1ed5 ch\u1ee9c tim, gan, l\u00e1ch, th\u1eadn, ph\u1ed5i b\u00ecnh th\u01b0\u1eddng nh\u01b0ng d\u1ea1 d\u00e0y v\u00e0 ru\u1ed9t ph\u00ecnh to;\n", "S\u1ed1 chu\u1ed9t kh\u00f4ng ch\u1ebft b\u1eaft \u0111\u1ea7u \u0103n u\u1ed1ng, ho\u1ea1t \u0111\u1ed9ng b\u00ecnh th\u01b0\u1eddng sau 48 gi\u1edd u\u1ed1ng m\u1eabu th\u1eed.\n", "B\u1ea3ng 2.Kh\u1ed1i l\u01b0\u1ee3ng chu\u1ed9t trong th\u1eed nghi\u1ec7m \u0111\u1ed9c t\u00ednh c\u1ea5p vi\u00ean \u00cdch tr\u00ed Hadiphar\n", "Nh\u00f3m\n", "S\u1ed1 chu\u1ed9t\n", "Li\u1ec1u m\u1eabu th\u1eed\n", "Kh\u1ed1i l\u01b0\u1ee3ng chu\u1ed9t (g) ptr\u01b0\u1edbc-sau\n", "Tr\u01b0\u1edbc u\u1ed1ng thu\u1ed1c\n", "Sau u\u1ed1ng thu\u1ed1c 7 ng\u00e0y\n", "Ch\u1ee9ng 10 - 19,59 \u00b1 0,63 29,57 \u00b1 1,07 p < 0,001\n", "Th\u1eed 1 10 10 g/kg 19,25 \u00b1 0,83 29,35 \u00b1 1,43 p < 0,001\n", "Th\u1eed 2 10 15 g/kg 19,19 \u00b1 0,92 28,40 \u00b1 1,51 p < 0,001\n", "Th\u1eed 3 10 20 g/kg 19,71 \u00b1 0,67 28,02 \u00b1 2,34 p < 0,001\n", "Th\u1eed 4 10 25 g/kg 19,84 \u00b1 0,63 28,55 \u00b1 1,47 p < 0,001\n", "Th\u1eed 5 10 30 g/kg 20,14 \u00b1 0,69 28,11 \u00b1 3,06 p < 0,001 pANOVA > 0,05 > 0,05 3.2.\n", "\u0110\u1ed9c t\u00ednh li\u1ec1u l\u1eb7p l\u1ea1i 3.2.1.\n", "K\u1ebft qu\u1ea3 theo d\u00f5i c\u00e2n n\u1eb7ng th\u1ecf\n", "Trong th\u1eddi gian th\u1eed nghi\u1ec7m, t\u1ea5t c\u1ea3 c\u00e1c th\u1ecf \u0111\u1ec1u ho\u1ea1t \u0111\u1ed9ng b\u00ecnh th\u01b0\u1eddng, \u0103n u\u1ed1ng t\u1ed1t, m\u1eaft s\u00e1ng, l\u00f4ng m\u01b0\u1ee3t, ph\u00e2n kh\u00f4.\n", "Kh\u00f4ng c\u00f3 bi\u1ec3u hi\u1ec7n b\u1ea5t th\u01b0\u1eddng v\u1ec1 th\u1ec3 tr\u1ea1ng, \u0103n u\u1ed1ng c\u0169ng nh\u01b0 v\u1eadn \u0111\u1ed9ng.\n", "K\u1ebft qu\u1ea3 theo d\u00f5i c\u00e2n n\u1eb7ng \u0111\u01b0\u1ee3c tr\u00ecnh b\u00e0y \u1edf B\u1ea3ng 3.\n", "B\u1ea3ng 3.\n", "S\u1ed1 li\u1ec7u c\u00e2n n\u1eb7ng c\u1ee7a th\u1ecf\n", "Nh\u00f3m (n = 7)\n", "Kh\u1ed1i l\u01b0\u1ee3ng th\u1ecf (kg) p\n", "Tr\u01b0\u1edbc TN Ng\u00e0y 7 Ng\u00e0y 14 Ng\u00e0y 21 Ng\u00e0y 28\n", "Ch\u1ee9ng 1,92 \u00b1 0,08 2,04 \u00b1 0,07 2,19 \u00b1 0,06 2,34 \u00b1 0,06 2,42 \u00b1 0,09 ptr\u01b0\u1edbc-sau < 0,001 % so v\u1edbi tr\u01b0\u1edbc th\u1eed nghi\u1ec7m 106,3% 113,9% 122,0% 126,3%\n", "Th\u1eed 1 (li\u1ec1u 186,5 mg/kg) 1,88 \u00b1 0,07 1,98 \u00b1 0,18 2,10 \u00b1 0,22 2,24 \u00b1 0,27 2,39 \u00b1 0,24 ptr\u01b0\u1edbc-sau < 0,001 % so v\u1edbi tr\u01b0\u1edbc th\u1eed nghi\u1ec7m 105,3% 111,2% 118,9% 126,8%\n", "Th\u1eed 2 (li\u1ec1u 560,0 mg/kg) 1,89 \u00b1 0,06 1,99 \u00b1 0,15 2,08 \u00b1 0,17 2,23 \u00b1 0,22 2,35 \u00b1 0,25 ptr\u01b0\u1edbc-sau < 0,001 % so v\u1edbi tr\u01b0\u1edbc th\u1eed nghi\u1ec7m 105,7% 110,3% 118,2% 124,2% pANOVA > 0,05 > 0,05 > 0,05 > 0,05 > 0,05\n", "Ghi ch\u00fa: TN l\u00e0 th\u1eed nghi\u1ec7m.\n", "K\u1ebft qu\u1ea3 B\u1ea3ng 3 cho th\u1ea5y th\u1ecf t\u0103ng c\u00e2n \u1edf nh\u00f3m ch\u1ee9ng v\u00e0 hai nh\u00f3m th\u1eed, c\u00f3 s\u1ef1 kh\u00e1c bi\u1ec7t khi so s\u00e1nh v\u1edbi tr\u01b0\u1edbc th\u1eed nghi\u1ec7m trong m\u1ed7i nh\u00f3m (p < 0,05).\n", "Tru\u1edbc th\u1eed nghi\u1ec7m, trong th\u1eed nghi\u1ec7m v\u00e0 sau th\u1eed nghi\u1ec7m c\u00e2n n\u1eb7ng trung b\u00ecnh c\u1ee7a th\u1ecf \u1edf c\u00e1c nh\u00f3m th\u1eed kh\u00f4ng c\u00f3 s\u1ef1 kh\u00e1c bi\u1ec7t so v\u1edbi nh\u00f3m ch\u1ee9ng (p > 0,05).\n", "3.2.2.\n", "K\u1ebft qu\u1ea3 theo d\u00f5i c\u00e1c ch\u1ec9 s\u1ed1 huy\u1ebft h\u1ecdc\n", "K\u1ebft qu\u1ea3 theo d\u00f5i c\u00e1c ch\u1ec9 s\u1ed1 huy\u1ebft h\u1ecdc \u0111\u01b0\u1ee3c tr\u00ecnh b\u00e0y \u1edf B\u1ea3ng 4.\n", "B\u1ea3ng 4.\n", "C\u00e1c ch\u1ec9 s\u1ed1 huy\u1ebft h\u1ecdc c\u1ee7a th\u1ecf\n", "Nh\u00f3m (n=7)\n", "Ch\u1ec9 s\u1ed1\n", "Ch\u1ee9ng\n", "Th\u1eed 1 (li\u1ec1u 186,5 mg/kg)\n", "Th\u1eed 2 (li\u1ec1u 560,0 mg/kg) pANOVA\n", "H\u1ed3ng c\u1ea7u (\u00d71012/ lit)\n", "Tr\u01b0\u1edbc TN 5,6 \u00b1 0,5 5,6 \u00b1 0,2 5,6 \u00b1 0,4 > 0,05\n", "Sau 14 ng\u00e0y 5,7 \u00b1 0,3 5,5 \u00b1 0,2 5,6 \u00b1 0,2 > 0,05\n", "Sau 28 ng\u00e0y 6,0 \u00b1 0,3 5,8 \u00b1 0,3 5,9 \u00b1 0,4 > 0,05\n", "B\u1ea1ch c\u1ea7u (\u00d7109/ lit)\n", "Tr\u01b0\u1edbc TN 5,6 \u00b1 0,5 5,6 \u00b1 0,2 5,6 \u00b1 0,4 > 0,05\n", "Sau 14 ng\u00e0y 7,7 \u00b1 1,4 7,1 \u00b1 0,9 6,7 \u00b1 0,4 > 0,05\n", "Sau 28 ng\u00e0y 6,5 \u00b1 2,0 7,5 \u00b1 2,1 8,1 \u00b1 0,9 > 0,05\n", "Ti\u1ec3u c\u1ea7u (\u00d7 109/ lit)\n", "Tr\u01b0\u1edbc TN 426,4 \u00b1 93,6 342,4 \u00b1 80,0 400,9 \u00b1 134,1 > 0,05\n", "Sau 14 ng\u00e0y 451,4 \u00b1 59,2 438,0 \u00b1 116,3 394,4 \u00b1 77,3 > 0,05\n", "Sau 28 ng\u00e0y 470,7 \u00b1 107,8 457,7 \u00b1 116,2 545,1 \u00b1 94,5 > 0,05\n", "Hematocrit (%)\n", "Tr\u01b0\u1edbc TN 11,3 \u00b1 1,0 11,3 \u00b1 1,0 11,3 \u00b1 0,7 > 0,05\n", "Sau 14 ng\u00e0y 39,9 \u00b1 0,8 38,6 \u00b1 2,1 38,9 \u00b1 1,5 > 0,05\n", "Sau 28 ng\u00e0y 41,3 \u00b1 1,5 41,1 \u00b1 1,3 39,7 \u00b1 1,7 > 0,05\n", "Hemoglobin (g/dl)\n", "Tr\u01b0\u1edbc TN 11,3 \u00b1 1,0 11,3 \u00b1 1,0 11,3 \u00b1 0,7 > 0,05\n", "Sau 14 ng\u00e0y 12,1 \u00b1 0,3 11,9 \u00b1 0,5 11,9 \u00b1 0,4 > 0,05\n", "Sau 28 ng\u00e0y 12,8 \u00b1 0,4 12,9 \u00b1 0,7 12,3 \u00b1 0,5 > 0,05\n", "Ghi ch\u00fa: TN l\u00e0 th\u1eed nghi\u1ec7m.\n", "K\u1ebft qu\u1ea3 B\u1ea3ng 4 cho th\u1ea5y ch\u1ec9 s\u1ed1 huy\u1ebft h\u1ecdc tr\u01b0\u1edbc, gi\u1eefa v\u00e0 sau th\u00ed nghi\u1ec7m kh\u00f4ng c\u00f3 s\u1ef1 kh\u00e1c bi\u1ec7t gi\u1eefa nh\u00f3m ch\u1ee9ng v\u00e0 2 nh\u00f3m th\u1eed (p > 0,05).\n", "3.2.3.\n", "K\u1ebft qu\u1ea3 theo d\u00f5i c\u00e1c ch\u1ec9 s\u1ed1 sinh ho\u00e1 (li\u00ean quan \u0111\u1ebfn ch\u1ee9c n\u0103ng gan v\u00e0 th\u1eadn)\n", "K\u1ebft qu\u1ea3 theo d\u00f5i c\u00e1c ch\u1ec9 s\u1ed1 sinh ho\u00e1 li\u00ean quan \u0111\u1ebfn ch\u1ee9c n\u0103ng gan v\u00e0 th\u1eadn \u0111\u01b0\u1ee3c th\u1ec3 hi\u1ec7n \u1edf B\u1ea3ng 5.\n", "B\u1ea3ng 5.\n", "C\u00e1c ch\u1ec9 s\u1ed1 sinh ho\u00e1 (li\u00ean quan \u0111\u1ebfn ch\u1ee9c n\u0103ng gan, th\u1eadn) c\u1ee7a th\u1ecf\n", "Nh\u00f3m (n = 7)\n", "Ch\u1ec9 s\u1ed1\n", "Ch\u1ee9ng\n", "Th\u1eed 1 (li\u1ec1u 186,5 mg/kg)\n", "Th\u1eed 2 (li\u1ec1u 560,0 mg/kg) pANOVA\n", "AST (U/lit)\n", "Tr\u01b0\u1edbc TN 72,3 \u00b1 22,1 63,4 \u00b1 29,0 62,0 \u00b1 16,9 > 0,05\n", "Sau 14 ng\u00e0y 54,5 \u00b1 15,5 56,9 \u00b1 24,6 66,3 \u00b1 8,6 > 0,05\n", "Sau 28 ng\u00e0y 40,5 \u00b1 17,2 50,3 \u00b1 17,8 42,5 \u00b1 15,4 > 0,05\n", "ALT (U/lit)\n", "Tr\u01b0\u1edbc TN 91,4 \u00b1 16,5 79,4 \u00b1 23,1 90,2 \u00b1 7,4 > 0,05\n", "Sau 14 ng\u00e0y 85,8 \u00b1 10,9 79,5 \u00b1 14,5 97,3 \u00b1 15,9 > 0,05\n", "Sau 28 ng\u00e0y 78,7 \u00b1 21,1 81,9 \u00b1 18,5 92,3 \u00b1 19,1 > 0,05\n", "Bilirubin to\u00e0n ph\u1ea7n (\u03bcmol/lit)\n", "Tr\u01b0\u1edbc TN 1,5 \u00b1 0,2 1,5 \u00b1 0,3 1,7 \u00b1 0,3 > 0,05\n", "Sau 14 ng\u00e0y 1,5 \u00b1 0,7 2,0 \u00b1 0,9 2,0 \u00b1 0,9 > 0,05\n", "Sau 28 ng\u00e0y 1,5 \u00b1 0,2 1,4 \u00b1 0,2 1,5 \u00b1 0,2 > 0,05\n", "Protein to\u00e0n ph\u1ea7n (g/lit)\n", "Tr\u01b0\u1edbc TN 54,3 \u00b1 4,9 52,1 \u00b1 3,1 54,3 \u00b1 5,1 > 0,05\n", "Sau 14 ng\u00e0y 56,2 \u00b1 3,0 54,3 \u00b1 2,0 56,3 \u00b1 2,8 > 0,05\n", "Sau 28 ng\u00e0y 55,6 \u00b1 2,5 55,3 \u00b1 2,9 56,5 \u00b1 4,2 > 0,05\n", "Cholesterol (mmol/l)\n", "Tr\u01b0\u1edbc TN 2,0 \u00b1 0,5 1,8 \u00b1 0,4 2,2 \u00b1 0,5 > 0,05\n", "Sau 14 ng\u00e0y 2,6 \u00b1 0,5 2,6 \u00b1 0,8 2,7 \u00b1 0,5 > 0,05\n", "Sau 28 ng\u00e0y 1,6 \u00b1 0,6 2,1 \u00b1 1,0 1,8 \u00b1 0,7 > 0,05\n", "Urea (mmol/lit)\n", "Tr\u01b0\u1edbc TN 4,8 \u00b1 0,4 4,6 \u00b1 0,8 4,9 \u00b1 0,9 > 0,05\n", "Sau 14 ng\u00e0y 4,7 \u00b1 0,5 4,2 \u00b1 0,5 4,1 \u00b1 0,7 > 0,05\n", "Sau 28 ng\u00e0y 6,2 \u00b1 0,8 5,3 \u00b1 0,9 5,9 \u00b1 1,3 > 0,05\n", "Creatinin (\u03bcmol/lit)\n", "Tr\u01b0\u1edbc TN 82,8 \u00b1 6,2 82,5 \u00b1 8,0 85,7 \u00b1 10,5 > 0,05\n", "Sau 14 ng\u00e0y 101,5 \u00b1 11,1 92,9 \u00b1 12,6 100,8 \u00b1 16,6 > 0,05\n", "Sau 28 ng\u00e0y 96,9 \u00b1 11,6 91,3 \u00b1 11,9 101,8 \u00b1 14,3 > 0,05\n", "Ghi ch\u00fa: TN l\u00e0 th\u1eed nghi\u1ec7m.\n", "K\u1ebft qu\u1ea3 B\u1ea3ng 5 cho th\u1ea5y ch\u1ec9 s\u1ed1 sinh ho\u00e1 c\u1ee7a th\u1ecf tr\u01b0\u1edbc, gi\u1eefa v\u00e0 sau th\u00ed nghi\u1ec7m kh\u00f4ng c\u00f3 s\u1ef1 kh\u00e1c bi\u1ec7t gi\u1eefa nh\u00f3m ch\u1ee9ng v\u00e0 2 nh\u00f3m th\u1eed (p > 0,05 ).\n", "3.2.4.\n", "K\u1ebft qu\u1ea3 theo d\u00f5i ch\u1ec9 s\u1ed1 glusose trong huy\u1ebft t\u01b0\u01a1ng\n", "K\u1ebft qu\u1ea3 theo d\u00f5i ch\u1ec9 s\u1ed1 glucose trong huy\u1ebft t\u01b0\u01a1ng th\u1ecf c\u1ee7a c\u00e1c nh\u00f3m th\u1eed nghi\u1ec7m \u0111\u01b0\u1ee3c tr\u00ecnh b\u00e0y \u1edf B\u1ea3ng 6.\n", "B\u1ea3ng 6.\n", "K\u1ebft qu\u1ea3 theo d\u00f5i ch\u1ec9 s\u1ed1 glucose trong huy\u1ebft t\u01b0\u01a1ng c\u1ee7a th\u1ecf\n", "Nh\u00f3m (n = 7)\n", "Ch\u1ec9 s\u1ed1\n", "Ch\u1ee9ng\n", "Th\u1eed 1 (li\u1ec1u 186,5 mg/kg)\n", "Th\u1eed 2 (li\u1ec1u 560,0 mg/kg) pANOVA\n", "Glucose (mmol/lit)\n", "Tr\u01b0\u1edbc TN 7,8 \u00b1 1,0 7,2 \u00b1 1,0 7,6 \u00b1 0,7 > 0,05\n", "Sau 14 ng\u00e0y 6,9 \u00b1 0,4 6,5 \u00b1 0,6 7,1 \u00b1 0,3 > 0,05\n", "Sau 28 ng\u00e0y 7,1 \u00b1 1,0 6,6 \u00b1 1,5 7,5 \u00b1 0,8 > 0,05\n", "Ghi ch\u00fa: TN l\u00e0 th\u1eed nghi\u1ec7m.\n", "K\u1ebft qu\u1ea3 B\u1ea3ng 6 cho th\u1ea5y ch\u1ec9 s\u1ed1 glucose trong huy\u1ebft t\u01b0\u01a1ng tr\u01b0\u1edbc, gi\u1eefa v\u00e0 sau th\u00ed nghi\u1ec7m \u0111\u1ec1u kh\u00f4ng c\u00f3 s\u1ef1 kh\u00e1c bi\u1ec7t gi\u1eefa nh\u00f3m ch\u1ee9ng v\u00e0 2 nh\u00f3m th\u1eed (p > 0,05).\n", "B\u1ea3ng 7.\n", "H\u00ecnh \u1ea3nh vi th\u1ec3 gan v\u00e0 th\u1eadn (H\u00ecnh \u1ea3nh nhu\u1ed9m HE, \u0110\u1ed9 ph\u00f3ng \u0111\u1ea1i 400 l\u1ea7n)\n", "STT Nh\u00f3m H\u00ecnh \u1ea3nh m\u00f4 gan H\u00ecnh \u1ea3nh m\u00f4 th\u1eadn 1 Ch\u1ee9ng\n", "M\u00f4 gan b\u00ecnh th\u01b0\u1eddng, kh\u00f4ng th\u1ea5y t\u1ed5n th\u01b0\u01a1ng.\n", "M\u00f4 th\u1eadn b\u00ecnh th\u01b0\u1eddng, kh\u00f4ng th\u1ea5y t\u1ed5n th\u01b0\u01a1ng.\n", "Th\u1eed 1 (li\u1ec1u 186,5 mg/kg)\n", "M\u00f4 gan b\u00ecnh th\u01b0\u1eddng, kh\u00f4ng th\u1ea5y t\u1ed5n th\u01b0\u01a1ng.\n", "M\u00f4 th\u1eadn b\u00ecnh th\u01b0\u1eddng, kh\u00f4ng th\u1ea5y t\u1ed5n th\u01b0\u01a1ng.\n", "Th\u1eed 2 (li\u1ec1u 560,0 g/kg)\n", "M\u00f4 gan b\u00ecnh th\u01b0\u1eddng, kh\u00f4ng th\u1ea5y t\u1ed5n th\u01b0\u01a1ng.\n", "M\u00f4 th\u1eadn b\u00ecnh th\u01b0\u1eddng, kh\u00f4ng th\u1ea5y t\u1ed5n th\u01b0\u01a1ng.\n", "B\u1ea3ng 8.\n", "H\u00ecnh \u1ea3nh vi th\u1ec3 gan v\u00e0 th\u1eadn (H\u00ecnh \u1ea3nh nhu\u1ed9m PAS, \u0110\u1ed9 ph\u00f3ng \u0111\u1ea1i 400 l\u1ea7n)\n", "TT Nh\u00f3m H\u00ecnh \u1ea3nh m\u00f4 gan H\u00ecnh \u1ea3nh m\u00f4 th\u1eadn 1 Ch\u1ee9ng\n", "M\u00f4 gan b\u00ecnh th\u01b0\u1eddng, kh\u00f4ng th\u1ea5y t\u1ed5n th\u01b0\u01a1ng.\n", "M\u00f4 th\u1eadn b\u00ecnh th\u01b0\u1eddng, kh\u00f4ng th\u1ea5y t\u1ed5n th\u01b0\u01a1ng.\n", "Th\u1eed 1 (li\u1ec1u 186,5 mg/kg)\n", "M\u00f4 gan b\u00ecnh th\u01b0\u1eddng, kh\u00f4ng th\u1ea5y t\u1ed5n th\u01b0\u01a1ng.\n", "M\u00f4 th\u1eadn b\u00ecnh th\u01b0\u1eddng, kh\u00f4ng th\u1ea5y t\u1ed5n th\u01b0\u01a1ng.\n", "Th\u1eed 2 (li\u1ec1u 560,0 mg/kg)\n", "M\u00f4 gan b\u00ecnh th\u01b0\u1eddng, kh\u00f4ng th\u1ea5y t\u1ed5n th\u01b0\u01a1ng.\n", "M\u00f4 th\u1eadn b\u00ecnh th\u01b0\u1eddng, kh\u00f4ng th\u1ea5y t\u1ed5n th\u01b0\u01a1ng.\n", "3.2.5.\n", "K\u1ebft qu\u1ea3 quan s\u00e1t \u0111\u1ea1i th\u1ec3\n", "K\u1ebft qu\u1ea3 quan s\u00e1t \u0111\u1ea1i th\u1ec3 c\u00e1c c\u01a1 quan n\u1ed9i t\u1ea1ng c\u1ee7a t\u1ea5t c\u1ea3 c\u00e1c th\u1ecf th\u1eed nghi\u1ec7m cho th\u1ea5y: kh\u00f4ng c\u00f3 bi\u1ec3u hi\u1ec7n kh\u00e1c th\u01b0\u1eddng v\u1ec1 h\u00ecnh d\u1ea1ng b\u00ean ngo\u00e0i, m\u00e0u s\u1eafc c\u1ee7a c\u00e1c t\u1ed5 ch\u1ee9c tim, gan, th\u1eadn, ph\u1ed5i, d\u1ea1 d\u00e0y, ru\u1ed9t c\u1ee7a c\u00e1c th\u1ecf nh\u00f3m th\u1eed so v\u1edbi nh\u00f3m ch\u1ee9ng sau th\u00ed nghi\u1ec7m.\n", "3.2.6.\n", "K\u1ebft qu\u1ea3 quan s\u00e1t vi th\u1ec3\n", "K\u1ebft qu\u1ea3 quan s\u00e1t vi th\u1ec3 cho th\u1ea5y c\u00e1c th\u1ecf th\u1eed nghi\u1ec7m \u0111\u1ec1u c\u00f3 gan v\u00e0 th\u1eadn kh\u00f4ng b\u1ecb t\u1ed5n th\u01b0\u01a1ng, h\u00ecnh \u1ea3nh c\u1ea5u tr\u00fac trong gi\u1edbi h\u1ea1n b\u00ecnh th\u01b0\u1eddng.\n", "Kh\u00f4ng c\u00f3 c\u00e1c tri\u1ec7u ch\u1ee9ng b\u1ea5t th\u01b0\u1eddng li\u00ean quan \u0111\u1ebfn m\u1eabu th\u1eed.\n", "C\u1ee5 th\u1ec3: tr\u00ean c\u00e1c m\u1ea3nh c\u1eaft c\u1ee7a m\u00f4 gan cho th\u1ea5y c\u1ea5u tr\u00fac gan kh\u00f4ng b\u1ecb \u0111\u1ea3o l\u1ed9n, nh\u1eadn r\u00f5 c\u00e1c ti\u1ec3u thu\u1ef3 v\u1edbi t\u0129nh m\u1ea1ch trung t\u00e2m v\u00e0 c\u00e1c kho\u1ea3ng c\u1eeda.\n", "T\u1ea1i c\u00e1c kho\u1ea3ng c\u1eeda kh\u00f4ng th\u1ea5y t\u0103ng sinh x\u01a1, kh\u00f4ng th\u1ea5y t\u0103ng sinh \u1ed1ng m\u1eadt v\u00e0 c\u0169ng kh\u00f4ng th\u1ea5y x\u00e2m nh\u1eadp vi\u00eam.\n", "C\u00e1c t\u1ebf b\u00e0o gan c\u00f3 h\u00ecnh th\u00e1i b\u00ecnh th\u01b0\u1eddng, kh\u00f4ng th\u1ea5y ho\u1ea1i t\u1eed t\u1ebf b\u00e0o gan (B\u1ea3ng 7 v\u00e0 8).\n", "Tr\u00ean c\u00e1c m\u1ea3nh c\u1eaft t\u1eeb m\u00f4 th\u1eadn cho th\u1ea5y c\u00e1c c\u1ea7u th\u1eadn, \u1ed1ng th\u1eadn c\u00f3 h\u00ecnh th\u00e1i b\u00ecnh th\u01b0\u1eddng.\n", "Trong c\u00e1c c\u1ea7u th\u1eadn nh\u1eadn r\u00f5 khoang\n", "Bowman, kh\u00f4ng th\u1ea5y t\u0103ng sinh t\u1ebf b\u00e0o cu\u1ed9n mao m\u1ea1ch c\u1ea7u th\u1eadn, m\u00e0ng \u0111\u00e1y cu\u1ed9n mao m\u1ea1ch c\u1ea7u th\u1eadn kh\u00f4ng d\u1ea7y.\n", "C\u00e1c \u1ed1ng th\u1eadn c\u00f3 c\u1ea5u tr\u00fac, h\u00ecnh th\u00e1i trong gi\u1edbi h\u1ea1n b\u00ecnh th\u01b0\u1eddng, m\u00f4 \u0111\u1ec7m kh\u00f4ng th\u1ea5y x\u00e2m nh\u1eadp vi\u00eam, kh\u00f4ng x\u01a1 ho\u00e1.\n", "C\u00e1c t\u1ebf b\u00e0o \u1ed1ng th\u1eadn kh\u00f4ng l\u1eafng \u0111\u1ecdng glycogen, kh\u00f4ng tho\u00e1i ho\u00e1, kh\u00f4ng ho\u1ea1i t\u1eed (B\u1ea3ng 7 v\u00e0 8).\n"], "4": ["4.\n", "K\u1ebft lu\u1eadn\n", "K\u1ebft qu\u1ea3 thu \u0111\u01b0\u1ee3c trong nghi\u00ean c\u1ee9u n\u00e0y cho th\u1ea5y m\u1eabu th\u1eed vi\u00ean nang \u00cdch tr\u00ed Hadiphar c\u1ee7a\n", "C\u00f4ng ty C\u1ed5 ph\u1ea7n D\u01b0\u1ee3c H\u00e0 T\u0129nh c\u00f3 li\u1ec1u kh\u00f4ng g\u00e2y \u0111\u1ed9c t\u00ednh quan s\u00e1t \u0111\u01b0\u1ee3c l\u00e0 10 g m\u1eabu th\u1eed/kg chu\u1ed9t (20 vi\u00ean m\u1eabu th\u1eed/kg chu\u1ed9t), li\u1ec1u c\u00f3 bi\u1ec3u hi\u1ec7n \u0111\u1ed9c nh\u01b0ng kh\u00f4ng g\u00e2y ch\u1ebft \u0111\u1ed9ng v\u1eadt th\u00ed nghi\u1ec7m t\u1eeb 15,0-25,0 g m\u1eabu th\u1eed/kg chu\u1ed9t (30-50 vi\u00ean m\u1eabu th\u1eed/kg chu\u1ed9t); li\u1ec1u g\u00e2y ch\u1ebft 50 % \u0111\u1ed9ng v\u1eadt th\u00ed nghi\u1ec7m (LD50) l\u1edbn h\u01a1n 30,0 g m\u1eabu th\u1eed/kg chu\u1ed9t (60 vi\u00ean m\u1eabu th\u1eed/kg chu\u1ed9t).\n", "Bi\u1ec3u hi\u1ec7n \u0111\u1ed9c quan s\u00e1t \u0111\u01b0\u1ee3c l\u00e0 chu\u1ed9t v\u00e3 m\u1ed3 h\u00f4i to\u00e0n th\u00e2n, gi\u1ea3m ho\u1ea1t \u0111\u1ed9ng, n\u1eb1m m\u1ec7t v\u00e0 ch\u1ebft 20 % \u1edf m\u1ee9c li\u1ec1u t\u1ed1i \u0111a c\u00f3 th\u1ec3 cho u\u1ed1ng (30,0 g m\u1eabu th\u1eed/kg).\n", "Theo ph\u00e2n lo\u1ea1i \u0111\u1ed9c t\u00ednh c\u1ee7a GHS [6], m\u1eabu th\u1eed vi\u00ean nang \u00cdch tr\u00ed Hadiphar c\u00f3 \u0111\u1ed9c t\u00ednh th\u1ea5p d\u01b0\u1edbi ng\u01b0\u1ee1ng ph\u00e2n lo\u1ea1i.\n", "Khi cho th\u1ecf u\u1ed1ng m\u1eabu th\u1eed v\u1edbi 2 m\u1ee9c li\u1ec1u l\u00e0 186,5 mg m\u1eabu th\u1eed/kg th\u1ecf/ng\u00e0y (t\u01b0\u01a1ng \u1ee9ng v\u1edbi m\u1ee9c li\u1ec1u t\u1ed1i \u0111a d\u00f9ng cho ng\u01b0\u1eddi l\u00e0 6 vi\u00ean/ng\u01b0\u1eddi/ng\u00e0y) v\u00e0 m\u1ee9c li\u1ec1u 560,0 mg m\u1eabu th\u1eed/kg th\u1ecf/ng\u00e0y (cao g\u1ea5p 3 l\u1ea7n so v\u1edbi li\u1ec1u t\u1ed1i \u0111a d\u00f9ng cho ng\u01b0\u1eddi), trong 28 ng\u00e0y kh\u00f4ng nh\u1eadn th\u1ea5y c\u00f3 \u1ea3nh h\u01b0\u1edfng c\u00f3 \u00fd ngh\u0129a \u0111\u1ebfn th\u1ec3 tr\u1ea1ng, c\u00e1c ch\u1ec9 s\u1ed1 sinh ho\u00e1, c\u00e1c ch\u1ec9 s\u1ed1 huy\u1ebft h\u1ecdc, c\u1ea5u tr\u00fac \u0111\u1ea1i th\u1ec3 c\u00e1c c\u01a1 quan n\u1ed9i t\u1ea1ng (tim, gan, th\u1eadn, ph\u1ed5i v\u00e0 h\u1ec7 ti\u00eau ho\u00e1) v\u00e0 vi th\u1ec3 gan, th\u1eadn c\u1ee7a th\u1ecf.\n", "C\u00e1c k\u1ebft qu\u1ea3 th\u1ef1c nghi\u1ec7m ban \u0111\u1ea7u cho th\u1ea5y vi\u00ean nang \u00cdch tr\u00ed Hadiphar c\u00f3 \u0111\u1ed9c t\u00ednh c\u1ea5p th\u1ea5p tr\u00ean chu\u1ed9t nh\u1eaft tr\u1eafng v\u00e0 kh\u00f4ng \u1ea3nh h\u01b0\u1edfng c\u00f3 h\u1ea1i v\u1edbi th\u1ecf khi d\u00f9ng thu\u1ed1c li\u00ean t\u1ee5c trong 28 ng\u00e0y.\n", "T\u00e0i li\u1ec7u tham [1] D.\n", "T.\n", "Dam, Methods for Determining Acute\n", "Toxicity of Drugs, Medical Publishing House,\n", "Hanoi, 2014 (in Vietnamese).\n", "[2] Guidelines for Preclinical Testing of Oriental\n", "Medicine and Herbal Medicine (Promulgated\n", "Together with Decision No.\n", "141/QD-K2DT Dated\n", "October 27, 2015 of the Ministry of Health) (in Vietnamese).\n", "[3] B.\n", "Behrens, G.\n", "Kaber, Mathematics for Naturalists and Agriculturalists, PWN Publishing House,\n", "Warszawa, 1983, pp 218.\n", "[4] Organization for Economic Cooperation and\n", "Development (OECD), OECD Guidelines for\n", "Testing of Chemicals, Repeated Dose 28 - Days\n", "Oral Toxicity study in Rodents, OECD 407, Paris, 2008.\n", "[5] V.\n", "Sharma, J.\n", "H.\n", "McNeill, To scale or not to scale:\n", "The principles of dose extrapolation, British pp.\n", "907-921, [6] Globally Harmonized System of Classification and\n", "Labelling of Chemicals (GHS), GHS 9th Edition,\n", "United Nations, 2021."]}, "Word count": 3768}