{"title": "Original Article\n", "content": {"0": ["T\u00f3m t\u1eaft: M\u1ee5c ti\u00eau nghi\u00ean c\u1ee9u: m\u00f4 t\u1ea3 \u0111\u1eb7c \u0111i\u1ec3m l\u00e2m s\u00e0ng, c\u1eadn l\u00e2m s\u00e0ng v\u00e0 x\u00e1c \u0111\u1ecbnh c\u0103n nguy\u00ean vi khu\u1ea9n g\u00e2y vi\u00eam ph\u1ed5i \u1edf tr\u1ebb em t\u1ea1i Khoa Nhi, B\u1ec7nh vi\u1ec7n B\u1ea1ch Mai.\n", "\u0110\u1ed1i t\u01b0\u1ee3ng nghi\u00ean c\u1ee9u: 195 tr\u1ebb \u0111\u01b0\u1ee3c ch\u1ea9n \u0111o\u00e1n v\u00e0 \u0111i\u1ec1u tr\u1ecb vi\u00eam ph\u1ed5i t\u1ea1i Khoa Nhi, B\u1ec7nh vi\u1ec7n B\u1ea1ch Mai t\u1eeb th\u00e1ng 1 \u0111\u1ebfn th\u00e1ng 6 n\u0103m 2019.\n", "Ph\u01b0\u01a1ng ph\u00e1p nghi\u00ean c\u1ee9u: S\u1eed d\u1ee5ng ph\u01b0\u01a1ng ph\u00e1p m\u00f4 t\u1ea3 ti\u1ebfn c\u1ee9u.\n", "K\u1ebft qu\u1ea3: tu\u1ed5i hay g\u1eb7p l\u00e0 nh\u00f3m tr\u1ebb d\u01b0\u1edbi 5 tu\u1ed5i chi\u1ebfm 93,3%.\n", "T\u1ef7 l\u1ec7 tr\u1ebb trai l\u00e0 58,5%, cao h\u01a1n tr\u1ebb gi\u00e1i 41,5% s\u1ef1 kh\u00e1c bi\u1ec7t c\u00f3 \u00fd ngh\u0129a th\u1ed1ng k\u00ea v\u1edbi p<0,05.\n", "\u0110\u1eb7c \u0111i\u1ec3m l\u00e2m s\u00e0ng n\u1ed5i b\u1eadt nh\u1ea5t c\u1ee7a tr\u1ebb khi m\u1eafc vi\u00eam ph\u1ed5i l\u00e0 th\u1edf nhanh v\u00e0 ho v\u1edbi t\u1ef7 l\u1ec7 t\u01b0\u01a1ng \u1ee9ng l\u00e0 99,0% v\u00e0 97,4%).\n", "Tri\u1ec7u ch\u1ee9ng th\u1ef1c th\u1ec3 c\u0169ng g\u1eb7p v\u1edbi t\u1ef7 l\u1ec7 kh\u00e1 cao nh\u01b0 rale \u1ea9m g\u1eb7p 81,6%, suy h\u00f4 h\u1ea5p 80,5%.\n", "C\u1eadn l\u00e2m s\u00e0ng t\u0103ng b\u1ea1ch c\u1ea7u g\u1eb7p 55,9%, CPR t\u0103ng chi\u1ebfm t\u1ef7 l\u1ec7 54,9.\n", "Nu\u00f4i c\u1ea5y d\u1ecbch t\u1ef5 h\u1ea7u x\u00e1c \u0111\u1ecbnh \u0111\u01b0\u1ee3c 90 tr\u01b0\u1eddng h\u1ee3p d\u01b0ng t\u00ednh, trong \u0111\u00f3 ba c\u0103n nguy\u00ean hay g\u1eb7p nh\u1ea5t l\u00e0 H.influenza, S.pneumoniae, M,catrrhalis v\u1edbi t\u1ef7 l\u1ec7 t\u01b0\u01a1ng \u1ee9ng l\u00e0 48,7%, 27,8%, 18,3%.\n", "H\u1ea7u h\u1ebft vi khu\u1ea9n g\u00e2y b\u1ec7nh nh\u1ea1y c\u1ea3m v\u1edbi c\u00e1c kh\u00e1ng sinh \u0111ang \u0111i\u1ec1u tr\u1ecb l\u00e0 Amoxicillin/acid clavunamic, cefotaxim, ceftriason, K\u1ebft lu\u1eadn: bi\u1ec3u hi\u1ec7n l\u00e2m s\u00e0ng, c\u1eadn l\u00e2m s\u00e0ng c\u1ee7a vi\u00eam ph\u1ed5i \u1edf tr\u1ebb em kh\u00e1 \u0111a d\u1ea1ng, c\u0103n nguy\u00ean vi khu\u1ea9n hay g\u1eb7p v\u00e0 kh\u00f4ng c\u00f3 nhi\u1ec1u kh\u00e1c bi\u1ec7t, h\u1ea7u h\u1ebft vi khu\u1ea9n g\u00e2y b\u1ec7nh v\u1eabn nh\u1ea1y c\u1ea3m v\u1edbi c\u00e1c kh\u00e1ng sinh \u0111ang \u0111\u01b0\u1ee3c \u0111i\u1ec1u tr\u1ecb cho tr\u1ebb em.\n", "T\u1eeb kho\u00e1: Pneumonie, Steptococcus pneumoniae, Hemophilus influenzae, kh\u00e1ng kh\u00e1ng sinh.\n"], "1": ["1.\n", "M\u1edf \u0111\u1ea7u\n", "Vi\u00eam ph\u1ed5i l\u00e0 m\u1ed9t trong nh\u1eefng nguy\u00ean nh\u00e2n g\u00e2y t\u1eed vong h\u00e0ng \u0111\u1ea7u \u1edf tr\u1ebb em, chi\u1ebfm kho\u1ea3ng 15%-18% t\u1ef7 l\u1ec7 t\u1eed vong \u1edf tr\u1ebb em d\u01b0\u1edbi 5 tu\u1ed5i tu\u1ef3 theo t\u1eebng khu v\u1ef1c tr\u00ean th\u1ebf gi\u1edbi.\n", "\u01af\u1edbc t\u00ednh c\u00f3 kho\u1ea3ng 120 tri\u1ec7u tr\u1ebb b\u1ecb vi\u00eam ph\u1ed5i tr\u00ean th\u1ebf gi\u1edbi, g\u00e2y ra c\u00e1i ch\u1ebft cho 1,3 tri\u1ec7u tr\u1ebb em [1].\n", "Theo Yan v\u00e0 c\u1ed9ng s\u1ef1 (2018) nghi\u00ean c\u1ee9u trong 15 n\u0103m (t\u1eeb 2000 \u0111\u1ebfn 2015) tr\u00ean 75 qu\u1ed1c gia v\u00e0 v\u00f9ng l\u00e3nh th\u1ed5 tr\u00ean th\u1ebf gi\u1edbi th\u1ea5y c\u00f3 kho\u1ea3ng 6,7 tri\u1ec7u tr\u1ebb (chi\u1ebfm 23%) t\u1eed vong do vi\u00eam ph\u1ed5i, m\u1ed9t s\u1ed1 qu\u1ed1c gia vi\u00eam ph\u1ed5i l\u00e0 c\u0103n nguy\u00ean h\u00e0ng \u0111\u1ea7u g\u00e2y t\u1eed vong \u1edf tr\u1ebb d\u01b0\u1edbi 5 tu\u1ed5i \u0111\u1eb7c bi\u1ec7t l\u00e0 c\u00e1c n\u01b0\u1edbc \u0111ang ph\u00e1t tri\u1ec3n [2].\n", "Vi\u1ec7t Nam thu\u1ed9c nh\u00f3m 15 qu\u1ed1c gia _* T\u00e1c gi\u1ea3 li\u00ean h\u1ec7.\n", "c\u00f3 g\u00e1nh n\u1eb7ng b\u1ec7nh t\u1eadt vi\u00eam ph\u1ed5i cao nh\u1ea5t, \u01b0\u1edbc t\u00ednh 2,9 tri\u1ec7u tr\u01b0\u1eddng h\u1ee3p v\u00e0 0,35 \u0111\u1ee3t vi\u00eam ph\u1ed5i/tr\u1ebb d\u01b0\u1edbi 5 tu\u1ed5i/n\u0103m [3].\n", "M\u1eb7c d\u00f9 \u0111\u1ea1t \u0111\u01b0\u1ee3c nhi\u1ec1u ti\u1ebfn b\u1ed9 trong ch\u1ea9n \u0111o\u00e1n v\u00e0 \u0111i\u1ec1u tr\u1ecb trong th\u1eddi gian g\u1ea7n \u0111\u00e2y, nh\u01b0ng g\u00e1nh n\u1eb7ng b\u1ec7nh t\u1eadt do vi\u00eam ph\u1ed5i Vi\u1ec7t Nam v\u1eabn c\u00f2n cao g\u1ea5p 10 l\u1ea7n c\u00e1c n\u01b0\u1edbc ph\u00e1t tri\u1ec3n trong c\u00f9ng khu v\u1ef1c nh\u01b0 Nh\u1eadt\n", "B\u1ea3n, Singapol.\n", "Nhi\u1ec5m tr\u00f9ng h\u00f4 h\u1ea5p c\u1ea5p chi\u1ebfm 11% t\u1eed vong d\u01b0\u1edbi 5 tu\u1ed5i t\u1ea1i Vi\u1ec7t Nam, trong khi \u0111\u00f3 t\u1eed vong do b\u1ec7nh suy gi\u1ea3m mi\u1ec5n d\u1ecbch m\u1eafc ph\u1ea3i (HIV) v\u00e0 s\u1ed1t r\u00e9t c\u1ed9ng l\u1ea1i ch\u1ec9 d\u01b0\u1edbi 2% [4].\n", "T\u1ea1i c\u00e1c n\u01b0\u1edbc \u0111ang ph\u00e1t tri\u1ec3n, trong \u0111\u00f3 c\u00f3 Vi\u1ec7t Nam, vi khu\u1ea9n l\u00e0 c\u0103n nguy\u00ean g\u00e2y b\u1ec7nh ph\u1ed5 bi\u1ebfn nh\u1ea5t, trong \u0111\u00f3 Streptococcus pneumoniae (57,6%) v\u00e0\n", "Haemophilus influenza (20,4%) [5].\n", "G\u1ea7n \u0111\u00e2y c\u0103n nguy\u00ean vi\u00eam ph\u1ed5i \u1edf tr\u1ebb em c\u00f3 s\u1ef1 thay \u0111\u1ed5i, \u0111\u1eb7c bi\u1ec7t s\u1ef1 \u0111\u1ec1 kh\u00e1ng kh\u00e1ng sinh c\u1ee7a vi khu\u1ea9n n\u00ean ch\u00fang t\u00f4i th\u1ef1c hi\u1ec7n \u0111\u1ec1 t\u00e0i n\u00e0y nh\u1eb1m 2 m\u1ee5c ti\u00eau: i) M\u00f4 t\u1ea3 c\u00e1c \u0111\u1eb7c \u0111i\u1ec3m l\u00e2m s\u00e0ng v\u00e0 c\u1eadn l\u00e2m s\u00e0ng c\u1ee7a vi\u00eam ph\u1ed5i \u1edf tr\u1ebb em t\u1ea1i Khoa Nhi, B\u1ec7nh vi\u1ec7n\n", "B\u1ea1ch Mai; ii) T\u00ecm hi\u1ec3u c\u0103n nguy\u00ean vi khu\u1ea9n g\u00e2y vi\u00eam ph\u1ed5i \u1edf tr\u1ebb em.\n"], "2": ["2.\n", "\u0110\u1ed1i t\u01b0\u1ee3ng ph\u01b0\u01a1ng ph\u00e1p nghi\u00ean c\u1ee9u 2.1.\n", "\u0110\u1ed1i t\u01b0\u1ee3ng\n", "Tr\u1ebb t\u1eeb 1 th\u00e1ng \u0111\u1ebfn 16 tu\u1ed5i \u0111\u01b0\u1ee3c ch\u1ea9n \u0111o\u00e1n vi\u00eam ph\u1ed5i theo ti\u00eau chu\u1ea9n c\u1ee7a T\u1ed5 ch\u1ee9c y t\u1ebf th\u1ebf gi\u1edbi (WHO: World Health Organization) [5] \u0111i\u1ec1u tr\u1ecb t\u1ea1i th\u00e1ng 1 n\u0103m 2019 \u0111\u1ebfn th\u00e1ng 6 n\u0103m 2019.\n", "2.2.\n", "Ph\u01b0\u01a1ng ph\u00e1p nghi\u00ean c\u1ee9u\n", "Nghi\u00ean c\u1ee9u theo ph\u01b0\u01a1ng ph\u00e1p m\u00f4 t\u1ea3 c\u1eaft ngang.\n", "2.3.\n", "C\u00e1ch th\u1ee9c nghi\u00ean c\u1ee9u v\u00e0 c\u00e1c ch\u1ec9 s\u1ed1 nghi\u00ean c\u1ee9u\n", "L\u1ea5y to\u00e0n b\u1ed9 b\u1ec7nh nh\u00e2n trong v\u00f2ng 06 th\u00e1ng \u0111\u1ee7 ti\u00eau chu\u1ea9n v\u00e0 \u0111\u1ed3ng \u00fd tham gia nghi\u00ean c\u1ee9u.\n", "B\u1ec7nh nh\u00e2n \u0111\u01b0\u1ee3c thu th\u1eadp c\u00e1c c\u00e1c th\u00f4ng tin v\u1ec1 tu\u1ed5i, gi\u1edbi, c\u00e1c v\u1ea5n \u0111\u1ec1 ti\u1ec1n s\u1eed s\u1ea3n khoa, y t\u1ebf, th\u1eddi gian kh\u1edfi ph\u00e1t b\u1ec7nh, c\u00e1c bi\u1ec3u hi\u1ec7n l\u00fac kh\u1edfi ph\u00e1t.\n", "S\u1ed1t \u0111\u01b0\u1ee3c x\u00e1c \u0111\u1ecbnh khi nhi\u1ec7t \u0111\u1ed9 \u0111o \u1edf n\u00e1ch b\u1eb1ng nhi\u1ec7t k\u1ebf thu\u1ef7 ng\u00e2n >37,5 \u0111\u1ed9 C, th\u1edf nhanh khi nh\u1ecbp th\u1edf t\u0103ng h\u01a1n so v\u1edbi tu\u1ed5i (tr\u1ebb < 2 th\u00e1ng nh\u1ecbp th\u1edf >60 l\u1ea7n/ ph\u00fat; tr\u1ebb 2-12 th\u00e1ng th\u1edf >50 l\u1ea7n/ ph\u00fat, 12 th\u00e1ng \u0111\u1ebfn 5 tu\u1ed5i nh\u1ecbp th\u1edf > 40 l\u1ea7n/ ph\u00fat; tr\u1ebb > 5 tu\u1ed5i nh\u1ecbp th\u1edf > 30 l\u1ea7n/ ph\u00fat).\n", "Kh\u00f2 kh\u00e8 l\u00e0 \u00e2m thanh nghe \u0111\u01b0\u1ee3c b\u1eb1ng tai ph\u00e1t ra khi tr\u1ebb th\u1edf, ti\u1ebfng rale \u0111\u01b0\u1ee3c x\u00e1c \u0111\u1ecbnh khi nghe b\u1eb1ng tai nghe, suy h\u00f4 h\u1ea5p \u0111\u1ed9 I khi tr\u1ebb ch\u1ec9 c\u00f3 kh\u00f3 th\u1edf, t\u00edm khi g\u1eafng s\u1ee9c, \u0111\u1ed9 II khi tr\u1ebb c\u00f3 t\u00edm m\u00f4i \u0111\u1ea7u chi, \u0111\u1ed9 III khi tr\u1ebb t\u00edm to\u00e0n th\u00e2n [4,5].\n", "B\u1ec7nh nh\u00e2n \u0111\u01b0\u1ee3c l\u1ea5y m\u1eabu m\u00e1u l\u00e0m c\u00e1c x\u00e9t nghi\u1ec7m sinh ho\u00e1 (CRP,\n", "GOT, GPT, ur\u00ea, creatinin), huy\u1ebft h\u1ecdc (c\u00f4ng th\u1ee9c m\u00e1u) t\u1ea1i th\u1eddi \u0111i\u1ec3m nh\u1eadp vi\u1ec7n.\n", "K\u1ebft qu\u1ea3 \u0111\u01b0\u1ee3c so s\u00e1nh v\u1edbi b\u1ea3ng gi\u00e1 tr\u1ecb h\u1eb1ng s\u1ed1 sinh h\u1ecdc tr\u1ebb em Vi\u1ec7t\n", "Nam theo tu\u1ed5i [6], ph\u00e2n lo\u1ea1i thi\u1ebfu m\u00e1u theo ti\u00eau chu\u1ea9n c\u1ee7a WHO [7].\n", "X\u00e9t nghi\u1ec7m vi sinh d\u1ecbch t\u1ef5 h\u1ea7u \u0111\u1ec3 nu\u00f4i c\u1ea5y \u0111\u1ecbnh vi khu\u1ea9n, ch\u1ee5p Xquang tim ph\u1ed5i.\n", "C\u00e1c x\u00e9t nghi\u1ec7m c\u1eadn l\u00e2m s\u00e0ng \u0111\u01b0\u1ee3c th\u1ef1c hi\u1ec7n t\u1ea1i c\u00e1c ph\u00f2ng x\u00e9t nghi\u1ec7m sinh ho\u00e1, huy\u1ebft h\u1ecdc, vi sinh c\u1ee7a B\u1ec7nh vi\u1ec7n B\u1ea1ch Mai.\n", "D\u1ecbch t\u1ef5 h\u1ea7u \u0111\u01b0\u1ee3c l\u1ea5y ngay t\u1ea1i th\u1eddi \u0111i\u1ec3m nh\u1eadp vi\u1ec7n tr\u01b0\u1edbc khi d\u00f9ng kh\u00e1ng sinh.\n", "C\u00e1ch l\u1ea5y d\u1ecbch t\u1ef5 h\u1ea7u: d\u00f9ng \u1ed1ng sonde plastic v\u00f4 khu\u1ea9n \u0111\u01b0a qua \u0111\u01b0\u1eddng m\u0169i \u0111\u1ed9 s\u00e2u b\u1eb1ng chi\u1ec1u d\u00e0i \u0111o t\u1eeb \u0111\u1ec9nh m\u0169i \u0111\u1ebfn \u1ed1ng tai ngo\u00e0i.\n", "K\u1ef9 thu\u1eadt l\u1ea5y d\u1ecbch t\u1ef5 h\u1ea7u do \u0111i\u1ec1u d\u01b0\u1ee1ng chuy\u00ean khoa nhi th\u1ef1c hi\u1ec7n.\n", "2.4.\n", "X\u1eed l\u00fd s\u1ed1 li\u1ec7u\n", "B\u1ec7nh nh\u00e2n \u0111\u01b0\u1ee3c thu th\u1eadp th\u00f4ng tin b\u1eb1ng m\u1ed9t b\u1ec7nh \u00e1n nghi\u00ean c\u1ee9u ri\u00eang, th\u1ed1ng nh\u1ea5t, c\u00e1c s\u1ed1 li\u1ec7u \u0111\u01b0\u1ee3c nh\u1eadp v\u00e0o ph\u1ea7n m\u1ec1m th\u1ed1ng k\u00ea y h\u1ecdc SPSS.\n", "20.0 v\u00e0 x\u1eed l\u00fd b\u1eb1ng c\u00e1c test th\u1ed1ng k\u00ea y h\u1ecdc.\n"], "3": ["3.\n", "K\u1ebft qu\u1ea3 nghi\u00ean c\u1ee9u 3.1.\n", "\u0110\u1eb7c \u0111i\u1ec3m l\u00e2m s\u00e0ng, c\u1eadn l\u00e2m s\u00e0ng c\u1ee7a \u0111\u1ed1i t\u01b0\u1ee3ng nghi\u00ean c\u1ee9u\n", "H\u00ecnh 1.\n", "Bi\u1ec3u \u0111\u1ed3 ph\u00e2n b\u1ed1 tr\u1ebb b\u1ecb vi\u00eam ph\u1ed5i theo gi\u1edbi.\n", "Nh\u1eadn x\u00e9t: trong t\u1ed5ng s\u1ed1 195 tr\u1ebb m\u1eafc vi\u00eam ph\u1ed5i c\u00f3 114 tr\u1ebb trai (chi\u1ebfm 58.5%) v\u00e0 81 (41.5%) tr\u1ebb g\u00e1i.\n", "T\u1ef7 l\u1ec7 m\u1eafc vi\u00eam ph\u1ed5i \u1edf tr\u1ebb trai cao h\u01a1n tr\u1ebb g\u00e1i v\u1edbi p<0,05.\n", "Tr\u1ebb trai\n", "Tr\u1ebb g\u00e1i 41,5% 58,5% p<0,05\n", "H\u00ecnh 2.\n", "Bi\u1ec3u \u0111\u1ed3 ph\u00e2n b\u1ed1 tr\u1ebb m\u1eafc vi\u00eam ph\u1ed5i theo nh\u00f3m tu\u1ed5i.\n", "Nh\u1eadn x\u00e9t: trong s\u1ed1 195 tr\u1ebb b\u1ecb vi\u00eam ph\u1ed5i nh\u00f3m tr\u1ebb d\u01b0\u1edbi 1 tu\u1ed5i chi\u1ebfm t\u1ef7 l\u1ec7 cao nh\u1ea5t (48,2%), ti\u1ebfp \u0111\u1ebfn nh\u00f3m t\u1eeb 1 tu\u1ed5i \u0111\u1ebfn 5 tu\u1ed5i chi\u1ebfm 45,1%, nh\u00f3m tr\u00ean 5 tu\u1ed5i ch\u1ec9 g\u1eb7p 6,7%.\n", "B\u1ea3ng 1.\n", "Ph\u00e2n b\u1ed1 c\u00e1c tri\u1ec7u ch\u1ee9ng c\u01a1 n\u0103ng khi tr\u1ebb nh\u1eadp vi\u1ec7n\n", "Tri\u1ec7u ch\u1ee9ng S\u1ed1 l\u01b0\u1ee3ng N (n=195)\n", "T\u1ef7 l\u1ec7 %\n", "Ho 190 97,4%\n", "S\u1ed1t 139 71,3\n", "Kh\u00f2 kh\u00e8 86 44,1\n", "Vi\u00eam long \u0111\u01b0\u1eddng h\u00f4 h\u1ea5p 75 38,5\n", "C\u00e1c r\u1ed1i lo\u1ea1n ti\u00eau ho\u00e1 38 19,5\n", "\u0110au ng\u1ef1c 3 0,84\n", "Nh\u1eadn x\u00e9t: tri\u1ec7u ch\u1ee9ng l\u00e2m s\u00e0ng th\u01b0\u1eddng g\u1eb7p nh\u1ea5t l\u00e0 ho (97,4%), s\u1ed1t g\u1eb7p 71,3%, ngo\u00e0i ra c\u00f3 19,5% tr\u1ebb vi\u00eam ph\u1ed5i c\u00f3 bi\u1ec3u hi\u1ec7n r\u1ed1i lo\u1ea1n ti\u00eau ho\u00e1, \u0111au ng\u1ef1c ch\u1ec9 g\u1eb7p 0,84%.\n", "B\u1ea3ng 2.\n", "Tri\u1ec7u ch\u1ee9ng th\u1ef1c th\u1ec3 khi tr\u1ebb nh\u1eadp vi\u1ec7n\n", "Tri\u1ec7u ch\u1ee9ng S\u1ed1 l\u01b0\u1ee3ng N (n=195) T\u1ef7 l\u1ec7 %\n", "Th\u1edf nhanh 193 99,0%\n", "Rale \u1ea9m 159 81,6\n", "Rale r\u00edt 34 20,0\n", "Rale ng\u00e1y 12 6,2\n", "Rale n\u1ed5 1 0,5\n", "Suy h\u00f4 h\u1ea5p 157 80,5\n", "Nh\u1eadn x\u00e9t: tri\u1ec7u ch\u1ee9ng th\u1ef1c th\u1ec3 th\u01b0\u1eddng g\u1eb7p nh\u1ea5t c\u1ee7a tr\u1ebb b\u1ecb vi\u00eam ph\u1ed5i l\u00e0 th\u1edf nhanh (98,5%) ti\u1ebfp theo l\u00e0 rale \u1ea9m g\u1eb7p 81,6%, ngo\u00e0i ra c\u00f3 80,5% tr\u1ebb vi\u00eam ph\u1ed5i c\u00f3 bi\u1ec3u hi\u1ec7n suy h\u00f4 h\u1ea5p.\n", "<1 tu\u1ed5i 1-5 tu\u1ed5i > 5 tu\u1ed5i\n", "S\u1ed1 tr\u1ebb m\u1eafc\n", "Nh\u00f3m tu\u1ed5i 94 (48,2%) 88 (45,1%) 13 (6,7%)\n", "B\u1ea3ng 3.\n", "K\u1ebft qu\u1ea3 sinh ho\u00e1, huy\u1ebft h\u1ecdc c\u1ee7a tr\u1ebb b\u1ecb vi\u00eam ph\u1ed5i l\u00fac nh\u1eadp vi\u1ec7n\n", "K\u1ebft qu\u1ea3\n", "Ch\u1ec9 s\u1ed1\n", "S\u1ed1 l\u01b0\u1ee3ng\n", "N (n=195)\n", "T\u1ef7 l\u1ec7 % Gi\u00e1 tr\u1ecb (M\u00b1SD, kho\u1ea3ng)\n", "B\u1ea1ch c\u1ea7u T\u0103ng 109 55,9 11,5\u00b15,4 [3G/l - 43 G/l] Gi\u1ea3m 1 0,5\n", "B\u00ecnh th\u01b0\u1eddng 85 43,6\n", "CRP T\u0103ng 107 54,9 4,7\u00b12,3 mmg/dl [0,7-35] Kh\u00f4ng t\u0103ng 88 45,1\n", "Huy\u1ebft s\u1eafc t\u1ed1 Thi\u1ebfu m\u00e1u 49 25,1 115,7\u00b115,6 g/l [27-153]\n", "Kh\u00f4ng thi\u1ebfu 146 74,9\n", "Men gan GOT T\u0103ng 16 8,2 48,5\u00b137,8U/l [13-680] Kh\u00f4ng t\u0103ng 179 91,8\n", "Men gan GPT T\u0103ng 2 1,0 28,0U/l [4-594] Kh\u00f4ng t\u0103ng 193 99,0\n", "Nh\u1eadn x\u00e9t: t\u0103ng b\u1ea1ch c\u1ea7u g\u1eb7p 55,9% c\u00e1c tr\u01b0\u1eddng h\u1ee3p, \u0111\u1eb7c bi\u1ec7t c\u00f3 25,1%, tr\u1ebb vi\u00eam ph\u1ed5i b\u1ecb thi\u1ebfu m\u00e1u,\n", "CRP t\u0103ng g\u1eb7p 54,9%, t\u0103ng men gian g\u1eb7p v\u1edbi t\u1ef7 l\u1ec7 th\u1ea5p, ch\u1ee7 y\u1ebfu t\u0103ng GOT (8,2%).\n", "3.2.\n", "\u0110\u1eb7c \u0111i\u1ec3m c\u0103n nguy\u00ean g\u00e2y vi\u00eam ph\u1ed5i 100% tr\u1ebb vi\u00eam ph\u1ed5i \u0111\u01b0\u1ee3c nu\u00f4i c\u1ea5y dich t\u1ef5 h\u1ea7u t\u00ecm vi khu\u1ea9n, k\u1ebft qu\u1ea3 nu\u00f4i c\u1ea5y th\u1ea5y c\u00f3 90 tr\u01b0\u1eddng h\u1ee3p (chi\u1ebfm 46,2%) cho k\u1ebft qu\u1ea3 d\u01b0\u01a1ng t\u00ednh.\n", "B\u1ea3ng 4.\n", "K\u1ebft qu\u1ea3 nu\u00f4i c\u1ea5y \u0111\u1ecbnh danh vi khu\u1ea9n\n", "T\u00ean vi khu\u1ea9n S\u1ed1 l\u01b0\u1ee3ng N T\u1ef7 l\u1ec7 %/90 T\u1ef7 l\u1ec7%/195\n", "H.influenzae 43 47,8 22,5\n", "S.pneumoniae 25 27,8 11,3\n", "M.catarrhalis 17 18,9 8,7\n", "S.areus 3 3,3 1,5\n", "E.coli 1 1,1 0,5\n", "K.pneumoniae 1 1,1 0,5\n", "Nh\u1eadn x\u00e9t: trong t\u1ed5ng s\u1ed1 90 m\u1eabu vi khu\u1ea9n nu\u00f4i c\u1ea5y d\u01b0\u01a1ng t\u00ednh, vi khu\u1ea9n H.inluenza chi\u1ebfm t\u1ef7 l\u1ec7 cao nh\u1ea5t (47,8%) ti\u1ebfp sau \u0111\u00f3 l\u00e0 S.pneumoniae (27,8%) v\u00e0 M.catarrhalis (18,9%), t\u1ef7 l\u1ec7 c\u0103n nguy\u00ean E.coli v\u00e0\n", "K.pneumoniae th\u1ea5p h\u01a1n (ch\u1ec9 c\u00f3 1,1%).\n", "B\u1ea3ng 5.\n", "T\u1ef7 l\u1ec7 nh\u1ea1y c\u1ea3m kh\u00e1ng sinh c\u1ee7a c\u1ee7a b\u1ed1n lo\u1ea1i vi khu\u1ea9n\n", "H.influenzae (n=43)\n", "S.pneumoniae (n=25)\n", "M.catarrhalis (n=17)\n", "S.areus (n=3)\n", "Nh\u1ea1y (N,%)\n", "Kh\u00e1ng (N,%)\n", "Nh\u1ea1y (N,%)\n", "Kh\u00e1ng (N,%)\n", "Nh\u1ea1y (N,%)\n", "Kh\u00e1ng (N,%)\n", "Nh\u1ea1y (N,%)\n", "Kh\u00e1ng (N,%)\n", "Penicilin G - - 18 72% 28% 88,2% 11,8% - -\n", "Vancomycin - - - - - - 2 66,7% 33,3%\n", "Augmentin 27 63% 16 27% 20 80% 20% 100% 0% - --\n", "Cefotaxime 42 97,7% 2,3% 80% 20% 94,1% 5,9% - -\n", "Ceftriaxone 43 100% 0 (0%) 25 100% 0% 100% 0% - -\n", "Cefuroxime 20 46,5% 53,5% 84% 16% 82,3% 17,7% - -\n", "Clindamycin - - 5 20% 80% - - 1 33,3% 66,7%\n", "Moxifloxacin 43 100% 0 (0%) 19 76% 24% - - - -\n", "Levofloxacin 40 93,1% 6,9% 88% 12% 100% 0% - --\n", "Nh\u1eadn x\u00e9t: c\u00e1c vi khu\u1ea9n (H.influenza, S.pneumoniae, M.catarrhalis) c\u00f2n nh\u1ea1y c\u1ea3m t\u1ed1t v\u1edbi kh\u00e1ng sinh nh\u00f3m cephalosporin th\u1ebf h\u1ec7 III, nh\u00f3m quinolon, v\u00e0 augmentin, t\u1ee5 c\u1ea7u v\u00e0ng (S.areus) c\u00f3 xu h\u01b0\u1edbng kh\u00e1ng cao h\u01a1n.\n"], "4": ["4.\n", "B\u00e0n lu\u1eadn 4.1.\n", "M\u1ed9t s\u1ed1 \u0111\u1eb7c \u0111i\u1ec3m l\u00e2m s\u00e0ng, c\u1eadn l\u00e2m s\u00e0ng\n", "Qua nghi\u00ean c\u1ee9u 195 tr\u1ebb m\u1eafc vi\u00eam ph\u1ed5i t\u1ea1i t\u1ef7 l\u1ec7 tr\u1ebb trai m\u1eafc b\u1ec7nh cao h\u01a1n tr\u1ebb g\u00e1i, theo \u0111\u00f3 k\u1ebft qu\u1ea3 trong H\u00ecnh 1 cho th\u1ea5y, t\u1ef7 l\u1ec7 tr\u1ebb trai trong nghi\u00ean c\u1ee9u n\u00e0y l\u00e0 58,5%, cao h\u01a1n tr\u1ebb g\u00e1i 41,5%, s\u1ef1 kh\u00e1c bi\u1ec7t c\u00f3 y ngh\u0129a th\u1ed1ng k\u00ea v\u1edbi p<0,05.\n", "C\u00e1c nghi\u00ean c\u1ee9u trong y v\u0103n \u0111\u1ec1u nh\u1eadn th\u1ea5y t\u1ef7 l\u1ec7 vi\u00eam nhi\u1ec5m tr\u00f9ng h\u00f4 h\u1ea5p n\u00f3i chung v\u00e0 vi\u00eam ph\u1ed5i \u1edf tr\u1ebb trai c\u00f3 xu h\u01b0\u1edbng cao h\u01a1n tr\u1ebb g\u00e1i.\n", "Theo Benet v\u00e0 c\u1ed9ng s\u1ef1 th\u1ef1c hi\u1ec7n nghi\u00ean c\u1ee9u \u0111a trung t\u00e2m tr\u00ean 888 tr\u1ebb m\u1eafc vi\u00eam ph\u1ed5i tai Campuchia, Trung\n", "Qu\u1ed1c, Haiiti v\u00e0 \u1ea4n \u0110\u1ed9 th\u1ea5y t\u1ef7 l\u1ec7 tr\u1ebb trai chi\u1ebfm 57-71% [8].\n", "K\u1ebft qu\u1ea3 ph\u00e2n b\u1ed1 tu\u1ed5i trong H\u00ecnh 2 cho th\u1ea5y h\u1ea7u h\u1ebft tr\u1ebb b\u1ecb vi\u00eam ph\u1ed5i d\u01b0\u1edbi 5 tu\u1ed5i (chi\u1ebfm 93,3%) trong \u0111\u00f3 nh\u00f3m tr\u1ebb d\u01b0\u1edbi 1 tu\u1ed5i chi\u1ebfm t\u1ef7 l\u1ec7 48,2%, tr\u1ebb 1-5 tu\u1ed5i chi\u1ebfm t\u1ef7 l\u1ec7 45,1%.\n", "\u0110\u00e2y l\u00e0 nh\u00f3m tu\u1ed5i d\u1ec5 m\u1eafc vi\u00eam ph\u1ed5i nh\u1ea5t v\u00ec li\u00ean quan \u0111\u1ebfn mi\u1ec5n d\u1ecbch c\u1ee7a tr\u1ebb.\n", "C\u00e1c nghi\u00ean c\u1ee9u tr\u00ean th\u1ebf gi\u1edbi cho th\u1ea5y nh\u00f3m tr\u1ebb <1 tu\u1ed5i m\u1eafc vi\u00eam ph\u1ed5i nhi\u1ec1u nh\u1ea5t lu\u00f4n chi\u1ebfm kho\u1ea3ng 40% t\u1ed5ng s\u1ed1 tr\u1ebb m\u1eafc vi\u00eam ph\u1ed5i [8].\n", "K\u1ebft qu\u1ea3 tri\u1ec7u ch\u1ee9ng l\u00e2m s\u00e0ng trong B\u1ea3ng 1 v\u00e0 2 cho th\u1ea5y, tri\u1ec7u ch\u1ee9ng l\u00e2m s\u00e0ng n\u1ed5i b\u1eadt nh\u1ea5t c\u1ee7a tr\u1ebb khi m\u1eafc vi\u00eam ph\u1ed5i l\u00e0 th\u1edf nhanh v\u00e0 ho (97,4% v\u00e0 99,0%).\n", "\u0110\u00e2y l\u00e0 tri\u1ec7u ch\u1ee9ng ch\u00ednh c\u1ee7a b\u1ec7nh l\u00fd \u0111\u01b0\u1eddng h\u00f4 h\u1ea5p, \u0111\u1eb7c bi\u1ec7t th\u1edf nhanh v\u1eeba l\u00e0 tri\u1ec7u ch\u1ee9ng v\u1eeba l\u00e0 ti\u00eau chu\u1ea9n ch\u1ea9n \u0111o\u00e1n.\n", "C\u00e1c tri\u1ec7u ch\u1ee9ng th\u1ef1c th\u1ec3 c\u0169ng g\u1eb7p v\u1edbi t\u1ef7 l\u1ec7 kh\u00e1 cao nh\u01b0 rale \u1ea9m g\u1eb7p 81,6%, suy h\u00f4 h\u1ea5p 80,5%.\n", "Trong nghi\u00ean c\u1ee9u n\u00e0y ch\u00fang t\u00f4i ghi nh\u1eadn th\u1ea5y c\u00f3 02 tr\u01b0\u1eddng khi v\u00e0o vi\u1ec7n ch\u01b0a d\u1ea5u di\u1ec7u th\u1edf nhanh thu\u1ed9c nh\u00f3m tr\u1ebb tr\u00ean 5 tu\u1ed5i, c\u00f3 h\u00ecnh \u1ea3nh t\u1ed5n th\u01b0\u01a1ng ph\u1ed5i tr\u00ean Xquang kh\u00e1 \u0111i\u1ec3n h\u00ecnh n\u00ean ch\u00fang t\u00f4i v\u1eabn \u0111\u01b0a v\u00e0o nghi\u00ean c\u1ee9u.\n", "Theo nghi\u00ean c\u1ee9u tr\u00ean 2358 tr\u1ebb t\u1eeb 2 th\u00e1ng \u0111\u1ebfn 15 tu\u1ed5i m\u1eafc vi\u00eam ph\u1ed5i t\u1ea1i M\u1ef9 th\u1ea5y, tri\u1ec7u ch\u1ee9ng l\u00e2m s\u00e0ng th\u01b0\u1eddng g\u1eb7p nh\u1ea5t c\u1ee7a vi\u00eam ph\u1ed5i \u1edf tr\u1ebb em l\u00e0 ho v\u00e0 s\u1ed1t (95% v\u00e0 91%), tri\u1ec7u ch\u1ee9ng kh\u00f3 th\u1edf, th\u1edf nhanh ch\u1ec9 g\u1eb7p 70%, bi\u1ebfng \u0103n g\u1eb7p 75% [9].\n", "Nghi\u00ean c\u1ee9u c\u1ee7a t\u00e1c gi\u1ea3 Yu v\u00e0 c\u1ed9ng s\u1ef1 t\u1ea1i Trung\n", "Qu\u1ed1c tr\u00ean 5960 tr\u1ebb m\u1eafc nhi\u1ec5m tr\u00f9ng h\u00f4 h\u1ea5p bao g\u1ed3m c\u1ea3 vi\u00eam ph\u1ed5i th\u1ea5y tri\u1ec7u ch\u1ee9ng ho g\u1eb7p 96,9%, s\u1ed1t g\u1eb7p 57,5%, rale \u1ea9m ph\u1ed5i g\u1eb7p 60,2% [10].\n", "Nh\u01b0 v\u1eady tri\u1ec7u ch\u1ee9ng l\u00e2m s\u00e0ng hay g\u1eb7p nh\u1ea5t \u1edf tr\u1ebb b\u1ecb vi\u00eam ph\u1ed5i l\u00e0 ho, tri\u1ec7u ch\u1ee9ng th\u1ef1c th\u1ec3 thay \u0111\u1ed5i tu\u1ef3 theo t\u1eebng nghi\u00ean c\u1ee9u.\n", "\u0110i\u1ec1u n\u00e0y c\u0169ng ph\u00f9 h\u1ee3p v\u1edbi th\u1ef1c t\u1ebf l\u00e0 c\u00e1c tri\u1ec7u ch\u1ee9ng th\u1ef1c th\u1ec3 c\u1ee7a vi\u00eam ph\u1ed5i ph\u1ee5c thu\u1ed9c v\u00e0o th\u1eddi gian, th\u1eddi \u0111i\u1ec3m b\u1ec7nh nh\u00e2n \u0111\u1ebfn kh\u00e1m, ph\u1ee5 thu\u1ed9c v\u00e0o ng\u01b0\u1eddi kh\u00e1m do \u0111\u00f3 s\u1ebd kh\u00e1c nhau theo t\u1eebng nghi\u00ean c\u1ee9u.\n", "Theo k\u1ebft qu\u1ea3 nghi\u00ean c\u1ee9u trong B\u1ea3ng 3 cho th\u1ea5y k\u1ebft qu\u1ea3 x\u00e9t nghi\u1ec7m c\u1eadn l\u00e2m s\u00e0ng ch\u00fang t\u00f4i th\u1ea5y s\u1ed1 l\u01b0\u1ee3ng t\u1ebf b\u00e0o b\u1ea1ch c\u1ea7u trung b\u00ecnh l\u00e0 11,5G/l, CRP trung b\u00ecnh l\u00e0 4,7 mg/dl.\n", "T\u1ef7 l\u1ec7 t\u0103ng b\u1ea1ch c\u1ea7u 55,9%, gi\u1ea3m b\u1ea1ch c\u1ea7u 0,5 %, b\u1ea1ch c\u1ea7u trong gi\u1edbi h\u1ea1n b\u00ecnh th\u01b0\u1eddng l\u00e0 43,6%, CPR t\u0103ng chi\u1ebfm t\u1ef7 l\u1ec7 54,9%.\n", "Th\u1ef1c t\u1ebf s\u1ed1 l\u01b0\u1ee3ng b\u1ea1ch c\u1ea7u trong m\u00e1u ngo\u1ea1i vi ph\u1ee5 thu\u1ed9c v\u00e0o c\u0103n nguy\u00ean g\u00e2y vi\u00eam ph\u1ed5i v\u00e0 tu\u1ed5i c\u1ee7a tr\u1ebb, th\u00f4ng th\u01b0\u1eddng n\u1ebfu c\u0103n nguy\u00ean l\u00e0 vi khu\u1ea9n t\u0103ng b\u1ea1ch c\u1ea7u r\u00f5 r\u00e0ng h\u01a1n,\n", "CRP c\u0169ng t\u0103ng cao h\u01a1n, n\u1ebfu c\u0103n nguy\u00ean vi\u00eam ph\u1ed5i do vi r\u00fat th\u00ec b\u1ea1ch c\u1ea7u t\u0103ng kh\u00f4ng cao, \u0111\u00f4i khi c\u00f3 th\u1ec3 c\u00f3 gi\u1ea3m b\u1ea1ch c\u1ea7u, ch\u1ec9 s\u1ed1 CRP c\u0169ng kh\u00f4ng t\u0103ng.\n", "Trong nghi\u00ean c\u1ee9u n\u00e0y ch\u00fang t\u00f4i th\u1ea5y t\u1ef7 l\u1ec7 t\u0103ng b\u1ea1ch kh\u00e1 t\u01b0\u01a1ng \u0111\u1ed3ng v\u1edbi t\u1ef7 l\u1ec7 t\u0103ng\n", "CPR.\n", "Theo t\u00e1c gi\u1ea3 Yu v\u00e0 c\u1ed9ng s\u1ef1 nghi\u00ean c\u1ee9u t\u1ea1i\n", "Trung Qu\u1ed1c th\u1ea5y s\u1ed1 l\u01b0\u1ee3ng b\u1ea1ch c\u1ea7u trong m\u00e1u ngo\u1ea1i vi trung b\u00ecnh 11,5 G/l, CRP trung b\u00ecnh 1,8mg/dl, t\u1ef7 l\u1ec7 t\u0103ng b\u1ea1ch c\u1ea7u v\u00e0 t\u0103ng CRP t\u01b0\u01a1ng \u1ee9ng l\u00e0 45% v\u00e0 47%.\n", "Nh\u01b0 v\u1eady k\u1ebft qu\u1ea3 c\u00e1c ch\u1ec9 s\u1ed1 nghi\u00ean c\u1ee9u c\u1ee7a ch\u00fang t\u00f4i s\u1ed1 l\u01b0\u1ee3ng b\u1ea1ch c\u1ea7u kh\u00e1 t\u01b0\u01a1ng \u0111\u1ed3ng v\u1edbi k\u1ebft qu\u1ea3 c\u1ee7a t\u00e1c gi\u1ea3 Yu, c\u00f2n ch\u1ec9 s\u1ed1 CRP c\u1ee7a ch\u00fang t\u00f4i g\u1eb7p cao cao h\u01a1n c\u1ee7a t\u00e1c gi\u1ea3 Yu [10].\n", "Trong nghi\u00ean c\u1ee9u n\u00e0y ch\u00fang t\u00f4i ghi nh\u1eadn th\u1ea5y c\u00f3 25,1% tr\u1ebb m\u1eafc vi\u00eam ph\u1ed5i b\u1ecb thi\u1ebfu m\u00e1u.\n", "Theo c\u00e1c nghi\u00ean c\u1ee9u trong y v\u0103n, tr\u1ebb t\u1eeb 6 th\u00e1ng \u0111\u1ebfn 6 tu\u1ed5i th\u01b0\u1eddng hay b\u1ecb thi\u1ebfu m\u00e1u dinh d\u01b0\u1ee1ng, khi tr\u1ebb thi\u1ebfu m\u00e1u c\u00e0ng l\u00e0m t\u0103ng nguy c\u01a1 nhi\u1ec5m tr\u00f9ng trong \u0111\u00f3 nhi\u1ec5m tr\u00f9ng h\u00f4 h\u1ea5p hay g\u1eb7p nh\u1ea5t.\n", "Nghi\u00ean c\u1ee9u c\u1ee7a t\u00e1c gi\u1ea3 Rashad v\u00e0 c\u1ed9ng s\u1ef1 t\u1ea1i \u1ea2 r\u00e2p X\u00ea \u00fat tr\u00ean 50 tr\u1ebb m\u1eafc vi\u00eam ph\u1ed5i t\u1eeb 9 th\u00e1ng \u0111\u1ebfn 6 tu\u1ed5i v\u00e0 50 tr\u1ebb c\u00f9ng \u0111\u1ed9 tu\u1ed5i kh\u00f4ng m\u1eafc vi\u00eam ph\u1ed5i l\u00e0m nh\u00f3m ch\u1ee9ng th\u1ea5y, nh\u00f3m tr\u1ebb b\u1ecb vi\u00eam ph\u1ed5i c\u00f3 t\u1ef7 l\u1ec7 thi\u1ebfu m\u00e1u l\u00e0 76%, trong khi \u0111\u00f3 t\u1ef7 l\u1ec7 thi\u1ebfu m\u00e1u \u1edf nh\u00f3m ch\u1ee9ng l\u00e0 44%, thi\u1ebfu m\u00e1u l\u00e0m t\u0103ng nguy c\u01a1 vi\u00eam ph\u1ed5i l\u00ean 4,3 l\u1ea7n [11].\n", "Nghi\u00ean c\u1ee9u c\u1ee7a t\u00e1c gi\u1ea3 Stepan v\u00e0 c\u1ed9ng s\u1ef1 t\u1ea1i Ai\n", "C\u1eadp tr\u00ean 166 tr\u1ebb t\u1eeb 1 tu\u1ed5i \u0111\u1ebfn 3 tu\u1ed5i m\u1eafc nhi\u1ec5m tr\u00f9ng h\u00f4 h\u1ea5p v\u00e0 33 tr\u1ebb kho\u1ebb m\u1ea1nh c\u00f9ng \u0111\u1ed9 tu\u1ed5i l\u00e0m nh\u00f3m ch\u1ee9ng th\u1ea5y nh\u00f3m tr\u1ebb m\u1eafc nhi\u1ec5m tr\u00f9ng h\u00f4 h\u1ea5p c\u00f3 54% tr\u1ebb b\u1ecb thi\u1ebfu m\u00e1u, trong khi \u0111\u00f3 t\u1ef7 nh\u00f3m ch\u1ee9ng g\u1eb7p th\u1ea5p h\u01a1n (23%).\n", "Nh\u01b0 v\u1eady k\u1ebft qu\u1ea3 nghi\u00ean c\u1ee9u c\u1ee7a ch\u00fang t\u00f4i c\u0169ng th\u1ea5y tr\u1ebb m\u1eafc vi\u00eam ph\u1ed5i th\u01b0\u1eddng k\u00e8m theo thi\u1ebfu m\u00e1u, tuy nhi\u00ean t\u1ef7 l\u1ec7 thi\u1ebfu m\u00e1u c\u1ee7a ch\u00fang t\u00f4i g\u1eb7p th\u1ea5p h\u01a1n.\n", "S\u1edf d\u0129 c\u00f3 hi\u1ec7n t\u01b0\u1ee3ng n\u00e0y do t\u00ecnh tr\u1ea1ng thi\u1ebfu m\u00e1u \u1edf tr\u1ebb ph\u1ee5 thu\u1ed9c nhi\u1ec1u v\u00e0o ch\u1ebf \u0111\u1ed9 dinh d\u01b0\u1ee1ng, c\u00e1ch ch\u0103m s\u00f3c tr\u1ebb, \u0111\u1ecba d\u01b0.\n", "N\u1ebfu tr\u1ebb \u0111\u01b0\u1ee3c ch\u0103m s\u00f3c dinh d\u01b0\u1ee1ng t\u1ed1t, \u0111\u1eb7c bi\u1ec7t \u0111\u01b0\u1ee3c b\u1ed5 sung vi ch\u1ea5t \u1edf m\u1eb9 v\u00e0 tr\u1ebb sau sinh \u0111\u1ea7y \u0111\u1ee7 s\u1ebd \u00edt b\u1ecb thi\u1ebfu m\u00e1u h\u01a1n.\n", "C\u00e1c x\u00e9t nghi\u1ec7m men gan trong nghi\u00ean c\u1ee9u n\u00e0y ch\u00fang t\u00f4i th\u1ea5y t\u1ef7 l\u1ec7 b\u1ea5t th\u01b0\u1eddng x\u00e9t ngh\u1ec7m men gan g\u1eb7p v\u1edbi t\u1ef7 l\u1ec7 th\u1ea5p.\n", "4.2.\n", "C\u0103n nguy\u00ean g\u00e2y vi\u00eam ph\u1ed5i\n", "Theo k\u1ebft qu\u1ea3 nu\u00f4i c\u1ea5y d\u1ecbch t\u1ef5 h\u1ea7u \u0111\u1ecbnh danh vi khu\u1ea9n ch\u00fang t\u00f4i th\u1ea5y t\u1ef7 l\u1ec7 vi khu\u1ea9n d\u01b0\u01a1ng t\u00ednh trong nghi\u00ean c\u1ee9u n\u00e0y c\u1ee7a ch\u00fang t\u00f4i g\u1eb7p l\u00e0 46,1%.\n", "Trong s\u1ed1 90 ca nu\u00f4i c\u1ea5y vi khu\u1ea9n d\u01b0\u01a1ng t\u00ednh, ba c\u0103n nguy\u00ean hay g\u1eb7p nh\u1ea5t l\u00e0 H.influenza,\n", "S.pneumoniae, M,catrrhalis v\u1edbi t\u1ef7 l\u1ec7 t\u01b0\u01a1ng \u1ee9ng l\u00e0 48,7%, 27,8%, 18,3%.\n", "Ba t\u00e1c nh\u00e2n kh\u00e1c l\u00e0\n", "S.aureus, E.coli, K.pneumoniae g\u1eb7p th\u1ea5p h\u01a1n v\u1edbi t\u1ef7 l\u1ec7 t\u01b0\u01a1ng \u1ee9ng l\u00e0 3,3%, 1,1%.\n", "Theo c\u00e1c nghi\u00ean c\u1ee9u tr\u00ean th\u1ebf gi\u1edbi, c\u0103n nguy\u00ean vi khu\u1ea9n r\u1ea5t dao \u0111\u1ed9ng, t\u1ea1i c\u00e1c n\u01b0\u1edbc ph\u00e1t tri\u1ec3n nh\u01b0 M\u1ef9, ch\u00e2u \u00c2u trong s\u1ed1 c\u00e1c nguy\u00ean nh\u00e2n g\u00e2y vi\u00eam ph\u1ed5i x\u00e1c \u0111\u1ecbnh \u0111\u01b0\u1ee3c c\u0103n nguy\u00ean vi r\u00fat v\u1eabn l\u00e0 c\u0103n nguy\u00ean h\u00e0ng \u0111\u1ea7u, vi khu\u1ea9n ch\u1ec9 g\u1eb7p kho\u1ea3ng 15 %.\n", "Trong s\u1ed1 c\u0103n nguy\u00ean vi khu\u1ea9n x\u00e1c \u0111\u1ecbnh \u0111\u01b0\u1ee3c, S.pneumoniae chi\u1ebfm t\u1ef7 l\u1ec7 cao nh\u1ea5t kho\u1ea3ng 50% c\u00e1c c\u0103n nguy\u00ean l\u00e0 vi khu\u1ea9n [9].\n", "K\u1ebft qu\u1ea3 nghi\u00ean c\u1ee9u \u0111a trung t\u00e2m c\u1ee7a t\u00e1c gi\u1ea3 Benet v\u00e0 c\u1ed9ng s\u1ef1 tr\u00ean 888 tr\u1ebb vi\u00eam ph\u1ed5i v\u00e0 870 tr\u1ebb d\u01b0\u1edbi 5 tu\u1ed5i l\u00e0m nh\u00f3m ch\u1ee9ng nh\u1eb1m x\u00e1c \u0111\u1ecbnh nguy\u00ean nh\u00e2n g\u00e2y b\u1ec7nh bao g\u1ed3m 19 lo\u1ea1i vi r\u00fat, 5 lo\u1ea1i vi khu\u1ea9n, k\u1ebft qu\u1ea3 cho th\u1ea5y t\u1ef7 l\u1ec7 c\u0103n nguy\u00ean vi\u00eam ph\u1ed5i do S.pneumoniae chi\u1ebfm 42,2%, vi r\u00fat chi\u1ebfm 29,4% [8].\n", "Nghi\u00ean c\u1ee9u c\u1ee7a Chochua khi x\u00e1c \u0111\u1ecbnh c\u0103n nguy\u00ean vi khu\u1ea9n b\u1eb1ng PCR \u0111a m\u1ed3i (5 vi khu\u1ea9n\n", "S.pneumoniae, H.influenzae, M.\n", "catarrhalis, S.\n", "aureus v\u00e0 N.\n", "meningitidis) tr\u00ean 1028 tr\u1ebb t\u1eeb 2 th\u00e1ng \u0111\u1ebfn 10 tu\u1ed5i t\u1ea1i Tanzania c\u00f3 bi\u1ec3u hi\u1ec7n nhi\u1ec5m tr\u00f9ng h\u00f4 h\u1ea5p th\u1ea5y n\u1ebfu tr\u1ebb b\u1ecb nhi\u1ec5m tr\u00f9ng h\u00f4 h\u1ea5p tr\u00ean t\u1ef7 l\u1ec7 d\u01b0\u01a1ng t\u00ednh l\u00e0 62,2%, nhi\u1ec5m tr\u00f9ng h\u00f4 h\u1ea5p d\u01b0\u1edbi t\u1ef7 l\u1ec7 d\u01b0\u01a1ng t\u00ednh 43,8%, vi\u00eam ph\u1ed5i d\u01b0\u01a1ng t\u00ednh 18,6%.\n", "Trong s\u1ed1 c\u00e1c c\u0103n nguy\u00ean x\u00e1c \u0111\u1ecbnh \u0111\u01b0\u1ee3c \u1edf tr\u1ebb m\u1eafc vi\u00eam ph\u1ed5i M,catrrhali,\n", "S.pneumoniae v\u00e0 H.influenzae l\u00e0 3 c\u0103n nguy\u00ean h\u00e0ng \u0111\u1ea7u v\u1edbi t\u1ef7 l\u1ec7 l\u1ea7n l\u01b0\u1ee3t l\u00e0 96,0%, 87,5%, 83,7% [12].\n", "Nghi\u00ean c\u1ee9u c\u1ee7a L\u00ea Th\u1ecb H\u1ed3ng H\u1ea1nh v\u00e0 c\u1ed9ng s\u1ef1 (2015) t\u1ea1i b\u1ec7nh vi\u1ec7n Nhi Trung \u01b0\u01a1ng tr\u00ean 668 tr\u1ebb m\u1eafc vi\u00eam ph\u1ed5i khi nu\u00f4i c\u1ea5y d\u1ecbch t\u1ef5 h\u1ea7u v\u00e0 l\u00e0m PCR x\u00e1c \u0111\u1ecbnh c\u0103n nguy\u00ean\n", "M.pneumoniae th\u1ea5y t\u1ef7 l\u1ec7 vi khu\u1ea9n ph\u00e2n l\u1eadp \u0111\u01b0\u1ee3c qua x\u00e9t nghi\u1ec7m d\u1ecbch t\u1ef5 h\u1ea7u l\u00e0 179/668 (26,8%).\n", "Trong s\u1ed1 c\u0103n nguy\u00ean ba c\u0103n nguy\u00ean vi khu\u1ea9n g\u1eb7p cao nh\u1ea5t l\u00e0 S.pneumoniae, H.influenzae,\n", "M.pneumoniae v\u1edbi t\u1ef7 l\u1ec7 t\u01b0\u01a1ng \u1ee9ng l\u00e0 27,3%, 25,7%, 25,1% [13].\n", "Nh\u01b0 v\u1eady k\u1ebft qu\u1ea3 x\u00e1c \u0111\u1ecbnh c\u0103n nguy\u00ean vi khu\u1ea9n b\u1eb1ng nu\u00f4i c\u1ea5y \u0111\u1ecbnh danh vi khu\u1ea9n (ph\u01b0\u01a1ng ph\u00e1p \u0111\u1ed9 \u0111\u1eb7c hi\u1ec7u cao) trong nghi\u00ean c\u1ee9u n\u00e0y c\u1ee7a ch\u00fang t\u00f4i l\u00e0 kh\u00e1 cao.\n", "Ph\u00e2n lo\u1ea1i vi khu\u1ea9n trong nghi\u00ean c\u1ee9u n\u00e0y ch\u00fang t\u00f4i nh\u1eadn th\u1ea5y t\u00e1c nh\u00e2n H.influenzae chi\u1ebfm t\u1ef7 l\u1ec7 cao h\u01a1n so v\u1edbi m\u1ed9t s\u1ed1 c\u00e1c nghi\u00ean c\u1ee9u kh\u00e1c, c\u00f3 th\u1ec3 \u0111\u00e2y l\u00e0 \u0111i\u1ec3m kh\u00e1c bi\u1ec7t \u0111\u1eb7c th\u00f9 v\u1ec1 vi khu\u1ea9n trong nghi\u00ean c\u1ee9u n\u00e0y t\u1ea1i B\u1ec7nh vi\u1ec7n B\u1ea1ch Mai.\n", "B\u1ea3ng 5 cho bi\u1ebft k\u1ebft qu\u1ea3 nh\u1ea1y c\u1ea3m v\u1edbi kh\u00e1ng sinh c\u1ee7a vi khu\u1ea9n t\u00ecm \u0111\u01b0\u1ee3c cho th\u1ea5y c\u00e1c kh\u00e1ng sinh th\u01b0\u1eddng d\u00f9ng theo ph\u00e1c \u0111\u1ed3 c\u1ee7a B\u1ed9 Y t\u1ebf v\u1ec1 h\u01b0\u1edbng d\u1eabn s\u1eed d\u1ee5ng kh\u00e1ng sinh trong \u0111i\u1ec1u tr\u1ecb vi\u00eam ph\u1ed5i \u1edf tr\u1ebb em [14] v\u1eabn c\u00f3 t\u00e1c d\u1ee5ng t\u1ed1t trong \u0111i\u1ec1u tr\u1ecb, tuy nhi\u00ean ch\u00fang th\u00f4i th\u1ea5y c\u00f3 3 m\u1eabu S.aureus xu\u1ea5t hi\u1ec7n 1 tr\u01b0\u1eddng h\u1ee3p \u0111\u1ec1 kh\u00e1ng v\u1edbi vancomycin, 2 l\u01b0\u1ee3ng m\u1eabu c\u00f2n \u00edt n\u00ean ch\u00fang t\u00f4i kh\u00f4ng k\u1ebft lu\u1eadn \u0111\u01b0\u1ee3c hi\u1ec7n t\u01b0\u1ee3ng kh\u00e1ng v\u1edbi v\u1edbi kh\u00e1ng sinh c\u1ee7a\n", "S.aureus.\n", "Nghi\u00ean c\u1ee9u c\u1ee7a Yu v\u00e0 c\u1ed9ng s\u1ef1 tr\u00ean 189 tr\u1ebb m\u1eafc vi\u00eam ph\u1ed5i t\u1ea1i Trung Qu\u1ed1c do\n", "S.pneumoniae th\u1ea5y c\u00e1c kh\u00e1ng sinh nh\u00f3m cephalosporin th\u1ebf h\u1ec7 3, Vancomycin, Linezolid, quinolon c\u00f2n t\u00e1c d\u1ee5ng t\u1ed1t v\u1edbi t\u1ef7 l\u1ec7 nh\u1ea1y c\u1ea3m tr\u00ean 90%, t\u1ef7 l\u1ec7 kh\u00e1ng r\u1ea5t cao x\u1ea3y ra v\u1edbi c\u00e1c kh\u00e1ng sinh Penicillin, Erythromycin, Clindamycin,\n", "Sulfamethoxazole v\u1edbi t\u1ef7 l\u1ec7 t\u1eeb 34% \u0111\u1ebfn 96,9% [10].\n", "Nghi\u00ean c\u1ee9u c\u1ee7a Zafar v\u00e0 c\u1ed9ng s\u1ef1 tr\u00ean 381 tr\u00ea m\u1eafc nhi\u1ec5m tr\u00f9ng h\u00f4 h\u1ea5p do S.pneumoniae v\u00e0 281 tr\u1ebb do H.influenzae t\u1ea1i Pakistant th\u1ea5y t\u1ef7 l\u1ec7\n", "S.pneumoniae kh\u00e1ng v\u1edbi penicillin v\u00e0 macrolid t\u0103ng t\u01b0\u01a1ng \u1ee9ng t\u1eeb 10% \u0111\u1ebfn 34,1% v\u00e0 13% l\u00ean 29,7% sau 10 n\u0103m (t\u1eeb 2004 \u0111\u1ebfn 2014).\n", "\u0110\u1eb7c bi\u1ec7t v\u1edbi kh\u00e1ng sinh trimethoprim/sulfamethoxazole t\u1ef7 l\u1ec7 kh\u00e1ng \u0111\u1ebfn 82%, H.influenzae c\u00f3 t\u1ef7 l\u1ec7 kh\u00e1ng th\u1ea5p h\u01a1n [15].\n"], "5": ["5.\n", "K\u1ebft lu\u1eadn\n", "Qua nghi\u00ean c\u1ee9u 195 tr\u1ebb m\u1eafc vi\u00eam ph\u1ed5i t\u1ea1i nh\u1eadn th\u1ea5y:\n", "T\u1ef7 l\u1ec7 tr\u1ebb m\u1eafc vi\u00eam ph\u1ed5i ch\u1ee7 y\u1ebfu d\u01b0\u1edbi 5 tu\u1ed5i, tri\u1ec7u ch\u1ee9ng l\u00e2m s\u00e0ng n\u1ed5i b\u1eadt nh\u1ea5t c\u1ee7a tr\u1ebb khi m\u1eafc vi\u00eam ph\u1ed5i l\u00e0 th\u1edf nhanh v\u00e0 ho, tri\u1ec7u ch\u1ee9ng c\u1eadn l\u00e2m s\u00e0ng l\u00e0 rale \u1ea9m v\u00e0 c\u00e1c bi\u1ec3u hi\u1ec7n suy h\u00f4 h\u1ea5p.\n", "T\u1ef7 l\u1ec7 c\u0103n nguy\u00ean l\u00e0 vi khu\u1ea9n trong nghi\u00ean c\u1ee9u n\u00e0y g\u1eb7p l\u00e0 kh\u00e1 cao, trong \u0111\u00f3 H.influenzae v\u00e0\n", "S.pneumoniae l\u00e0 hai c\u0103n nguy\u00ean vi khu\u1ea9n ch\u00ednh g\u00e2y vi\u00eam ph\u1ed5i \u1edf tr\u1ebb em.T\u1ef7 l\u1ec7 kh\u00e1ng kh\u00e1ng sinh cao ch\u1ee7 y\u1ebfu x\u1ea3y ra \u1edf nh\u00f3m penicillin v\u00e0 cefuroxime, erythromycin.\n", "L\u1eddi c\u1ea3m \u01a1n\n", "Nh\u00f3m nghi\u00ean c\u1ee9u xin ch\u00e2n th\u00e0nh c\u1ea3m \u01a1n\n", "Nh\u00f3m nghi\u00ean c\u1ee9u \u0111\u1ec1 t\u00e0i Khoa h\u1ecdc v\u00e0 C\u00f4ng ngh\u1ec7 n\u0103m c\u1ea5p c\u01a1 s\u1edf 2019 t\u1ea1i Khoa Nhi, B\u1ec7nh vi\u1ec7n\n", "B\u1ea1ch Mai v\u00e0 \u0111\u1ec1 t\u00e0i c\u01a1 s\u1edf m\u00e3 s\u1ed1 CS.19.01 t\u1ea1i t\u01b0\u1ee3ng nghi\u00ean c\u1ee9u \u0111\u00e3 gi\u00fap \u0111\u1ee1 ch\u00fang t\u00f4i ho\u00e0n th\u00e0nh nghi\u00ean c\u1ee9u n\u00e0y.\n"]}, "Word count": 3750}