{"title": "Nghi\u00ean c\u1ee9u c\u00e1c h\u00ecnh th\u00e1i t\u1ed5n th\u01b0\u01a1ng do \u0111i\u1ec7n trong gi\u00e1m \u0111\u1ecbnh y ph\u00e1p\n", "content": {"0": ["T\u00f3m t\u1eaft: \u0110i\u1ec7n gi\u1eadt l\u00e0 thu\u1eadt ng\u1eef ch\u1ec9 khi c\u00f3 d\u00f2ng \u0111i\u1ec7n ch\u1ea1y qua c\u01a1 th\u1ec3.\n", "B\u00ean c\u1ea1nh nh\u1eefng l\u1ee3i \u00edch to l\u1edbn trong \u0111\u1eddi s\u1ed1ng x\u00e3 h\u1ed9i, \u0111i\u1ec7n c\u0169ng g\u00e2y ra nh\u1eefng h\u1eadu qu\u1ea3 n\u1eb7ng n\u1ec1 v\u1ec1 kinh t\u1ebf, nguy hi\u1ec3m t\u1edbi t\u00ednh m\u1ea1ng con ng\u01b0\u1eddi n\u1ebfu thi\u1ebfu hi\u1ec3u bi\u1ebft v\u00e0 kh\u00f4ng tu\u00e2n th\u1ee7 c\u00e1c bi\u1ec7n ph\u00e1p ph\u00f2ng h\u1ed9 trong sinh ho\u1ea1t v\u00e0 s\u1ea3n xu\u1ea5t.\n", "Ch\u00fang t\u00f4i thu th\u1eadp \u0111\u01b0\u1ee3c 37 n\u1ea1n nh\u00e2n t\u1eed vong do \u0111i\u1ec7n gi\u1eadt c\u00f3 h\u1ed3 s\u01a1 gi\u00e1m \u0111\u1ecbnh y ph\u00e1p do th\u00e1ng 5/2001 \u0111\u1ebfn th\u00e1ng 7/2016.\n", "K\u1ebft qu\u1ea3 s\u1ed1 n\u1ea1n nh\u00e2n nam g\u1ea5p 8,3 l\u1ea7n n\u1eef.\n", "Nh\u00f3m tu\u1ed5i t\u1eeb 18 \u0111\u1ebfn 30 chi\u1ebfm t\u1ef7 l\u1ec7 cao nh\u1ea5t (37,8%), \u0111\u1ed9 tu\u1ed5i trung b\u00ecnh l\u00e0 36,6.\n", "D\u1ea5u \u0111i\u1ec7n c\u00f3 m\u1eb7t \u1edf 78,4% s\u1ed1 n\u1ea1n nh\u00e2n, ch\u1ee7 y\u1ebfu l\u00e0 d\u1ea5u \u0111i\u1ec7n v\u00e0o 78,4%, t\u1ea7n su\u1ea5t xu\u1ea5t hi\u1ec7n d\u1ea5u \u0111i\u1ec7n cao nh\u1ea5t \u1edf tay ph\u1ea3i 29,7%.\n", "T\u1eeb kho\u00e1: \u0110i\u1ec7n gi\u1eadt, gi\u00e1m \u0111\u1ecbnh y ph\u00e1p, b\u1ecfng \u0111i\u1ec7n, d\u1ea5u \u0111i\u1ec7n.\n"], "1": ["1.\n", "\u0110\u1eb7t v\u1ea5n \u0111\u1ec1\n", "\u0110i\u1ec7n gi\u1eadt l\u00e0 thu\u1eadt ng\u1eef ch\u1ec9 khi c\u00f3 d\u00f2ng \u0111i\u1ec7n ch\u1ea1y qua ng\u01b0\u1eddi [1].\n", "K\u1ec3 t\u1eeb khi tr\u1edf th\u00e0nh m\u1ed9t s\u1ea3n ph\u1ea9m th\u01b0\u01a1ng m\u1ea1i v\u00e0o n\u0103m 1849, \u0111i\u1ec7n tr\u1edf th\u00e0nh m\u1ed9t trong nh\u1eefng h\u00e0ng ho\u00e1 nguy hi\u1ec3m nh\u1ea5t trong x\u00e3 h\u1ed9i.\n", "Th\u01b0\u01a1ng t\u00edch do \u0111i\u1ec7n lu\u00f4n t\u1ef7 l\u1ec7 thu\u1eadn v\u1edbi vi\u1ec7c s\u1eed d\u1ee5ng r\u1ed9ng r\u00e3i trong x\u00e3 h\u1ed9i [2].\n", "Ch\u1ee9c n\u0103ng c\u1ee7a gi\u00e1m \u0111\u1ecbnh ph\u00e1p y trong c\u00e1c v\u1ee5 ch\u1ebft do \u0111i\u1ec7n m\u1ed9t m\u1eb7t x\u00e1c \u0111\u1ecbnh nguy\u00ean nh\u00e2n t\u1eed vong, d\u1ef1ng l\u1ea1i hi\u1ec7n tr\u01b0\u1eddng v\u1ee5 vi\u1ec7c v\u00e0 nghi\u00ean c\u1ee9u \u0111\u1eb7c \u0111i\u1ec3m t\u1ed5n th\u01b0\u01a1ng c\u1ee7a nh\u1eefng n\u1ea1n nh\u00e2n t\u1eed vong v\u1edbi m\u1ee5c \u0111\u00edch t\u00ecm ho\u1eb7c \u0111\u01b0a ra nh\u1eefng bi\u1ec7n ph\u00e1p ph\u00f2ng tr\u00e1nh, m\u1eb7t kh\u00e1c gi\u00fap c\u00e1c nh\u00e0 l\u00e2m s\u00e0ng trong ho\u1ea1t \u0111\u1ed9ng chuy\u00ean m\u00f4n (ch\u1ea9n \u0111o\u00e1n, h\u1ed3i s\u1ee9c c\u1ea5p c\u1ee9u, ti\u00ean l\u01b0\u1ee3ng,...), \u0111i\u1ec1u tr\u1ecb nh\u1eefng ng\u01b0\u1eddi b\u1ecb ch\u1ea5n th\u01b0\u01a1ng \u0111i\u1ec7n \u0111\u01b0\u1ee3c t\u1ed1t h\u01a1n [3].\n", "T\u1eeb nh\u1eefng nh\u1eadn th\u1ee9c v\u1ec1 t\u1ea7m quan tr\u1ecdng c\u1ee7a v\u1ea5n \u0111\u1ec1 n\u00eau tr\u00ean, ch\u00fang t\u00f4i th\u1ef1c hi\u1ec7n \u0111\u1ec1 t\u00e0i\n", "Nghi\u00ean c\u1ee9u c\u00e1c h\u00ecnh th\u00e1i t\u1ed5n th\u01b0\u01a1ng do \u0111i\u1ec7n trong gi\u00e1m \u0111\u1ecbnh y ph\u00e1p.\n"], "2": ["2.\n", "\u0110\u1ed1i t\u01b0\u1ee3ng v\u00e0 ph\u01b0\u01a1ng ph\u00e1p nghi\u00ean c\u1ee9u 2.1.\n", "\u0110\u1ed1i t\u01b0\u1ee3ng nghi\u00ean c\u1ee9u: l\u00e0 37 n\u1ea1n nh\u00e2n t\u1eed vong do \u0111i\u1ec7n \u0111\u01b0\u1ee3c b\u1ed9 m\u00f4n Y ph\u00e1p - Tr\u01b0\u1eddng \u0110\u1ea1i h\u1ecdc Y H\u00e0 N\u1ed9i, Vi\u1ec7n Ph\u00e1p y Qu\u00e2n \u0111\u1ed9i ti\u1ebfn h\u00e0nh gi\u00e1m gi\u00e1m \u0111\u1ecbnh t\u1eeb th\u00e1ng 5/2001 \u0111\u1ebfn th\u00e1ng 7/2016 2.2.\n", "Ph\u01b0\u01a1ng ph\u00e1p nghi\u00ean c\u1ee9u\n", "Nghi\u00ean c\u1ee9u h\u1ed3i c\u1ee9u t\u1eeb 01/01/2005 \u0111\u1ebfn 30/7/2016, s\u1ed1 li\u1ec7u \u0111\u01b0\u1ee3c x\u1eed l\u00fd b\u1eb1ng ph\u1ea7n m\u1ec1m th\u1ed1ng k\u00ea SPSS 16.0 3.\n", "K\u1ebft qu\u1ea3 nghi\u00ean c\u1ee9u 3.1.\n", "\u0110\u1eb7c \u0111i\u1ec3m chung c\u1ee7a \u0111\u1ed1i t\u01b0\u1ee3ng nghi\u00ean c\u1ee9u 3.1.1.\n", "Tu\u1ed5i/ gi\u1edbi c\u1ee7a n\u1ea1n nh\u00e2n\n", "B\u1ea3ng 3.1.\n", "Tu\u1ed5i/Gi\u1edbi c\u1ee7a n\u1ea1n nh\u00e2n\n", "\u0110\u1eb7c \u0111i\u1ec3m S\u1ed1 l\u01b0\u1ee3ng T\u1ef7 l\u1ec7\n", "Gi\u1edbi\n", "Nam 33 89,2\n", "N\u1eef 4 10,8\n", "Tu\u1ed5i 18-30 14 37,8 31-40 9 24,3 41-50 11 29,7 51-60 1 2,7\n", "Tr\u00ean 60 2 5,4\n", "Nh\u1eadn x\u00e9t: S\u1ed1 n\u1ea1n nh\u00e2n nam chi\u1ebfm ch\u1ee7 y\u1ebfu (89,2%) g\u1ea5p 8,3 l\u1ea7n n\u1eef.\n", "Nh\u00f3m tu\u1ed5i t\u1eeb 18 \u0111\u1ebfn 30 chi\u1ebfm t\u1ef7 l\u1ec7 cao nh\u1ea5t (37,8%), nh\u00f3m tu\u1ed5i t\u1eeb 41 \u0111\u1ebfn 50 (29,7%), \u00edt nh\u1ea5t l\u00e0 nh\u00f3m tu\u1ed5i t\u1eeb 51 \u0111\u1ebfn 60(2,7%), tu\u1ed5i trung b\u00ecnh l\u00e0 36,6.\n", "3.1.2.\n", "Ngh\u1ec1 nghi\u1ec7p c\u1ee7a n\u1ea1n nh\u00e2n\n", "B\u1ea3ng 3.2.\n", "Ngh\u1ec1 nghi\u1ec7p c\u1ee7a n\u1ea1n nh\u00e2n\n", "Ngh\u1ec1 nghi\u1ec7p S\u1ed1 l\u01b0\u1ee3ng T\u1ef7 l\u1ec7\n", "Th\u1ee3 \u0111i\u1ec7n 5 13,5\n", "Li\u00ean quan \u0111\u1ebfn \u0111i\u1ec7n 4 10,8\n", "Kh\u00f4ng li\u00ean quan \u0111i\u1ec7n 27 73,0\n", "Kh\u00f4ng r\u00f5 1 2,7\n", "T\u1ed5ng 37 100\n", "Nh\u1eadn x\u00e9t: \u0110a s\u1ed1 n\u1ea1n nh\u00e2n c\u00f3 ngh\u1ec1 nghi\u1ec7p kh\u00f4ng li\u00ean quan \u0111\u1ebfn \u0111i\u1ec7n v\u1edbi (73%), nh\u00f3m th\u1ee3 \u0111i\u1ec7n v\u00e0 nh\u00f3m n\u1ea1n nh\u00e2n c\u00f3 ngh\u1ec1 nghi\u1ec7p li\u00ean quan \u0111\u1ebfn \u0111i\u1ec7n c\u00f3 t\u1ef7 l\u1ec7 th\u1ea5p h\u01a1n.\n", "3.1.3.\n", "Ho\u00e0n c\u1ea3nh x\u1ea3y ra\n", "B\u1ea3ng 3.3.\n", "Ho\u00e0n c\u1ea3nh x\u1ea3y ra\n", "Ho\u00e0n c\u1ea3nh S\u1ed1 l\u01b0\u1ee3ng T\u1ef7 l\u1ec7\n", "Lao \u0111\u1ed9ng 20 54,1%\n", "Sinh ho\u1ea1t 8 21,6\n", "Kh\u00f4ng r\u00f5 9 24,3\n", "T\u1ed5ng 37 100\n", "Nh\u1eadn x\u00e9t: H\u1ea7u h\u1ebft c\u00e1c n\u1ea1n nh\u00e2n b\u1ecb \u0111i\u1ec7n gi\u1eadt trong khi lao \u0111\u1ed9ng (54,1%), s\u1ed1 n\u1ea1n nh\u00e2n b\u1ecb \u0111i\u1ec7n gi\u1eadt trong sinh ho\u1ea1t l\u00e0 21,6%.\n", "9 tr\u01b0\u1eddng h\u1ee3p kh\u00f4ng r\u00f5 ho\u00e0n c\u1ea3nh x\u1ea3y ra.\n", "3.1.4.\n", "Lo\u1ea1i \u0111i\u1ec7n \u00e1p\n", "B\u1ea3ng 3.4.\n", "Lo\u1ea1i \u0111i\u1ec7n \u00e1p\n", "\u0110i\u1ec7n \u00e1p S\u1ed1 l\u01b0\u1ee3ng T\u1ef7 l\u1ec7\n", "Cao th\u1ebf 5 13,5\n", "H\u1ea1 th\u1ebf 27 73,0\n", "Kh\u00f4ng r\u00f5 5 13,5\n", "T\u1ed5ng 37 100\n", "Nh\u1eadn x\u00e9t: T\u1eeb b\u1ea3ng 3.3 cho th\u1ea5y n\u1ea1n nh\u00e2n ch\u1ee7 y\u1ebfu ch\u1ebft do \u0111i\u1ec7n h\u1ea1 th\u1ebf v\u1edbi 27 n\u1ea1n nh\u00e2n (73%), s\u1ed1 n\u1ea1n nh\u00e2n ch\u1ebft do \u0111i\u1ec7n cao th\u1ebf \u00edt h\u01a1n r\u1ea5t nhi\u1ec1u (13,5%).\n", "3.1.5.\n", "H\u00ecnh th\u00e1i ph\u00e1p y\n", "B\u1ea3ng 3.5.\n", "H\u00ecnh th\u00e1i ph\u00e1p y\n", "H\u00ecnh th\u00e1i S\u1ed1 l\u01b0\u1ee3ng T\u1ef7 l\u1ec7\n", "Tai n\u1ea1n 34 91,9\n", "\u00c1n m\u1ea1ng 1 2,7\n", "T\u1ef1 t\u1eed 0 0\n", "Kh\u00f4ng r\u00f5 2 5,4\n", "T\u1ed5ng 37 100\n", "Nh\u1eadn x\u00e9t: T\u1eeb b\u1ea3ng 3.4 c\u00f3 th\u1ec3 th\u1ea5y h\u1ea7u h\u1ebft c\u00e1c (2,7%).\n", "Kh\u00f4ng c\u00f3 n\u1ea1n nh\u00e2n n\u00e0o ch\u1ebft do t\u1ef1 t\u1eed.\n", "3.2.\n", "C\u00e1c h\u00ecnh th\u00e1i t\u1ed5n th\u01b0\u01a1ng 3.2.1.\n", "Ph\u00e2n lo\u1ea1i t\u1ed5n th\u01b0\u01a1ng do \u0111i\u1ec7n\n", "B\u1ea3ng 3.6.\n", "T\u1ed5n th\u01b0\u01a1ng b\u1ecfng \u0111i\u1ec7n\n", "V\u1ebft b\u1ecfng \u0111i\u1ec7n S\u1ed1 l\u01b0\u1ee3ng T\u1ef7 l\u1ec7\n", "\u0110\u01b0\u1eddng v\u00e0o 29 78,4\n", "\u0110\u01b0\u1eddng ra 13 35,1\n", "T\u1ed5ng 37 100\n", "Nh\u1eadn x\u00e9t: 29 tr\u01b0\u1eddng h\u1ee3p c\u00f3 v\u1ebft \u0111i\u1ec7n v\u00e0o (78,4%), d\u1ea5u \u0111i\u1ec7n ra c\u00f3 \u1edf 35,1% s\u1ed1 n\u1ea1n nh\u00e2n.\n", "3.2.2.\n", "V\u1ecb tr\u00ed t\u1ed5n th\u01b0\u01a1ng\n", "B\u1ea3ng 3.7.\n", "V\u1ecb tr\u00ed t\u1ed5n th\u01b0\u01a1ng do \u0111i\u1ec7n\n", "V\u1ecb tr\u00ed S\u1ed1 l\u01b0\u1ee3ng T\u1ef7 l\u1ec7\n", "Tay ph\u1ea3i 11 29,7\n", "Tay tr\u00e1i 7 18,9\n", "Ch\u00e2n ph\u1ea3i 3 8,1\n", "Ch\u00e2n tr\u00e1i 0 0\n", "\u0110\u1ea7u - M\u1eb7t - C\u1ed5 3 8,1\n", "Ng\u1ef1c 3 8,1\n", "L\u01b0ng 4 10,8\n", "B\u1ee5ng 2 5,4\n", "Nh\u1eadn x\u00e9t: V\u1ebft th\u01b0\u01a1ng do \u0111i\u1ec7n c\u00f3 m\u1eb7t nhi\u1ec1u nh\u1ea5t \u1edf tay ph\u1ea3i (29,7%), tay tr\u00e1i (18,9%), l\u01b0ng (10,8%), \u0111\u1ea7u-m\u1eb7t-c\u1ed5 (8,1%), ng\u1ef1c (8,1%), ch\u00e2n ph\u1ea3i (8,1%) v\u00e0 b\u1ee5ng (5,4%).\n", "3.2.3.\n", "K\u1ebft qu\u1ea3 x\u00e9t nghi\u1ec7m m\u00f4 b\u1ec7nh h\u1ecdc\n", "B\u1ea3ng 3.8.\n", "C\u00e1c h\u00ecnh th\u00e1i t\u1ed5n th\u01b0\u01a1ng m\u00f4 b\u1ec7nh h\u1ecdc\n", "T\u1ed5n th\u01b0\u01a1ng C\u00f3 T\u1ef7 l\u1ec7\n", "Bong s\u1eebng 23 62,2\n", "B\u00f3c t\u00e1ch, ch\u1ea3y m\u00e1u trong bi\u1ec3u b\u00ec 23 62,2\n", "Ho\u1ea1i t\u1eed \u0111\u00f4ng m\u00f4 li\u00ean k\u1ebft d\u01b0\u1edbi da 18 48,6\n", "\u0110\u00f4ng v\u00f3n h\u00f4ng c\u1ea7u trong l\u00f2ng m\u1ea1ch 15 40,5\n", "Nh\u00e2n t\u1ebf b\u00e0o k\u00e9o d\u00e0i, bi\u1ebfn d\u1ea1ng 19 51,4\n", "Nh\u1eadn x\u00e9t: Trong s\u1ed1 27 n\u1ea1n nh\u00e2n \u0111\u01b0\u1ee3c x\u00e9t nghi\u1ec7m m\u00f4 b\u1ec7nh h\u1ecdc, h\u1ea7u h\u1ebft c\u00f3 d\u1ea5u hi\u1ec7u bong l\u1edbp s\u1eebng, b\u00f3c t\u00e1ch ch\u1ea3y m\u00e1u trong bi\u1ec3u b\u00ec v\u1edbi 62,2%.\n", "Ho\u1ea1i t\u1eed \u0111\u00f4ng m\u00f4 li\u00ean k\u1ebft d\u01b0\u1edbi da l\u00e0 48,6%, \u0111\u00f4ng v\u00f3n h\u1ed3ng c\u1ea7u trong l\u00f2ng m\u1ea1ch l\u00e0 40,6%, h\u00ecnh \u1ea3nh nh\u00e2n t\u1ebf b\u00e0o k\u00e9o d\u00e0i, bi\u1ebfn d\u1ea1ng l\u00e0 51,4%.\n", "3.3.\n", "T\u1ed5n th\u01b0\u01a1ng ph\u1ed1i h\u1ee3p\n", "B\u1ea3ng 3.9.\n", "T\u1ed5n th\u01b0\u01a1ng ph\u1ed1i h\u1ee3p\n", "Lo\u1ea1i t\u1ed5n th\u01b0\u01a1ng S\u1ed1 l\u01b0\u1ee3ng T\u1ef7 l\u1ec7\n", "X\u00e2y s\u00e1t da 7 18,9\n", "CTSN 3 8,1\n", "G\u00e3y x\u01b0\u01a1ng s\u01b0\u1eddn 1 2,7\n", "VTSN 1 2,7\n", "V\u1ebft th\u01b0\u01a1ng r\u00e1ch da 1 2,7\n", "Ng\u1ea1t n\u01b0\u1edbc 1 2,7\n", "Kh\u00f4ng c\u00f3 t\u1ed5n th\u01b0\u01a1ng 25 67,6\n", "T\u1ed5ng 37 100\n", "Nh\u1eadn x\u00e9t: T\u1eeb b\u1ea3ng 3.15 nh\u1eadn th\u1ea5y \u0111a s\u1ed1 c\u00e1c n\u1ea1n nh\u00e2n kh\u00f4ng c\u00f3 t\u1ed5n th\u01b0\u01a1ng ph\u1ed1i h\u1ee3p (67,6%), trong s\u1ed1 12 n\u1ea1n nh\u00e2n c\u00f3 t\u1ed5n th\u01b0\u01a1ng ph\u1ed1i h\u1ee3p, nhi\u1ec1u nh\u1ea5t l\u00e0 x\u00e2y x\u00e1t da c\u00f3 m\u1eb7t tr\u00ean 7 n\u1ea1n nh\u00e2n (18,9%), sau \u0111\u00f3 l\u00e0 ch\u1ea5n th\u01b0\u01a1ng s\u1ecd n\u00e3o c\u00f3 m\u1eb7t tr\u00ean 3 n\u1ea1n nh\u00e2n (8,1%), ti\u1ebfp theo l\u00e0 g\u00e3y x\u01b0\u01a1ng s\u01b0\u1eddn(2,7%), v\u1ebft th\u01b0\u01a1ng s\u1ecd n\u00e3o (2,7%), v\u1ebft ch\u00e9m (2,7%), v\u00e0 n\u01b0\u1edbc v\u00e0o \u0111\u01b0\u1eddng h\u00f4 h\u1ea5p (2,7%).\n"], "4": ["4.\n", "B\u00e0n lu\u1eadn 4.1.\n", "M\u1ed9t s\u1ed1 \u0111\u1eb7c \u0111i\u1ec3m chung c\u1ee7a \u0111\u1ed1i t\u01b0\u1ee3ng nghi\u00ean c\u1ee9u\n", "Tu\u1ed5i/gi\u1edbi c\u1ee7a n\u1ea1n nh\u00e2n: Trong 37 \u0111\u1ed1i t\u01b0\u1ee3ng nghi\u00ean c\u1ee9u, h\u1ea7u h\u1ebft n\u1ea1n nh\u00e2n trong \u0111\u1ed9 tu\u1ed5i lao \u0111\u1ed9ng t\u1eeb 18 \u0111\u1ebfn 60, tr\u00ean 60 tu\u1ed5i c\u00f3 5,4%.\n", "Nh\u1ecf nh\u1ea5t l\u00e0 20 tu\u1ed5i, l\u1edbn tu\u1ed5i nh\u1ea5t l\u00e0 81, tu\u1ed5i trung b\u00ecnh 36,6.\n", "K\u1ebft qu\u1ea3 n\u00e0y ph\u00f9 h\u1ee3p v\u1edbi nghi\u00ean c\u1ee9u c\u1ee7a nhi\u1ec1u t\u00e1c gi\u1ea3 tr\u00ean th\u1ebf gi\u1edbi nh\u01b0\n", "Shaha KK, Joe AE [4], Bharath Kumar Guntheti [5].\n", "N\u1ea1n nh\u00e2n ch\u1ee7 y\u1ebfu l\u00e0 nam v\u1edbi t\u1ef7 l\u1ec7 89,2%, n\u1eef gi\u1edbi ch\u1ec9 chi\u1ebfm 10,8%, t\u1ef7 l\u1ec7 nam/n\u1eef l\u00e0 8,3.\n", "K\u1ebft qu\u1ea3 n\u00e0y l\u00e0 ph\u00f9 h\u1ee3p v\u1edbi nghi\u00ean c\u1ee9u c\u1ee7a Dokov.W [6],\n", "Liu S v\u00e0 c\u1ed9ng s\u1ef1 [7].\n", "Ngh\u1ec1 nghi\u1ec7p: Nh\u00f3m n\u1ea1n nh\u00e2n c\u00f3 ngh\u1ec1 kh\u00f4ng li\u00ean quan \u0111\u1ebfn \u0111i\u1ec7n chi\u1ebfm t\u1ef7 l\u1ec7 cao nh\u1ea5t l\u00e0 73%, nh\u00f3m th\u1ee3 \u0111i\u1ec7n v\u00e0 n\u1ea1n nh\u00e2n c\u00f3 ngh\u1ec1 li\u00ean quan \u0111\u1ebfn \u0111i\u1ec7n l\u00e0 13,5% v\u00e0 10,8%.\n", "K\u1ebft qu\u1ea3 n\u00e0y c\u0169ng t\u01b0\u01a1ng t\u1ef1 nh\u01b0 s\u1ed1 li\u1ec7u c\u1ee7a Dirlik M v\u00e0 c\u1ed9ng s\u1ef1 khi nghi\u00ean c\u1ee9u 34 tr\u01b0\u1eddng h\u1ee3p \u1edf Aydin,\n", "T\u00e2y Th\u1ed5 Nh\u0129 K\u1ef3, k\u1ebft qu\u1ea3 5,9% l\u00e0 th\u1ee3 \u0111i\u1ec7n, c\u00f2n l\u1ea1i l\u00e0 n\u1ea1n nh\u00e2n l\u00e0m c\u00e1c ngh\u1ec1 kh\u00e1c [8].\n", "Ho\u00e0n c\u1ea3nh x\u1ea3y ra: H\u1ea7u h\u1ebft n\u1ea1n nh\u00e2n b\u1ecb tai n\u1ea1n \u0111i\u1ec7n trong lao \u0111\u1ed9ng v\u1edbi (54,1%), b\u1ecb \u0111i\u1ec7n gi\u1eadt trong qu\u00e1 tr\u00ecnh sinh ho\u1ea1t (21,6%), c\u00f3 9 ra.\n", "K\u1ebft qu\u1ea3 nghi\u00ean c\u1ee9u tr\u00ean ph\u00f9 h\u1ee3p v\u1edbi s\u1ed1 li\u1ec7u trong nghi\u00ean c\u1ee9u c\u1ee7a Lucas.J [9] tr\u00ean 59 n\u1ea1n nh\u00e2n b\u1ecb \u0111i\u1ec7n gi\u1eadt \u1edf B\u1eafc Ireland v\u1edbi g\u1ea7n 60% n\u1ea1n nh\u00e2n \u0111ang h\u00e0nh ngh\u1ec1.\n", "Kumar S v\u00e0 c\u1ed9ng s\u1ef1 [1] c\u0169ng \u0111\u01b0a ra k\u1ebft lu\u1eadn t\u01b0\u01a1ng t\u1ef1.\n", "\u0110i\u1ec7n \u00e1p: 73% s\u1ed1 n\u1ea1n nh\u00e2n ch\u1ebft do \u0111i\u1ec7n h\u1ea1 th\u1ebf, do \u0111i\u1ec7n cao th\u1ebf v\u1edbi 13,5%, k\u1ebft qu\u1ea3 n\u00e0y c\u0169ng t\u01b0\u01a1ng t\u1ef1 v\u1edbi s\u1ed1 li\u1ec7u trong nghi\u00ean c\u1ee9u c\u1ee7a Lucas.\n", "J [9] v\u1edbi tai n\u1ea1n do \u0111i\u1ec7n \u00e1p th\u1ea5p x\u1ea3y ra nhi\u1ec1u h\u01a1n trong 52%.\n", "Kumar v\u00e0 c\u1ed9ng s\u1ef1 [2] c\u0169ng nh\u1eadn x\u00e9t tai n\u1ea1n \u0111i\u1ec7n th\u1ebf th\u1ea5p l\u00e0 nguy\u00ean nh\u00e2n ch\u00ednh g\u00e2y ra c\u00e1c v\u1ee5 t\u1eed vong do \u0111i\u1ec7n gi\u1eadt v\u1edbi 67,74% v\u00e0 \u0111i\u1ec7n th\u1ebf cao l\u00e0 32,26%.\n", "H\u00ecnh th\u00e1i ph\u00e1p y: Trong 37 n\u1ea1n nh\u00e2n, h\u1ea7u h\u1ebft c\u00e1c tr\u01b0\u1eddng h\u1ee3p ch\u1ebft do tai n\u1ea1n \u0111i\u1ec7n (91.9%), \u00e1n m\u1ea1ng 1 (2,7%), t\u1ef1 t\u1eed 0, c\u00f3 2 tr\u01b0\u1eddng h\u1ee3p kh\u00f4ng r\u00f5 ho\u00e0n c\u1ea3nh x\u1ea3y ra.\n", "S\u1ed1 li\u1ec7u tr\u00ean t\u01b0\u01a1ng \u0111\u1ed3ng v\u1edbi k\u1ebft qu\u1ea3 nghi\u00ean c\u1ee9u c\u1ee7a\n", "Mukherjee B v\u00e0 c\u1ed9ng s\u1ef1 nghi\u00ean c\u1ee9u trong 10 n\u0103m (2004-2014) \u1edf T\u00e2y Maharashtra, \u1ea4n \u0110\u1ed9 c\u00f3 100% c\u00e1c tr\u01b0\u1eddng h\u1ee3p l\u00e0 do tai n\u1ea1n [3].\n", "C\u00e1c t\u00e1c gi\u1ea3 kh\u00e1c nh\u01b0 Dirlik M v\u00e0 c\u1ed9ng s\u1ef1 [8], Dokov\n", "W [6] v\u00e0 Liu S [7] c\u0169ng \u0111\u1ec1u c\u00f3 nh\u1eadn x\u00e9t r\u1eb1ng c\u00e1c tr\u01b0\u1eddng h\u1ee3p ch\u1ebft do \u0111i\u1ec7n li\u00ean quan \u0111\u1ebfn \u00e1n m\u1ea1ng v\u00e0 t\u1ef1 t\u1eed l\u00e0 r\u1ea5t hi\u1ebfm.\n", "4.2.\n", "C\u00e1c h\u00ecnh th\u00e1i t\u1ed5n th\u01b0\u01a1ng\n", "Ph\u00e2n b\u1ed1 t\u1ed5n th\u01b0\u01a1ng ngo\u00e0i da: Khi d\u00f2ng \u0111i\u1ec7n \u0111i qua, c\u00f3 th\u1ec3 c\u00f3 ho\u1eb7c kh\u00f4ng c\u00f3 t\u1ed5n th\u01b0\u01a1ng nh\u00ecn th\u1ea5y \u0111\u01b0\u1ee3c, ph\u1ee5 thu\u1ed9c v\u00e0o m\u1eadt \u0111\u1ed9 c\u1ee7a d\u00f2ng \u0111i\u1ec7n tr\u00ean m\u1ed9t di\u1ec7n t\u00edch da v\u00e0 t\u00ednh d\u1eabn \u0111i\u1ec7n c\u1ee7a da, Regula Wick [10] cho r\u1eb1ng v\u1ebft b\u1ecfng \u0111i\u1ec7n \u0111i\u1ec3n h\u00ecnh l\u00e0 ti\u00eau chu\u1ea9n \u0111\u1ec3 ch\u1ea9n \u0111o\u00e1n c\u01a1 th\u1ec3 ti\u1ebfp x\u00fac v\u1edbi \u0111i\u1ec7n.\n", "S\u1ed1 li\u1ec7u trong nghi\u00ean c\u1ee9u c\u1ee7a ch\u00fang t\u00f4i ( b\u1ea3ng 3.6 v\u00e0 3.7) ghi nh\u1eadn 29 tr\u01b0\u1eddng h\u1ee3p c\u00f3 v\u1ebft \u0111i\u1ec7n v\u00e0o (78,4%), d\u1ea5u \u0111i\u1ec7n ra c\u00f3 \u1edf 35.1% s\u1ed1 n\u1ea1n nh\u00e2n.\n", "D\u1ea5u \u0111i\u1ec7n v\u00e0o c\u00f3 m\u1eb7t nhi\u1ec1u nh\u1ea5t \u1edf tay ph\u1ea3i v\u1edbi (29,7%), tay tr\u00e1i: 18,9%, l\u01b0ng: 10,8%, \u0111\u1ea7u-m\u1eb7t-c\u1ed5: 8,1%.\n", "S\u1ed1 li\u1ec7u trong nghi\u00ean c\u1ee9u c\u1ee7a ch\u00fang t\u00f4i ph\u00f9 h\u1ee3p v\u1edbi nghi\u00ean c\u1ee9u c\u1ee7a Bharath Kumar Guntheti [5] v\u1edbi h\u1ea7u h\u1ebft c\u00e1c 75,80%, d\u1ea5u \u0111i\u1ec7n ra 38,71%, ph\u1ea7n l\u1edbn d\u1ea5u \u0111i\u1ec7n v\u00e0o \u1edf tay ph\u1ea3i 40,32%, sau \u0111\u00f3 l\u00e0 tay tr\u00e1i 11,51%.\n", "V\u1ebft \u0111i\u1ec7n ra hay g\u1eb7p \u1edf ch\u00e2n tr\u00e1i 20,96%, ti\u1ebfp theo l\u00e0 ch\u00e2n ph\u1ea3i 9,68% v\u00e0 tay tr\u00e1i 6,45%.\n", "V\u1ebft ch\u00e1y b\u1ecfng do \u0111i\u1ec7n: Trong nghi\u00ean c\u1ee9u ch\u00fang t\u00f4i g\u1eb7p 1 tr\u01b0\u1eddng h\u1ee3p m\u00f4 t\u1ea3 tay tr\u00e1i c\u1ee7a n\u1ea1n nh\u00e2n b\u1ecb ch\u00e1y th\u00e0nh than.\n", "Theo Bharath\n", "Kumar Guntheti [5] trong b\u1ecfng \u0111i\u1ec7n cao th\u1ebf, tia l\u1eeda \u0111i\u1ec7n c\u00f3 nhi\u1ec7t \u0111\u1ed9 kho\u1ea3ng 4000\u00b0C l\u00e0m cho c\u00e1c ch\u1ea5t s\u1eebng b\u00ean ngo\u00e0i da tan ch\u1ea3y.\n", "Khi ngu\u1ed9i, keratin ch\u00e1y tr\u1edf th\u00e0nh n\u1ed1t n\u00e2u c\u1ee9ng, th\u01b0\u1eddng n\u1ed5i l\u00ean so v\u1edbi b\u1ec1 m\u1eb7t xung quanh g\u1ecdi l\u00e0 v\u1ebft ch\u1ea3y b\u1ecfng do \u0111i\u1ec7n l\u00e0 d\u1ea5u hi\u1ec7u \u0111\u1eb7c hi\u1ec7u \u0111\u1ec3 ch\u1ea9n \u0111o\u00e1n t\u1ed5n th\u01b0\u01a1ng do \u0111i\u1ec7n cao th\u1ebf.\n", "X\u00e9t nghi\u1ec7m m\u00f4 b\u1ec7nh h\u1ecdc: Khi v\u1ebft \u0111i\u1ec7n kh\u00f4ng r\u00f5 ho\u1eb7c kh\u00f4ng \u0111i\u1ec3n h\u00ecnh, x\u00e9t nghi\u1ec7m m\u00f4 b\u1ec7nh h\u1ecdc c\u00f3 vai tr\u00f2 quan tr\u1ecdng \u0111\u1ec3 ch\u1ea9n \u0111o\u00e1n nguy\u00ean nh\u00e2n ch\u1ebft do \u0111i\u1ec7n.\n", "Trong s\u1ed1 27 n\u1ea1n nh\u00e2n \u0111\u01b0\u1ee3c x\u00e9t nghi\u1ec7m m\u00f4 b\u1ec7nh h\u1ecdc, h\u1ea7u h\u1ebft c\u00f3 d\u1ea5u hi\u1ec7u bong l\u1edbp s\u1eebng, b\u00f3c t\u00e1ch ch\u1ea3y m\u00e1u trong bi\u1ec3u b\u00ec v\u1edbi 62,2%.\n", "Ho\u1ea1i t\u1eed \u0111\u00f4ng m\u00f4 li\u00ean k\u1ebft d\u01b0\u1edbi da l\u00e0 48,6%, \u0111\u00f4ng v\u00f3n h\u1ed3ng c\u1ea7u trong l\u00f2ng m\u1ea1ch l\u00e0 40,6%, h\u00ecnh \u1ea3nh nh\u00e2n t\u1ebf b\u00e0o k\u00e9o d\u00e0i, bi\u1ebfn d\u1ea1ng l\u00e0 51,4%.\n", "K\u1ebft qu\u1ea3 c\u1ee7a ch\u00fang t\u00f4i c\u00f3 s\u1ef1 kh\u00e1c bi\u1ec7t so v\u1edbi\n", "Bharath Kumar Guntheti [5] khi x\u00e9t nghi\u1ec7m m\u00f4 b\u1ec7nh h\u1ecdc cho 11 tr\u01b0\u1eddng h\u1ee3p \u1edf Khammam, \u1ea4n\n", "\u0110\u1ed9 trong th\u1eddi gian 1 n\u0103m t\u1eeb th\u00e1ng 10/2007 \u0111\u1ebfn th\u00e1ng 9/2008, k\u1ebft qu\u1ea3: H\u00ecnh \u1ea3nh b\u00f3c t\u00e1ch trong bi\u1ec3u b\u00ec: 81,81%: h\u1ed1c s\u00e1ng trong c\u00e1c l\u1edbp da: 90,9%; h\u00ecnh \u1ea3nh t\u1ebf b\u00e0o v\u00e0 nh\u00e2n k\u00e9o d\u00e0i d\u1ea1ng h\u00ecnh l\u01b0\u1ee3c: 90,9%.\n", "Nguy\u00ean nh\u00e2n c\u1ee7a s\u1ef1 kh\u00e1c bi\u1ec7t n\u00e0y c\u00f3 th\u1ec3 do s\u1ef1 kh\u00e1c bi\u1ec7t v\u1ec1 c\u1ee1 m\u1eabu nghi\u00ean c\u1ee9u.\n", "T\u1ed5n th\u01b0\u01a1ng ph\u1ed1i h\u1ee3p: T\u1ed5n th\u01b0\u01a1ng ph\u1ed1i h\u1ee3p h\u00ecnh th\u00e0nh do trong qu\u00e1 tr\u00ecnh \u0111i\u1ec7n gi\u1eadt, n\u1ea1n nh\u00e2n c\u00f3 th\u1ec3 b\u1ecb ng\u00e3 t\u1eeb c\u1ed9t \u0111i\u1ec7n, v\u0103ng ra xa, b\u1ecb va \u0111\u1eadp,ho\u1eb7c trong m\u1ed9t s\u1ed1 v\u1ee5 \u00e1n m\u1ea1ng c\u00f3 th\u1ec3 k\u00e8m theo c\u00e1c th\u01b0\u01a1ng t\u00edch c\u1ee7a s\u1ef1 ch\u1ed1ng c\u1ef1 c\u1ee7a n\u1ea1n nh\u00e2n v\u1edbi hung th\u1ee7.\n", "T\u1ed5n th\u01b0\u01a1ng th\u01b0\u1eddng l\u00e0 c\u00e1c v\u1ebft x\u00e2y s\u00e1t, v\u1ebft m\u00e0i m\u00f2n, g\u00e3y x\u01b0\u01a1ng,...\n", "B\u1ea3ng 3.9 nh\u1eadn th\u1ea5y \u0111a s\u1ed1 c\u00e1c n\u1ea1n nh\u00e2n kh\u00f4ng c\u00f3 t\u1ed5n th\u01b0\u01a1ng ph\u1ed1i h\u1ee3p (67,6%), trong s\u1ed1 12 n\u1ea1n nh\u00e2n c\u00f3 t\u1ed5n th\u01b0\u01a1ng ph\u1ed1i h\u1ee3p, nhi\u1ec1u nh\u1ea5t l\u00e0 x\u00e2y x\u00e1t da c\u00f3 m\u1eb7t tr\u00ean 7 n\u1ea1n nh\u00e2n (18,9%), sau \u0111\u00f3 l\u00e0 ch\u1ea5n th\u01b0\u01a1ng s\u1ecd n\u00e3o c\u00f3 \u1edf 3 n\u1ea1n nh\u00e2n (8,1%), ti\u1ebfp theo l\u00e0 g\u00e3y x\u01b0\u01a1ng s\u01b0\u1eddn (2,7%), v\u1ebft th\u01b0\u01a1ng s\u1ecd n\u00e3o (2,7%), v\u1ebft ch\u00e9m (2,7%), v\u00e0 ng\u1ea1t n\u01b0\u1edbc (2,7%).\n"], "5": ["5.\n", "K\u1ebft lu\u1eadn 5.1.\n", "C\u00e1c y\u1ebfu t\u1ed1 d\u1ecbch t\u1ec5 - Nam gi\u1edbi chi\u1ebfm \u01b0u th\u1ebf 89,2%, \u0111\u1ed9 tu\u1ed5i t\u1eeb 18-60 (94,6%), t\u1eadp trung trong nh\u00f3m 18-30 chi\u1ebfm 37,4%, nh\u00f3m tu\u1ed5i 41-50 chi\u1ebfm 27,9%.\n", "- \u0110a s\u1ed1 c\u00e1c n\u1ea1n nh\u00e2n c\u00f3 ngh\u1ec1 nghi\u1ec7p kh\u00f4ng li\u00ean quan \u0111\u1ebfn \u0111i\u1ec7n chi\u1ebfm 73%.\n", "- H\u1ea7u h\u1ebft n\u1ea1n nh\u00e2n b\u1ecb \u0111i\u1ec7n gi\u1eadt trong qu\u00e1 tr\u00ecnh lao \u0111\u1ed9ng 54,1%.\n", "- \u0110i\u1ec7n h\u1ea1 th\u1ebf l\u00e0 nguy\u00ean nh\u00e2n ch\u00ednh, do tai n\u1ea1n 91,9%, 1 tr\u01b0\u1eddng h\u1ee3p \u00e1n m\u1ea1ng 2,7%.\n", "5.2.\n", "H\u00ecnh th\u00e1i t\u1ed5n th\u01b0\u01a1ng - T\u00ecm th\u1ea5y d\u1ea5u \u0111i\u1ec7n 78,4%, ch\u1ee7 y\u1ebfu l\u00e0 d\u1ea5u \u0111i\u1ec7n v\u00e0o 78,4%, d\u1ea5u \u0111i\u1ec7n cao nh\u1ea5t \u1edf tay ph\u1ea3i 29,7%.\n", "- X\u00e9t nghi\u1ec7m m\u00f4 b\u1ec7nh h\u1ecdc \u0111i\u1ec3n h\u00ecnh: bong l\u1edbp s\u1eebng, b\u00f3c t\u00e1ch ch\u1ea3y m\u00e1u trong bi\u1ec3u b\u00ec, ho\u1ea1i t\u1eed \u0111\u00f4ng m\u00f4 li\u00ean k\u1ebft d\u01b0\u1edbi da, \u0111\u00f4ng v\u00f3n h\u1ed3ng c\u1ea7u trong l\u00f2ng m\u1ea1ch, nh\u00e2n t\u1ebf b\u00e0o k\u00e9o d\u00e0i, bi\u1ebfn d\u1ea1ng t\u1ebf b\u00e0o l\u1edbp \u0111\u00e1y (h\u00ecnh l\u01b0\u1ee3c).\n"]}, "Word count": 2380}