{"title": "Original Article\n", "content": {"0": ["T\u00f3m t\u1eaft tr\u01b0\u1eddng h\u1ee3p 2: - B\u1ec7nh nh\u00e2n nam, sinh n\u0103m 1957.\n", "+ Ch\u1ea9n \u0111o\u00e1n ch\u00ednh: t\u0103ng lipid m\u00e1u h\u1ed7n h\u1ee3p; + Vi\u00eam h\u1ecdng c\u1ea5p; ho; kh\u00f3 \u1edf v\u00e0 m\u1ec7t m\u1ecfi; R\u1ed1i lo\u1ea1n ch\u1ee9c n\u0103ng gan trong b\u1ec7nh ph\u00e2n lo\u1ea1i n\u01a1i kh\u00e1c.\n", "- Thu\u1ed1c k\u00ea ng\u00e0y 14/01/2021: Clarithromycin 500mg; Tatanol 500mg (Paracetamol); Prospan Cough Syrup;\n", "Atiliver Di\u1ec7p h\u1ea1 ch\u00e2u ; Vastanic 10mg (Lovastatin).\n", "M\u00f4 t\u1ea3 can thi\u1ec7p c\u1ee7a d\u01b0\u1ee3c s\u0129 l\u00e2m s\u00e0ng: - Ki\u1ec3m tra b\u00e1o c\u00e1o t\u01b0\u01a1ng t\u00e1c tr\u00ean h\u1ec7 th\u1ed1ng, ph\u00e1t hi\u1ec7n 2 l\u01b0\u1ee3t TTT CC\u0110.\n", "- Ki\u1ec3m tra th\u00f4ng tin b\u1ec7nh nh\u00e2n, khoa l\u00e2m s\u00e0ng, \u0111\u1eb7c \u0111i\u1ec3m k\u00ea \u0111\u01a1n, b\u00e1c s\u0129 k\u00ea \u0111\u01a1n.\n", "- Trao \u0111\u1ed5i l\u1ea1i cho b\u00e1c s\u0129 k\u00ea \u0111\u01a1n v\u1ec1 b\u1ec7nh nh\u00e2n xu\u1ea5t hi\u1ec7n TTT CC\u0110.\n", "- D\u01b0\u1ee3c s\u0129 l\u00e2m s\u00e0ng v\u00e0 b\u00e1c s\u0129 \u0111\u1ed3ng thu\u1eadn x\u1eed tr\u00ed: hu\u1ef7 y l\u1ec7nh, thay th\u1ebf thu\u1ed1c kh\u00e1c, c\u1ee5 th\u1ec3: + Tr\u01b0\u1eddng h\u1ee3p 1: thay th\u1ebf Clarithromycin 500mg sang Levofloxacin 500mg.\n", "+ Tr\u01b0\u1eddng h\u1ee3p 2: thay th\u1ebf Lovastatin sang Rosuvastatin, do Rosuvastatin c\u00f3 kh\u1ea3 n\u0103ng t\u01b0\u01a1ng t\u00e1c th\u1ea5p h\u01a1n.\n", "Nh\u01b0 v\u1eady, v\u1edbi 2 l\u01b0\u1ee3t TTT CC\u0110 xu\u1ea5t hi\u1ec7n trong \u0111\u01a1n k\u00ea cho b\u1ec7nh nh\u00e2n \u0111i\u1ec1u tr\u1ecb n\u1ed9i tr\u00fa \u0111\u00e3 \u0111\u01b0\u1ee3c ph\u00f2ng tr\u00e1nh sau khi th\u1ef1c hi\u1ec7n y l\u1ec7nh.\n", "C\u00e1c ng\u00e0y ti\u1ebfp theo cho \u0111\u1ebfn h\u1ebft ng\u00e0y 31/3/2021, nh\u00f3m nghi\u00ean c\u1ee9u kh\u00f4ng ph\u00e1t hi\u1ec7n \u0111\u01b0\u1ee3c tr\u01b0\u1eddng h\u1ee3p\n", "TTT CC\u0110 n\u00e0o \u0111\u01b0\u1ee3c k\u00ea \u0111\u01a1n.\n"], "1": ["1.\n", "M\u1edf \u0111\u1ea7u\n", "T\u01b0\u01a1ng t\u00e1c thu\u1ed1c (TTT) b\u1ea5t l\u1ee3i l\u00e0 m\u1ed9t trong nh\u1eefng nguy\u00ean nh\u00e2n g\u00e2y ra c\u00e1c bi\u1ebfn c\u1ed1 b\u1ea5t l\u1ee3i c\u1ee7a thu\u1ed1c, g\u00e2y gi\u1ea3m hi\u1ec7u qu\u1ea3 \u0111i\u1ec1u tr\u1ecb, k\u00e9o d\u00e0i th\u1eddi gian n\u1eb1m vi\u1ec7n, t\u0103ng chi ph\u00ed \u0111i\u1ec1u tr\u1ecb, v\u00e0 th\u1eadm ch\u00ed c\u00f3 th\u1ec3 g\u00e2y t\u1eed vong cho b\u1ec7nh nh\u00e2n [1].\n", "Hi\u1ec7n nay, _* T\u00e1c gi\u1ea3 li\u00ean h\u1ec7.\n", "c\u00e1c c\u01a1 s\u1edf d\u1eef li\u1ec7u tra c\u1ee9u t\u01b0\u01a1ng t\u00e1c thu\u1ed1c r\u1ea5t phong ph\u00fa, \u0111a d\u1ea1ng bao g\u1ed3m c\u1ea3 s\u00e1ch chuy\u00ean kh\u1ea3o l\u1eabn ph\u1ea7n m\u1ec1m duy\u1ec7t t\u01b0\u01a1ng t\u00e1c tr\u1ef1c tuy\u1ebfn.\n", "Tuy nhi\u00ean, do c\u01a1 s\u1edf d\u1eef li\u1ec7u s\u1eed d\u1ee5ng trong c\u00e1c ph\u1ea7n m\u1ec1m kh\u00e1c nhau n\u00ean k\u1ebft qu\u1ea3 duy\u1ec7t t\u01b0\u01a1ng t\u00e1c c\u00f3 s\u1ef1 kh\u00e1c bi\u1ec7t v\u1ec1 m\u1ee9c \u0111\u1ed9 nghi\u00eam tr\u1ecdng v\u00e0 khuy\u1ebfn c\u00e1o x\u1eed tr\u00ed.\n", "\u0110i\u1ec1u n\u00e0y g\u00e2y nhi\u1ec1u kh\u00f3 kh\u0103n cho b\u00e1c s\u1ef9, d\u01b0\u1ee3c s\u1ef9 trong vi\u1ec7c ch\u1ecdn l\u1ef1a ngu\u1ed3n th\u00f4ng tin ph\u00f9 h\u1ee3p v\u00e0 ch\u00ednh x\u00e1c.\n", "\u0110\u1ec3 kh\u1eafc ph\u1ee5c nh\u1eefng kh\u00f3 kh\u0103n tr\u00ean v\u00e0 thu\u1eadn ti\u1ec7n tra c\u1ee9u th\u00f4ng tin, \u0111\u00e3 c\u00f3 nhi\u1ec1u b\u1ec7nh vi\u1ec7n v\u00e0 c\u01a1 s\u1edf kh\u00e1m ch\u1eefa b\u1ec7nh tr\u00ean th\u1ebf gi\u1edbi v\u00e0 Vi\u1ec7t Nam \u0111\u00e3 x\u00e2y d\u1ef1ng b\u1ea3ng danh m\u1ee5c c\u00e1c t\u01b0\u01a1ng t\u00e1c thu\u1ed1c b\u1ea5t l\u1ee3i ri\u00eang trong th\u1ef1c h\u00e0nh l\u00e2m s\u00e0ng t\u1ea1i B\u1ec7nh vi\u1ec7n, sau \u0111\u00f3 t\u00edch h\u1ee3p v\u00e0o h\u1ec7 th\u1ed1ng h\u1ed7 tr\u1ee3 quy\u1ebft \u0111\u1ecbnh l\u00e2m s\u00e0ng (CDSS) c\u1ee7a ph\u1ea7n m\u1ec1m qu\u1ea3n l\u00fd b\u1ec7nh vi\u1ec7n (HIS) nh\u1eb1m c\u1ea3nh b\u00e1o c\u00e1c c\u1eb7p t\u01b0\u01a1ng t\u00e1c thu\u1ed1c b\u1ea5t l\u1ee3i khi k\u00ea \u0111\u01a1n [2-4].\n", "B\u1ec7nh vi\u1ec7n \u0110a khoa t\u1ec9nh\n", "L\u00e0o Cai l\u00e0 m\u1ed9t b\u1ec7nh vi\u1ec7n \u0111a khoa h\u1ea1ng I c\u1ee7a t\u1ec9nh\n", "L\u00e0o Cai, l\u00e0 tuy\u1ebfn cao nh\u1ea5t trong t\u1ec9nh, ti\u1ebfp nh\u1eadn s\u1ed1 l\u01b0\u1ee3ng l\u1edbn b\u1ec7nh nh\u00e2n \u0111\u1ebfn kh\u00e1m v\u00e0 ch\u1eefa b\u1ec7nh v\u1edbi nhi\u1ec1u t\u00ecnh tr\u1ea1ng b\u1ec7nh l\u00fd kh\u00e1c nhau.\n", "Vi\u1ec7c k\u00ea \u0111\u01a1n c\u00e1c thu\u1ed1c c\u00f3 t\u01b0\u01a1ng t\u00e1c thu\u1ed1c b\u1ea5t l\u1ee3i s\u1ebd mang l\u1ea1i nguy c\u01a1 r\u1ee7i ro cao cho b\u1ec7nh nh\u00e2n, v\u00ec v\u1eady b\u1ec7nh tri\u1ec7t \u0111\u1ec3 c\u00e1c c\u1eb7p t\u01b0\u01a1ng t\u00e1c thu\u1ed1c khi k\u00ea \u0111\u01a1n, \u0111\u1ea3m b\u1ea3o s\u1eed d\u1ee5ng thu\u1ed1c an to\u00e0n, h\u1ee3p l\u00fd v\u00e0 hi\u1ec7u qu\u1ea3.\n", "Nghi\u00ean c\u1ee9u n\u00e0y \u0111\u01b0\u1ee3c th\u1ef1c hi\u1ec7n v\u1edbi m\u1ee5c ti\u00eau \u0111\u00e1nh gi\u00e1 hi\u1ec7u qu\u1ea3 c\u1ee7a vi\u1ec7c qu\u1ea3n l\u00fd t\u01b0\u01a1ng t\u00e1c thu\u1ed1c b\u1ea5t l\u1ee3i tr\u00ean b\u1ec7nh nh\u00e2n \u0111i\u1ec1u tr\u1ecb n\u1ed9i tr\u00fa th\u00f4ng qua vi\u1ec7c t\u00edch h\u1ee3p h\u1ec7 th\u1ed1ng c\u1ea3nh b\u00e1o t\u01b0\u01a1ng t\u00e1c thu\u1ed1c tr\u00ean ph\u1ea7n m\u1ec1m HIS v\u00e0 ho\u1ea1t \u0111\u1ed9ng c\u1ee7a d\u01b0\u1ee3c s\u0129 l\u00e2m s\u00e0ng t\u1ea1i B\u1ec7nh vi\u1ec7n.\n"], "2": ["2.\n", "\u0110\u1ed1i t\u01b0\u1ee3ng v\u00e0 ph\u01b0\u01a1ng ph\u00e1p nghi\u00ean c\u1ee9u 2.1.\n", "\u0110\u1ed1i t\u01b0\u1ee3ng nghi\u00ean c\u1ee9u\n", "T\u1ea5t c\u1ea3 \u0111\u01a1n thu\u1ed1c \u0111\u01b0\u1ee3c k\u00ea c\u00f3 c\u1ea3nh b\u00e1o t\u01b0\u01a1ng t\u00e1c thu\u1ed1c b\u1ea5t l\u1ee3i \u0111\u01b0\u1ee3c l\u1ea5y t\u1eeb h\u1ec7 th\u1ed1ng b\u00e1o c\u00e1o l\u01b0u v\u1ebft, gi\u00e1m s\u00e1t tr\u00ean ph\u1ea7n m\u1ec1m HIS t\u1ea1i Khoa D\u01b0\u1ee3c, t\u1eeb 01/01/2021 \u0111\u1ebfn 31/3/2021.\n", "2.2.\n", "Ph\u01b0\u01a1ng ph\u00e1p nghi\u00ean c\u1ee9u\n", "Thi\u1ebft k\u1ebf nghi\u00ean c\u1ee9u: nghi\u00ean c\u1ee9u thu\u1ea7n t\u1eadp, m\u00f4 t\u1ea3 qu\u00e1 tr\u00ecnh qu\u1ea3n l\u00fd t\u1eebng c\u1eb7p t\u01b0\u01a1ng t\u00e1c thu\u1ed1c \u0111\u01b0\u1ee3c c\u1ea3nh b\u00e1o, l\u01b0u v\u1ebft v\u00e0 gi\u00e1m s\u00e1t tr\u00ean ph\u1ea7n m\u1ec1m HIS c\u1ee7a b\u1ec7nh vi\u1ec7n c\u00f3 t\u00edch h\u1ee3p h\u1ec7 th\u1ed1ng c\u1ea3nh b\u00e1o t\u01b0\u01a1ng t\u00e1c thu\u1ed1c.\n", "Quy tr\u00ecnh nghi\u00ean c\u1ee9u: d\u1ef1a tr\u00ean danh m\u1ee5c t\u01b0\u01a1ng t\u00e1c thu\u1ed1c b\u1ea5t l\u1ee3i c\u1ea7n ch\u00fa \u00fd \u0111\u01b0\u1ee3c x\u00e2y d\u1ef1ng v\u00e0 ph\u00ea duy\u1ec7t b\u1edfi H\u1ed9i \u0111\u1ed3ng thu\u1ed1c v\u00e0 \u0111i\u1ec1u tr\u1ecb c\u1ee7a g\u1ed3m 50 c\u1eb7p t\u01b0\u01a1ng t\u00e1c thu\u1ed1c ch\u1ed1ng ch\u1ec9 \u0111\u1ecbnh (TTT CC\u0110) v\u00e0 33 c\u1eb7p t\u01b0\u01a1ng t\u00e1c thu\u1ed1c nghi\u00eam tr\u1ecdng (TTT NT).\n", "Nh\u00f3m nghi\u00ean c\u1ee9u c\u00f9ng ph\u1ed1i h\u1ee3p v\u1edbi c\u00f4ng ngh\u1ec7 th\u00f4ng tin \u0111\u1ec3 t\u00edch h\u1ee3p danh m\u1ee5c t\u01b0\u01a1ng t\u00e1c n\u00e0y v\u00e0o h\u1ec7 th\u1ed1ng h\u1ed7 tr\u1ee3 quy\u1ebft \u0111\u1ecbnh l\u00e2m s\u00e0ng (CDSS) trong ph\u1ea7n m\u1ec1m HIS v\u1edbi code l\u1eadp tr\u00ecnh SQL, nh\u1eb1m xu\u1ea5t hi\u1ec7n c\u1ea3nh b\u00e1o \u0111\u01a1n thu\u1ed1c c\u00f3 t\u01b0\u01a1ng t\u00e1c v\u1edbi c\u00e1c m\u1ee9c \u0111\u1ed9 x\u1eed tr\u00ed t\u1eebng c\u1eb7p t\u01b0\u01a1ng t\u00e1c thu\u1ed1c khi k\u00ea \u0111\u01a1n.\n", "Sau khi k\u00ea \u0111\u01a1n m\u00e0 c\u00f3 c\u1ea3nh b\u00e1o t\u01b0\u01a1ng t\u00e1c thu\u1ed1c, b\u00e1c s\u0129 s\u1ebd c\u00e2n nh\u1eafc l\u1ee3i \u00edch v\u00e0 nguy c\u01a1 tr\u00ean t\u1eebng b\u1ec7nh nh\u00e2n \u0111\u1ec3 th\u1ef1c hi\u1ec7n y l\u1ec7nh (ho\u1eb7c hu\u1ef7 k\u00ea thu\u1ed1c \u0111\u1ec3 tr\u00e1nh t\u01b0\u01a1ng t\u00e1c ho\u1eb7c ti\u1ebfp t\u1ee5c k\u00ea \u0111\u01a1n ti\u1ebfp nh\u01b0ng ph\u1ea3i ghi r\u00f5 l\u00fd do).\n", "T\u1ea5t c\u1ea3 qu\u00e1 tr\u00ecnh th\u1ef1c hi\u1ec7n y l\u1ec7nh \u0111\u01b0\u1ee3c h\u1ec7 th\u1ed1ng ph\u1ea7n m\u1ec1m l\u01b0u v\u1ebft theo m\u1ed9t b\u00e1o c\u00e1o c\u00f3 th\u1ec3 gi\u00e1m s\u00e1t \u0111\u01b0\u1ee3c t\u1ea1i Khoa D\u01b0\u1ee3c.\n", "D\u01b0\u1ee3c s\u0129 l\u00e2m s\u00e0ng s\u1ebd xem x\u00e9t, t\u1ed5ng h\u1ee3p l\u1ea1i c\u00e1c y v\u0103n ch\u00ednh th\u1ed1ng v\u00e0 l\u00fd do c\u1ee7a b\u00e1c s\u0129 k\u00ea \u0111\u01a1n \u0111\u1ec3 ti\u1ebfn h\u00e0nh trao \u0111\u1ed5i v\u1edbi b\u00e1c s\u0129 nh\u1eb1m \u0111\u1ed3ng thu\u1eadn \u0111\u01b0a ra c\u00e1ch x\u1eed tr\u00ed/qu\u1ea3n l\u00fd ph\u00f9 h\u1ee3p nh\u1ea5t tr\u00ean t\u1eebng b\u1ec7nh nh\u00e2n.\n", "C\u00e1c h\u00ecnh th\u1ee9c \u0111\u1ed3ng thu\u1eadn \u0111\u01b0\u1ee3c l\u01b0u l\u1ea1i t\u1ea1i Khoa d\u01b0\u1ee3c \u0111\u1ec3 theo d\u00f5i c\u00f9ng b\u00e1c s\u0129 trong qu\u00e1 tr\u00ecnh \u0111i\u1ec1u tr\u1ecb cho b\u1ec7nh nh\u00e2n t\u1ea1i B\u1ec7nh vi\u1ec7n.\n", "Ph\u01b0\u01a1ng ph\u00e1p thu th\u1eadp v\u00e0 x\u1eed l\u00fd s\u1ed1 li\u1ec7u: s\u1ed1 li\u1ec7u \u0111\u01b0\u1ee3c nh\u1eadp v\u00e0 x\u1eed l\u00fd theo c\u00e1c thu\u1eadt to\u00e1n th\u1ed1ng k\u00ea y h\u1ecdc, s\u1eed d\u1ee5ng ph\u1ea7n m\u1ec1m SPSS 20.0 \u0111\u1ec3 t\u00ednh gi\u00e1 tr\u1ecb trung b\u00ecnh, \u0111\u1ed9 l\u1ec7ch chu\u1ea9n, gi\u00e1 tr\u1ecb trung v\u1ecb, t\u1ef7 l\u1ec7 c\u1ee7a c\u00e1c bi\u1ebfn s\u1ed1.\n"], "3": ["3.\n", "K\u1ebft qu\u1ea3 nghi\u00ean c\u1ee9u 3.1.\n", "\u0110\u1eb7c \u0111i\u1ec3m c\u1ee7a b\u1ec7nh nh\u00e2n c\u00f3 xu\u1ea5t hi\u1ec7n t\u01b0\u01a1ng t\u00e1c thu\u1ed1c b\u1ea5t l\u1ee3i\n", "Trong th\u1eddi gian t\u1eeb 01/01/2021 \u0111\u1ebfn 31/3/2021 tr\u00ean to\u00e0n b\u1ed9 b\u1ec7nh nh\u00e2n \u0111i\u1ec1u tr\u1ecb n\u1ed9i tr\u00fa t\u1ea1i b\u1ec7nh \u0111\u01b0\u1ee3c 214 l\u01b0\u1ee3t c\u1ea3nh b\u00e1o t\u01b0\u01a1ng t\u00e1c thu\u1ed1c b\u1ea5t l\u1ee3i c\u1ee7a 157 b\u1ec7nh nh\u00e2n.\n", "K\u1ebft qu\u1ea3 v\u1ec1 \u0111\u1eb7c \u0111i\u1ec3m chung c\u1ee7a nh\u00f3m b\u1ec7nh nh\u00e2n n\u00e0y \u0111\u01b0\u1ee3c tr\u00ecnh b\u00e0y \u1edf B\u1ea3ng 1.\n", "\u0110\u1ed9 tu\u1ed5i trung b\u00ecnh c\u1ee7a b\u1ec7nh nh\u00e2n c\u00f3 xu\u1ea5t hi\u1ec7n t\u01b0\u01a1ng t\u00e1c thu\u1ed1c l\u00e0: 63,2 \u00b1 17,5 (tu\u1ed5i).\n", "Trung b\u00ecnh m\u1ed7i b\u1ec7nh nh\u00e2n m\u1eafc 4,3 b\u1ec7nh kh\u00e1c nhau.\n", "Ch\u1ee7 y\u1ebfu \u0111\u01b0\u1ee3c \u0111i\u1ec1u tr\u1ecb theo kh\u1ed1i n\u1ed9i chi\u1ebfm 89,17% v\u00e0 96,82% b\u1ec7nh nh\u00e2n c\u00f3 b\u1ea3o hi\u1ec3m y t\u1ebf.\n", "B\u1ea3ng 1.\n", "\u0110\u1eb7c \u0111i\u1ec3m chung c\u1ee7a c\u00e1c b\u1ec7nh nh\u00e2n trong m\u1eabu nghi\u00ean c\u1ee9u\n", "Ch\u1ec9 ti\u00eau\n", "S\u1ed1 b\u1ec7nh nh\u00e2n (n=157)\n", "T\u1ef7 l\u1ec7 %\n", "Tu\u1ed5i (n\u0103m) TB\u00b1SD 63,2\u00b117,5\n", "Gi\u1edbi t\u00ednh\n", "Nam 93 59,24\n", "N\u1eef 64 40,76\n", "Ch\u1ebf \u0111\u1ed9\n", "BHYT 152 96,82\n", "D\u1ecbch v\u1ee5 5 3,18\n", "S\u1ed1 b\u1ec7nh m\u1eafc c\u1ee7a b\u1ec7nh nh\u00e2n TB\u00b1SD 4,30\u00b11,87\n", "Kh\u1ed1i \u0111i\u1ec1u tr\u1ecb\n", "N\u1ed9i 140 89,17\n", "Ngo\u1ea1i 17 10,83\n", "B\u1ea3ng 2.\n", "T\u1ef7 l\u1ec7 c\u00e1c c\u1eb7p t\u01b0\u01a1ng t\u00e1c thu\u1ed1c ph\u00e1t hi\u1ec7n tr\u00ean b\u1ec7nh nh\u00e2n \u0111i\u1ec1u tr\u1ecb n\u1ed9i tr\u00fa\n", "STT C\u00e1c c\u1eb7p t\u01b0\u01a1ng t\u00e1c thu\u1ed1c\n", "S\u1ed1 l\u01b0\u1ee3t TTT (n=214)\n", "T\u1ef7 l\u1ec7 %\n", "T\u01b0\u01a1ng t\u00e1c thu\u1ed1c ch\u1ed1ng ch\u1ec9 \u0111\u1ecbnh 1 Clarithromycin - Lovastatin 2 0,93\n", "T\u01b0\u01a1ng t\u00e1c thu\u1ed1c nghi\u00eam tr\u1ecdng\n", "T\u01b0\u01a1ng t\u00e1c thu\u1ed1c d\u01b0\u1ee3c l\u1ef1c h\u1ecdc 1 Kali - Spironolacton 55 25,70 2 Perindopril/Amlodipin - Kali 32 14,95 3 Perindopril - Kali 23 10,75 4 Perindopril - Spironolacton 14 6,54 5 Perindopril/Amlodipin - Spironolacton 16 7,48 6 Amikacin - Furosemid 16 7,48 7 Enalapril - Spironolacton 6 2,80 8 Enalapril - Kali 4 1,87 9 Diclofenac - Methylprednisolon 2 0,93 10 Lisinopril/Hydroclorothiazid - Kali 2 0,93 11 Codein - Diazepam 1 0,47 12 Piroxicam - Methylprednisolon 1 0,47\n", "T\u01b0\u01a1ng t\u00e1c thu\u1ed1c D\u01b0\u1ee3c \u0111\u1ed9ng h\u1ecdc 13 Fentanyl - Ciprofloxacin 15 7,01 14 Clarithromycin - Perindopril/Amlodipin 7 3,27 15 Colchicin - Rosuvastatin 4 1,87 16 Clarithromycin - Amlodipin 3 1,40 17 Phenobarbital - Nifedipine 3 1,40 18 Clopidogrel - Esomeprazol 2 0,93 19 Meropenem - Valproate 2 0,93 20 Clarithromycin - Amlodipin/Losartan 1 0,47 21 Clopidogrel - Omeprazol 1 0,47 22 Digoxin - Telmisartan/Hydroclorothiazid 1 0,47 23 Phenobarbital - Perindopril/Amlodipin 1 0,47 3.2.\n", "T\u1ef7 l\u1ec7 c\u00e1c c\u1eb7p t\u01b0\u01a1ng t\u00e1c thu\u1ed1c b\u1ea5t l\u1ee3i \u0111\u01b0\u1ee3c ph\u00e1t hi\u1ec7n tr\u00ean b\u1ec7nh nh\u00e2n nghi\u00ean c\u1ee9u\n", "K\u1ebft qu\u1ea3 nghi\u00ean c\u1ee9u ph\u00e1t hi\u1ec7n \u0111\u01b0\u1ee3c 214 l\u01b0\u1ee3t t\u01b0\u01a1ng t\u00e1c thu\u1ed1c (c\u1ee7a 24 c\u1eb7p t\u01b0\u01a1ng t\u00e1c thu\u1ed1c) tr\u00ean 157 b\u1ec7nh nh\u00e2n.\n", "Trong \u0111\u00f3, 23 c\u1eb7p t\u01b0\u01a1ng t\u00e1c l\u00e0 t\u01b0\u01a1ng t\u00e1c thu\u1ed1c m\u1ee9c \u0111\u1ed9 nghi\u00eam tr\u1ecdng, ch\u1ec9 c\u00f3 1 c\u1eb7p clarithromycin-lovastatin \u1edf m\u1ee9c \u0111\u1ed9 ch\u1ed1ng ch\u1ec9 \u0111\u1ecbnh (2 l\u01b0\u1ee3t tr\u00ean 2 b\u1ec7nh nh\u00e2n), 12 c\u1eb7p l\u00e0 t\u01b0\u01a1ng t\u00e1c d\u01b0\u1ee3c l\u1ef1c h\u1ecdc, 12 c\u1eb7p l\u00e0 t\u01b0\u01a1ng t\u00e1c d\u01b0\u1ee3c \u0111\u1ed9ng h\u1ecdc.\n", "3.3.\n", "Qu\u1ea3n l\u00fd c\u00e1c c\u1eb7p t\u01b0\u01a1ng t\u00e1c thu\u1ed1c ch\u1ed1ng ch\u1ec9 \u0111\u1ecbnh tr\u00ean b\u1ec7nh nh\u00e2n \u0111i\u1ec1u tr\u1ecb n\u1ed9i tr\u00fa\n", "Sau khi ph\u00e1t hi\u1ec7n tr\u00ean h\u1ec7 th\u1ed1ng b\u00e1o c\u00e1o gi\u00e1m s\u00e1t t\u1ea1i Khoa D\u01b0\u1ee3c c\u00f3 TTT CC\u0110 khi k\u00ea \u0111\u01a1n cho b\u1ec7nh nh\u00e2n \u0111i\u1ec1u tr\u1ecb n\u1ed9i tr\u00fa v\u00e0o c\u00e1c ng\u00e0y 07 v\u00e0 14/01/2021, d\u01b0\u1ee3c s\u0129 l\u00e2m s\u00e0ng \u0111\u00e3 ki\u1ec3m tra l\u1ea1i th\u00f4ng tin v\u1ec1 b\u1ec7nh nh\u00e2n, c\u00e1c thu\u1ed1c \u0111ang d\u00f9ng v\u00e0 trao \u0111\u1ed5i l\u1ea1i cho b\u00e1c s\u0129 t\u1ea1i khoa l\u00e2m s\u00e0ng \u0111\u1ec3 c\u00f9ng \u0111\u1ed3ng thu\u1eadn hu\u1ef7 y l\u1ec7nh.\n", "K\u1ebft qu\u1ea3 \u0111\u01b0\u1ee3c tr\u00ecnh b\u00e0y chi ti\u1ebft trong B\u1ea3ng 3.\n", "B\u1ea3ng 3.\n", "Qu\u1ea3n l\u00fd c\u1eb7p t\u01b0\u01a1ng t\u00e1c thu\u1ed1c ch\u1ed1ng ch\u1ec9 \u0111\u1ecbnh trong th\u1ef1c h\u00e0nh l\u00e2m s\u00e0ng t\u1ea1i b\u1ec7nh vi\u1ec7n\n", "STT C\u1eb7p TTT CC\u0110 C\u01a1 ch\u1ebf v\u00e0 h\u1eadu qu\u1ea3\n", "S\u1ed1 l\u01b0\u1ee3t TTT (n=2) 1 Clarithromycin - Lovastatin\n", "Clarithromycin \u1ee9c ch\u1ebf CYP3A4, gi\u1ea3m chuy\u1ec3n ho\u00e1 lovastatin, l\u00e0m t\u0103ng n\u1ed3ng \u0111\u1ed9 lovastatin, t\u0103ng nguy c\u01a1 \u0111\u1ed9c t\u00ednh tr\u00ean c\u01a1, c\u00f3 th\u1ec3 d\u1eabn \u0111\u1ebfn ti\u00eau c\u01a1 v\u00e2n c\u1ea5p.\n"], "4": ["4.\n", "Qu\u1ea3n l\u00fd c\u00e1c c\u1eb7p t\u01b0\u01a1ng t\u00e1c thu\u1ed1c nghi\u00eam tr\u1ecdng tr\u00ean b\u1ec7nh nh\u00e2n \u0111i\u1ec1u tr\u1ecb n\u1ed9i tr\u00fa\n", "Nh\u1eefng c\u1eb7p t\u01b0\u01a1ng t\u00e1c thu\u1ed1c \u1edf m\u1ee9c \u0111\u1ed9 nghi\u00eam tr\u1ecdng xu\u1ea5t hi\u1ec7n trong b\u00e1o c\u00e1o gi\u00e1m s\u00e1t s\u1ebd \u0111\u01b0\u1ee3c d\u01b0\u1ee3c s\u0129 l\u00e2m s\u00e0ng xem x\u00e9t k\u1ef9 t\u1eebng tr\u01b0\u1eddng h\u1ee3p tr\u00ean m\u1ed7i b\u1ec7nh nh\u00e2n c\u1ee5 th\u1ec3, sau \u0111\u00f3 s\u1ebd trao \u0111\u1ed5i v\u1edbi b\u00e1c s\u0129 \u0111i\u1ec1u tr\u1ecb trong c\u00e1c bu\u1ed5i \u0111i l\u00e2m s\u00e0ng t\u1ea1i c\u00e1c x\u1eed tr\u00ed/qu\u1ea3n l\u00fd TTT NT \u0111\u01b0\u1ee3c tr\u00ecnh b\u00e0y trong B\u1ea3ng 4.\n", "B\u1ea3ng 4.\n", "X\u1eed tr\u00ed/qu\u1ea3n l\u00fd c\u00e1c c\u1eb7p t\u01b0\u01a1ng t\u00e1c thu\u1ed1c nghi\u00eam tr\u1ecdng\n", "\u0110\u1ed3ng thu\u1eadn x\u1eed tr\u00ed/qu\u1ea3n l\u00fd\n", "S\u1ed1 l\u01b0\u1ee3t\n", "TTT NT (n=212)\n", "T\u1ef7 l\u1ec7 %\n", "Gi\u00e1m s\u00e1t l\u00e2m s\u00e0ng 165 77,83\n", "Thay th\u1ebf thu\u1ed1c 15 7,08\n", "Theo d\u00f5i th\u00eam x\u00e9t nghi\u1ec7m c\u1eadn l\u00e2m s\u00e0ng 6 2,83\n", "Ng\u1eebng 1 trong 2 thu\u1ed1c 4 1,89\n", "B\u1ed5 sung th\u00eam thu\u1ed1c 3 1,42\n", "\u0110i\u1ec1u ch\u1ec9nh li\u1ec1u c\u1ee7a thu\u1ed1c 1 0,47\n", "Kh\u00e1c 18 8,49\n", "K\u1ebft qu\u1ea3 nghi\u00ean c\u1ee9u cho th\u1ea5y, trong 212 l\u01b0\u1ee3t\n", "TTT NT \u0111\u01b0\u1ee3c xu\u1ea5t hi\u1ec7n trong \u0111\u01a1n k\u00ea cho b\u1ec7nh nh\u00e2n \u0111i\u1ec1u tr\u1ecb n\u1ed9i tr\u00fa, c\u00f3 77,83% \u0111\u01b0\u1ee3c \u0111\u1ed3ng thu\u1eadn l\u00e0 gi\u00e1m s\u00e1t l\u00e2m s\u00e0ng; s\u1ed1 \u0111\u1ed3ng thu\u1eadn v\u1ec1 x\u1eed tr\u00ed c\u00e1c c\u1eb7p t\u01b0\u01a1ng t\u00e1c thu\u1ed1c nghi\u00eam tr\u1ecdng c\u00f2n l\u1ea1i bao g\u1ed3m thay thu\u1ed1c kh\u00e1c, ng\u1eebng thu\u1ed1c, b\u1ed5 sung x\u00e9t nghi\u1ec7m c\u1eadn l\u00e2m s\u00e0ng, hi\u1ec7u ch\u1ec9nh li\u1ec1u,...\n", "chi\u1ebfm 22,17%.\n"], "5": ["5.\n", "B\u00e0n lu\u1eadn\n", "V\u1ec1 ph\u01b0\u01a1ng ph\u00e1p \u00e1p d\u1ee5ng c\u00f4ng ngh\u1ec7 th\u00f4ng tin v\u00e0 ho\u1ea1t \u0111\u1ed9ng d\u01b0\u1ee3c l\u00e2m s\u00e0ng t\u1ea1i B\u1ec7nh vi\u1ec7n trong qu\u1ea3n l\u00fd t\u01b0\u01a1ng t\u00e1c thu\u1ed1c b\u1ea5t l\u1ee3i.\n", "H\u1ec7 th\u1ed1ng c\u1ea3nh b\u00e1o t\u01b0\u01a1ng t\u00e1c thu\u1ed1c \u0111\u01b0\u1ee3c t\u00edch h\u1ee3p tr\u00ean ph\u1ea7n m\u1ec1m k\u00ea \u0111\u01a1n \u0111\u00e3 \u0111\u01b0\u1ee3c nhi\u1ec1u nghi\u00ean c\u1ee9u tr\u00ean th\u1ebf gi\u1edbi \u0111\u00e1nh gi\u00e1 r\u1ea5t c\u00f3 \u00fd ngh\u0129a trong vi\u1ec7c ph\u00f2ng tr\u00e1nh, qu\u1ea3n l\u00fd \u0111\u01b0\u1ee3c c\u00e1c t\u01b0\u01a1ng t\u00e1c thu\u1ed1c b\u1ea5t l\u1ee3i li\u00ean quan \u0111\u1ebfn k\u00ea \u0111\u01a1n thu\u1ed1c [2, 5].\n", "Nh\u1eefng nghi\u00ean c\u1ee9u g\u1ea7n \u0111\u00e2y v\u1ec1 vi\u1ec7c t\u00edch h\u1ee3p h\u1ec7 th\u1ed1ng c\u1ea3nh b\u00e1o t\u01b0\u01a1ng t\u00e1c thu\u1ed1c l\u00e0m gi\u1ea3m \u0111\u00e1ng k\u1ec3 c\u00e1c t\u01b0\u01a1ng t\u00e1c thu\u1ed1c th\u01b0\u1eddng g\u1eb7p trong l\u00e2m sang; gi\u00fap c\u00e1c b\u00e1c s\u0129 k\u00ea \u0111\u01a1n h\u1ea1n ch\u1ebf nh\u1eefng nguy c\u01a1 ti\u1ec1n t\u00e0ng khi th\u1ef1c hi\u1ec7n k\u00ea \u0111\u01a1n thu\u1ed1c [3, 4, 6].\n", "Nghi\u00ean c\u1ee9u t\u1ea1i 2 b\u1ec7nh vi\u1ec7n l\u1edbn \u1edf Texas (M\u1ef9) t\u1eeb 6/2016 \u0111\u1ebfn 01/2018 cho th\u1ea5y vi\u1ec7c c\u1eadp nh\u1eadt, thu g\u1ecdn v\u00e0 t\u1ed1i \u01b0u ho\u00e1 danh m\u1ee5c c\u1ea3nh b\u00e1o t\u01b0\u01a1ng t\u00e1c thu\u1ed1c t\u1ef1 \u0111\u1ed9ng theo h\u01b0\u1edbng ch\u1ec9 \u0111\u1ec3 l\u1ea1i c\u00e1c TTT c\u1ea7n can thi\u1ec7p l\u00e2m s\u00e0ng gi\u00fap l\u00e0m gi\u1ea3m s\u1ed1 TTT ph\u00e1t hi\u1ec7n \u0111\u01b0\u1ee3c v\u00e0 t\u0103ng t\u1ef7 l\u1ec7 \u0111i\u1ec1u ch\u1ec9nh \u0111\u01a1n thu\u1ed1c sau khi c\u00f3 c\u1ea3nh b\u00e1o [7].\n", "C\u00f2n nghi\u00ean c\u1ee9u c\u1ee7a Pieter v\u00e0 c\u1ed9ng s\u1ef1 n\u0103m 2015 [3] \u0111\u00e3 cho th\u1ea5y h\u1ec7 th\u1ed1ng c\u1ea3nh b\u1ea3o t\u01b0\u01a1ng t\u00e1c thu\u1ed1c b\u1ea5t l\u1ee3i \u0111\u00e3 gi\u1ea3m \u0111\u01b0\u1ee3c 55% s\u1ed1 \u0111\u01a1n c\u00f3 c\u1ea3nh b\u00e1o t\u01b0\u01a1ng t\u00e1c thu\u1ed1c (\u1edf b\u1ea5t k\u1ef3 m\u1ee9c \u0111\u1ed9 n\u00e0o) v\u00e0 sau \u0111\u00f3 gi\u1ea3m \u0111\u01b0\u1ee3c th\u00eam 45% s\u1ed1 \u0111\u01a1n thu\u1ed1c c\u00f3 c\u1ea3nh b\u00e1o TTT nghi\u00eam tr\u1ecdng sau khi c\u00f3 s\u1ef1 trao \u0111\u1ed5i c\u1ee7a d\u01b0\u1ee3c s\u0129 v\u1edbi b\u00e1c s\u0129 k\u00ea \u0111\u01a1n.\n", "H\u01a1n n\u1eefa, trong b\u1ed1i c\u1ea3nh \u0111\u1ec3 qu\u1ea3n l\u00fd \u0111\u01b0\u1ee3c to\u00e0n b\u1ed9 c\u00e1c c\u1eb7p t\u01b0\u01a1ng t\u00e1c thu\u1ed1c th\u01b0\u1eddng x\u1ea3y ra trong l\u00e2m s\u00e0ng t\u1ea1i b\u1ec7nh vi\u1ec7n, th\u00ec c\u00e1c ph\u01b0\u01a1ng ph\u00e1p truy\u1ec1n th\u1ed1ng tr\u01b0\u1edbc \u0111\u00e2y ch\u1ec9 qu\u1ea3n l\u00fd \u0111\u01b0\u1ee3c khu tr\u00fa tr\u00ean m\u1ed9t s\u1ed1 khoa v\u00e0 m\u1ed9t s\u1ed1 b\u1ec7nh nh\u00e2n trong khoa; nh\u00e2n l\u1ef1c d\u01b0\u1ee3c s\u0129 c\u00f2n h\u1ea1n ch\u1ebf, kh\u00f4ng th\u1ec3 r\u00e0 so\u00e1t t\u1ed5ng th\u1ec3 c\u00e1c t\u01b0\u01a1ng t\u00e1c thu\u1ed1c t\u1ea1i b\u1ec7nh vi\u1ec7n.\n", "V\u00ec v\u1eady, v\u1edbi c\u00e1ch k\u1ebft h\u1ee3p \u00e1p d\u1ee5ng h\u1ec7 th\u1ed1ng c\u1ea3nh b\u00e1o t\u01b0\u01a1ng t\u00e1c thu\u1ed1c tr\u00ean ph\u1ea7n m\u1ec1m HIS trong nghi\u00ean c\u1ee9u n\u00e0y (trong 3 th\u00e1ng r\u00e0 so\u00e1t tr\u00ean 6756 b\u1ec7nh nh\u00e2n, c\u00f3 xu\u1ea5t hi\u1ec7n 214 l\u01b0\u1ee3t t\u01b0\u01a1ng t\u00e1c thu\u1ed1c b\u1ea5t l\u1ee3i tr\u00ean 157 b\u1ec7nh nh\u00e2n) v\u00e0 ho\u1ea1t \u0111\u1ed9ng c\u1ee7a d\u01b0\u1ee3c s\u0129 l\u00e2m s\u00e0ng sau khi gi\u00e1m s\u00e1t b\u00e1o c\u00e1o k\u00ea \u0111\u01a1n c\u1ee7a b\u00e1c s\u0129 \u0111\u00e3 gi\u00fap qu\u1ea3n l\u00fd \u0111\u01b0\u1ee3c c\u00e1c t\u01b0\u01a1ng t\u00e1c thu\u1ed1c b\u1ea5t l\u1ee3i tr\u00ean t\u1eebng tr\u01b0\u1eddng h\u1ee3p c\u1ee5 th\u1ec3.\n", "V\u1ec1 hi\u1ec7u qu\u1ea3 c\u1ee7a vi\u1ec7c qu\u1ea3n l\u00fd c\u00e1c c\u1eb7p t\u01b0\u01a1ng t\u00e1c thu\u1ed1c b\u1ea5t l\u1ee3i tr\u00ean b\u1ec7nh nh\u00e2n \u0111i\u1ec1u tr\u1ecb n\u1ed9i tr\u00fa t\u1ea1i B\u1ec7nh vi\u1ec7n \u0110a khoa t\u1ec9nh L\u00e0o Cai.\n", "Trong 157 b\u1ec7nh nh\u00e2n \u0111\u01b0\u1ee3c ph\u00e1t hi\u1ec7n c\u00f3 t\u01b0\u01a1ng t\u00e1c thu\u1ed1c b\u1ea5t l\u1ee3i x\u1ea3y ra t\u1ea1i b\u1ec7nh vi\u1ec7n, ph\u1ea7n l\u1edbn l\u00e0 c\u00e1c b\u1ec7nh nh\u00e2n ng\u01b0\u1eddi cao tu\u1ed5i (tu\u1ed5i trung b\u00ecnh l\u00e0: 63,2 \u00b1 17,5), m\u1eafc nhi\u1ec1u b\u1ec7nh l\u00fd (s\u1ed1 b\u1ec7nh m\u1eafc trung b\u00ecnh tr\u00ean b\u1ec7nh nh\u00e2n: 4,3\u00b11,87).\n", "\u0110\u00e2y l\u00e0 c\u00e1c b\u1ec7nh nh\u00e2n c\u00f3 nguy c\u01a1 cao khi g\u1eb7p ph\u1ea3i t\u01b0\u01a1ng t\u00e1c thu\u1ed1c b\u1ea5t l\u1ee3i trong \u0111i\u1ec1u tr\u1ecb, t\u1eeb \u0111\u00f3 d\u1eabn \u0111\u1ebfn c\u00e1ch x\u1eed tr\u00ed tr\u00ean l\u00e2m s\u00e0ng c\u0169ng kh\u00e1c nhau trong m\u1ed7i tr\u01b0\u1eddng h\u1ee3p.\n", "Th\u1eddi \u0111i\u1ec3m khi b\u1eaft \u0111\u1ea7u c\u00f3 h\u1ec7 th\u1ed1ng c\u1ea3nh b\u00e1o t\u01b0\u01a1ng t\u00e1c thu\u1ed1c, nh\u00f3m nghi\u00ean c\u1ee9u ph\u00e1t hi\u1ec7n tr\u00ean b\u00e1o c\u00e1o c\u00f3 2 b\u1ec7nh nh\u00e2n tr\u00ean 60 tu\u1ed5i xu\u1ea5t hi\u1ec7n k\u00ea \u0111\u01a1n c\u00f3 TTT CC\u0110 c\u1ee7a 1 c\u1eb7p clarithromycin- lovastatin (c\u01a1 ch\u1ebf t\u01b0\u01a1ng t\u00e1c do \u1ee9c ch\u1ebf CYP3A4, h\u1eadu qu\u1ea3 g\u00e2y ti\u00eau c\u01a1 v\u00e2n), ngay l\u1eadp t\u1ee9c d\u01b0\u1ee3c s\u0129 \u0111\u00e3 trao \u0111\u1ed5i v\u1edbi b\u00e1c s\u0129 \u0111i\u1ec1u tr\u1ecb \u0111\u1ec3 \u0111\u1ed3ng thu\u1eadn c\u00e1ch x\u1eed tr\u00ed l\u00e0 hu\u1ef7 y l\u1ec7nh n\u00e0y, nh\u1eb1m \u0111\u1ea3m b\u1ea3o s\u1eed d\u1ee5ng thu\u1ed1c an to\u00e0n v\u00e0 h\u1ee3p l\u00fd h\u01a1n.\n", "Ngo\u00e0i 2 b\u1ec7nh nh\u00e2n n\u00e0y, c\u00e1c th\u1eddi \u0111i\u1ec3m ti\u1ebfp theo trong 3 th\u00e1ng theo d\u00f5i, kh\u00f4ng m\u1ed9t tr\u01b0\u1eddng h\u1ee3p n\u00e0o k\u00ea \u0111\u01a1n TTT CC\u0110 \u0111\u01b0\u1ee3c ph\u00e1t hi\u1ec7n th\u00eam.\n", "C\u00e1c nghi\u00ean c\u1ee9u c\u1ee7a\n", "Nguy\u1ec5n \u0110\u1ee9c Chung v\u00e0 c\u1ed9ng s\u1ef1 (2021) [2];\n", "Moura v\u00e0 c\u1ed9ng s\u1ef1 (2012) [6] c\u0169ng ch\u1ec9 ra r\u1eb1ng k\u1ebft h\u1ee3p h\u1ec7 th\u1ed1ng h\u1ed7 tr\u1ee3 l\u00e2m s\u00e0ng (CDSS) c\u1ea3nh b\u00e1o t\u01b0\u01a1ng t\u00e1c thu\u1ed1c v\u00e0 ho\u1ea1t \u0111\u1ed9ng c\u1ee7a d\u01b0\u1ee3c s\u0129 l\u00e2m s\u00e0ng \u0111\u00e3 ph\u00f2ng tr\u00e1nh \u0111\u01b0\u1ee3c 100% c\u00e1c c\u1eb7p TTT\n", "CC\u0110 t\u1ea1i b\u1ec7nh vi\u1ec7n.\n", "V\u1edbi c\u00e1c c\u1eb7p TTT NT, trong 3 th\u00e1ng gi\u00e1m s\u00e1t c\u00f3 212 l\u01b0\u1ee3t TTT NT (c\u1ee7a 23 c\u1eb7p t\u01b0\u01a1ng t\u00e1c thu\u1ed1c) xu\u1ea5t hi\u1ec7n trong \u0111\u01a1n k\u00ea.\n", "Trong \u0111\u00f3, 12 c\u1eb7p l\u00e0 t\u01b0\u01a1ng t\u00e1c thu\u1ed1c theo c\u01a1 ch\u1ebf d\u01b0\u1ee3c l\u1ef1c h\u1ecdc v\u00e0 11 c\u1eb7p theo c\u01a1 ch\u1ebf d\u01b0\u1ee3c \u0111\u1ed9ng h\u1ecdc.\n", "H\u1eadu qu\u1ea3 c\u1ee7a c\u00e1c t\u01b0\u01a1ng t\u00e1c theo c\u01a1 ch\u1ebf d\u01b0\u1ee3c l\u1ef1c h\u1ecdc kh\u00e1 \u0111a d\u1ea1ng, bao g\u1ed3m l\u00e0m t\u0103ng n\u1ed3ng \u0111\u1ed9 kali m\u00e1u (thu\u1ed1c \u1ee9c ch\u1ebf men chuy\u1ec3n/thu\u1ed1c \u1ee9c ch\u1ebf th\u1ee5 th\u1ec3 AT1 v\u00e0 mu\u1ed1i kali/spironolacton, spironolacton v\u00e0 kali), t\u0103ng \u0111\u1ed9c t\u00ednh tr\u00ean h\u1ec7 th\u1ea7n kinh trung \u01b0\u01a1ng (kh\u00e1ng sinh nh\u00f3m quinolon v\u00e0 NSAID), t\u0103ng nguy c\u01a1 h\u1ea1 \u0111\u01b0\u1eddng huy\u1ebft (fenofibrat v\u00e0 nh\u00f3m sulfonylurea/insulin), t\u0103ng nguy c\u01a1 xu\u1ea5t huy\u1ebft (aspirin v\u00e0 heparin), t\u0103ng \u0111\u1ed9c t\u00ednh tr\u00ean c\u01a1 (fenofibrat v\u00e0 nh\u00f3m statin).\n", "Nh\u01b0 v\u1eady, t\u01b0\u01a1ng t\u00e1c d\u01b0\u1ee3c l\u1ef1c h\u1ecdc ch\u1ee7 y\u1ebfu l\u00e0m t\u0103ng t\u00e1c d\u1ee5ng ph\u1ee5 ho\u1eb7c t\u0103ng \u0111\u1ed9c t\u00ednh c\u1ee7a thu\u1ed1c.\n", "C\u00f2n h\u1eadu qu\u1ea3 c\u1ee7a c\u00e1c c\u1eb7p t\u01b0\u01a1ng t\u00e1c thu\u1ed1c theo c\u01a1 ch\u1ebf d\u01b0\u1ee3c \u0111\u1ed9ng h\u1ecdc ch\u1ee7 y\u1ebfu l\u00e0m thay \u0111\u1ed5i n\u1ed3ng \u0111\u1ed9 thu\u1ed1c trong m\u00e1u, d\u1eabn \u0111\u1ebfn l\u00e0m thay \u0111\u1ed5i hi\u1ec7u qu\u1ea3 t\u00e1c d\u1ee5ng c\u1ee7a thu\u1ed1c.\n", "V\u00ec v\u1eady, \u0111\u1ec3 qu\u1ea3n l\u00fd \u0111\u01b0\u1ee3c c\u00e1c c\u1eb7p TTT NT, nh\u00f3m nghi\u00ean c\u1ee9u \u0111\u00e3 ti\u1ebfn h\u00e0nh \u0111\u1ed3ng thu\u1eadn v\u1edbi b\u00e1c s\u0129 \u0111i\u1ec1u tr\u1ecb trong t\u1eebng tr\u01b0\u1eddng h\u1ee3p c\u1ee5 th\u1ec3 d\u1ef1a tr\u00ean \u0111\u1eb7c \u0111i\u1ec3m b\u1ec7nh nh\u00e2n, \u0111\u1eb7c \u0111i\u1ec3m thu\u1ed1c \u0111i\u1ec1u tr\u1ecb v\u00e0 c\u00e2n nh\u1eafc l\u1ee3i \u00edch/nguy c\u01a1 khi ph\u1ed1i h\u1ee3p, trong \u0111\u00f3 c\u00f3 22,17% l\u00e0 \u0111\u1ed3ng thu\u1eadn theo h\u01b0\u1edbng thay \u0111\u1ed5i thu\u1ed1c, ng\u1eebng thu\u1ed1c, gi\u1ea3m li\u1ec1u..; c\u00f2n l\u1ea1i 77,83% theo h\u01b0\u1edbng gi\u00e1m s\u00e1t tr\u00ean l\u00e2m s\u00e0ng \u0111\u1ec3 c\u00f3 bi\u1ec7n ph\u00e1p k\u1ecbp th\u1eddi x\u1eed l\u00fd.\n"], "6": ["6.\n", "K\u1ebft lu\u1eadn\n", "V\u1edbi m\u00f4 h\u00ecnh tri\u1ec3n khai qu\u1ea3n l\u00fd t\u01b0\u01a1ng t\u00e1c thu\u1ed1c th\u00f4ng qua h\u1ec7 th\u1ed1ng c\u1ea3nh b\u00e1o t\u01b0\u01a1ng t\u00e1c khi k\u00ea \u0111\u01a1n v\u00e0 ho\u1ea1t \u0111\u1ed9ng c\u1ee7a d\u01b0\u1ee3c s\u0129 l\u00e2m s\u00e0ng \u0111\u00e3 gi\u00fap \u0111\u01b0\u1ee3c 2 l\u01b0\u1ee3t TTT CC\u0110 khi k\u00ea v\u00e0 trong 3 th\u00e1ng kh\u00f4ng xu\u1ea5t hi\u1ec7n th\u00eam c\u1eb7p TTT CC\u0110 n\u00e0o.\n", "\u0110\u1ed3ng th\u1eddi \u0111\u00e3 \u0111\u1ed3ng thu\u1eadn v\u1edbi b\u00e1c s\u0129 \u0111i\u1ec1u tr\u1ecb v\u1ec1 c\u00e1ch x\u1eed tr\u00ed c\u1ee7a 212 l\u01b0\u1ee3t TTT nghi\u00eam tr\u1ecdng.\n", "T\u1eeb \u0111\u00f3, gi\u00fap c\u00e1c b\u00e1c s\u0129 b\u1ec7nh vi\u1ec7n trong vi\u1ec7c k\u00ea \u0111\u01a1n \u0111\u1ea3m b\u1ea3o an to\u00e0n, h\u1ee3p l\u00fd v\u00e0 hi\u1ec7u qu\u1ea3 tr\u00ean b\u1ec7nh nh\u00e2n \u0111i\u1ec1u tr\u1ecb n\u1ed9i tr\u00fa.\n"]}, "Word count": 3318}