{"title": "\u0110\u00e1nh gi\u00e1 t\u00e1c d\u1ee5ng c\u1ee7a cao s\u00e2m Ng\u1ecdc Linh tr\u00ean m\u00f4 h\u00ecnh g\u00e2y suy nh\u01b0\u1ee3c th\u1ea7n kinh \u1edf \u0111\u1ed9ng v\u1eadt th\u1ef1c nghi\u1ec7m\n", "content": {"0": ["T\u00f3m t\u1eaft: S\u00e2m Ng\u1ecdc Linh (Panax vietnamensis, Araliaceae) l\u00e0 m\u1ed9t d\u01b0\u1ee3c li\u1ec7u qu\u00fd m\u1ecdc \u1edf v\u00f9ng n\u00fai\n", "Ng\u1ecdc Linh, mi\u1ec1n Trung Vi\u1ec7t Nam.\n", "Th\u00e0nh ph\u1ea7n ho\u00e1 h\u1ecdc c\u1ee7a s\u00e2m Ng\u1ecdc Linh ch\u1ee9a nhi\u1ec1u c\u00e1c saponin nh\u01b0 majonoside R2 v\u00e0 c\u00f3 nhi\u1ec1u t\u00e1c d\u1ee5ng d\u01b0\u1ee3c l\u00fd quan tr\u1ecdng.\n", "B\u1eb1ng c\u00e1c m\u00f4 h\u00ecnh th\u1eed nghi\u1ec7m Elevated Plus Maze, th\u1eed nghi\u1ec7m chu\u1ed9t b\u01a1i v\u00e0 th\u1eed nghi\u1ec7m dark/light, ch\u00fang t\u00f4i ti\u1ebfn h\u00e0nh \u0111\u00e1nh gi\u00e1 t\u00e1c d\u1ee5ng ch\u1ed1ng suy nh\u01b0\u1ee3c th\u1ea7n kinh c\u1ee7a cao s\u00e2m Ng\u1ecdc Linh tr\u00ean chu\u1ed9t v\u00e0 k\u1ebft qu\u1ea3 thu \u0111\u01b0\u1ee3c cho th\u1ea5y cao to\u00e0n ph\u1ea7n s\u00e2m Ng\u1ecdc Linh v\u1edbi li\u1ec1u 200 mg/kg th\u1ec3 hi\u1ec7n t\u00e1c d\u1ee5ng ch\u1ed1ng lo \u00e2u s\u1ee3 h\u00e3i, tr\u1ea7m c\u1ea3m li\u00ean quan \u0111\u1ebfn suy nh\u01b0\u1ee3c th\u1ea7n kinh tr\u00ean c\u01a1 s\u1edf t\u0103ng th\u1eddi gian v\u00e0 s\u1ed1 l\u1ea7n l\u01b0u l\u1ea1i trong bu\u1ed3ng s\u00e1ng c\u1ee7a chu\u1ed9t trong th\u1eed nghi\u1ec7m Dark/light v\u00e0 l\u00e0m t\u0103ng th\u1eddi gian b\u01a1i c\u1ee7a chu\u1ed9t trong th\u1eed nghi\u1ec7m chu\u1ed9t b\u01a1i.\n", "T\u1eeb kho\u00e1: S\u00e2m Ng\u1ecdc Linh (VG), Panax vietnamensis, Nh\u00e2n s\u00e2m, Suy nh\u01b0\u1ee3c th\u1ea7n kinh.\n"], "1": ["1.\n", "\u0110\u1eb7t v\u1ea5n \u0111\u1ec1\n", "S\u00e2m Ng\u1ecdc Linh (Panax Vietnam,\n", "Araliaceae), c\u00f2n g\u1ecdi l\u00e0 s\u00e2m Vi\u1ec7t Nam, s\u00e2m Khu\n", "N\u0103m, s\u00e2m tr\u00fac l\u00e0 lo\u1ea1i s\u00e2m qu\u00fd \u0111\u01b0\u1ee3c t\u00ecm th\u1ea5y t\u1ea1i mi\u1ec1n Trung Trung B\u1ed9 Vi\u1ec7t Nam, m\u1ecdc t\u1eadp trung \u1edf c\u00e1c huy\u1ec7n mi\u1ec1n n\u00fai Ng\u1ecdc Linh thu\u1ed9c huy\u1ec7n\n", "\u0110\u0103k T\u00f4 t\u1ec9nh Kon Tum, huy\u1ec7n Nam Tr\u00e0 My t\u1ec9nh\n", "Qu\u1ea3ng Nam.\n", "Tr\u00ean \u0111\u1ed9 cao 1.200 \u0111\u1ebfn 2.100m, s\u00e2m Ng\u1ecdc Linh m\u1ecdc d\u00e0y th\u00e0nh \u0111\u00e1m d\u01b0\u1edbi t\u00e1n r\u1eebng d\u1ecdc theo c\u00e1c su\u1ed1i \u1ea9m tr\u00ean \u0111\u1ea5t nhi\u1ec1u m\u00f9n [1]\n", "S\u00e2m Ng\u1ecdc Linh c\u00f3 d\u1ea1ng th\u00e2n kh\u00ed sinh th\u1eb3ng \u0111\u1ee9ng, m\u00e0u l\u1ee5c ho\u1eb7c h\u01a1i t\u00edm, nh\u1ecf, c\u00f3 \u0111\u01b0\u1eddng k\u00ednh th\u00e2n 4-8mm, th\u01b0\u1eddng t\u00e0n l\u1ee5i h\u00e0ng n\u0103m tuy th\u1ec9nh tho\u1ea3ng c\u0169ng t\u1ed3n t\u1ea1i m\u1ed9t v\u00e0i th\u00e2n trong v\u00e0i n\u0103m.\n", "Th\u00e2n r\u1ec5 c\u00f3 \u0111\u01b0\u1eddng k\u00ednh 1-2cm, m\u1ecdc b\u00f2 ngang nh\u01b0 c\u1ee7 ho\u00e0ng tinh tr\u00ean ho\u1eb7c d\u01b0\u1edbi m\u1eb7t \u0111\u1ea5t \u0111\u1ed9 1-3cm, mang nhi\u1ec1u r\u1ec5 nh\u00e1nh v\u00e0 c\u1ee7.\n", "S\u00e2m Ng\u1ecdc\n", "Linh ch\u1ee9a ch\u1ee7 y\u1ebfu c\u00e1c saponin triterpen, nh\u01b0ng c\u0169ng l\u00e0 m\u1ed9t trong nh\u1eefng c\u00e2y s\u00e2m c\u00f3 h\u00e0m l\u01b0\u1ee3ng saponin khung dammaran cao nh\u1ea5t (kho\u1ea3ng 12-15%) v\u00e0 s\u1ed1 l\u01b0\u1ee3ng saponin nhi\u1ec1u nh\u1ea5t so v\u1edbi c\u00e1c lo\u00e0i kh\u00e1c c\u1ee7a chi Panax.\n", "Ngo\u00e0i ra trong s\u00e2m\n", "Ng\u1ecdc Linh c\u00f2n c\u00f3 14 ax\u00edt b\u00e9o, 16 ax\u00edt amin (trong \u0111\u00f3 c\u00f3 8 ax\u00edt amin kh\u00f4ng thay th\u1ebf \u0111\u01b0\u1ee3c) v\u00e0 18 nguy\u00ean t\u1ed1 \u0111a l\u01b0\u1ee3ng, vi l\u01b0\u1ee3ng [2-3]\n", "Nh\u1eefng k\u1ebft qu\u1ea3 nghi\u00ean c\u1ee9u d\u01b0\u1ee3c l\u00fd c\u1ee7a s\u00e2m\n", "Ng\u1ecdc Linh \u0111\u00e3 ch\u1ee9ng minh t\u00e1c d\u1ee5ng ch\u1ed1ng stress v\u1eadt l\u00fd, stress t\u00e2m l\u00fd v\u00e0 tr\u1ea7m c\u1ea3m, k\u00edch th\u00edch h\u1ec7 mi\u1ec5n d\u1ecbch, ch\u1ed1ng \u00f4xi ho\u00e1, l\u00e3o ho\u00e1, ph\u00f2ng ch\u1ed1ng ung th\u01b0, b\u1ea3o v\u1ec7 t\u1ebf b\u00e0o gan, gia t\u0103ng s\u1ee9c \u0111\u1ec1 kh\u00e1ng, c\u1ea3i thi\u1ec7n c\u00e1c tr\u01b0\u1eddng h\u1ee3p suy nh\u01b0\u1ee3c th\u1ea7n kinh v\u00e0 suy nh\u01b0\u1ee3c sinh d\u1ee5c, n\u00e2ng cao huy\u1ebft \u00e1p \u1edf ng\u01b0\u1eddi b\u1ecb huy\u1ebft \u00e1p th\u1ea5p,...\n", "Ti\u1ebfp theo c\u00e1c nghi\u00ean c\u1ee9u v\u1ec1 t\u00e1c d\u1ee5ng sinh h\u1ecdc c\u1ee7a s\u00e2m Ng\u1ecdc Linh \u0111\u00e3 \u0111\u01b0\u1ee3c c\u00f4ng b\u1ed1, nghi\u00ean c\u1ee9u n\u00e0y th\u1ef1c hi\u1ec7n v\u1edbi m\u1ee5c ti\u00eau \u0111\u00e1nh gi\u00e1 t\u00e1c d\u1ee5ng c\u1ee7a cao s\u00e2m Ng\u1ecdc Linh tr\u00ean m\u00f4 h\u00ecnh g\u00e2y suy nh\u01b0\u1ee3c th\u1ea7n kinh \u1edf \u0111\u1ed9ng v\u1eadt th\u1ef1c nghi\u1ec7m [1].\n"], "2": ["2.\n", "Nguy\u00ean li\u1ec7u, \u0111\u1ed1i t\u01b0\u1ee3ng v\u00e0 ph\u01b0\u01a1ng ph\u00e1p nghi\u00ean c\u1ee9u 2.1.\n", "Nguy\u00ean li\u1ec7u s\u00e2m Ng\u1ecdc Linh\n", "M\u1eabu nghi\u00ean c\u1ee9u r\u1ec5 s\u00e2m Ng\u1ecdc Linh (Panax vietnamensis, Araliaceae) \u0111\u01b0\u1ee3c thu h\u00e1i t\u1eeb v\u01b0\u1eddn s\u00e2m Ng\u1ecdc Linh tr\u00ean n\u00fai Ng\u1ecdc Linh thu\u1ed9c huy\u1ec7n\n", "Nam Tr\u00e0 My T\u1ec9nh Qu\u1ea3ng Nam c\u1ee7a Vi\u1ec7n nghi\u00ean c\u1ee9u ph\u00e1t tri\u1ec3n y d\u01b0\u1ee3c h\u1ecdc c\u1ed5 truy\u1ec1n Vi\u1ec7t Nam v\u00e0 \u0111\u01b0\u1ee3c gi\u00e1m \u0111\u1ecbnh b\u1edfi TS.\n", "Ph\u00f9ng Tu\u1ea5n Giang, truy\u1ec1n Vi\u1ec7t Nam.\n", "D\u01b0\u1ee3c li\u1ec7u sau khi thu h\u00e1i \u0111\u01b0\u1ee3c x\u1eed l\u00fd s\u1ea1ch s\u1ebd, \u0111em ph\u01a1i kh\u00f4, xay th\u00e0nh b\u1ed9t d\u01b0\u1ee3c li\u1ec7u v\u00e0 \u0111\u01b0\u1ee3c chi\u1ebft th\u00e0nh d\u1ea1ng cao \u0111\u1ec3 th\u1eed nghi\u1ec7m.\n", "Qua tham kh\u1ea3o m\u1ed9t s\u1ed1 t\u00e0i li\u1ec7u, ch\u00fang t\u00f4i \u0111\u00e3 l\u1ef1a ch\u1ecdn \u0111\u01b0\u1ee3c quy tr\u00ecnh chi\u1ebft xu\u1ea5t \u0111\u01b0\u1ee3c th\u1ef1c hi\u1ec7n nh\u01b0 sau:\n", "Ph\u01b0\u01a1ng ph\u00e1p chi\u1ebft si\u00eau \u00e2m, dung m\u00f4i chi\u1ebft xu\u1ea5t ethanol 85%, chi\u1ebft 5 l\u1ea7n, th\u1eddi gian chi\u1ebft 5 gi\u1edd/l\u1ea7n.\n", "2.2.\n", "Dung m\u00f4i, ho\u00e1 ch\u1ea5t, thi\u1ebft b\u1ecb\n", "C\u00e1c dung m\u00f4i d\u00f9ng trong chi\u1ebft xu\u1ea5t nh\u01b0 ethanol (EtOH) v\u00e0 methanol (MeOH) \u0111\u1ea1t ti\u00eau c\u00f4ng nghi\u1ec7p v\u00e0 \u0111\u01b0\u1ee3c c\u1ea5t l\u1ea1i tr\u01b0\u1edbc khi dung; n\u01b0\u1edbc c\u1ea5t s\u1eed d\u1ee5ng nh\u1edd h\u1ec7 th\u1ed1ng c\u1ea5t n\u01b0\u1edbc trao \u0111\u1ed5i ion\n", "Millipore (MerkMillipore, Hoa K\u1ef3).\n", "M\u00e1y c\u00f4 quay ch\u00e2n kh\u00f4ng, d\u1ee5ng c\u1ee5 th\u1eed nghi\u1ec7m EPM.\n", "M\u1eabu \u0111\u1ed1i chi\u1ebfu d\u01b0\u01a1ng, cao h\u1ed3ng s\u00e2m H\u00e0n Qu\u1ed1c lo\u1ea1i 6 n\u0103m (Panax ginseng), l\u00e0 s\u1ea3n ph\u1ea9m c\u1ee7a c\u00f4ng ty\n", "Daedong Korea Ginseng, H\u00e0n Qu\u1ed1c.\n", "2.3.\n", "Ph\u01b0\u01a1ng ph\u00e1p chi\u1ebft su\u1ea5t cao s\u00e2m Ng\u1ecdc Linh\n", "C\u00e2n ch\u00ednh x\u00e1c 200 g c\u1ee7 s\u00e2m Ng\u1ecdc Linh kh\u00f4, sau th\u00e1i th\u00e0nh l\u00e1t m\u1ecfng \u0111\u01b0\u1ee3c cho ng\u00e2m chi\u1ebft k\u1ef9 b\u1eb1ng dung m\u00f4i ethanol 85% 5 l\u1ea7n (m\u1ed7i l\u1ea7n 400ml) s\u1eed d\u1ee5ng thi\u1ebft b\u1ecb si\u00eau \u00e2m \u1edf 40C trong 5 gi\u1edd.\n", "Thu l\u1ea5y d\u1ecbch chi\u1ebft, ti\u1ebfp t\u1ee5c th\u00eam dung m\u00f4i \u0111\u1ebfn ng\u1eadp d\u01b0\u1ee3c li\u1ec7u v\u00e0 chi\u1ebft \u0111\u1ebfn khi d\u1ecbch chi\u1ebft trong su\u1ed1t (5 l\u1ea7n).\n", "G\u1ed9p c\u00e1c d\u1ecbch chi\u1ebft ethanol thu \u0111\u01b0\u1ee3c l\u1ecdc qua gi\u1ea5y l\u1ecdc, gom l\u1ea1i v\u00e0 c\u1ea5t lo\u1ea1i dung m\u00f4i d\u01b0\u1edbi \u00e1p su\u1ea5t gi\u1ea3m thu \u0111\u01b0\u1ee3c cao c\u1ed3n s\u00e2m Ng\u1ecdc Linh (35,2 g chi\u1ebfm 17,6% t\u00ednh theo d\u01b0\u1ee3c li\u1ec7u kh\u00f4).\n", "2.4.\n", "Ph\u01b0\u01a1ng ph\u00e1p th\u1eed t\u00e1c d\u1ee5ng d\u01b0\u1ee3c l\u00fd 2.4.1.\n", "\u0110\u1ed9ng v\u1eadt th\u1eed nghi\u1ec7m\n", "Chu\u1ed9t nh\u1eaft tr\u1eafng kho\u1ebb m\u1ea1nh \u0111\u1ee7 ti\u00eau chu\u1ea9n, kh\u00f4ng ph\u00e2n bi\u1ec7t \u0111\u1ef1c c\u00e1i, tr\u1ecdng l\u01b0\u1ee3ng t\u1eeb 20-25 g, do H\u1ecdc vi\u1ec7n Qu\u00e2n y cung c\u1ea5p.\n", "Chu\u1ed9t \u0111\u01b0\u1ee3c \u0111\u01b0\u1ee3c nu\u00f4i trong \u0111i\u1ec1u ki\u1ec7n nhi\u1ec7t \u0111\u1ed9 v\u00e0 \u00e1nh s\u00e1ng t\u1ef1 nhi\u00ean, cho \u0103n v\u00e0 u\u1ed1ng n\u01b0\u1edbc c\u1ea5t \u0111\u1ea7y \u0111\u1ee7 v\u00e0 \u0111\u01b0\u1ee3c \u1ed5n \u0111\u1ecbnh \u00edt nh\u1ea5t m\u1ed9t tu\u1ea7n tr\u01b0\u1edbc khi th\u1eed nghi\u1ec7m.\n", "2.4.2.\n", "Ph\u01b0\u01a1ng ph\u00e1p nghi\u00ean c\u1ee9u\n", "\u0110\u1ec3 \u0111\u00e1nh gi\u00e1 t\u00e1c d\u1ee5ng ch\u1ed1ng suy nh\u01b0\u1ee3c th\u1ea7n kinh c\u1ee7a S\u00e2m Ng\u1ecdc Linh s\u1eed d\u1ee5ng ba m\u00f4 h\u00ecnh th\u1eed nghi\u1ec7m sau: m\u00f4 h\u00ecnh ch\u1eef th\u1eadp n\u00e2ng cao (EMP - Elevated Plus Maze), th\u1eed nghi\u1ec7m chu\u1ed9t b\u01a1i v\u00e0 th\u1eed nghi\u1ec7m dark/light.\n", "\u0110\u1ec3 ti\u1ebfn h\u00e0nh th\u1eed nghi\u1ec7m EMP ch\u00fang t\u00f4i \u0111\u00e3 s\u1eed d\u1ee5ng d\u1ee5ng c\u1ee5 th\u00ed nghi\u1ec7m theo ti\u00eau chu\u1ea9n nh\u01b0 h\u00ecnh 1 [4, 6, 7].\n", "H\u00ecnh 1.\n", "D\u1ee5ng c\u1ee5 th\u1eed nghi\u1ec7m EPM.\n", "D\u1ee5ng c\u1ee5 l\u00e0 m\u1ed9t h\u00ecnh ch\u1eef th\u1eadp g\u1ed3m hai tay k\u00edn (closed arms), m\u1ed7i tay c\u00f3 k\u00edch th\u01b0\u1edbc: 40 x 5 x 15 cm (d\u00e0i x r\u1ed9ng x cao).\n", "Hai tay h\u1edf (open arms) m\u1ed7i tay c\u00f3 k\u00edch th\u01b0\u1edbc: 40 x 5 x 0,2 cm.\n", "Hai tay k\u00edn \u0111\u01b0\u1ee3c l\u00e0m vu\u00f4ng g\u00f3c v\u1edbi hai tay h\u1edf, t\u1ea1o n\u00ean m\u1ed9t kho\u1ea3ng trung t\u00e2m c\u00f3 di\u1ec7n t\u00edch 5 x 5cm.\n", "D\u1ee5ng c\u1ee5 \u0111\u01b0\u1ee3c \u0111\u1eb7t c\u00e1ch s\u00e0n nh\u00e0 m\u1ed9t kho\u1ea3ng 50 cm.\n", "Chu\u1ed9t th\u00ed nghi\u1ec7m s\u1ebd \u0111\u01b0\u1ee3c \u0111\u1eb7t \u1edf v\u00f9ng trung t\u00e2m n\u00e0y khi b\u1eaft \u0111\u1ea7u v\u00e0o th\u00ed nghi\u1ec7m.\n", "Chu\u1ed9t sau khi chia l\u00f4 \u0111\u01b0\u1ee3c cho u\u1ed1ng thu\u1ed1c 7 ng\u00e0y li\u1ec1n.\n", "Ng\u00e0y th\u1ee9 7, sau khi u\u1ed1ng thu\u1ed1c 60 ph\u00fat, \u0111\u1eb7t t\u1eebng chu\u1ed9t v\u00e0o trung t\u00e2m c\u1ee7a d\u1ee5ng c\u1ee5 th\u00ed nghi\u1ec7m, m\u1eb7t chu\u1ed9t h\u01b0\u1edbng v\u1ec1 m\u1ed9t tay h\u1edf.\n", "Quan s\u00e1t chu\u1ed9t trong 5 ph\u00fat, ghi l\u1ea1i th\u1eddi gian v\u00e0 s\u1ed1 l\u1ea7n chu\u1ed9t \u0111i v\u00e0o m\u1ed7i tay.\n", "C\u00e1c th\u00ed nghi\u1ec7m \u0111\u01b0\u1ee3c ti\u1ebfn h\u00e0nh trong ph\u00f2ng ri\u00eang bi\u1ec7t, y\u00ean t\u0129nh v\u00e0 \u00e1nh s\u00e1ng ph\u00f9 h\u1ee3p v\u1edbi m\u1ed7i th\u1eed nghi\u1ec7m nh\u01b0: th\u1eed nghi\u1ec7m EMP trong ph\u00f2ng \u0111\u01b0\u1ee3c chi\u1ebfu s\u00e1ng b\u1eb1ng \u0111\u00e8n 32W, th\u1eed nghi\u1ec7m s\u00e1ng/t\u1ed1i khoang s\u00e1ng \u0111\u01b0\u1ee3c chi\u1ebfu s\u00e1ng b\u1eb1ng \u0111\u00e8n 40W.\n", "Th\u1eddi gian ti\u1ebfn h\u00e0nh th\u00ed nghi\u1ec7m trong kho\u1ea3ng 9h s\u00e1ng \u0111\u1ebfn 5h chi\u1ec1u.\n", "Ri\u00eang th\u00ed nghi\u1ec7m chu\u1ed9t b\u01a1i ti\u1ebfn h\u00e0nh trong \u0111i\u1ec1u ki\u1ec7n \u00e1nh s\u00e1ng b\u00ecnh th\u01b0\u1eddng.\n", "Trong ng\u00e0y ti\u1ebfn h\u00e0nh th\u00ed nghi\u1ec7m, chu\u1ed9t \u0111\u01b0\u1ee3c chuy\u1ec3n v\u00e0o ph\u00f2ng th\u00ed nghi\u1ec7m tr\u01b0\u1edbc \u0111\u00f3 1h \u0111\u1ec3 l\u00e0m quen v\u1edbi \u0111i\u1ec1u ki\u1ec7n ph\u00f2ng.\n", "Chu\u1ed9t \u0111\u01b0\u1ee3c chia ng\u1eabu nhi\u00ean th\u00e0nh 4 l\u00f4 (8-10 chu\u1ed9t/l\u00f4), u\u1ed1ng thu\u1ed1c ho\u1eb7c n\u01b0\u1edbc c\u1ea5t li\u00ean t\u1ee5c trong 7 ng\u00e0y.\n", "Th\u00ed nghi\u1ec7m b\u1eaft \u0111\u1ea7u v\u00e0o ng\u00e0y th\u1ee9 b\u1ea3y sau khi u\u1ed1ng thu\u1ed1c 60 ph\u00fat.\n", "L\u00f4 1: U\u1ed1ng dd s\u00e2m ng\u1ecdc linh 100 mg/kg - t\u01b0\u01a1ng \u0111\u01b0\u01a1ng 10 ml/kg\n", "L\u00f4 2: U\u1ed1ng dd s\u00e2m ng\u1ecdc linh 200 mg/kg - t\u01b0\u01a1ng \u0111\u01b0\u01a1ng 10 ml/kg\n", "L\u00f4 3: U\u1ed1ng dd s\u00e2m ng\u1ecdc linh 300 mg/kg - t\u01b0\u01a1ng \u0111\u01b0\u01a1ng 10 ml/kg\n", "L\u00f4 4: U\u1ed1ng dung d\u1ecbch h\u1ed3ng s\u00e2m h\u00e0n qu\u1ed1c 200 mg/kg\u2013 t\u01b0\u01a1ng \u0111\u01b0\u01a1ng 10 ml/kg.\n", "L\u00f4 5: U\u1ed1ng n\u01b0\u1edbc c\u1ea5t 2.4.3.\n", "T\u00ednh to\u00e1n k\u1ebft qu\u1ea3\n", "C\u00e1c s\u1ed1 li\u1ec7u th\u1ef1c nghi\u1ec7m \u0111\u01b0\u1ee3c x\u1eed l\u00fd th\u1ed1ng k\u1ebf theo ph\u01b0\u01a1ng ph\u00e1p th\u1ed1ng k\u00ea sinh h\u1ecdc, s\u1eed d\u1ee5ng c\u00f4ng c\u1ee5 Data analysis c\u1ee7a Microsoft\n", "Excel 2010.\n"], "3": ["3.\n", "K\u1ebft qu\u1ea3 nghi\u00ean c\u1ee9u 3.1.\n", "Th\u1eed nghi\u1ec7m EPM\n", "B\u1ea3ng 1.\n", "T\u00e1c d\u1ee5ng c\u1ee7a S\u00e2m Ng\u1ecdc Linh (s\u00e2m Vi\u1ec7t Nam) l\u00ean s\u1ed1 l\u1ea7n l\u01b0u c\u1ee7a chu\u1ed9t \u1edf tay k\u00edn/tay h\u1edf\n", "L\u00f4 M\u1eabu th\u1eed nghi\u1ec7m n S\u1ed1 l\u1ea7n/tay k\u00edn\n", "P (so v\u1edbi m\u1eabu tr\u1eafng, vs control)\n", "S\u1ed1 l\u1ea7n/tay h\u1edf\n", "P (so v\u1edbi m\u1eabu tr\u1eafng, vs control) 1 N\u01b0\u1edbc c\u1ea5t 10 10,9 \u00b1 2,23 2 KRGE 200 mg/kg 10 7,3 \u00b1 2,11 P< 0,05 2,5 \u00b1 1,58 P< 0,05 3 VG100 mg/kg 10 9,2 \u00b1 2,35 P>0,05 1,4 \u00b1 0,84\n", "P>0,05 4 VG 200 mg/kg 10 7,5 \u00b1 2,12 P>0,05 1,5 \u00b1 1,08\n", "P>0,05 5 VG 300 mg/kg 7 9,71 \u00b1 3,3\n", "P>0,05 1,43\u00b10,976\n", "P>0,05 (VG: cao s\u00e2m Vi\u1ec7t Nam-Panax vietnamensis; KRGE: cao s\u00e2m Tri\u1ec1u Ti\u00ean-Panax ginseng)\n", "B\u1ea3ng 2.\n", "T\u00e1c d\u1ee5ng c\u1ee7a S\u00e2m Ng\u1ecdc Linh l\u00ean th\u1eddi gian chu\u1ed9t l\u01b0u \u1edf tay k\u00edn/tay h\u1edf\n", "L\u00f4 M\u1eabu th\u1eed nghi\u1ec7m n Th\u1eddi gian/ tay k\u00edn (s)\n", "P (so v\u1edbi m\u1eabu tr\u1eafng, vs control)\n", "Th\u1eddi gian/ tay h\u1edf (s)\n", "P (so v\u1edbi m\u1eabu tr\u1eafng, vs control) 1 N\u01b0\u1edbc c\u1ea5t 10 291,5 2 KRGE 200 mg/kg 10 265 \u00b1 24,91 P< 0,05 35 \u00b1 24,91 P<0,05 3 VG 100 mg/kg 10 283,6 \u00b1 14,33 P>0,05 16,4 \u00b1 14,33 P>0,05 4 VG 200 mg/kg 10 276,5 \u00b1 12,67 P>0,05 20,2 \u00b1 14,08 P>0,05 5 VG 300 mg/kg 7 286 \u00b1 11,79 P>0,05 14 \u00b1 11,79 P>0,05\n", "Nh\u1eadn x\u00e9t: KRGE li\u1ec1u 200 mg/kg l\u00e0m t\u0103ng th\u1eddi gian chu\u1ed9t l\u01b0u \u1edf trong tay h\u1edf (p<0,05) m\u1ed9t c\u00e1ch r\u00f5 r\u1ec7t so v\u1edbi ch\u1ee9ng.\n", "Trong khi \u0111\u00f3, s\u00e2m Ng\u1ecdc Linh-VG li\u1ec1u 100-300 mg/kg kh\u00f4ng l\u00e0m thay \u0111\u1ed5i r\u00f5 r\u1ec7t th\u1eddi gian v\u00e0 s\u1ed1 l\u1ea7n chu\u1ed9t \u1edf trong tay h\u1edf v\u1edbi ch\u1ee9ng (p>0,05) (H\u00ecnh 2).\n", "H\u00ecnh 2.\n", "T\u00e1c d\u1ee5ng c\u1ee7a s\u00e2m ng\u1ecdc linh l\u00ean s\u1ed1 l\u1ea7n l\u01b0u, th\u1eddi gian l\u01b0u c\u1ee7a chu\u1ed9t tr\u00ean tay k\u00edn/tay h\u1edf.\n", "3.2.\n", "Th\u1eed nghi\u1ec7m chu\u1ed9t b\u01a1i\n", "B\u1ea3ng 3.\n", "T\u00e1c d\u1ee5ng c\u1ee7a s\u00e2m Ng\u1ecdc Linh l\u00ean th\u1eddi gian b\u01a1i c\u1ee7a chu\u1ed9t\n", "L\u00f4 Nh\u00f3m n Th\u1eddi gian b\u01a1i (s) p (so v\u1edbi m\u1eabu tr\u1eafng, vs control) 1 N\u01b0\u1edbc c\u1ea5t 10 67,5 \u00b1 27,11 2 KRGE200 mg/kg 10 157,4 \u00b1 42,43 p< 0,05 3 VG 100mg/kg 10 86,4 \u00b1 15,19 P>0,05 4 VG 200mg/kg 10 96,8 \u00b1 12,3 P<0,05 5 VG 300mg/kg 7 82,29 \u00b1 24,53 P>0,05\n", "Nh\u1eadn x\u00e9t: k\u1ebft qu\u1ea3 cho th\u1ea5y KRGE 200 mg/kg l\u00e0m t\u0103ng r\u00f5 r\u1ec7t th\u1eddi gian b\u01a1i c\u1ee7a chu\u1ed9t so v\u1edbi ch\u1ee9ng (p<0,05).\n", "V\u1edbi s\u00e2m Ng\u1ecdc Linh, \u1edf n\u1ed3ng \u0111\u1ed9 VG 100mg/kg v\u00e0 VG 300mg/kg kh\u00f4ng l\u00e0m t\u0103ng r\u00f5 r\u1ec7t th\u1eddi gian b\u01a1i c\u1ee7a chu\u1ed9t so v\u1edbi m\u1eabu ch\u1ee9ng (p>0,05) nh\u01b0ng \u1edf n\u1ed3ng \u0111\u1ed9 t\u01b0\u01a1ng \u0111\u01b0\u01a1ng v\u1edbi KRGE l\u00e0 VG 200mg/kg l\u00e0m t\u0103ng th\u1eddi gian b\u01a1i c\u1ee7a chu\u1ed9t r\u00f5 r\u1ec7t so v\u1edbi m\u1eabu ch\u1ee9ng (p< 0,05) (H\u00ecnh 3).\n", "H\u00ecnh 3.\n", "T\u00e1c d\u1ee5ng c\u1ee7a s\u00e2m ng\u1ecdc linh l\u00ean th\u1eddi gian b\u01a1i c\u1ee7a chu\u1ed9t.\n", "3.3.\n", "Th\u1eed nghi\u1ec7m Dark/light test\n", "B\u1ea3ng 4.\n", "T\u00e1c d\u1ee5ng c\u1ee7a S\u00e2m Ng\u1ecdc Linh l\u00ean s\u1ed1 l\u1ea7n l\u01b0u c\u1ee7a chu\u1ed9t \u1edf bu\u1ed3ng s\u00e1ng/bu\u1ed3ng t\u1ed1i\n", "L\u00f4 Thu\u1ed1c u\u1ed1ng n\n", "S\u1ed1 l\u1ea7n/ bu\u1ed3ng s\u00e1ng\n", "P (so v\u1edbi m\u1eabu tr\u1eafng, vs control)\n", "S\u1ed1 l\u1ea7n/ bu\u1ed3ng t\u1ed1i\n", "P (so v\u1edbi m\u1eabu tr\u1eafng, vs control) 1 N\u01b0\u1edbc c\u1ea5t 10 3,2 \u00b1 2,3 3,2 \u00b1 2,4 2 KRGE 200 mg/kg 10 8,6 \u00b1 2,72 P< 0,05 8,2 \u00b1 2,66 P<0,05 3 VG 100mg/kg 10 3,0 \u00b1 2,0 P>0,05 2,8 \u00b1 2,09\n", "P>0,05 4 VG 200mg/kg 10 7,4 \u00b1 1,43 P<0,05 7,3 \u00b1 1,49\n", "P<0,05 5 VG 300mg/kg 7 6,57 \u00b1 5,47 P>0,05 5,0 \u00b1 1,80 P>0,05\n", "B\u1ea3ng 5.\n", "T\u00e1c d\u1ee5ng c\u1ee7a S\u00e2m Ng\u1ecdc Linh l\u00ean th\u1eddi gian chu\u1ed9t l\u01b0u \u1edf bu\u1ed3ng s\u00e1ng/bu\u1ed3ng t\u1ed1i\n", "L\u00f4 Thu\u1ed1c u\u1ed1ng n Th\u1eddi gian/\n", "Bu\u1ed3ng s\u00e1ng (s)\n", "P (so v\u1edbi m\u1eabu tr\u1eafng, vs control)\n", "Th\u1eddigian/\n", "Bu\u1ed3ng t\u1ed1i (s)\n", "P (so v\u1edbi m\u1eabu tr\u1eafng, vs control) 1 N\u01b0\u1edbc c\u1ea5t 10 23,8 \u00b1 6,04 276,2 \u00b126,04\n", "KRGE 200 mg/kg 10 85 \u00b1 15,03 P< 0,05 215 \u00b1 15,03 P<0,05\n", "VG 100 mg/kg 10 40,6 \u00b1 26,61\n", "P>0,05 259,4 \u00b126,61 P>0,05\n", "VG 200 mg/kg 10 77,8 \u00b1 16,07 P<0,05 222,2 \u00b125,03 P<0,05\n", "VG 300 mg/kg 10 39 \u00b1 5,28 P>0,05 261\u00b124,74 P>0,05\n", "Nh\u1eadn x\u00e9t: K\u1ebft qu\u1ea3 thu \u0111\u01b0\u1ee3c cho th\u1ea5y, m\u1eabu s\u00e2m Tri\u1ec1u Ti\u00ean KRGE 200 mg/kg l\u00e0m t\u0103ng \u0111\u00e1ng k\u1ec3 th\u1eddi gian l\u01b0u c\u1ee7a chu\u1ed9t trong bu\u1ed3ng s\u00e1ng so v\u1edbi ch\u1ee9ng (p< 0,05).\n", "V\u1edbi s\u00e2m Vi\u1ec7t Nam, m\u1eabu VG 100 mg/kg v\u00e0 VG 300 mg/kg kh\u00f4ng l\u00e0m thay \u0111\u1ed5i r\u00f5 r\u1ec7t th\u1eddi gian v\u00e0 s\u1ed1 l\u1ea7n chu\u1ed9t \u1edf bu\u1ed3ng s\u00e1ng so v\u1edbi ch\u1ee9ng (p > 0,05) nh\u01b0ng, t\u01b0\u01a1ng t\u1ef1 nh\u01b0 ch\u1ec9 s\u1ed1 th\u1eddi gian chu\u1ed9t b\u01a1i, t\u1ea1i n\u1ed3ng \u0111\u1ed9 t\u01b0\u01a1ng \u0111\u01b0\u01a1ng v\u1edbi s\u00e2m Tri\u1ec1u Ti\u00ean, m\u1eabu VG 200 mg/kg l\u00e0m t\u0103ng th\u1eddi gian chu\u1ed9t \u1edf trong bu\u1ed3ng s\u00e1ng (p< 0,05) v\u00e0 gi\u1ea3m th\u1eddi gian chu\u1ed9t \u1edf trong bu\u00f4ng t\u1ed1i (p< 0,05) m\u1ed9t c\u00e1ch r\u00f5 r\u1ec7t so v\u1edbi ch\u1ee9ng.\n", "Ph\u00e2n t\u00edch c\u1ee5 th\u1ec3 h\u01a1n, so v\u1edbi KRGE, VG 200 mg/kg l\u00e0m t\u0103ng th\u1eddi gian v\u00e0 s\u1ed1 l\u1ea7n l\u01b0u trong bu\u1ed3ng s\u00e1ng t\u01b0\u01a1ng \u0111\u01b0\u01a1ng (p>0,05 ) (H\u00ecnh 4).\n", "H\u00ecnh 4.\n", "T\u00e1c d\u1ee5ng c\u1ee7a s\u00e2m ng\u1ecdc linh l\u00ean s\u1ed1 l\u1ea7n l\u01b0u/ th\u1eddi gian l\u01b0u c\u1ee7a chu\u1ed9t \u1edf bu\u1ed3ng s\u00e1ng/t\u1ed1i.\n"], "4": ["4.\n", "B\u00e0n lu\u1eadn 4.1.\n", "T\u00e1c d\u1ee5ng c\u1ee7a s\u00e2m Ng\u1ecdc Linh an th\u1ea7n tr\u00ean m\u00f4 h\u00ecnh EPM\n", "EPM l\u00e0 th\u00ed nghi\u1ec7m \u0111\u01b0\u1ee3c s\u1eed d\u1ee5ng r\u1ed9ng r\u00e3i nh\u1ea5t hi\u1ec7n nay \u0111\u1ec3 \u0111\u00e1nh gi\u00e1 t\u00e1c d\u1ee5ng an th\u1ea7n, gi\u1ea3i lo c\u1ee7a thu\u1ed1c [5-8].\n", "Th\u00ed nghi\u1ec7m n\u00e0y d\u1ef1a tr\u00ean b\u1ea3n n\u0103ng c\u1ee7a chu\u1ed9t l\u00e0 t\u1ef1 v\u1ec7 v\u00e0 th\u00edch kh\u00e1m ph\u00e1.\n", "Trong th\u1eed nghi\u1ec7m EPM, h\u00e0nh vi t\u1ef1 v\u1ec7 bi\u1ec3u hi\u1ec7n b\u1eb1ng vi\u1ec7c t\u00ecm n\u01a1i tr\u00fa \u1ea9n trong tay k\u00edn, c\u00f2n b\u1ea3n n\u0103ng kh\u00e1m ph\u00e1 bi\u1ec3u hi\u1ec7n b\u1eb1ng vi\u1ec7c \u0111i v\u00e0o tay h\u1edf.\n", "B\u00ecnh th\u01b0\u1eddng, khi \u0111\u01b0\u1ee3c \u0111\u1eb7t trong d\u1ee5ng c\u1ee5 h\u00ecnh ch\u1eef th\u1eadp tr\u00ean cao, do c\u1ea3m gi\u00e1c lo l\u1eafng v\u1ec1 \u0111\u1ed9 cao n\u00ean chu\u1ed9t \u00edt ti\u1ebfp x\u00fac v\u1edbi tay h\u1edf, v\u00e0 th\u01b0\u1eddng t\u00ecm \u0111\u1ebfn n\u01a1i tr\u00fa \u1ea9n an to\u00e0n trong tay k\u00edn.\n", "Tuy nhi\u00ean, khi \u0111\u01b0\u1ee3c d\u00f9ng thu\u1ed1c l\u00e0m gi\u1ea3m lo l\u1eafng, chu\u1ed9t kh\u00f4ng c\u00f2n c\u1ea3m gi\u00e1c s\u1ee3 \u0111\u1ed9 cao n\u1eefa v\u00e0 s\u1ebd th\u00edch \u0111i ra tay h\u1edf h\u01a1n, do b\u1ea3n n\u0103ng th\u00edch kh\u00e1m ph\u00e1.\n", "K\u1ebft qu\u1ea3 \u1edf b\u1ea3ng 1 v\u00e0 2 cho th\u1ea5y c\u1ea3 th\u1eddi gian v\u00e0 s\u1ed1 l\u1ea7n chu\u1ed9t \u0111i v\u00e0o tay h\u1edf c\u1ee7a l\u00f4 chu\u1ed9t u\u1ed1ng h\u1ed3ng s\u00e2m H\u00e0n Qu\u1ed1c 200mg/kg \u0111\u1ec1u t\u0103ng m\u1ed9t c\u00e1ch c\u00f3 \u00fd ngh\u0129a th\u1ed1ng k\u00ea; c\u00f2n khi chu\u1ed9t u\u1ed1ng S\u00e2m Ng\u1ecdc Linh 100 mg/kg, 200 mg/kg, 300 mg/kg kh\u00f4ng l\u00e0m thay \u0111\u1ed5i r\u00f5 r\u1ec7t th\u1eddi gian v\u00e0 s\u1ed1 l\u1ea7n chu\u1ed9t \u1edf trong tay h\u1edf so v\u1edbi l\u00f4 ch\u1ee9ng cho th\u1ea5y s\u00e2m Ng\u1ecdc Linh li\u1ec1u 100 mg/kg, 200 mg/kg, 300 mg/kg kh\u00f4ng l\u00e0m gi\u1ea3m lo l\u1eafng tr\u00ean chu\u1ed9t.\n", "4.2.\n", "T\u00e1c d\u1ee5ng c\u1ee7a s\u00e2m Ng\u1ecdc Linh tr\u00ean th\u00ed nghi\u1ec7m chu\u1ed9t b\u01a1i\n", "Th\u1eed nghi\u1ec7m chu\u1ed9t b\u01a1i th\u01b0\u1eddng \u0111\u01b0\u1ee3c s\u1eed d\u1ee5ng \u0111\u1ec3 ph\u00e1t hi\u1ec7n t\u00e1c d\u1ee5ng an th\u1ea7n v\u00e0 ch\u1ed1ng tr\u1ea7m c\u1ea3m [2, 6].\n", "C\u01a1 s\u1edf c\u1ee7a th\u1eed nghi\u1ec7m c\u0169ng l\u00e0 d\u1ef1a tr\u00ean s\u1ef1 ph\u1ed1i h\u1ee3p v\u1eadn \u0111\u1ed9ng th\u1ea7n kinh-c\u01a1 v\u00e0 b\u1ea3n n\u0103ng s\u1ed1ng s\u00f3t c\u1ee7a \u0111\u1ed9ng v\u1eadt.\n", "Thu\u1ed1c an th\u1ea7n l\u00e0m gi\u1ea3m s\u1ef1 ph\u1ed1i h\u1ee3p th\u1ea7n kinh-c\u01a1 c\u1ee7a \u0111\u1ed9ng v\u1eadt, do \u0111\u00f3, khi u\u1ed1ng thu\u1ed1c an th\u1ea7n, kh\u1ea3 n\u0103ng b\u01a1i c\u1ee7a chu\u1ed9t s\u1ebd gi\u1ea3m \u0111i.\n", "Th\u1eed nghi\u1ec7m d\u1ef1a tr\u00ean s\u1ef1 quan s\u00e1t chu\u1ed9t b\u01a1i trong n\u01b0\u1edbc.\n", "K\u1ebft qu\u1ea3 \u1edf b\u1ea3ng 3 cho th\u1ea5y s\u00e2m Ng\u1ecdc Linh v\u1edbi li\u1ec1u 100 mg/kg, 200 mg/kg, 300 mg/kg \u0111\u00e3 l\u00e0m t\u0103ng \u0111\u00e1ng k\u1ec3 th\u1eddi gian b\u01a1i c\u1ee7a chu\u1ed9t so v\u1edbi l\u00f4 ch\u1ee9ng, t\u00e1c d\u1ee5ng n\u00e0y t\u01b0\u01a1ng \u0111\u01b0\u01a1ng v\u1edbi t\u00e1c d\u1ee5ng c\u1ee7a h\u1ed3ng s\u00e2m\n", "H\u00e0n Qu\u1ed1c li\u1ec1u 200 mg/kg.\n", "K\u1ebft qu\u1ea3 n\u00e0y ch\u1ee9ng t\u1ecf s\u00e2m Ng\u1ecdc Linh \u1edf li\u1ec1u 100 mg/kg, 200 mg/kg, 300 mg/kg kh\u00f4ng c\u00f3 t\u00e1c d\u1ee5ng gi\u00e3n c\u01a1, an th\u1ea7n.\n", "4.3.\n", "T\u00e1c d\u1ee5ng c\u1ee7a s\u00e2m Ng\u1ecdc Linh tr\u00ean th\u00ed nghi\u1ec7m dark/light\n", "C\u00e1c th\u1eed nghi\u1ec7m th\u0103m d\u00f2 t\u1ed1i \u00e1nh s\u00e1ng \u0111\u1ec3 ki\u1ec3m tra h\u00e0nh vi lo l\u1eafng, gi\u1ed1ng nh\u01b0 EPM, chu\u1ed9t ti\u1ebfp x\u00fac v\u1edbi m\u00f4i tr\u01b0\u1eddng m\u1edbi v\u1edbi c\u00e1c khu v\u1ef1c \u0111\u01b0\u1ee3c b\u1ea3o v\u1ec7 (v\u00f9ng t\u1ed1i) v\u00e0 c\u00e1c khu v\u1ef1c kh\u00f4ng \u0111\u01b0\u1ee3c b\u1ea3o v\u1ec7 (v\u00f9ng s\u00e1ng).\n", "H\u1ea7u h\u1ebft c\u00e1c con chu\u1ed9t t\u1ef1 nhi\u00ean bi\u1ec3u hi\u1ec7n s\u1ef1 \u01b0u ti\u00ean cho khoang t\u1ed1i, b\u1ea3o v\u1ec7.\n", "C\u00e1c bi\u1ec7n ph\u00e1p quan tr\u1ecdng \u0111\u1ec3 \u0111\u00e1nh gi\u00e1 h\u00e0nh vi li\u00ean quan \u0111\u1ebfn lo l\u1eafng trong thi\u1ebft k\u1ebf n\u00e0y l\u00e0 s\u1ef1 thay \u0111\u1ed5i trong s\u1ef1 s\u1eb5n s\u00e0ng \u0111\u1ec3 kh\u00e1m ph\u00e1 khu v\u1ef1c \u0111\u01b0\u1ee3c chi\u1ebfu s\u00e1ng, kh\u00f4ng \u0111\u01b0\u1ee3c b\u1ea3o v\u1ec7, ph\u1ea3n \u00e1nh t\u0103ng ho\u1eb7c gi\u1ea3m s\u1ed1 l\u01b0\u1ee3ng chuy\u1ec3n ti\u1ebfp gi\u1eefa c\u00e1c khoang v\u00e0 th\u1eddi gian d\u00e0nh trong m\u1ed7i ng\u0103n, trong m\u1ed9t b\u00e0i ki\u1ec3m tra 5 ph\u00fat.\n", "\u0110i\u1ec1u tr\u1ecb b\u1eb1ng thu\u1ed1c ch\u1ed1ng r\u1ed1i lo\u1ea1n lo \u00e2u, tr\u1ea7m c\u1ea3m l\u00e0m t\u0103ng s\u1ed1 l\u1ea7n chuy\u1ec3n ti\u1ebfp gi\u1eefa hai ng\u0103n, m\u00e0 kh\u00f4ng l\u00e0m thay \u0111\u1ed5i s\u1edf th\u00edch c\u1ee7a chu\u1ed9t d\u00e0nh nhi\u1ec1u th\u1eddi gian h\u01a1n v\u00e0o khoang t\u1ed1i.\n", "S\u1ef1 gia t\u0103ng ho\u1ea1t \u0111\u1ed9ng th\u0103m d\u00f2 n\u00e0y \u0111\u01b0\u1ee3c gi\u1ea3i th\u00edch nh\u01b0 m\u1ed9t s\u1ef1 \u1ee9c ch\u1ebf kh\u00e1m ph\u00e1 [9-16].\n", "K\u1ebft qu\u1ea3 \u1edf b\u1ea3ng 4, 5 cho th\u1ea5y h\u1ed3ng s\u00e2m H\u00e0n Qu\u1ed1c li\u1ec1u 200 mg/kg v\u00e0 s\u00e2m Ng\u1ecdc Linh li\u1ec1u 200mg/kg l\u00e0m t\u0103ng \u0111\u00e1ng k\u1ec3 th\u1eddi gian l\u01b0u c\u1ee7a chu\u1ed9t trong bu\u1ed3ng s\u00e1ng (p<0,001) c\u00f2n \u1edf li\u1ec1u 100 mg/kg, 300 mg/kg s\u00e2m Ng\u1ecdc Linh kh\u00f4ng l\u00e0m thay \u0111\u1ed5i r\u00f5 r\u1ec7t th\u1eddi gian v\u00e0 s\u1ed1 l\u1ea7n l\u01b0u c\u1ee7a chu\u1ed9t trong bu\u1ed3ng s\u00e1ng so v\u1edbi ch\u1ee9ng (p>0,05).\n", "Ch\u1ee9ng t\u1ecf t\u00e1c d\u1ee5ng ch\u1ed1ng lo \u00e2u s\u1ee3 h\u00e3i, tr\u1ea7m c\u1ea3m c\u1ee7a s\u00e2m\n", "Ng\u1ecdc Linh li\u1ec1u 200 mg/kg tr\u00ean chu\u1ed9t.\n"], "5": ["5.\n", "K\u1ebft lu\u1eadn\n", "C\u00e1c k\u1ebft qu\u1ea3 thu \u0111\u01b0\u1ee3c kh\u1eb3ng \u0111\u1ecbnh r\u1eb1ng s\u00e2m\n", "Ng\u1ecdc Linh (VG) v\u1edbi li\u1ec1u 200mg/kg \u0111\u00e3 th\u1ec3 hi\u1ec7n r\u00f5 t\u00e1c d\u1ee5ng ch\u1ed1ng lo \u00e2u s\u1ee3 h\u00e3i, tr\u1ea7m c\u1ea3m t\u1eeb \u0111\u00f3 d\u1eabn \u0111\u1ebfn t\u00e1c d\u1ee5ng ch\u1ed1ng suy nh\u01b0\u1ee3c th\u1ea7n kinh th\u00f4ng qua vi\u1ec7c t\u0103ng th\u1eddi gian v\u00e0 s\u1ed1 l\u1ea7n l\u01b0u l\u1ea1i trong bu\u1ed3ng s\u00e1ng c\u1ee7a chu\u1ed9t trong th\u1eed nghi\u1ec7m\n", "Dark/light v\u00e0 l\u00e0m t\u0103ng th\u1eddi gian b\u01a1i c\u1ee7a chu\u1ed9t trong th\u1eed nghi\u1ec7m chu\u1ed9t b\u01a1i.\n", "C\u00e1c k\u1ebft qu\u1ea3 n\u00e0y x\u00e1c nh\u1eadn r\u1eb1ng s\u00e2m Vi\u1ec7t Nam (P.\n", "vietnamensis), gi\u1ed1ng nh\u01b0 c\u00e1c lo\u00e0i Panax kh\u00e1c nh\u01b0 s\u00e2m Tri\u1ec1u\n", "Ti\u00ean (P.\n", "ginseng), l\u00e0m t\u0103ng ho\u1ea1t \u0111\u1ed9ng v\u1eadn \u0111\u1ed9ng, ch\u1ed1ng lo \u00e2u, tr\u1ea7m c\u1ea3m c\u1ee7a lo\u00e0i g\u1eb7m nh\u1ea5m trong c\u00e1c th\u1eed nghi\u1ec7m tr\u00ean.\n", "C\u00e1c nghi\u00ean c\u1ee9u tr\u00ean c\u00e1c m\u00f4 h\u00ecnh \u0111\u1ed9ng v\u1eadt kh\u00e1c v\u00e0 li\u00ean quan \u0111\u1ebfn c\u01a1 ch\u1ebf sinh h\u1ecdc c\u1ea7n \u0111\u01b0\u1ee3c ti\u1ebfn h\u00e0nh \u0111\u1ec3 ch\u1ee9ng minh m\u1ed9t c\u00e1ch \u0111\u1ea7y \u0111\u1ee7 v\u1ec1 t\u00e1c d\u1ee5ng d\u01b0\u1ee3c l\u00fd tr\u00ean th\u1ea7n kinh trung \u01b0\u01a1ng c\u1ee7a s\u00e2m Vi\u1ec7t Nam.\n", "L\u1eddi c\u00e1m \u01a1n\n", "Nh\u00f3m t\u00e1c gi\u1ea3 tr\u00e2n tr\u1ecdng c\u00e1m \u01a1n Khoa Y\n", "D\u01b0\u1ee3c, \u0110HQGHN \u0111\u00e3 t\u00e0i tr\u1ee3 cho nghi\u00ean c\u1ee9u n\u00e0y th\u00f4ng qua \u0111\u1ec1 t\u00e0i nghi\u00ean c\u1ee9u khoa h\u1ecdc c\u1ea5p c\u01a1 s\u1edf n\u0103m 2016-2017, m\u00e3 s\u1ed1 CS.16.03.\n"]}, "Word count": 3106}