{"title": "Original Article\n", "content": {"0": ["T\u00f3m t\u1eaft: Nghi\u00ean c\u1ee9u \u0111\u1eb7c \u0111i\u1ec3m h\u00ecnh th\u00e1i th\u1ef1c v\u1eadt, \u0111\u1eb7c \u0111i\u1ec3m vi h\u1ecdc c\u1ee7a c\u00e2y Chua me \u0111\u1ea5t hoa v\u00e0ng thu h\u00e1i t\u1ea1i t\u1ec9nh H\u00e0 T\u0129nh.\n", "K\u1ebft qu\u1ea3 \u0111\u00e3 x\u00e1c \u0111\u1ecbnh \u0111\u01b0\u1ee3c t\u00ean khoa h\u1ecdc c\u1ee7a c\u00e2y l\u00e0: Oxalis corniculata L.\n", "(h\u1ecd\n", "Oxalidaceae); \u0111\u1ed3ng th\u1eddi b\u1ed9 d\u1eef li\u1ec7u v\u1ec1 \u0111\u1eb7c \u0111i\u1ec3m vi ph\u1eabu (th\u00e2n, l\u00e1) v\u00e0 \u0111\u1eb7c \u0111i\u1ec3m vi h\u1ecdc b\u1ed9t d\u01b0\u1ee3c li\u1ec7u (th\u00e2n, l\u00e1) c\u1ee7a lo\u00e0i Oxalis corniculata \u0111\u00e3 \u0111\u01b0\u1ee3c x\u00e2y d\u1ef1ng.\n", "\u0110\u1eb7c \u0111i\u1ec3m h\u00ecnh th\u00e1i c\u00e2y nh\u01b0: c\u00f3 tr\u00e0ng hoa m\u00e0u v\u00e0ng nh\u1ea1t, l\u00e1 b\u1eafc h\u01a1i nh\u1ecdn.\n", "\u0110\u1eb7c \u0111i\u1ec3m vi ph\u1eabu nh\u01b0: Tinh th\u1ec3 canci oxalat h\u00ecnh kim n\u1eb1m r\u1ea3i r\u00e1c trong c\u00e1c t\u1ebf b\u00e0o m\u00f4 m\u1ec1m l\u00e1 c\u00e2y; b\u1ed9t c\u1ee7a lo\u00e0i Oxalis corniculata L.\n", "c\u00f3 m\u1ea3nh m\u1ea1ch xo\u1eafn, c\u00e1c l\u00f4ng che ch\u1edf \u0111\u01a1n b\u00e0o,...\n", "T\u1eeb kho\u00e1: Chua me \u0111\u1ea5t hoa v\u00e0ng, Oxalis corniculata, Oxalis corniculata L., Oxalis, Oxalidaceae, \u0111\u1eb7c \u0111i\u1ec3m th\u1ef1c v\u1eadt, \u0111\u1eb7c \u0111i\u1ec3m vi ph\u1eabu.\n"], "1": ["1.\n", "M\u1edf \u0111\u1ea7u\n", "Tr\u00ean th\u1ebf gi\u1edbi, chi Oxalis (h\u1ecd Oxalidaceae) bao g\u1ed3m h\u01a1n 900 lo\u00e0i, ph\u00e2n b\u1ed1 \u1edf v\u00f9ng nhi\u1ec7t \u0111\u1edbi v\u00e0 c\u1eadn nhi\u1ec7t \u0111\u1edbi thu\u1ed9c mi\u1ec1n nam Ch\u00e2u Phi,\n", "Madagasca, Brazil, Mexico, Hoa K\u1ef3, \u00dac, ch\u00e2u\n", "\u00c1, ch\u00e2u \u00c2u v\u00e0 Ch\u00e2u M\u1ef9 [1,2].\n", "Trong mi\u1ec1n nam ch\u00e2u Phi, Oxalis \u0111\u01b0\u1ee3c \u0111\u1ea1i di\u1ec7n b\u1edfi 270 lo\u00e0i, ph\u1ea7n l\u1edbn x\u1ea3y ra \u1edf khu v\u1ef1c Cape Flora [3,4].\n", "M\u1ed9t s\u1ed1 \u00edt lo\u00e0i c\u00f2n th\u1ea5y \u1edf v\u00f9ng \u00f4n \u0111\u1edbi \u1ea5m [1].\n", "Hi\u1ec7n nay, \u1edf\n", "Vi\u1ec7t Nam ph\u00e1t hi\u1ec7n c\u00f3 4 lo\u00e0i thu\u1ed9c chi Oxalis, bao g\u1ed3m: Chua me n\u00fai (Oxalis acetosella), Chua me \u0111\u1ea5t hoa h\u1ed3ng (Oxalis corymbosa), Chua me \u0111\u1ea5t hoa v\u00e0ng (Oxalis corniculata) v\u00e0 Me \u0111\u1ea5t \u0111\u1ecf (Oxalis deppei), trong \u0111\u00f3 c\u00f3 3 lo\u00e0i \u0111\u01b0\u1ee3c d\u00f9ng _* T\u00e1c gi\u1ea3 li\u00ean h\u1ec7.\n", "l\u00e0m thu\u1ed1c.\n", "C\u00e2y Chua me \u0111\u1ea5t hoa v\u00e0ng l\u00e0 lo\u00e0i ph\u1ed5 bi\u1ebfn nh\u1ea5t [1].\n", "C\u00e2y Chua me \u0111\u1ea5t hoa v\u00e0ng l\u00e0 m\u1ed9t d\u01b0\u1ee3c li\u1ec7u qu\u00fd \u0111\u01b0\u1ee3c s\u1eed d\u1ee5ng nhi\u1ec1u trong Y h\u1ecdc c\u1ed5 truy\u1ec1n [5].\n", "Cho \u0111\u1ebfn nay, c\u00e1c c\u00f4ng tr\u00ecnh nghi\u00ean c\u1ee9u \u0111\u00e3 c\u00f4ng b\u1ed1 v\u1ec1 \u0111\u1eb7c \u0111i\u1ec3m h\u00ecnh th\u00e1i, th\u00e0nh ph\u1ea7n ho\u00e1 h\u1ecdc c\u0169ng nh\u01b0 t\u00e1c d\u1ee5ng sinh h\u1ecdc c\u1ee7a c\u00e2y Chua me \u0111\u1ea5t hoa v\u00e0ng \u1edf Vi\u1ec7t Nam v\u00e0 tr\u00ean th\u1ebf gi\u1edbi hi\u1ec7n c\u00f2n r\u1ea5t \u00edt.\n", "B\u00e0i b\u00e1o n\u00e0y c\u00f4ng b\u1ed1 m\u1ed9t s\u1ed1 k\u1ebft qu\u1ea3 nghi\u00ean c\u1ee9u v\u1ec1 \u0111\u1eb7c \u0111i\u1ec3m th\u1ef1c v\u1eadt, b\u1ed5 sung th\u00eam t\u01b0 li\u1ec7u cho vi\u1ec7c x\u00e1c \u0111\u1ecbnh lo\u00e0i, t\u1eeb \u0111\u00f3 \u0111\u1eb7t n\u1ec1n t\u1ea3ng cho vi\u1ec7c nghi\u00ean c\u1ee9u th\u00e0nh ph\u1ea7n ho\u00e1 h\u1ecdc v\u00e0 t\u00e1c d\u1ee5ng sinh h\u1ecdc c\u1ee7a c\u00e2y Chua me \u0111\u1ea5t hoa v\u00e0ng.\n"], "2": ["2.\n", "\u0110\u1ed1i t\u01b0\u1ee3ng v\u00e0 ph\u01b0\u01a1ng ph\u00e1p nghi\u00ean c\u1ee9u 2.1.\n", "\u0110\u1ed1i t\u01b0\u1ee3ng nghi\u00ean c\u1ee9u\n", "C\u00e2y Chua me \u0111\u1ea5t hoa v\u00e0ng \u0111\u01b0\u1ee3c thu h\u00e1i v\u00e0o th\u00e1ng 5 n\u0103m 2017 t\u1ea1i x\u00e3 C\u1ea9m S\u01a1n, huy\u1ec7n C\u1ea9m\n", "Xuy\u00ean, t\u1ec9nh H\u00e0 T\u0129nh.\n", "B\u1ea3o qu\u1ea3n, l\u01b0u m\u1eabu t\u1ea1i:\n", "N\u1ed9i (s\u1ed1 hi\u1ec7u ti\u00eau b\u1ea3n: V\u0169 \u0110\u1ee9c L\u1ee3i 11).\n", "2.2.\n", "Trang thi\u1ebft b\u1ecb, d\u1ee5ng c\u1ee5\n", "K\u00ednh hi\u1ec3n vi soi vi ph\u1eabu g\u1eafn camera: Meiji\n", "Infinity 1 (Nh\u1eadt B\u1ea3n).\n", "K\u00ednh hi\u1ec3n vi soi n\u1ed5i g\u1eafn camera: Optika (\u00dd).\n", "2.3.\n", "Ho\u00e1 ch\u1ea5t, thu\u1ed1c th\u1eed\n", "Ho\u00e1 ch\u1ea5t d\u00f9ng trong t\u1ea9y nhu\u1ed9m vi ph\u1eabu: - N\u01b0\u1edbc javen: c\u00f4ng ty C\u1ed5 ph\u1ea7n B\u1ed9t gi\u1eb7t &\n", "Ho\u00e1 ch\u1ea5t \u0110\u1ee9c Giang, H\u00e0 N\u1ed9i, Vi\u1ec7t Nam.\n", "S\u1ea3n xu\u1ea5t theo ti\u1ec3u chu\u1ea9n TCCS 96: 2009/HC\u0110G.\n", "- Acid acetic: c\u00f4ng ty Xilong Scientific,\n", "Guangdong, Trung Qu\u1ed1c.\n", "S\u1ea3n xu\u1ea5t theo ti\u1ec3u chu\u1ea9n ISO 9001 \u2013 ISO 14001 \u2013 OHSAS 18001.\n", "- Xanh methylen: c\u00f4ng ty Shanghai Zhanyun\n", "Chemical, Shanghai, Trung Qu\u1ed1c.\n", "S\u1ea3n xu\u1ea5t theo ti\u1ec3u chu\u1ea9n ISO 9001 \u2013 2000.\n", "- \u0110\u1ecf son ph\u00e8n: c\u00f4ng ty Shanghai Zhanyun\n", "Chemical, Shanghai, Trung Qu\u1ed1c.\n", "S\u1ea3n xu\u1ea5t theo ti\u1ec3u chu\u1ea9n ISO 9001 \u2013 2000.\n", "- N\u01b0\u1edbc c\u1ea5t.\n", "2.4.\n", "Ph\u01b0\u01a1ng ph\u00e1p nghi\u00ean c\u1ee9u - Ph\u00e2n t\u00edch h\u00ecnh th\u00e1i th\u1ef1c v\u1eadt: m\u00f4 t\u1ea3 \u0111\u1eb7c \u0111i\u1ec3m h\u00ecnh th\u00e1i theo ph\u01b0\u01a1ng ph\u00e1p m\u00f4 t\u1ea3 ph\u00e2n t\u00edch.\n", "- Gi\u00e1m \u0111\u1ecbnh t\u00ean khoa h\u1ecdc c\u1ee7a m\u1eabu nghi\u00ean c\u1ee9u: \u0111\u1ed1i chi\u1ebfu \u0111\u1eb7c \u0111i\u1ec3m m\u00f4 t\u1ea3 v\u1edbi \u0111\u1eb7c \u0111i\u1ec3m th\u1ef1c v\u1eadt \u0111\u00e3 \u0111\u01b0\u1ee3c c\u00f4ng b\u1ed1 v\u1ec1 chi Oxalis v\u00e0 m\u1ed9t s\u1ed1 lo\u00e0i thu\u1ed9c chi n\u00e0y [1,6,7].\n", "- M\u00f4 t\u1ea3 gi\u1ea3i ph\u1eabu: th\u00e2n, l\u00e1: c\u1eaft, t\u1ea9y v\u00e0 nhu\u1ed9m ti\u00eau b\u1ea3n theo ph\u01b0\u01a1ng ph\u00e1p nhu\u1ed9m k\u00e9p.\n", "Soi b\u1ed9t: l\u00ean ti\u00eau b\u1ea3n b\u1ed9t theo ph\u01b0\u01a1ng ph\u00e1p gi\u1ecdt \u00e9p.\n", "Quan s\u00e1t c\u1ea5u t\u1ea1o gi\u1ea3i ph\u1eabu v\u00e0 \u0111\u1eb7c \u0111i\u1ec3m b\u1ed9t d\u01b0\u1ee3c li\u1ec7u d\u01b0\u1edbi k\u00ednh hi\u1ec3n vi, m\u00f4 t\u1ea3 v\u00e0 ch\u1ee5p \u1ea3nh b\u1eb1ng m\u00e1y \u1ea3nh k\u1ef9 thu\u1eadt s\u1ed1 [8].\n"], "3": ["3.\n", "K\u1ebft qu\u1ea3 nghi\u00ean c\u1ee9u 3.1.\n", "\u0110\u1eb7c \u0111i\u1ec3m h\u00ecnh th\u00e1i\n", "C\u00e2y th\u1ea3o, m\u1ecdc lan b\u00f2 tr\u00ean m\u1eb7t \u0111\u1ea5t.\n", "R\u1ec5 ch\u00ednh ng\u1eafn, th\u1eb3ng, c\u00f3 nhi\u1ec1u r\u1ec5 ph\u1ee5.\n", "Th\u00e2n h\u00ecnh tr\u1ee5 tr\u00f2n, nhi\u1ec1u l\u00f4ng, d\u00e0i 10-50 cm, r\u1ed9ng 0,1-0,3 cm, m\u00e0u xanh ho\u1eb7c \u0111\u1ecf nh\u1ea1t, chia nhi\u1ec1u nh\u00e1nh nh\u1ecf.\n", "L\u00e1 m\u1ecdc c\u00e1ch, k\u00e9p ch\u00e2n v\u1ecbt; cu\u1ed1ng l\u00e1 h\u00ecnh tr\u1ee5 d\u00e0i 2- 12 cm, m\u00e0u xanh, c\u00f3 l\u00f4ng m\u00e0u tr\u1eafng m\u1ecbn, \u0111\u00e1y cu\u1ed1ng b\u00e8 ra t\u1ea1o th\u00e0nh b\u1eb9 \u00f4m th\u00e2n.\n", "\u0110\u1ec9nh cu\u1ed1ng mang 3 l\u00e1 ch\u00e9t h\u00ecnh tim ng\u01b0\u1ee3c, \u0111\u1ec1u nhau; ng\u1ecdn l\u00e1 chia 2 thu\u1ef3 b\u1eb1ng nhau, g\u1ed1c l\u00e1 h\u00ecnh ch\u00f3t bu\u1ed3m n\u00f4ng.\n", "M\u1eb7t tr\u00ean l\u00e1 m\u00e0u xanh l\u1ee5c, m\u1eb7t d\u01b0\u1edbi l\u00e1 m\u00e0u xanh lam v\u1edbi 5 g\u00e2n ch\u00ednh, n\u1ed5i r\u00f5, to\u1ea3 \u0111\u1ec1u xu\u1ea5t ph\u00e1t t\u1eeb \u0111\u1ec9nh cu\u1ed1ng l\u00e1; l\u00f4ng ch\u1ec9 c\u00f3 \u1edf m\u1eb7t d\u01b0\u1edbi v\u00e0 b\u00eca phi\u1ebfn.\n", "C\u00e2y kh\u00f4ng c\u00f3 l\u00e1 k\u00e8m.\n", "L\u00e1 t\u1ea1o n\u00ean hi\u1ec7n t\u01b0\u1ee3ng chuy\u1ec3n \u0111\u1ed9ng ng\u1ee7: m\u1edf ra khi c\u00f3 \u00e1nh s\u00e1ng v\u00e0 kh\u00e9p l\u1ea1i khi t\u1ed1i tr\u1eddi.\n", "Hoa m\u1ecdc th\u00e0nh t\u00e1n g\u1ed3m 2-4 hoa.\n", "Hoa nh\u1ecf, \u0111\u1ec1u, l\u01b0\u1ee1ng t\u00ednh; cu\u1ed1ng hoa d\u00e0i 1-2 cm, mang 2 b\u1eafc h\u00ecnh tam gi\u00e1c nh\u1ecdn, m\u1ecdc \u0111\u1ed1i nhau.\n", "M\u1ed7i hoa c\u00f3 5 l\u00e1 \u0111\u00e0i \u0111\u1ec1u, r\u1eddi, m\u00e0u xanh, m\u1eb7t ngo\u00e0i c\u00f3 l\u00f4ng; 5 tr\u00e0ng hoa, \u0111\u1ec1u, x\u1ebfp \u0111\u00e8 l\u00ean nhau, ph\u00eda tr\u00ean m\u00e0u v\u00e0ng, h\u00ecnh b\u1ea7u d\u1ee5c, ph\u00eda d\u01b0\u1edbi m\u00e0u tr\u1eafng xanh.\n", "Nh\u1ecb 10, x\u1ebfp 2 v\u00f2ng: v\u00f2ng ngo\u00e0i g\u1ed3m 5 nh\u1ecb l\u00e9p \u0111\u1ed1i di\u1ec7n v\u1edbi c\u00e1nh hoa, v\u00f2ng trong l\u00e0 5 nh\u1ecb th\u1ee5 xen k\u1ebd v\u1edbi c\u00e1nh hoa; ch\u1ec9 nh\u1ecb d\u1ea1ng s\u1ee3i m\u00e0u tr\u1eafng d\u00e0i 0,15-0,25 cm; bao ph\u1ea5n h\u00ecnh thu\u00f4n d\u00e0i g\u1ed3m 2 ng\u0103n.\n", "Nhu\u1ef5 hoa: b\u1ea7u tr\u00ean h\u00ecnh tr\u1ee5 \u0111\u1ec9nh thu\u00f4n, 5 \u00f4 ch\u1ee9a no\u00e3n; \u0111\u1ea7u nhu\u1ef5 m\u00e0u v\u00e0ng, m\u1ed7i \u0111\u1ea7u chia nhi\u1ec1u tua nh\u1ecf.\n", "Qu\u1ea3 thu\u00f4n d\u00e0i \u0111\u1ec9nh nh\u1ecdn, nang n\u1ee9t l\u01b0ng tung h\u1ea1t ra xa, v\u1ecf qu\u1ea3 m\u1ecfng nh\u0103n nheo, m\u00e0u xanh, c\u00f3 l\u00f4ng.\n", "H\u1ea1t h\u00ecnh tr\u1ee9ng 1 \u0111\u1ea7u nh\u1ecdn h\u01a1i d\u1eb9t d\u00e0i 1 mm, m\u00e0u n\u00e2u \u0111\u1ecf, c\u00f3 c\u00e1c \u0111\u01b0\u1eddng r\u00e3nh ngang.\n", "Chua me \u0111\u1ea5t hoa v\u00e0ng th\u01b0\u1eddng m\u1ecdc l\u1eabn v\u1edbi c\u00e1c lo\u1ea1i c\u00e2y kh\u00e1c, \u01b0a s\u1ed1ng n\u01a1i \u0111\u1ea5t \u1ea9m, h\u01a1i ch\u1ecbu b\u00f3ng.\n", "M\u00f9a hoa t\u1eeb th\u00e1ng 3 \u0111\u1ebfn th\u00e1ng 7.\n", "H\u00ecnh 1.\n", "\u0110\u1eb7c \u0111i\u1ec3m c\u01a1 quan sinh d\u01b0\u1ee1ng c\u00e2y Chua me \u0111\u1ea5t hoa v\u00e0ng.\n", "Ch\u00fa th\u00edch: 1.\n", "C\u1ee5m c\u00e2y; 2.\n", "To\u00e0n c\u00e2y; 3.\n", "Th\u00e2n c\u00e2y v\u00e0 c\u00e1ch m\u1ecdc c\u1ee7a l\u00e1; 4.\n", "L\u00e1 v\u00e0 cu\u1ed1ng l\u00e1; 5.\n", "\u0110\u00e1y cu\u1ed1ng l\u00e1; 6.\n", "M\u1eb7t sau l\u00e1; 7.\n", "M\u1eb7t tr\u01b0\u1edbc l\u00e1; 8.\n", "M\u00e9p l\u00e1.\n", "H\u00ecnh 2.\n", "\u0110\u1eb7c \u0111i\u1ec3m c\u01a1 quan sinh s\u1ea3n c\u00e2y Chua me \u0111\u1ea5t hoa v\u00e0ng.\n", "Ch\u00fa th\u00edch: 1.\n", "C\u1ee5m hoa; 2.\n", "Hoa nguy\u00ean v\u1eb9n; 3.\n", "\u0110\u00e0i hoa; 4.\n", "Tr\u00e0ng hoa; 5.\n", "B\u1ed9 nh\u1ecb-nhu\u1ef5; 6.\n", "Ch\u1ec9 nh\u1ecb; 7.\n", "Nhu\u1ef5 hoa; 8.\n", "C\u1ee5m qu\u1ea3; 9.\n", "Qu\u1ea3; 10.\n", "H\u1ea1t.\n", "3.2.\n", "\u0110\u1eb7c \u0111i\u1ec3m vi ph\u1eabu + Vi ph\u1eabu th\u00e2n:\n", "C\u1ea5u t\u1ea1o t\u1eeb ngo\u00e0i v\u00e0o trong g\u1ed3m: ngo\u00e0i c\u00f9ng l\u00e0 c\u00e1c l\u00f4ng che ch\u1edf \u0111\u01a1n b\u00e0o (2).\n", "L\u1edbp bi\u1ec3u b\u00ec c\u1ee7a th\u00e2n (1) g\u1ed3m nhi\u1ec1u t\u1ebf b\u00e0o h\u00ecnh \u0111a gi\u00e1c, k\u00edch th\u01b0\u1edbc kh\u00f4ng \u0111\u1ec1u, v\u00e1ch ngo\u00e0i v\u00e0 trong d\u00e0y, t\u1ea7ng cutin m\u1ecfng, c\u00f3 nhi\u1ec1u l\u1ed7 kh\u00ed \u0111\u1ec3 th\u00f4ng h\u01a1i.\n", "M\u00f4 m\u1ec1m v\u1ecf (3) g\u1ed3m nhi\u1ec1u l\u1edbp t\u1ebf b\u00e0o h\u00ecnh \u0111a gi\u00e1c, s\u1eafp x\u1ebfp l\u1ed9n x\u1ed9n t\u1ea1o th\u00e0nh c\u00e1c kho\u1ea3ng gian b\u00e0o nh\u1ecf; ph\u1ea7n l\u1edbn l\u1edbp t\u1ebf b\u00e0o \u1edf gi\u1eefa to h\u01a1n r\u1ea5t nhi\u1ec1u so v\u1edbi c\u00e1c t\u1ebf b\u00e0o xung quanh.\n", "\u1ede gi\u1eefa tr\u1ee5 b\u00ec v\u00e0 ph\u1ea7n v\u1ecf th\u00e2n c\u00f3 th\u1ec3 c\u00f3 r\u1ea3i r\u00e1c c\u00e1c b\u00f3 libe-g\u1ed7 (6); bao ngo\u00e0i ch\u00fang l\u00e0 l\u1edbp tr\u1ee5 b\u00ec khuy\u1ebft (5).\n", "N\u1ed9i b\u00ec g\u1ed3m m\u1ed9t h\u00e0ng t\u1ebf b\u00e0o x\u1ebfp s\u00e1t nhau th\u00e0nh v\u00f2ng kh\u00f4ng tr\u00f2n \u0111\u1ec1u, v\u00e1ch t\u1ebf b\u00e0o n\u1ed9i b\u00ec mang khung ho\u00e1 b\u1ea7n, g\u1ecdi l\u00e0 \u0111ai Caspary.\n", "Tr\u1ee5 b\u00ec (4) g\u1ed3m 2-3 l\u1edbp t\u1ebf b\u00e0o \u0111a gi\u00e1c \u0111\u00e3 ho\u00e1 th\u00e0nh m\u00f4 c\u1ee9ng t\u1ea1o n\u00ean nh\u1eefng s\u1ee3i tr\u1ee5 b\u00ec, k\u00edch th\u01b0\u1edbc t\u01b0\u01a1ng \u0111\u1ed1i \u0111\u1ec1u, x\u1ebfp lu\u00e2n phi\u00ean v\u1edbi t\u1ebf b\u00e0o n\u1ed9i b\u00ec.\n", "H\u1ec7 th\u1ed1ng d\u1eabn g\u1ed3m c\u00e1c b\u00f3 libe g\u1ed7 (7) l\u1edbn nh\u1ecf kh\u00f4ng \u0111\u1ec1u, r\u1eddi nhau, t\u1ea1o th\u00e0nh m\u1ed9t v\u00f2ng tr\u00f2n.\n", "M\u1ea1ch g\u1ed7 c\u1ea5p hai (8) h\u00ecnh \u0111a gi\u00e1c tr\u00f2n, k\u00edch th\u01b0\u1edbc kh\u00f4ng \u0111\u1ec1u, ph\u00e2n b\u1ed1 \u0111\u1ec1u trong v\u00f9ng m\u00f4 m\u1ec1m g\u1ed7.\n", "M\u00f4 m\u1ec1m ru\u1ed9t (9) g\u1ed3m nhi\u1ec1u t\u1ebf b\u00e0o h\u00ecnh \u0111a gi\u00e1c, g\u1ea7n nh\u01b0 tr\u00f2n, s\u1ed1 l\u01b0\u1ee3ng l\u1edbn h\u01a1n r\u1ea5t nhi\u1ec1u so v\u1edbi m\u00f4 m\u1ec1m v\u1ecf, k\u00edch th\u01b0\u1edbc kh\u00f4ng \u0111\u1ed3ng \u0111\u1ec1u, c\u00e1c g\u00f3c c\u00f3 kho\u1ea3ng gian b\u00e0o nh\u1ecf.\n", ".\n", "H\u00ecnh 3: \u0110\u1eb7c \u0111i\u1ec3m c\u1ea5u t\u1ea1o vi ph\u1eabu th\u00e2n c\u1ee7a lo\u00e0i Chua me \u0111\u1ea5t hoa v\u00e0ng quan s\u00e1t tr\u00ean v\u1eadt k\u00ednh 10.\n", "Ch\u00fa th\u00edch: 1.\n", "Bi\u1ec3u b\u00ec; 2.\n", "L\u00f4ng; 3.\n", "M\u00f4 m\u1ec1m v\u1ecf; 4.\n", "Tr\u1ee5 b\u00ec; 5.\n", "Tr\u1ee5 b\u00ec khuy\u1ebft; 6-7.\n", "B\u00f3 libe \u2013 g\u1ed7; 8.\n", "M\u1ea1ch g\u1ed7 c\u1ea5p hai; 9.\n", "M\u00f4 m\u1ec1m ru\u1ed9t.\n", "+ Vi ph\u1eabu l\u00e1:\n", "G\u00e2n l\u00e1 (B): m\u1eb7t d\u01b0\u1edbi l\u1ed3i, m\u1eb7t tr\u00ean h\u1eb9p v\u00e0 ph\u1eb3ng.\n", "L\u00f4ng che ch\u1edf \u0111\u01a1n b\u00e0o (6) n\u1eb1m ph\u00eda ngo\u00e0i bi\u1ec3u b\u00ec.\n", "Bi\u1ec3u b\u00ec tr\u00ean (1) v\u00e0 bi\u1ec3u b\u00ec d\u01b0\u1edbi (5) c\u1ea5u t\u1ea1o b\u1edfi 1 h\u00e0ng t\u1ebf h\u00ecnh b\u1ea7u d\u1ee5c, k\u00edch th\u01b0\u1edbc kh\u00f4ng \u0111\u1ec1u.\n", "M\u00f4 m\u1ec1m (4) g\u1ed3m 1-2 l\u1edbp t\u1ebf b\u00e0o \u0111a gi\u00e1c g\u1ea7n tr\u00f2n, k\u00edch th\u01b0\u1edbc kh\u00e1c nhau, ph\u00e2n b\u1ed1 kh\u00f4ng \u0111\u1ed3ng \u0111\u1ec1u.\n", "Tinh th\u1ec3 calci oxalat (2) c\u00f3 nhi\u1ec1u \u1edf m\u00f4 m\u1ec1m, ph\u00e2n b\u1ed1 kh\u00f4ng \u0111\u1ec1u, k\u00edch th\u01b0\u1edbc kh\u00e1c nhau.\n", "B\u00f3 libe-g\u1ed7 (3) nh\u1ecf h\u01a1n nhi\u1ec1u so v\u1edbi th\u00e2n, c\u00f3 \u00edt m\u1ea1ch g\u1ed7; xung quanh b\u00f3 c\u00f3 2-3 l\u1edbp t\u1ebf b\u00e0o m\u00f4 m\u1ec1m k\u00edch th\u01b0\u1edbc nh\u1ecf.\n", "Libe l\u00e0 c\u00e1c t\u1ebf b\u00e0o nhi\u1ec1u c\u1ea1nh, g\u1ea7n tr\u00f2n, k\u00edch th\u01b0\u1edbc kh\u00e1 nh\u1ecf bao quanh g\u1ed7.\n", "M\u1ea1ch g\u1ed7 h\u00ecnh \u0111a gi\u00e1c tr\u00f2n, k\u00edch th\u01b0\u1edbc nh\u1ecf.\n", "Ph\u1ea7n phi\u1ebfn l\u00e1 (C): bi\u1ec3u b\u00ec tr\u00ean (1) t\u01b0\u01a1ng t\u1ef1 bi\u1ec3u b\u00ec d\u01b0\u1edbi (4), l\u00e0 nh\u1eefng t\u1ebf b\u00e0o h\u00ecnh b\u1ea7u d\u1ee5c r\u1ed9ng, k\u00edch th\u01b0\u1edbc l\u1edbn, kh\u00e1 \u0111\u1ed3ng \u0111\u1ec1u.\n", "M\u00f4 m\u1ec1m gi\u1eadu (7) 1 l\u1edbp t\u1ebf b\u00e0o thu\u00f4n d\u00e0i, x\u1ebfp c\u00e1nh nhau.\n", "M\u00f4 m\u1ec1m khuy\u1ebft (8) n\u1eb1m \u1edf ph\u1ea7n th\u1ecbt l\u00e1 g\u1ed3m 1-2 l\u1edbp t\u1ebf b\u00e0o \u0111a gi\u00e1c tr\u00f2n.\n", "B\u00f3 g\u00e2n ph\u1ee5 (3) nh\u1ecf h\u01a1n g\u00e2n ch\u00ednh (gi\u1eefa) c\u1ee7a l\u00e1, n\u1eb1m r\u1ea3i r\u00e1c trong v\u00f9ng m\u00f4 m\u1ec1m khuy\u1ebft.\n", "Trong phi\u1ebfn l\u00e1 c\u00f3 c\u00e1c tinh th\u1ec3 calci oxalat (2) b\u00e9 n\u1eb1m r\u1ea3i r\u00e1c.\n", "H\u00ecnh 4.\n", "\u0110\u1eb7c \u0111i\u1ec3m vi ph\u1eabu l\u00e1 lo\u00e0i Chua me \u0111\u1ea5t hoa v\u00e0ng quan s\u00e1t tr\u00ean v\u1eadt k\u00ednh 10 v\u00e0 40.\n", "Ch\u00fa th\u00edch: B: 1.\n", "Bi\u1ec3u b\u00ec tr\u00ean; 2.\n", "Tinh th\u1ec3 calci oxalate; 3.\n", "B\u00f3 libe-g\u1ed7; 4.\n", "M\u00f4 m\u1ec1m; 5.\n", "Bi\u1ec3u b\u00ec d\u01b0\u1edbi; 6.\n", "L\u00f4ng; 7.\n", "M\u00f4 m\u1ec1m gi\u1eadu; 8.\n", "M\u00f4 m\u1ec1m khuy\u1ebft;\n", "C: 1.\n", "Bi\u1ec3u b\u00ec tr\u00ean; 2.\n", "Tinh th\u1ec3 calci oxalate; 3.\n", "B\u00f3 g\u00e2n ph\u1ee5; 4.\n", "Bi\u1ec3u b\u00ec d\u01b0\u1edbi.\n", "H\u00ecnh 5.\n", "\u0110\u1eb7c \u0111i\u1ec3m b\u1ed9t Chua me \u0111\u1ea5t hoa v\u00e0ng quan s\u00e1t tr\u00ean v\u1eadt k\u00ednh 40.\n", "Ch\u00fa th\u00edch: 1.\n", "L\u00f4ng che ch\u1edf; 2.\n", "M\u1ea3nh m\u1ea1ch v\u1ea1ch; 3.\n", "M\u1ea3nh m\u1ea1ch m\u1ea1ng 4.\n", "M\u1ea3nh m\u1ea1ch xo\u1eafn; 5.\n", "Tinh th\u1ec3 calci oxalate h\u00ecnh c\u1ea7u gai; 6.\n", "Tinh th\u1ec3 calci oxalate h\u00ecnh kh\u1ed1i; 7.\n", "M\u1ea3nh l\u00e1 c\u00f3 g\u00e2n ch\u1ee9a tinh b\u1ed9t, tinh th\u1ec3 calci oxalate; 8.\n", "B\u00f3 s\u1ee3i; 9.\n", "M\u1ea3nh m\u1ec1m ch\u1ee9a tinh b\u1ed9t; 10.\n", "M\u1ea3nh bi\u1ec3u b\u00ec.\n", "3.3.\n", "\u0110\u1eb7c \u0111i\u1ec3m b\u1ed9t d\u01b0\u1ee3c li\u1ec7u\n", "B\u1ed9t c\u00e2y Chua me \u0111\u1ea5t hoa v\u00e0ng: b\u1ed9t d\u01b0\u1ee3c li\u1ec7u l\u00e0 b\u1ed9t to\u00e0n c\u00e2y kh\u00f4 c\u00f3 m\u00e0u v\u00e0ng \u00faa, v\u1ecb chua, kh\u00f4ng c\u00f3 m\u00f9i, m\u1ecbn.\n", "Soi d\u01b0\u1edbi k\u00ednh hi\u1ec3n vi th\u1ea5y m\u1ed9t s\u1ed1 \u0111\u1eb7c \u0111i\u1ec3m g\u1ed3m: l\u00f4ng che ch\u1edf (1) \u0111\u01a1n b\u00e0o; m\u1ea3nh m\u1ea1ch v\u1ea1ch (2); m\u1ea3nh m\u1ea1ch m\u1ea1ng (3); m\u1ea3nh m\u1ea1ch xo\u1eafn (4); trong b\u1ed9t c\u00f3 nhi\u1ec1u tinh th\u1ec3 calci oxalat h\u00ecnh c\u1ea7u gai (5) v\u00e0 h\u00ecnh kh\u1ed1i (6); m\u1ea3nh m\u00f4 m\u1ec1m (9) c\u00f3 ch\u1ee9a tinh b\u1ed9t, c\u00e1c h\u1ea1t tinh b\u1ed9t t\u1ee5 l\u1ea1i th\u00e0nh t\u1eebng \u0111\u00e1m ho\u1eb7c \u0111\u1ee9ng ri\u00eang r\u1ebd; m\u1ea3nh l\u00e1 (7) c\u00f3 g\u00e2n l\u00e1 v\u00e0 ch\u1ee9a nhi\u1ec1u tinh b\u1ed9t, tinh th\u1ec3 calci oxalat; m\u1ea3nh bi\u1ec3u b\u00ec (10); b\u00f3 s\u1ee3i (8) d\u00e0i g\u1ed3m c\u00e1c s\u1ee3i c\u00f3 v\u00e1ch m\u1ecfng x\u1ebfp th\u00e0nh b\u00f3.\n", "3.4.\n", "X\u00e1c \u0111\u1ecbnh t\u00ean khoa h\u1ecdc\n", "Ph\u00e2n t\u00edch \u0111\u1eb7c \u0111i\u1ec3m h\u00ecnh th\u00e1i c\u1ee7a th\u00e2n, l\u00e1, hoa; quan s\u00e1t \u0111\u1eb7c \u0111i\u1ec3m gi\u1ea3i ph\u1eabu c\u1ee7a c\u00e1c b\u1ed9 ph\u1eadn tr\u00ean, c\u00f3 s\u1ef1 so s\u00e1nh v\u00e0 \u0111\u1ed1i chi\u1ebfu v\u1edbi c\u00e1c c\u00f4ng b\u1ed1 v\u1ec1 \u0111\u1eb7c \u0111i\u1ec3m th\u1ef1c v\u1eadt, t\u00ean khoa h\u1ecdc c\u1ee7a m\u1ed9t s\u1ed1 lo\u00e0i thu\u1ed9c chi Oxalis trong t\u00e0i li\u1ec7u [1,6,7] nh\u00f3m nghi\u00ean c\u1ee9u kh\u1eb3ng \u0111\u1ecbnh t\u00ean khoa h\u1ecdc c\u1ee7a c\u00e2y\n", "Chua me \u0111\u1ea5t hoa v\u00e0ng thu h\u00e1i t\u1ea1i t\u1ec9nh H\u00e0 T\u0129nh l\u00e0: Oxalis corniculata L.\n", "(h\u1ecd Oxalidaceae).\n", "M\u1eabu c\u00e2y n\u00e0y c\u0169ng \u0111\u00e3 \u0111\u01b0\u1ee3c Vi\u1ec7n Sinh th\u00e1i v\u00e0 T\u00e0i nguy\u00ean Sinh v\u1eadt, Vi\u1ec7n H\u00e0n l\u00e2m v\u00e0 Khoa h\u1ecdc\n", "C\u00f4ng ngh\u1ec7 Vi\u1ec7t Nam gi\u00e1m \u0111\u1ecbnh t\u00ean khoa h\u1ecdc l\u00e0 lo\u00e0i Oxalis corniculata L.\n", "(h\u1ecd Oxalidaceae).\n"], "4": ["4.\n", "B\u00e0n lu\u1eadn\n", "So v\u1edbi c\u00e1c nghi\u00ean c\u1ee9u tr\u01b0\u1edbc \u0111\u00e2y v\u1ec1 chi Oxalis nghi\u00ean c\u1ee9u \u0111\u00e3 m\u00f4 t\u1ea3 chi ti\u1ebft h\u01a1n v\u1ec1 \u0111\u1eb7c \u0111i\u1ec3m h\u00ecnh th\u00e1i th\u1ef1c v\u1eadt, \u0111\u1eb7c bi\u1ec7t v\u1ec1 l\u00e1, nh\u1ecb, nhu\u1ef5 v\u00e0 x\u00e1c \u0111\u1ecbnh \u0111\u01b0\u1ee3c t\u00ean khoa h\u1ecdc c\u1ee7a m\u1eabu nghi\u00ean c\u1ee9u c\u1ee9u l\u00e0 Oxalis corniculata L..\n", "K\u1ebft qu\u1ea3 nghi\u00ean c\u1ee9u th\u1ef1c v\u1eadt v\u00e0 x\u00e1c \u0111\u1ecbnh t\u00ean khoa h\u1ecdc c\u1ee7a m\u1eabu nghi\u00ean c\u1ee9u g\u00f3p ph\u1ea7n ph\u00e2n bi\u1ec7t lo\u00e0i Oxalis corniculata L.\n", "v\u1edbi c\u00e1c lo\u00e0i kh\u00e1c trong chi Oxalis, \u0111\u1ed3ng th\u1eddi c\u0169ng l\u00e0 nghi\u00ean c\u1ee9u b\u01b0\u1edbc \u0111\u1ea7u l\u00e0m ti\u1ec1n \u0111\u1ec1 cho m\u1ee5c \u0111\u00edch nghi\u00ean c\u1ee9u chuy\u00ean s\u00e2u h\u01a1n, g\u00f3p ph\u1ea7n x\u00e2y d\u1ef1ng v\u00e0 ho\u00e0n thi\u1ec7n ti\u00eau chu\u1ea9n c\u1ee7a chuy\u00ean lu\u1eadn v\u1ec1 d\u01b0\u1ee3c li\u1ec7u n\u00e0y trong D\u01b0\u1ee3c \u0111i\u1ec3n\n", "Vi\u1ec7t Nam.\n", "V\u1ec1 \u0111\u1eb7c \u0111i\u1ec3m th\u1ef1c v\u1eadt, c\u00f3 m\u1ed9t s\u1ed1 kh\u00e1c bi\u1ec7t c\u1ee7a lo\u00e0i Oxalis Corniculata L.\n", "so v\u1edbi c\u00e1c lo\u00e0i kh\u00e1c c\u00f3 th\u1ec3 th\u1ea5y nh\u01b0: tr\u00e0ng hoa (v\u1edbi lo\u00e0i\n", "O.acetosella L.\n", "tr\u00e0ng hoa m\u00e0u tr\u1eafng v\u00e2n h\u1ed3ng, lo\u00e0i O.corymbosa L.\n", "tr\u00e0ng hoa m\u00e0u h\u1ed3ng [1], trong khi lo\u00e0i O.corniculata L.\n", "c\u00f3 tr\u00e0ng hoa m\u00e0u v\u00e0ng); th\u00e2n (v\u1edbi lo\u00e0i O.corymbosa L.\n", "th\u00e2n ti\u00eau bi\u1ebfn th\u00e0nh c\u1ee7 n\u1eb1m d\u01b0\u1edbi m\u1eb7t \u0111\u1ea5t [3], trong khi lo\u00e0i O.corniculata L.\n", "th\u00e2n m\u1ea3nh h\u00ecnh tr\u1ee5, chia l\u00e0m nhi\u1ec1u nh\u00e1nh nh\u1ecf).\n", "Nghi\u00ean c\u1ee9u \u0111\u00e3 ti\u1ebfn h\u00e0nh ph\u00e2n t\u00edch \u0111\u1eb7c \u0111i\u1ec3m vi ph\u1eabu, soi b\u1ed9t th\u00e2n v\u00e0 l\u00e1 c\u1ee7a c\u00e2y.\n", "K\u1ebft qu\u1ea3 nghi\u00ean c\u1ee9u cho th\u1ea5y, c\u00e1c \u0111\u1eb7c \u0111i\u1ec3m vi h\u1ecdc c\u1ee7a c\u00e2y mang c\u00e1c \u0111\u1eb7c \u0111i\u1ec3m chung \u0111\u1eb7c tr\u01b0ng c\u1ee7a th\u1ef1c v\u1eadt\n", "Oxalidaceae.\n", "Vi ph\u1eabu th\u00e2n v\u00e0 l\u00e1 b\u1eaft m\u00e0u kh\u00e1 t\u1ed1t, c\u00f3 th\u1ec3 quan s\u00e1t r\u00f5 c\u00e1c l\u1edbp t\u1ebf b\u00e0o tr\u00ean k\u00ednh hi\u1ec3n vi.\n", "C\u00e1c h\u00ecnh \u1ea3nh v\u1ec1 c\u1ea5u t\u1ea1o vi h\u1ecdc c\u1ee7a c\u00e2y r\u1ea5t r\u00f5 n\u00e9t, c\u00f3 nh\u1eefng m\u1ee9c ph\u00f3ng \u0111\u1ea1i kh\u00e1c nhau, c\u00f3 th\u1ec3 d\u00f9ng l\u00e0m t\u01b0 li\u1ec7u cho vi\u1ec7c ti\u00eau chu\u1ea9n ho\u00e1 v\u00e0 ki\u1ec3m nghi\u1ec7m x\u00e1c \u0111\u1ecbnh m\u1eabu c\u00e2y Chua me \u0111\u1ea5t hoa v\u00e0ng; \u0111\u1ed3ng th\u1eddi t\u1ea1o \u0111i\u1ec1u ki\u1ec7n thu\u1eadn l\u1ee3i cho vi\u1ec7c ph\u00e2n bi\u1ec7t v\u00e0 so s\u00e1nh c\u00e1c m\u1eabu Chua me \u0111\u1ea5t c\u00f3 tr\u00ean th\u1ecb\n", "K\u1ebft qu\u1ea3 c\u1ee7a nghi\u00ean c\u1ee9u ph\u00f9 h\u1ee3p v\u1edbi t\u00e0i li\u1ec7u \u0111\u00e3 c\u00f4ng b\u1ed1 tr\u00ean th\u1ebf gi\u1edbi v\u1ec1 c\u00e2y Chua me \u0111\u1ea5t hoa v\u00e0ng.\n", "S\u1eed d\u1ee5ng c\u00e1c thi\u1ebft b\u1ecb hi\u1ec7n \u0111\u1ea1i, k\u1ebft qu\u1ea3 \u0111\u01b0\u1ee3c tr\u00ecnh b\u00e0y d\u01b0\u1edbi d\u1ea1ng \u1ea3nh ch\u1ee5p thay v\u00ec h\u00ecnh v\u1ebd nh\u01b0 trong t\u00e0i li\u1ec7u \u0111\u00e3 c\u00f4ng b\u1ed1 tr\u01b0\u1edbc \u0111\u00e2y.\n"], "5": ["5.\n", "K\u1ebft lu\u1eadn\n", "Nghi\u00ean c\u1ee9u \u0111\u00e3 m\u00f4 t\u1ea3 chi ti\u1ebft \u0111\u1eb7c \u0111i\u1ec3m th\u1ef1c v\u1eadt v\u00e0 x\u00e1c \u0111\u1ecbnh t\u00ean khoa h\u1ecdc c\u1ee7a m\u1eabu c\u00e2y Chua me \u0111\u1ea5t hoa v\u00e0ng thu h\u00e1i t\u1ea1i huy\u1ec7n C\u1ea9m Xuy\u00ean, t\u1ec9nh H\u00e0 T\u0129nh l\u00e0: Oxalis corniculata L.\n", "(h\u1ecd\n", "Oxalidaceae).\n", "\u0110\u1ed3ng th\u1eddi nghi\u00ean c\u1ee9u c\u0169ng x\u00e2y d\u1ef1ng \u0111\u01b0\u1ee3c b\u1ed9 d\u1eef li\u1ec7u v\u1ec1 \u0111\u1eb7c \u0111i\u1ec3m vi ph\u1eabu (th\u00e2n, l\u00e1) v\u00e0 b\u1ed9t d\u01b0\u1ee3c li\u1ec7u (to\u00e0n c\u00e2y) c\u1ee7a lo\u00e0i: Oxalis corniculata L.\n", "Hi\u1ec7n nay t\u1ea1i Vi\u1ec7t Nam ch\u01b0a th\u1ea5y c\u00f3 c\u00f4ng b\u1ed1 v\u1ec1 th\u00e0nh ph\u1ea7n ho\u00e1 h\u1ecdc v\u00e0 t\u00e1c d\u1ee5ng sinh h\u1ecdc c\u1ee7a lo\u00e0i Chua me \u0111\u1ea5t hoa v\u00e0ng, v\u00ec v\u1eady c\u1ea7n c\u00f3 nghi\u00ean c\u1ee9u v\u1ec1 th\u00e0nh ph\u1ea7n ho\u00e1 h\u1ecdc, t\u00e1c d\u1ee5ng sinh h\u1ecdc, gi\u00e1 tr\u1ecb s\u1eed d\u1ee5ng c\u0169ng nh\u01b0 kh\u1ea3 n\u0103ng nh\u00e2n gi\u1ed1ng v\u00e0 tr\u1ed3ng tr\u1ecdt c\u1ee7a lo\u00e0i n\u00e0y.\n"]}, "Word count": 2623}