{"title": "Original Article\n", "content": {"0": ["T\u00f3m t\u1eaft: Trong nghi\u00ean c\u1ee9u n\u00e0y, ch\u00fang t\u00f4i ti\u1ebfn h\u00e0nh ph\u00e1t tri\u1ec3n ph\u01b0\u01a1ng ph\u00e1p ph\u00e2n t\u00edch \u0111\u1ecbnh l\u01b0\u1ee3ng \u0111\u1ed3ng th\u1eddi hederacoside C v\u00e0 \u03b1- hederin trong lo\u00e0i d\u00e2y th\u01b0\u1eddng xu\u00e2n (Hedera nepalensis K.\n", "Koch) b\u1eb1ng ph\u01b0\u01a1ng ph\u00e1p HPLC-UV.\n", "K\u1ebft qu\u1ea3 th\u1ea9m \u0111\u1ecbnh cho th\u1ea5y ph\u01b0\u01a1ng ph\u00e1p x\u00e2y d\u1ef1ng c\u00f3 \u0111\u1ed9 l\u1eb7p l\u1ea1i cao, \u0111\u1ed9 ch\u00ednh x\u00e1c cao v\u00e0 \u0111\u1ed9 nh\u1ea1y t\u1ed1t.\n", "\u00c1p d\u1ee5ng ph\u01b0\u01a1ng ph\u00e1p x\u00e2y d\u1ef1ng \u0111\u01b0\u1ee3c nh\u1eb1m \u0111\u00e1nh gi\u00e1 h\u00e0m l\u01b0\u1ee3ng hederacoside C v\u00e0 \u03b1-hederin trong c\u00e1c m\u1eabu d\u00e2y th\u01b0\u1eddng xu\u00e2n thu h\u00e1i t\u1ea1i H\u00e0 Giang, Lai Ch\u00e2u v\u00e0 L\u00e0o\n", "Cai.\n", "K\u1ebft qu\u1ea3 thu \u0111\u01b0\u1ee3c cho th\u1ea5y h\u00e0m l\u01b0\u1ee3ng hederacoside C dao \u0111\u1ed9ng trong kho\u1ea3ng t\u1eeb 0,4 \u2013 4,01 % v\u00e0 \u03b1-hederin trong kho\u1ea3ng 0,21 \u2013 0,54 % t\u00ednh theo kh\u1ed1i l\u01b0\u1ee3ng kh\u00f4 tuy\u1ec7t \u0111\u1ed1i.\n", "T\u1eeb kho\u00e1: Hedera nepalensis K.\n", "Koch, hederacoside C, \u03b1-hederin, HPLC-UV.\n"], "1": ["1.\n", "M\u1edf \u0111\u1ea7u\n", "Hedera (L.) l\u00e0 m\u1ed9t chi thu\u1ed9c h\u1ecd Nh\u00e2n s\u00e2m (Araliaceae) v\u00e0 ghi nh\u1eadn \u0111\u01b0\u1ee3c kho\u1ea3ng 15 lo\u00e0i, m\u1ed9t s\u1ed1 lo\u00e0i \u0111\u01b0\u1ee3c bi\u1ebft c\u00f3 gi\u00e1 tr\u1ecb l\u00e0m thu\u1ed1c.\n", "Trong \u0111\u00f3 c\u00f3 2 lo\u00e0i \u0111\u1ebfn nay \u0111\u01b0\u1ee3c s\u1eed d\u1ee5ng r\u1ed9ng r\u00e3i v\u00e0 nghi\u00ean c\u1ee9u nhi\u1ec1u h\u01a1n c\u1ea3 v\u1ec1 d\u01b0\u1ee3c h\u1ecdc l\u00e0 th\u01b0\u1eddng xu\u00e2n (Hedera helix) v\u00e0 d\u00e2y th\u01b0\u1eddng xu\u00e2n (Hedera nepalensis).\n", "Theo \u0111\u00f3 H.\n", "helix \u0111\u01b0\u1ee3c t\u00ecm th\u1ea5y ch\u1ee7 y\u1ebfu \u1edf Ch\u00e2u \u00c2u v\u00e0 m\u1ed9t ph\u1ea7n Nam \u00c1, c\u00f2n H.\n", "nepalensis \u0111\u01b0\u1ee3c ghi nh\u1eadn ph\u00e2n b\u1ed1 \u1edf m\u1ed9t s\u1ed1 n\u01b0\u1edbc \u1edf Ch\u00e2u \u00c2u, d\u00e3y Himalaya v\u00e0 m\u1ed9t s\u1ed1 v\u00f9ng n\u00fai cao c\u1ee7a Vi\u1ec7t Nam [1,2].\n", "\u1ede Ch\u00e2u \u00c2u, lo\u00e0i thu\u1ed9c chi Hedera \u0111\u01b0\u1ee3c bi\u1ebft \u0111\u1ebfn v\u00e0 s\u1eed d\u1ee5ng l\u00e0m thu\u1ed1c t\u1eeb l\u00e2u \u0111\u1eddi \u1edf nhi\u1ec1u qu\u1ed1c gia.\n", "C\u00e1c nghi\u00ean c\u1ee9u ti\u1ec1n l\u00e2m s\u00e0ng v\u00e0 l\u00e2m s\u00e0ng kh\u1eb3ng \u0111\u1ecbnh hi\u1ec7u qu\u1ea3 c\u1ee7a cao chi\u1ebft th\u01b0\u1eddng xu\u00e2n c\u00f3 t\u00e1c d\u1ee5ng nh\u01b0 gi\u00e3n c\u01a1 tr\u01a1n, ch\u1ed1ng co th\u1eaft ph\u1ebf _T\u00e1c gi\u1ea3 li\u00ean h\u1ec7.\n", "qu\u1ea3n, gi\u1ea3m ti\u1ebft nh\u00e0y, long \u0111\u1eddm, ch\u1ed1ng vi\u00eam, ch\u1ed1ng nhi\u1ec5m khu\u1ea9n, b\u1ea3o v\u1ec7 gan, ch\u1ed1ng oxy ho\u00e1 [3-7].\n", "B\u00ean c\u1ea1nh \u0111\u00f3 c\u00e1c nghi\u00ean c\u1ee9u v\u1ec1 th\u00e0nh ph\u1ea7n ho\u00e1 h\u1ecdc cho th\u1ea5y trong Th\u01b0\u1eddng xu\u00e2n c\u00f3 kho\u1ea3ng 2,5 \u2013 6,0 % bidesmosidic triterpene saponin, ngo\u00e0i ra c\u00f2n c\u00f3 flavonoid, coumarin, phytosterol, acid amin.\n", "Trong \u0111\u00f3 th\u00e0nh ph\u1ea7n c\u00f3 saponin c\u00f3 h\u00e0m l\u01b0\u1ee3ng l\u1edbn nh\u1ea5t v\u00e0 ch\u1ee7 y\u1ebfu c\u00f3 ch\u1ee9a hederacoside C v\u00e0 m\u1ed9t s\u1ed1 hederacoside kh\u00e1c [1,8,9].\n", "\u1ede Ch\u00e2u \u00c2u, H.\n", "helix L.\n", "\u0111\u00e3 \u0111\u01b0\u1ee3c C\u01a1 quan qu\u1ea3n l\u00fd d\u01b0\u1ee3c Ch\u00e2u \u00c2u (EMA \u2013 European\n", "Medicines Agency) \u0111\u01b0a v\u00e0o D\u01b0\u1ee3c \u0111i\u1ec3n ch\u00e2u \u00c2u [10].\n", "\u0110\u1ebfn nay, m\u1eb7c d\u00f9 lo\u00e0i th\u01b0\u1eddng xu\u00e2n ch\u01b0a \u0111\u01b0\u1ee3c t\u00ecm th\u1ea5y c\u00f3 trong t\u1ef1 nhi\u00ean \u1edf n\u01b0\u1edbc ta, nh\u01b0ng lo\u00e0i c\u00e2y n\u00e0y \u0111\u00e3 \u0111\u01b0\u1ee3c tr\u1ed3ng t\u1ea1i m\u1ed9t s\u1ed1 \u0111\u1ecba ph\u01b0\u01a1ng (\u0110\u00e0 L\u1ea1t, L\u00e2m \u0110\u1ed3ng) nh\u01b0ng v\u1edbi quy m\u00f4 r\u1ea5t nh\u1ecf, ch\u1ee7 y\u1ebfu \u0111\u1ec3 l\u00e0m c\u1ea3nh [11].\n", "Trong khi \u0111\u00f3 g\u1ea7n \u0111\u00e2y, k\u1ebft qu\u1ea3 \u0111i\u1ec1u tra d\u01b0\u1ee3c li\u1ec7u \u1edf mi\u1ec1n n\u00fai ph\u00eda B\u1eafc\n", "Vi\u1ec7t Nam \u0111\u00e3 ph\u00e1t hi\u1ec7n \u0111\u01b0\u1ee3c \u1edf H\u00e0 Giang, L\u00e0o\n", "Cai, Lai Ch\u00e2u c\u00f3 s\u1ef1 ph\u00e2n b\u1ed1 kh\u00e1 phong ph\u00fa c\u1ee7a lo\u00e0i d\u00e2y Th\u01b0\u1eddng xu\u00e2n (H.\n", "nepalensis K.\n", "Koch) v\u1edbi tr\u1eef l\u01b0\u1ee3ng \u01b0\u1edbc t\u00ednh ban \u0111\u1ea7u kho\u1ea3ng h\u00e0ng ch\u1ee5c t\u1ea5n nh\u01b0ng l\u1ea1i ch\u01b0a \u0111\u01b0\u1ee3c nghi\u00ean c\u1ee9u khai th\u00e1c v\u00e0 ph\u00e1t tri\u1ec3n.\n", "Ch\u00ednh v\u00ec v\u1eady, nh\u00f3m nghi\u00ean c\u1ee9u c\u1ee7a ch\u00fang t\u00f4i d\u1ef1a tr\u00ean c\u00e1c nghi\u00ean c\u1ee9u trong v\u00e0 ngo\u00e0i n\u01b0\u1edbc \u0111\u1ec3 ti\u1ebfn h\u00e0nh x\u00e2y d\u1ef1ng ph\u01b0\u01a1ng ph\u00e1p \u0111\u1ecbnh l\u01b0\u1ee3ng hederacoside C v\u00e0 \u03b1-hederin trong lo\u00e0i H.\n", "nepalensis K.\n", "Koch l\u00e0 c\u01a1 s\u1edf cho c\u00e1c nghi\u00ean c\u1ee9u ti\u1ebfp theo v\u1ec1 lo\u00e0i d\u00e2y th\u01b0\u1eddng xu\u00e2n.\n"], "2": ["2.\n", "Nguy\u00ean li\u1ec7u v\u00e0 ph\u01b0\u01a1ng ph\u00e1p nghi\u00ean c\u1ee9u 2.1.\n", "Nguy\u00ean li\u1ec7u\n", "M\u1eabu d\u01b0\u1ee3c li\u1ec7u: m\u1eabu d\u00e2y th\u01b0\u1eddng xu\u00e2n \u0111\u01b0\u1ee3c thu h\u00e1i 8/2018 t\u1ea1i m\u1ed9t s\u1ed1 t\u1ec9nh mi\u1ec1n B\u1eafc Vi\u1ec7t\n", "Nam.\n", "Sau khi thu h\u00e1i, l\u00e1 \u0111\u01b0\u1ee3c t\u00e1ch ra kh\u1ecfi d\u00e2y, s\u1ea5y kh\u00f4 \u1edf nhi\u1ec7t \u0111\u1ed9 50oC v\u00e0 b\u1ea3o qu\u1ea3n trong t\u00fai polymer.\n", "M\u1eabu \u0111\u01b0\u1ee3c Khoa T\u00e0i nguy\u00ean D\u01b0\u1ee3c li\u1ec7u, t\u1ea1i Khoa C\u00f4ng ngh\u1ec7 Chi\u1ebft xu\u1ea5t v\u00e0 Khoa T\u00e0i nguy\u00ean D\u01b0\u1ee3c li\u1ec7u, Vi\u1ec7n D\u01b0\u1ee3c li\u1ec7u.\n", "Dung m\u00f4i ho\u00e1 ch\u1ea5t: methanol v\u00e0 acetonitril (Fisher \u2013 H\u00e0n Qu\u1ed1c, HPLC grade), acid formic (Merck \u2013 \u0110\u1ee9c, HPLC grade), H3PO4 80% (Merck - \u0110\u1ee9c, HPLC grade), n\u01b0\u1edbc c\u1ea5t hai l\u1ea7n \u0111\u1ea1t ti\u00eau chu\u1ea9n HPLC); c\u00e1c dung m\u00f4i d\u00f9ng \u0111\u1ec3 chi\u1ebft xu\u1ea5t m\u1eabu \u0111\u1ea1t ti\u00eau chu\u1ea9n ph\u00e2n t\u00edch.\n", "Ch\u1ea5t chu\u1ea9n hederacoside C (CAS number 14216-036) \u0111\u1ed9 tinh khi\u1ebft > 98% v\u00e0 ch\u1ea5t chu\u1ea9n \u03b1- hederin (CAS number 27013-91-8) \u0111\u1ed9 tinh khi\u1ebft > 98% do vi\u1ec7n c\u00f4ng ngh\u1ec7 ho\u00e1 h\u1ecdc cung c\u1ea5p.\n", "2.2.\n", "Thi\u1ebft b\u1ecb\n", "H\u1ec7 th\u1ed1ng HPLC (Shimadzu) bao g\u1ed3m: b\u01a1m\n", "LC-20AD, b\u1ed9 ti\u00eam m\u1eabu t\u1ef1 \u0111\u1ed9ng SIL -20AHT, detector SPD \u2013 M20A, l\u00f2 c\u1ed9t CTO \u2013 10AS\n", "VP, c\u1ed9t Shim \u2013 pack GIST C18 (250 \u00d74,6 mm, 5 \u00b5m).\n", "M\u1ed9t s\u1ed1 thi\u1ebft b\u1ecb kh\u00e1c: c\u00e2n ph\u00e2n t\u00edch AND GR \u2013 120 (\u0111\u1ed9 ch\u00ednh x\u00e1c 0,1 mg), m\u00e1y chi\u1ebft Shoxlet\n", "Velp SER 148.\n", "2.3.\n", "Ph\u01b0\u01a1ng ph\u00e1p nghi\u00ean c\u1ee9u 2.3.1.\n", "\u0110i\u1ec1u ki\u1ec7n s\u1eafc k\u00fd\n", "H\u1ec7 th\u1ed1ng s\u1eafc k\u00fd l\u1ecfng hi\u1ec7u n\u0103ng cao (HPLC)\n", "Shimadzu,c\u1ed9t Shim- pack GIST C18 (250 \u00d7 4,6 mm, 5 \u00b5m), nhi\u1ec7t \u0111\u1ed9 c\u1ed9t: 25 oC, th\u1ec3 t\u00edch ti\u00eam: 20 \u00b5L, t\u1ed1c \u0111\u1ed9 d\u00f2ng: 1 ml/ ph\u00fat, b\u01b0\u1edbc s\u00f3ng ph\u00e1t hi\u1ec7n: 210 nm, pha \u0111\u1ed9ng: acetonitrile (K\u00eanh A) v\u00e0 dung d\u1ecbch acid phosphoric 0,1% (K\u00eanh B).\n", "R\u1eeda gi\u1ea3i theo ch\u01b0\u01a1ng tr\u00ecnh gradient tr\u00ecnh b\u00e0y trong B\u1ea3ng 1 [10].\n", "B\u1ea3ng 1.\n", "Ch\u01b0\u01a1ng tr\u00ecnh dung m\u00f4i r\u1eeda gi\u1ea3i\n", "Th\u1eddi gian (ph\u00fat)\n", "A (%) B (%) 0 20 80 25 60 40 30 100 0 40 100 0 2.3.2.\n", "Chu\u1ea9n b\u1ecb m\u1eabu\n", "Dung d\u1ecbch th\u1eed: c\u00e2n ch\u00ednh x\u00e1c 1 g m\u1eabu b\u1ed9t d\u01b0\u1ee3c li\u1ec7u th\u00eam kho\u1ea3ng 70 ml ethanol 50 %, \u0111un h\u1ed3i l\u01b0u trong 2 gi\u1edd, sau \u0111\u00f3 l\u1ea5y ph\u1ea7n d\u1ecbch trong.\n", "Ph\u1ea7n b\u00e3 l\u1ea1i th\u00eam kho\u1ea3ng 70 ml ethanol 50% v\u00e0 ti\u1ebfn h\u00e0nh chi\u1ebft l\u1eb7p l\u1ea1i.\n", "Qu\u00e1 tr\u00ecnh l\u1eb7p l\u1ea1i 2 l\u1ea7n, g\u1ed9p ph\u1ea7n d\u1ecbch chi\u1ebft thu \u0111\u01b0\u1ee3c c\u00f4 quay ch\u00e2n kh\u00f4ng t\u1edbi c\u1eafn.\n", "Ho\u00e0 tan ho\u00e0n to\u00e0n c\u1eafn b\u1eb1ng methanol v\u00e0 \u0111\u1ecbnh m\u1ee9c 50 ml, l\u1ecdc qua m\u00e0ng l\u1ecdc 0,45 \u00b5m thu \u0111\u01b0\u1ee3c dung d\u1ecbch th\u1eed ti\u00eam s\u1eafc k\u00fd [10-13].\n", "Dung d\u1ecbch chu\u1ea9n: c\u00e2n ch\u1ea5t chu\u1ea9n hederacoside C v\u00e0 \u03b1-hederin v\u00e0 ho\u00e0 tan trong methanol \u0111\u1ec3 thu \u0111\u01b0\u1ee3c d\u00e3y dung d\u1ecbch chu\u1ea9n c\u00f3 n\u1ed3ng \u0111\u1ed9 ch\u00ednh x\u00e1c l\u00e0: 25, 50, 100, 200, 500, 1000 \u00b5g/ml.\n", "2.3.3.\n", "Th\u1ea9m \u0111\u1ecbnh ph\u01b0\u01a1ng ph\u00e1p ph\u00e2n t\u00edch\n", "Ph\u01b0\u01a1ng ph\u00e1p ph\u00e2n t\u00edch \u0111\u01b0\u1ee3c th\u1ea9m \u0111\u1ecbnh theo y\u00eau c\u1ea7u chung c\u1ee7a ICH (International (Association of Official Analytical Chemists) bao g\u1ed3m: t\u00ednh ph\u00f9 h\u1ee3p c\u1ee7a h\u1ec7 th\u1ed1ng, \u0111\u1ed9 \u0111\u1eb7c hi\u1ec7u, gi\u1edbi h\u1ea1n ph\u00e1t hi\u1ec7n, gi\u1edbi h\u1ea1n \u0111\u1ecbnh l\u01b0\u1ee3ng, kho\u1ea3ng tuy\u1ebfn t\u00ednh, \u0111\u1ed9 l\u1eb7p l\u1ea1i v\u00e0 \u0111\u1ed9 thu h\u1ed3i [14,15].\n", "2.3.4.\n", "X\u1eed l\u00fd s\u1ed1 li\u1ec7u\n", "H\u00e0m l\u01b0\u1ee3ng hederacoside C v\u00e0 \u03b1-hederin (%) c\u00f3 trong m\u1eabu l\u00e1 th\u01b0\u1eddng xu\u00e2n \u0111\u01b0\u1ee3c t\u00ednh theo c\u00f4ng th\u1ee9c: % = \u00d7 50 \u00d7 \u00d7 100 \u00d7 (1 ) \u00d7 106 3.\n", "K\u1ebft qu\u1ea3 3.1.\n", "X\u00e2y d\u1ef1ng v\u00e0 th\u1ea9m \u0111\u1ecbnh quy tr\u00ecnh\n", "H\u00ecnh 1.\n", "S\u1eafc k\u00fd \u0111\u1ed3 c\u1ee7a chu\u1ea9n hederacoside C (1), chu\u1ea9n \u03b1-hederin (2), m\u1eabu d\u1ecbch chi\u1ebft d\u00e2y th\u01b0\u1eddng xu\u00e2n (3), m\u1eabu tr\u1eafng (4).\n", "T\u00ednh \u0111\u1eb7c hi\u1ec7u: ti\u1ebfn h\u00e0nh s\u1eafc k\u00fd v\u1edbi m\u1eabu tr\u1eafng, m\u1eabu th\u1eed v\u00e0 m\u1eabu chu\u1ea9n theo quy tr\u00ecnh ph\u00e2n t\u00edch (m\u1ee5c 2.3.1).\n", "Ghi l\u1ea1i s\u1eafc k\u00fd \u0111\u1ed3, x\u00e1c \u0111\u1ecbnh th\u1eddi gian l\u01b0u c\u1ee7a m\u1eabu chu\u1ea9n v\u00e0 m\u1eabu th\u1eed (H\u00ecnh 1).\n", "K\u1ebft qu\u1ea3: tr\u00ean s\u1eafc k\u00fd \u0111\u1ed3 c\u1ee7a dung m\u00f4i pha m\u1eabu kh\u00f4ng xu\u1ea5t hi\u1ec7n peak \u1edf trong kho\u1ea3ng th\u1eddi gian l\u01b0u c\u1ee7a peak tr\u00ean s\u1eafc k\u00fd \u0111\u1ed3 dung d\u1ecbch chu\u1ea9n.\n", "Tr\u00ean s\u1eafc k\u00fd \u0111\u1ed3 c\u1ee7a dung d\u1ecbch th\u1eed c\u00f3 peak \u0111\u00e1p \u1ee9ng v\u1edbi th\u1eddi gian l\u01b0u c\u1ee7a peak chu\u1ea9n hederacoside C v\u00e0 \u03b1-hederin.\n", "B\u00ean c\u1ea1nh \u0111\u00f3 s\u1eafc k\u00fd \u0111\u1ed3 thu \u0111\u01b0\u1ee3c cho c\u00e1c peak t\u00e1ch r\u00f5 r\u00e0ng, nhi\u1ec5u n\u1ec1n th\u1ea5p, ch\u1ee9ng t\u1ecf ph\u01b0\u01a1ng ph\u00e1p v\u00e0 h\u1ec7 th\u1ed1ng s\u1eafc k\u00fd c\u00f3 t\u00ednh ch\u1ecdn l\u1ecdc cao.\n", "T\u00ednh t\u01b0\u01a1ng th\u00edch c\u1ee7a h\u1ec7 th\u1ed1ng: ph\u00e2n t\u00edch l\u1eb7p l\u1ea1i 6 l\u1ea7n h\u1ed7n h\u1ee3p dung d\u1ecbch chu\u1ea9n hederacoside\n", "C v\u00e0 \u03b1-hederin c\u00f3 n\u1ed3ng \u0111\u1ed9 50 \u00b5g/ml, ti\u1ebfn h\u00e0nh s\u1eafc k\u00fd v\u1edbi \u0111i\u1ec1u ki\u1ec7n \u0111\u00e3 l\u1ef1a ch\u1ecdn (m\u1ee5c 2.3.1).\n", "Gi\u00e1 tr\u1ecb \u0111\u1ed9 l\u1ec7ch chu\u1ea9n t\u01b0\u01a1ng \u0111\u1ed1i (RSD) c\u1ee7a di\u1ec7n t\u00edch peak v\u00e0 th\u1eddi gian l\u01b0u \u0111\u1ed1i v\u1edbi hederacoside C l\u1ea7n l\u01b0\u1ee3t l\u00e0 0,09 v\u00e0 0,56%, c\u1ee7a \u03b1-hederin l\u1ea7n l\u01b0\u1ee3t l\u00e0: 0,07 v\u00e0 0,47% (B\u1ea3ng 2).\n", "C\u00e1c gi\u00e1 tr\u1ecb\n", "RSD \u0111\u1ec1u nh\u1ecf h\u01a1n 2,0% ch\u1ee9ng t\u1ecf h\u1ec7 th\u1ed1ng v\u00e0 ph\u01b0\u01a1ng ph\u00e1p ph\u00e2n t\u00edch s\u1eed d\u1ee5ng ph\u00f9 h\u1ee3p cho ph\u00e2n t\u00edch hederacoside C v\u00e0 \u03b1-hederin trong lo\u00e0i H.\n", "nepalensis [14,15].\n", "Kho\u1ea3ng tuy\u1ebfn t\u00ednh v\u00e0 \u0111\u01b0\u1eddng chu\u1ea9n: chu\u1ea9n b\u1ecb d\u00e3y dung d\u1ecbch chu\u1ea9n hederacoside C v\u00e0 \u03b1- hederin c\u00f3 n\u1ed3ng \u0111\u1ed9 t\u1eeb 25 \u2013 1000 \u00b5g/ml.\n", "B\u1ea3ng 2.\n", "K\u1ebft qu\u1ea3 kh\u1ea3o s\u00e1t t\u00ednh t\u01b0\u01a1ng th\u00edch c\u1ee7a h\u1ec7 th\u1ed1ng 0.0 2.5 5.0 7.5 10.0 12.5 15.0 17.5 20.0 22.5 25.0 27.5 30.0 32.5 min uV(x100,000)\n", "Ch\u1ea5t\n", "Th\u1eddi gian l\u01b0u\n", "Di\u1ec7n t\u00edch\n", "Chi\u1ec1u cao\n", "Ch\u1ea5t\n", "Th\u1eddi gian l\u01b0u\n", "Di\u1ec7n t\u00edch\n", "Chi\u1ec1u cao\n", "Hederacoside\n", "C 15,458 197682 26042 \u03b1- hederin 26,702 382916 38449 15,427 194543 26343 26,669 379514 36922 15,419 195843 26352 26,650 380846 36994 15,435 196053 26545 26,662 382305 37183 15,430 196537 26559 26,660 383510 37310 15,426 197138 26730 26,661 384431 37372\n", "Trung b\u00ecnh 15,430 196299,33 26428,50 Trung b\u00ecnh 26,670 382253,67 37371,67\n", "\u0110\u1ed9 l\u1ec7ch chu\u1ea9n t\u01b0\u01a1ng \u0111\u1ed1i 0,090 0,56 0,90\n", "\u0110\u1ed9 l\u1ec7ch chu\u1ea9n t\u01b0\u01a1ng \u0111\u1ed1i 0,070 0,47 1,49\n", "B\u1ea3ng 3.\n", "K\u1ebft qu\u1ea3 kh\u1ea3o s\u00e1t kho\u1ea3ng tuy\u1ebfn t\u00ednh c\u1ee7a hederacoside C v\u00e0 \u03b1-hederin\n", "M\u1eabu\n", "N\u1ed3ng \u0111\u1ed9 (\u00b5g/ml)\n", "Di\u1ec7n t\u00edch peak\n", "Hederacoside C (mAU.s) \u03b1-hederin (mAU.s) 1 25 99487 191851 2 50 195843 380846 3 100 286849 570365 4 200 562849 1121960 5 500 1373993 2749619 6 1000 2605857 5190277\n", "H\u00ecnh 2.\n", "\u0110\u1ed3 th\u1ecb m\u1ed1i t\u01b0\u01a1ng quan gi\u1eefa n\u1ed3ng \u0111\u1ed9 v\u00e0 di\u1ec7n t\u00edch peak c\u1ee7a hederacoside C v\u00e0 \u03b1-hederin\n", "Ti\u1ebfn h\u00e0nh s\u1eafc k\u00fd dung d\u1ecbch chu\u1ea9n (m\u1ed7i dung d\u1ecbch ti\u00eam 3 l\u1ea7n) nh\u01b0 \u0111i\u1ec1u ki\u1ec7n m\u1ee5c 2.3.1.\n", "K\u1ebft qu\u1ea3 kh\u1ea3o s\u00e1t kho\u1ea3ng tuy\u1ebfn t\u00ednh t\u1eeb 25 \u2013 1000 \u00b5g/ml c\u1ee7a ch\u1ea5t chu\u1ea9n \u0111\u01b0\u1ee3c th\u1ec3 hi\u1ec7n trong B\u1ea3ng 3 v\u00e0 H\u00ecnh 2.\n", "K\u1ebft qu\u1ea3: V\u1edbi h\u1ec7 s\u1ed1 t\u01b0\u01a1ng quan tuy\u1ebfn t\u00ednh 0.9994 c\u1ee7a hederacoside C v\u00e0 0,9993 \u0111\u1ed1i v\u1edbi \u03b1- hederinc\u00f3 cho th\u1ea5y trong kho\u1ea3ng n\u1ed3ng \u0111\u1ed9 c\u1ee7a hederacoside C v\u00e0 \u03b1- hederin t\u1eeb 25 \u2013 1000 \u00b5g/ml c\u00f3 s\u1ef1 t\u01b0\u01a1ng quan tuy\u1ebfn t\u00ednh gi\u1eefa n\u1ed3ng \u0111\u1ed9 v\u00e0 di\u1ec7n t\u00edch peak t\u01b0\u01a1ng \u1ee9ng [14,15].\n", "Gi\u1edbi h\u1ea1n ph\u00e1t hi\u1ec7n (LOD) v\u00e0 gi\u1edbi h\u1ea1n \u0111\u1ecbnh l\u01b0\u1ee3ng (LOQ): ti\u1ebfn h\u00e0nh pha lo\u00e3ng dung d\u1ecbch h\u1ed7n h\u1ee3p chu\u1ea9n v\u00e0 ph\u00e2n t\u00edch HPLC \u0111\u1ebfn khi t\u00edn hi\u1ec7u c\u1ee7a ch\u1ea5t chu\u1ea9n \u0111\u1ecbnh ph\u00e2n t\u00edch tr\u00ean s\u1eafc k\u00fd \u0111\u1ed3 thu \u0111\u01b0\u1ee3c c\u00f3 t\u1ec9 l\u1ec7 S/N (t\u00edn hi\u1ec7u/nhi\u1ec5u) = 2H/h \u0111\u1ea1t trong kho\u1ea3ng t\u1eeb 2- 3; trong \u0111\u00f3 H l\u00e0 chi\u1ec1u cao peak ph\u00e2n t\u00edch, h l\u00e0 chi\u1ec1u cao t\u00edn hi\u1ec7u nhi\u1ec5u n\u1ec1n [14,15].\n", "LOD= 2H/h\n", "LOQ = 3,3 \u00d7 LOD\n", "K\u1ebft qu\u1ea3: x\u00e1c \u0111\u1ecbnh \u0111\u01b0\u1ee3c LOD v\u00e0 LOQ c\u1ee7a hederacoside C l\u1ea7n l\u01b0\u1ee3t l\u00e0: 1,28 v\u00e0 4,27 \u00b5g/ml, c\u1ee7a \u03b1-hederin l\u1ea7n l\u01b0\u1ee3t l\u00e0: 1,05 v\u00e0 3,51 \u00b5g/ml.\n", "\u0110\u1ed9 l\u1eb7p c\u1ee7a ph\u01b0\u01a1ng ph\u00e1p ph\u00e2n t\u00edch: ph\u00e2n t\u00edch l\u1eb7p l\u1ea1i 6 l\u1ea7n m\u1eabu th\u1eed d\u00e2y th\u01b0\u1eddng xu\u00e2n (x\u1eed l\u00fd m\u1eabu v\u00e0 \u0111i\u1ec1u ki\u1ec7n ph\u00e2n t\u00edch nh\u01b0 m\u1ee5c 2.3.2).\n", "\u0110\u1ed9 l\u1eb7p l\u1ea1i c\u1ee7a ph\u01b0\u01a1ng ph\u00e1p \u0111\u01b0\u1ee3c x\u00e1c \u0111\u1ecbnh b\u1eb1ng gi\u00e1 tr\u1ecb \u0111\u1ed9 l\u1ec7ch chu\u1ea9n t\u01b0\u01a1ng \u0111\u1ed1i (RSD) c\u1ee7a h\u00e0m l\u01b0\u1ee3ng hederacoside C v\u00e0 \u03b1- hederin.\n", "\u0110\u1ed9 l\u1ec7ch chu\u1ea9n t\u01b0\u01a1ng \u0111\u1ed1i \u0111\u1ec1u nh\u1ecf h\u01a1n 2,7 % cho th\u1ea5y ph\u01b0\u01a1ng ph\u00e1p ph\u00e2n t\u00edch c\u00f3 \u0111\u1ed9 l\u1eb7p l\u1ea1i t\u1ed1t (B\u1ea3ng 4) [14,15].\n", "B\u1ea3ng 4.\n", "K\u1ebft qu\u1ea3 kh\u1ea3o s\u00e1t \u0111\u1ed9 l\u1eb7p c\u1ee7a ph\u01b0\u01a1ng ph\u00e1p\n", "M\u1eabu KL\n", "Hederacoside C \u03b1- hederin\n", "Area H\u00e0m l\u01b0\u1ee3ng (%) Area H\u00e0m l\u01b0\u1ee3ng (%) 1 0,5016 408430 1,61 430287 0,78 2 0,5040 430958 1,70 436029 0,79 3 0,5051 430340 1,69 432604 0,78 4 0,5042 419300 1,65 439531 0,79 5 0,5057 411219 1,61 456842 0,83 6 0,5025 422247 1,67 426848 0,77\n", "Trung b\u00ecnh 420415,67 1,66 437023,50 0,79\n", "\u0110\u1ed9 l\u1ec7ch chu\u1ea9n t\u01b0\u01a1ng \u0111\u1ed1i 2,24 2,35 2,44 2,66 y = 2572,4x + 50284\n", "R = 0,9994 y = 5133x + 96760\n", "R = 0,9993 0 200 400 600 800 1000 x\n", "B\u1ea3ng 5.\n", "K\u1ebft qu\u1ea3 kh\u1ea3o s\u00e1t \u0111\u1ed9 \u0111\u00fang\n", "\u0110\u1ed9 \u0111\u00fang c\u1ee7a ph\u01b0\u01a1ng ph\u00e1p: khi th\u00eam chu\u1ea9n \u1edf 3 m\u1ee9c: 80, 100 v\u00e0 120% v\u00e0o m\u1eabu ph\u00e2n t\u00edch, ph\u01b0\u01a1ng ph\u00e1p \u0111\u1ec1u cho \u0111\u1ed9 thu h\u1ed3i n\u1eb1m trong kho\u1ea3ng 98 \u2013 102% (B\u1ea3ng 5).\n", "K\u1ebft qu\u1ea3 n\u00e0y cho th\u1ea5y ph\u01b0\u01a1ng ph\u00e1p \u0111\u00e3 x\u00e2y d\u1ef1ng c\u00f3 \u0111\u1ed9 thu h\u1ed3i t\u1ed1t, ph\u00f9 h\u1ee3p v\u1edbi ph\u01b0\u01a1ng ph\u00e1p \u0111\u1ecbnh l\u01b0\u1ee3ng hederacoside C v\u00e0 \u03b1-hederin trong d\u00e2y th\u01b0\u1eddng xu\u00e2n [14,15].\n", "3.2.\n", "\u0110\u00e1nh gi\u00e1 h\u00e0m l\u01b0\u1ee3ng hederacoside C v\u00e0 \u03b1- hederin trong m\u1ed9t s\u1ed1 m\u1eabu D\u00e2y th\u01b0\u1eddng xu\u00e2n \u1edf\n", "Vi\u1ec7t Nam.\n", "\u00c1p d\u1ee5ng ph\u01b0\u01a1ng ph\u00e1p x\u1eed l\u00fd m\u1eabu v\u00e0 \u0111i\u1ec1u ki\u1ec7n s\u1eafc k\u00fd \u0111\u00e3 l\u1ef1a ch\u1ecdn \u0111\u1ec3 ph\u00e2n t\u00edch m\u1ed9t s\u1ed1 m\u1eabu d\u00e2y th\u01b0\u1eddng xu\u00e2n thu h\u00e1i \u1edf Vi\u1ec7t Nam.\n", "K\u1ebft qu\u1ea3 \u0111\u1ecbnh l\u01b0\u1ee3ng hederacoside C v\u00e0 \u03b1-hederin trong c\u00e1c m\u1eabu \u0111\u01b0\u1ee3c th\u1ec3 hi\u1ec7n \u1edf B\u1ea3ng 6.\n", "B\u1ea3ng 6.\n", "H\u00e0m l\u01b0\u1ee3ng hederacoside C v\u00e0 \u03b1-hederin trong m\u1ed9t s\u1ed1 m\u1eabu d\u00e2y th\u01b0\u1eddng xu\u00e2n (Hedera nepalensis)\n", "Nh\u1eadn x\u00e9t: c\u00e1c k\u1ebft qu\u1ea3 cho th\u1ea5y h\u00e0m l\u01b0\u1ee3ng hederacoside C v\u00e0 \u03b1-hederin trong l\u00e1 th\u01b0\u1eddng xu\u00e2n \u1edf c\u00e1c \u0111\u1ecba \u0111i\u1ec3m kh\u00e1c nhau c\u00f3 s\u1ef1 ch\u00eanh l\u1ec7nh,\n", "H\u00e0m l\u01b0\u1ee3ng hederacoside C giao \u0111\u1ed9ng trong kho\u1ea3ng t\u1eeb 0,40 \u2013 4,01 %, trong khi \u0111\u00f3 \u03b1-hederin trong kho\u1ea3ng 0,21 \u2013 0,54 % t\u00ednh theo kh\u1ed1i l\u01b0\u1ee3ng kh\u00f4 tuy\u1ec7t \u0111\u1ed1i.\n", "Trong \u0111\u00f3, c\u00e1c m\u1eabu thu h\u00e1i H\u00e0\n", "Giang s\u01a1 b\u1ed9 c\u00f3 h\u00e0m l\u01b0\u1ee3ng hederacoside C cao h\u01a1n so v\u1edbi c\u00e1c m\u1eabu thu h\u00e1i t\u1ea1i Lai Ch\u00e2u v\u00e0 L\u00e0o\n", "Cai.\n", "M\u1eabu thu h\u00e1i t\u1ea1i L\u00e0o Cai cho th\u1ea5y c\u00f3 h\u00e0m l\u01b0\u1ee3ng \u03b1- hederin cao nh\u1ea5t \u0111\u1ea1t 0,54%.\n"], "4": ["4.\n", "K\u1ebft lu\u1eadn\n", "Trong nghi\u00ean c\u1ee9u n\u00e0y, ch\u00fang t\u00f4i \u0111\u00e3 ti\u1ebfn h\u00e0nh x\u00e2y d\u1ef1ng ph\u01b0\u01a1ng ph\u00e1p \u0111\u1ecbnh l\u01b0\u1ee3ng hederacosid C v\u00e0 \u03b1-hederin trong d\u00e2y th\u01b0\u1eddng xu\u00e2n (H.\n", "nepalensis K, Koch) b\u1eb1ng HPLC-UV.\n", "Ph\u01b0\u01a1ng ph\u00e1p \u0111\u01b0\u1ee3c \u0111\u00e1nh gi\u00e1 c\u00f3 \u0111\u1ed9 ch\u00ednh x\u00e1c cao, \u0111\u1ed9 l\u1eb7p l\u1ea1i t\u1ed1t v\u00e0 \u0111\u1ed9 nh\u1ea1y \u0111\u1ea1t y\u00eau c\u1ea7u.\n", "B\u00ean c\u1ea1nh \u0111\u00f3, ch\u00fang t\u00f4i \u0111\u00e3 ti\u1ebfn h\u00e0nh ph\u00e2n t\u00edch m\u1ed9t s\u1ed1 m\u1eabu d\u00e2y th\u01b0\u1eddng xu\u00e2n thu h\u00e1i t\u1ea1i m\u1ed9t s\u1ed1 \u0111\u1ecba ph\u01b0\u01a1ng kh\u00e1c nhau.\n", "H\u00e0m l\u01b0\u1ee3ng hederacoside C v\u00e0 \u03b1- hederin thu \u0111\u01b0\u1ee3c l\u1ea7n l\u01b0\u1ee3t giao \u0111\u1ed9ng trong kho\u1ea3ng 0,40 \u2013 4,01 % v\u00e0 0,21 \u2013 0,54 %.\n", "K\u1ebft qu\u1ea3 thu \u0111\u01b0\u1ee3c l\u00e0 c\u01a1 s\u1edf khoa h\u1ecdc cho vi\u1ec7c nghi\u00ean c\u1ee9u lo\u00e0i H.\n", "nepalensis K.\n", "Koch trong vi\u1ec7c ph\u00e1t tri\u1ec3n v\u00f9ng tr\u1ed3ng c\u0169ng nh\u01b0 \u1ee9ng d\u1ee5ng l\u00e0m thu\u1ed1c.\n", "L\u1eddi c\u1ea3m \u01a1n\n", "Nghi\u00ean c\u1ee9u n\u00e0y \u0111\u01b0\u1ee3c t\u00e0i tr\u1ee3 b\u1edfi \u0111\u1ec1 t\u00e0i:\n", "Nghi\u00ean c\u1ee9u khai th\u00e1c v\u00e0 ph\u00e1t tri\u1ec3n ngu\u1ed3n gen d\u00e2y th\u01b0\u1eddng xu\u00e2n (Hedera nepalnesis K, Koch) t\u1ea1i m\u1ed9t s\u1ed1 t\u1ec9nh v\u00f9ng n\u00fai T\u00e2y B\u1eafc c\u00f3 m\u00e3 s\u1ed1\n", "NVQG-2018/02.\n", "Ch\u1ea5t\n", "L\u01b0\u1ee3ng g\u1ed1c (\u00b5g)\n", "L\u01b0\u1ee3ng th\u00eam chu\u1ea9n (\u00b5g)\n", "L\u01b0\u1ee3ng thu h\u1ed3i (\u00b5g)\n", "\u0110\u1ed9 thu h\u1ed3i (%)\n", "Hederacoside\n", "C 248,39 281,04 280,73 99,89 248,39 300,42 306,98 102,18 248,39 387,64 398,51 102,80 \u03b1- hederin 39,01 34,93 35,82 102,55 39,01 40,91 41,73 102,00\n", "STT K\u00fd hi\u1ec7u m\u1eabu N\u01a1i thu h\u00e1i Th\u1eddi gian\n", "H\u00e0m l\u01b0\u1ee3ng (%)\n", "Hederacoside C \u03b1- hederin 1 TL1_170_1 \u0110\u1ed3ng V\u0103n, H\u00e0 Giang 08/2018 3,0887 0,2407 2 TL1_170_15 X\u00ed M\u1ea7n, H\u00e0 Giang 08/2018 4,0107 0,5432 3 TL1_170_19 S\u00ecn H\u1ed3, Lai Ch\u00e2u 12/2018 2,6524 0,2152 4 TL1_170_24 Sa Pa, L\u00e0o Cai 04/2019 0,9805 0,3512 5 TL1_170_26 Sa Pa, L\u00e0o Cai 04/2019 0,4017 0,5399\n"]}, "Word count": 2485}