{"title": "Original Article\n", "content": {"0": ["T\u00f3m t\u1eaft: \u0110i\u1ec1u tr\u1ecb v\u00e0 ki\u1ec3m so\u00e1t thi\u1ebfu m\u00e1u \u0111\u00f3ng vai tr\u00f2 quan tr\u1ecdng trong vi\u1ec7c n\u00e2ng cao ch\u1ea5t l\u01b0\u1ee3ng, hi\u1ec7u qu\u1ea3 \u0111i\u1ec1u tr\u1ecb th\u1eadn nh\u00e2n t\u1ea1o.\n", "Nghi\u00ean c\u1ee9u ti\u1ebfn h\u00e0nh tr\u00ean 61 b\u1ec7nh nh\u00e2n tho\u1ea3 m\u00e3n ti\u00eau chu\u1ea9n l\u1ef1a ch\u1ecdn v\u00e0 ti\u00eau chu\u1ea9n lo\u1ea1i tr\u1eeb.\n", "Ti\u1ebfn h\u00e0nh thu th\u1eadp s\u1ed1 li\u1ec7u t\u1eeb h\u1ed3 s\u01a1 b\u1ec7nh \u00e1n theo ph\u01b0\u01a1ng ph\u00e1p h\u1ed3i c\u1ee9u, m\u00f4 t\u1ea3, theo d\u00f5i d\u1ecdc trong 6 th\u00e1ng.\n", "S\u1ed1 li\u1ec7u \u0111\u01b0\u1ee3c x\u1eed l\u00fd b\u1eb1ng ph\u1ea7n m\u1ec1m Excel Microsoft Office 2010 v\u00e0 R.\n", "K\u1ebft qu\u1ea3 cho th\u1ea5y b\u1ec7nh nh\u00e2n t\u1ea1i \u0111\u00e2y s\u1eed d\u1ee5ng \u0111\u1ed3ng th\u1eddi c\u1ea3 2 lo\u1ea1i EPO alpha v\u00e0 EPO beta.\n", "T\u1ef7 l\u1ec7 s\u1eed d\u1ee5ng EPO beta chi\u1ebfm 23%, EPO alpha l\u00e0 77%.\n", "D\u1ea1ng b\u00e0o ch\u1ebf \u0111\u00f4ng kh\u00f4 (EPO alpha) \u0111\u01b0\u1ee3c s\u1eed d\u1ee5ng nhi\u1ec1u nh\u1ea5t.\n", "B\u1eaft \u0111\u1ea7u t\u1eeb T3, Hb trung b\u00ecnh \u0111\u1ea1t \u0111\u00edch \u0111i\u1ec1u tr\u1ecb.\n", "Kh\u00f4ng c\u00f3 b\u1ea5t th\u01b0\u1eddng tr\u00ean huy\u1ebft \u00e1p, s\u1ed1 l\u01b0\u1ee3ng b\u1ea1ch c\u1ea7u, ti\u1ec3u c\u1ea7u, \u0111i\u1ec7n gi\u1ea3i \u0111\u1ed3.\n", "T\u1eeb kho\u00e1: B\u1ec7nh vi\u1ec7n Th\u1eadn H\u00e0 N\u1ed9i, EPO (thu\u1ed1c t\u1ea1o h\u1ed3ng c\u1ea7u), ch\u1ec9 s\u1ed1 Hb, hi\u1ec7u qu\u1ea3 v\u00e0 t\u00ednh an to\u00e0n.\n"], "1": ["1.\n", "\u0110\u1eb7t v\u1ea5n \u0111\u1ec1\n", "B\u1ec7nh th\u1eadn m\u1ea1n (BTM) l\u00e0 m\u1ed9t trong c\u00e1c b\u1ec7nh m\u1ea1n t\u00ednh \u0111ang ng\u00e0y c\u00e0ng tr\u1edf n\u00ean ph\u1ed5 bi\u1ebfn tr\u00ean th\u1ebf gi\u1edbi, th\u01b0\u1eddng \u0111\u1ec3 l\u1ea1i h\u1eadu qu\u1ea3 n\u1eb7ng n\u1ec1.\n", "Qua nhi\u1ec1u nghi\u00ean c\u1ee9u \u1edf M\u1ef9 cho th\u1ea5y t\u1ef7 l\u1ec7 m\u1eafc BTM kho\u1ea3ng 10-13% s\u1ed1 ng\u01b0\u1eddi tr\u01b0\u1edfng th\u00e0nh [1].\n", "C\u00f9ng v\u1edbi s\u1ef1 gia t\u0103ng c\u1ee7a BTM, s\u1ed1 ng\u01b0\u1eddi m\u1eafc BTM giai \u0111o\u1ea1n cu\u1ed1i (BTMG\u0110C) c\u0169ng t\u0103ng l\u00ean nhanh ch\u00f3ng.\n", "N\u0103m 1991 t\u1ea1i M\u1ef9 c\u00f3 196.000 ng\u01b0\u1eddi m\u1eafc _T\u00e1c gi\u1ea3 li\u00ean h\u1ec7.\n", "BTMG\u0110C, \u0111\u1ebfn n\u0103m 2000 con s\u1ed1 n\u00e0y l\u00e0 382.000 b\u1ec7nh nh\u00e2n, t\u1ef7 l\u1ec7 m\u1eafc m\u1edbi trong th\u1eddi k\u1ef3 n\u00e0y t\u1eeb 53.000 \u0111\u1ebfn 93.000 ng\u01b0\u1eddi m\u1ed7i n\u0103m [2].\n", "Th\u1eadn nh\u00e2n t\u1ea1o (TNT) l\u00e0 m\u1ed9t trong 3 ph\u01b0\u01a1ng ph\u00e1p \u0111i\u1ec1u tr\u1ecb thay th\u1ebf th\u1eadn ch\u1ee7 y\u1ebfu \u0111\u1ed1i v\u1edbi b\u1ec7nh nh\u00e2n BTM.\n", "\u0110i\u1ec1u tr\u1ecb v\u00e0 ki\u1ec3m so\u00e1t thi\u1ebfu m\u00e1u \u0111\u00f3ng vai tr\u00f2 quan tr\u1ecdng trong vi\u1ec7c n\u00e2ng cao ch\u1ea5t l\u01b0\u1ee3ng, hi\u1ec7u qu\u1ea3 \u0111i\u1ec1u tr\u1ecb TNT.\n", "B\u1ec7nh nh\u00e2n\n", "BTMG\u0110C s\u1eed d\u1ee5ng thu\u1ed1c t\u1ea1o h\u1ed3ng c\u1ea7u th\u01b0\u1eddng xuy\u00ean v\u00e0 k\u00e9o d\u00e0i do \u0111\u00f3 vi\u1ec7c theo d\u00f5i \u0111\u00e1nh gi\u00e1 hi\u1ec7u qu\u1ea3 s\u1eed d\u1ee5ng thu\u1ed1c l\u00e0 c\u1ea7n thi\u1ebft.\n", "Hi\u1ec7n nay, tr\u00ean th\u1ebf gi\u1edbi \u0111\u00e3 c\u00f3 nhi\u1ec1u nghi\u00ean c\u1ee9u \u0111\u00e1nh gi\u00e1 v\u1ec1 hi\u1ec7u qu\u1ea3 \u0111i\u1ec1u tr\u1ecb c\u1ee7a thu\u1ed1c t\u1ea1o h\u1ed3ng c\u1ea7u tr\u00ean b\u1ec7nh nh\u00e2n BTMG\u0110C l\u1ecdc m\u00e1u chu k\u1ef3 [3].\n", "T\u1ea1i Vi\u1ec7t Nam v\u1ea5n \u0111\u1ec1 n\u00e0y \u0111\u00e3 \u0111\u01b0\u1ee3c c\u00f4ng b\u1ed1 trong m\u1ed9t s\u1ed1 nghi\u00ean c\u1ee9u [4,5].\n", "B\u1ec7nh vi\u1ec7n\n", "Th\u1eadn H\u00e0 N\u1ed9i \u0111\u00e3 tri\u1ec3n khai \u0111\u01b0a thu\u1ed1c t\u1ea1o h\u1ed3ng c\u1ea7u \u0111\u1ec3 \u0111i\u1ec1u tr\u1ecb thi\u1ebfu m\u00e1u cho b\u1ec7nh nh\u00e2n ngay t\u1eeb khi b\u1eaft \u0111\u1ea7u tri\u1ec3n khai k\u1ef9 thu\u1eadt TNT, cho \u0111\u1ebfn nay ch\u01b0a c\u00f3 c\u00f4ng b\u1ed1 n\u00e0o \u0111\u00e1nh gi\u00e1 s\u1eed d\u1ee5ng thu\u1ed1c t\u1ea1o h\u1ed3ng c\u1ea7u.\n", "T\u1eeb th\u1ef1c t\u1ebf tr\u00ean, ch\u00fang t\u00f4i ti\u1ebfn h\u00e0nh nghi\u00ean c\u1ee9u n\u00e0y v\u1edbi hai m\u1ee5c ti\u00eau: i).\n", "Kh\u1ea3o s\u00e1t th\u1ef1c tr\u1ea1ng s\u1eed d\u1ee5ng thu\u1ed1c t\u1ea1o h\u1ed3ng c\u1ea7u tr\u00ean b\u1ec7nh nh\u00e2n BTMG\u0110C l\u1ecdc m\u00e1u chu k\u1ef3.\n", "ii).\n", "\u0110\u00e1nh gi\u00e1 hi\u1ec7u qu\u1ea3 v\u00e0 t\u00ednh an to\u00e0n c\u1ee7a thu\u1ed1c t\u1ea1o h\u1ed3ng c\u1ea7u s\u1eed d\u1ee5ng tr\u00ean nh\u00f3m b\u1ec7nh nh\u00e2n nghi\u00ean c\u1ee9u.\n"], "2": ["2.\n", "\u0110\u1ed1i t\u01b0\u1ee3ng v\u00e0 ph\u01b0\u01a1ng ph\u00e1p\n", "\u0110\u1ed1i t\u01b0\u1ee3ng nghi\u00ean c\u1ee9u: nghi\u00ean c\u1ee9u \u0111\u01b0\u1ee3c ti\u1ebfn h\u00e0nh tr\u00ean c\u00e1c b\u1ec7nh nh\u00e2n BTMG\u0110C, b\u1eaft \u0111\u1ea7u \u0111\u01b0\u1ee3c ch\u1ec9 \u0111\u1ecbnh \u0111i\u1ec1u tr\u1ecb TNT chu k\u1ef3 t\u1ea1i B\u1ec7nh vi\u1ec7n\n", "Th\u1eadn H\u00e0 N\u1ed9i tho\u1ea3 m\u00e3n ti\u00eau chu\u1ea9n l\u1ef1a ch\u1ecdn v\u00e0 lo\u1ea1i tr\u1eeb sau:\n", "Ti\u00eau chu\u1ea9n l\u1ef1a ch\u1ecdn: t\u1ea5t c\u1ea3 b\u1ec7nh nh\u00e2n\n", "BTMG\u0110C b\u1eaft \u0111\u1ea7u \u0111\u01b0\u1ee3c ch\u1ec9 \u0111\u1ecbnh \u0111i\u1ec1u tr\u1ecb TNT chu k\u1ef3 t\u1ea1i B\u1ec7nh vi\u1ec7n Th\u1eadn H\u00e0 N\u1ed9i t\u1eeb ng\u00e0y 01 th\u00e1ng 7 n\u0103m 2017 \u0111\u1ebfn ng\u00e0y 30 th\u00e1ng 6 n\u0103m 2018.\n", "B\u1ec7nh nh\u00e2n \u0111\u01b0\u1ee3c theo d\u00f5i \u0111i\u1ec1u tr\u1ecb li\u00ean t\u1ee5c trong 06 th\u00e1ng k\u1ec3 t\u1eeb khi b\u1eaft \u0111\u1ea7u l\u1ecdc m\u00e1u t\u1ea1i B\u1ec7nh\n", "Ti\u00eau chu\u1ea9n lo\u1ea1i tr\u1eeb: b\u1ec7nh nh\u00e2n kh\u00f4ng \u0111\u1ee7 06 th\u00e1ng \u0111i\u1ec1u tr\u1ecb; c\u00f3 b\u1ec7nh l\u00fd c\u1ea5p t\u00ednh \u1ea3nh h\u01b0\u1edfng \u0111\u1ebfn n\u1ed3ng \u0111\u1ed9 Hb, s\u1ed1 l\u01b0\u1ee3ng h\u1ed3ng c\u1ea7u (v\u00ed d\u1ee5: b\u1ec7nh l\u00fd v\u1ec1 m\u00e1u, xu\u1ea5t huy\u1ebft ti\u00eau ho\u00e1); suy th\u1eadn m\u1ea1n v\u1edbi c\u00e1c b\u1ec7nh l\u00fd m\u1eafc k\u00e8m nh\u01b0: Ung th\u01b0, b\u1ec7nh thu\u1ed9c h\u1ec7 t\u1ea1o m\u00e1u (b\u1ea5t s\u1ea3n tu\u1ef7, r\u1ed1i lo\u1ea1n t\u1ea1o m\u00e1u,...), b\u1ec7nh nh\u00e2n \u0111ang c\u00f3 thai, tr\u1ebb em.\n", "Ph\u01b0\u01a1ng ph\u00e1p nghi\u00ean c\u1ee9u: H\u1ed3i c\u1ee9u m\u00f4 t\u1ea3, theo d\u00f5i d\u1ecdc d\u1ef1a tr\u00ean th\u00f4ng tin thu th\u1eadp t\u1eeb b\u1ec7nh \u00e1n.\n", "B\u1ec7nh nh\u00e2n \u0111\u01b0\u1ee3c theo d\u00f5i li\u00ean t\u1ee5c trong 06 th\u00e1ng.\n", "C\u1ee1 m\u1eabu nghi\u00ean c\u1ee9u: 61 b\u1ec7nh nh\u00e2n tho\u1ea3 m\u00e3n ti\u00eau chu\u1ea9n l\u1ef1a ch\u1ecdn v\u00e0 lo\u1ea1i tr\u1eeb.\n", "Ph\u01b0\u01a1ng ph\u00e1p thu th\u1eadp s\u1ed1 li\u1ec7u: s\u1ed1 li\u1ec7u thu th\u1eadp t\u1eeb h\u1ed3 s\u01a1 b\u1ec7nh \u00e1n c\u1ee7a b\u1ec7nh nh\u00e2n, thu th\u1eadp d\u1ecdc 06 th\u1eddi \u0111i\u1ec3m t\u1eeb T1 \u0111\u1ebfn T6 t\u01b0\u01a1ng \u1ee9ng v\u1edbi m\u1ed7i th\u00e1ng \u0111i\u1ec1u tr\u1ecb.\n", "N\u1ed9i dung nghi\u00ean c\u1ee9u: + Kh\u1ea3o s\u00e1t th\u1ef1c tr\u1ea1ng s\u1eed d\u1ee5ng thu\u1ed1c t\u1ea1o h\u1ed3ng c\u1ea7u tr\u00ean b\u1ec7nh nh\u00e2n BTMG\u0110C l\u1ecdc m\u00e1u chu k\u1ef3.\n", "- \u0110\u1eb7c \u0111i\u1ec3m c\u1ee7a nh\u00f3m b\u1ec7nh nh\u00e2n nghi\u00ean c\u1ee9u: tu\u1ed5i, gi\u1edbi, nguy\u00ean nh\u00e2n d\u1eabn \u0111\u1ebfn BTMG\u0110C, b\u1ec7nh l\u00fd m\u1eafc k\u00e8m, \u0111\u1eb7c \u0111i\u1ec3m c\u1eadn l\u00e2m s\u00e0ng thi\u1ebfu m\u00e1u khi nh\u1eadp vi\u1ec7n.\n", "- \u0110\u1eb7c \u0111i\u1ec3m EPO s\u1eed d\u1ee5ng trong th\u1eddi gian nghi\u00ean c\u1ee9u: c\u00e1c lo\u1ea1i EPO s\u1eed d\u1ee5ng, ph\u00e2n b\u1ed1 b\u1ec7nh nh\u00e2n t\u01b0\u01a1ng \u1ee9ng v\u1edbi c\u00e1c lo\u1ea1i EPO s\u1eed d\u1ee5ng, th\u1eddi \u0111i\u1ec3m s\u1eed d\u1ee5ng, \u0111\u01b0\u1eddng ti\u00eam EPO, li\u1ec1u kh\u1edfi \u0111\u1ea7u, li\u1ec1u duy tr\u00ec, t\u1ef7 l\u1ec7 s\u1eed d\u1ee5ng c\u00e1c m\u1ee9c li\u1ec1u, t\u1ea7n su\u1ea5t cho thu\u1ed1c.\n", "+ \u0110\u00e1nh gi\u00e1 hi\u1ec7u qu\u1ea3 \u0111i\u1ec1u tr\u1ecb v\u00e0 t\u00ednh an to\u00e0n c\u1ee7a thu\u1ed1c t\u1ea1o h\u1ed3ng c\u1ea7u s\u1eed d\u1ee5ng tr\u00ean nh\u00f3m b\u1ec7nh nh\u00e2n nghi\u00ean c\u1ee9u.\n", "- \u0110\u00e1nh gi\u00e1 hi\u1ec7u qu\u1ea3 \u0111i\u1ec1u tr\u1ecb thi\u1ebfu m\u00e1u: d\u1ef1a tr\u00ean c\u00e1c ch\u1ec9 s\u1ed1 huy\u1ebft h\u1ecdc: Hb, RBC; s\u1ed1 tr\u01b0\u1eddng h\u1ee3p c\u1ea7n truy\u1ec1n m\u00e1u; vi\u1ec7c c\u1ea3i thi\u1ec7n tri\u1ec7u ch\u1ee9ng l\u00e2m s\u00e0ng; s\u1ef1 thay \u0111\u1ed5i n\u1ed3ng \u0111\u1ed9 s\u1eaft huy\u1ebft thanh, ferritin t\u1ea1i c\u00e1c th\u1eddi \u0111i\u1ec3m.\n", "- \u0110\u00e1nh gi\u00e1 t\u00ednh an to\u00e0n khi s\u1eed d\u1ee5ng thu\u1ed1c t\u1ea1o h\u1ed3ng c\u1ea7u: tr\u00ean ch\u1ec9 s\u1ed1 huy\u1ebft \u00e1p, s\u1ed1 l\u01b0\u1ee3ng b\u1ea1ch c\u1ea7u, ti\u1ec3u c\u1ea7u, \u0111i\u1ec7n gi\u1ea3i \u0111\u1ed3, c\u00e1c ADR xu\u1ea5t hi\u1ec7n trong qu\u00e1 tr\u00ecnh nghi\u00ean c\u1ee9u.\n", "Ph\u01b0\u01a1ng ph\u00e1p x\u1eed l\u00fd s\u1ed1 li\u1ec7u: x\u1eed l\u00fd b\u1eb1ng\n", "Microsoft Excel Office 2010 v\u00e0 R.\n", "K\u1ebft qu\u1ea3 \u0111\u01b0\u1ee3c bi\u1ec3u di\u1ec5n d\u01b0\u1edbi d\u1ea1ng X \u00b1 SE (X: gi\u00e1 tr\u1ecb trung b\u00ecnh,\n", "SE: sai s\u1ed1 chu\u1ea9n), t\u1ef7 l\u1ec7 %.\n", "So s\u00e1nh 2 gi\u00e1 tr\u1ecb trung b\u00ecnh b\u1eb1ng t - test.\n", "S\u1ef1 kh\u00e1c bi\u1ec7t \u0111\u01b0\u1ee3c coi l\u00e0 c\u00f3 \u00fd ngh\u0129a th\u1ed1ng k\u00ea khi p < 0,05.\n"], "3": ["3.\n", "K\u1ebft qu\u1ea3 + Th\u1ef1c tr\u1ea1ng s\u1eed d\u1ee5ng thu\u1ed1c t\u1ea1o h\u1ed3ng c\u1ea7u tr\u00ean b\u1ec7nh nh\u00e2n BTMG\u0110C l\u1ecdc m\u00e1u chu k\u1ef3 t\u1ea1i B\u1ec7nh\n", "L\u1ef1a ch\u1ecdn 61 b\u1ec7nh nh\u00e2n tho\u1ea3 m\u00e3n ti\u00eau chu\u1ea9n \u0111\u01b0\u1ee3c \u0111\u01b0a v\u00e0o nghi\u00ean c\u1ee9u.\n", "Tu\u1ed5i trung b\u00ecnh c\u1ee7a nh\u00f3m b\u1ec7nh nh\u00e2n l\u00e0 47,7 \u00b1 13,9 tu\u1ed5i.\n", "Ph\u00e2n b\u1ed1 gi\u1edbi t\u00ednh nam: n\u1eef l\u00e0 41:20, vi\u00eam c\u1ea7u th\u1eadn m\u1ea1n v\u00e0 t\u0103ng huy\u1ebft \u00e1p l\u00e0 2 nguy\u00ean nh\u00e2n chi\u1ebfm t\u1ef7 l\u1ec7 l\u1edbn nh\u1ea5t g\u00e2y BTM (37,7% v\u00e0 18%), b\u1ec7nh m\u1eafc k\u00e8m ph\u1ed5 bi\u1ebfn l\u00e0 \u0111\u00e1i th\u00e1o \u0111\u01b0\u1eddng (31,1%) v\u00e0 t\u0103ng huy\u1ebft \u00e1p (18,8%).\n", "- \u0110\u1eb7c \u0111i\u1ec3m c\u1eadn l\u00e2m s\u00e0ng thi\u1ebfu m\u00e1u khi nh\u1eadp vi\u1ec7n.\n", "H\u00ecnh 1.\n", "\u0110\u1eb7c \u0111i\u1ec3m c\u1eadn l\u00e2m s\u00e0ng thi\u1ebfu m\u00e1u khi nh\u1eadp vi\u1ec7n.\n", "Nh\u1eadn x\u00e9t: s\u1ed1 b\u1ec7nh nh\u00e2n khi b\u1eaft \u0111\u1ea7u nh\u1eadp vi\u1ec7n c\u00f3 Hb< 90g/L chi\u1ebfm t\u1ef7 l\u1ec7 l\u1edbn nh\u1ea5t (54,1%).\n", "Ti\u1ebfp \u0111\u1ebfn l\u00e0 b\u1ec7nh nh\u00e2n c\u00f3 Hb t\u1eeb 90-100g/L chi\u1ebfm 32,8%.\n", "Kh\u00f4ng ghi nh\u1eadn \u0111\u01b0\u1ee3c tr\u01b0\u1eddng h\u1ee3p n\u00e0o b\u1ec7nh nh\u00e2n c\u00f3 Hb> 130g/L khi b\u1eaft \u0111\u1ea7u nh\u1eadp vi\u1ec7n.\n", "- \u0110\u0103c \u0111i\u1ec3m EPO s\u1eed d\u1ee5ng.\n", "H\u00ecnh 2.\n", "T\u1ef7 l\u1ec7 s\u1eed d\u1ee5ng EPO qua c\u00e1c th\u1eddi \u0111i\u1ec3m.\n", "Nh\u1eadn x\u00e9t: d\u1ea1ng b\u00e0o ch\u1ebf \u0111\u00f4ng kh\u00f4 (hemax) \u0111\u01b0\u1ee3c s\u1eed d\u1ee5ng nhi\u1ec1u nh\u1ea5t.\n", "T\u1ef7 l\u1ec7 s\u1eed d\u1ee5ng bi\u1ec7t d\u01b0\u1ee3c g\u1ed1c (eprex) \u1ed5n \u0111\u1ecbnh trong th\u1eddi gian nghi\u00ean c\u1ee9u.\n", "100% thu\u1ed1c \u0111\u01b0\u1ee3c d\u00f9ng \u0111\u01b0\u1eddng ti\u00eam t\u0129nh m\u1ea1ch.\n", "\u0110a s\u1ed1 b\u1ec7nh nh\u00e2n \u0111\u01b0\u1ee3c ch\u1ec9 \u0111\u1ecbnh d\u00f9ng EPO ngay trong th\u00e1ng \u0111\u1ea7u ti\u00ean l\u1ecdc m\u00e1u.\n", "C\u00f3 3 b\u1ec7nh nh\u00e2n kh\u00f4ng \u0111\u01b0\u1ee3c ch\u1ec9 \u0111\u1ecbnh d\u00f9ng EPO t\u1ea1i T1 trong \u0111\u00f3 c\u00f3 2 b\u1ec7nh nh\u00e2n c\u00f3 Hb<90g/L (1 b\u1ec7nh nh\u00e2n m\u1edbi v\u00e0 1 b\u1ec7nh nh\u00e2n \u0111\u00e3 l\u1ecdc m\u00e1u) v\u00e0 1 b\u1ec7nh nh\u00e2n c\u00f3\n", "Hb>100g/L.\n", "- Li\u1ec1u duy tr\u00ec h\u00e0ng th\u00e1ng.\n", "H\u00ecnh 3.\n", "Ph\u00e2n b\u1ed1 b\u1ec7nh nh\u00e2n t\u01b0\u01a1ng \u1ee9ng v\u1edbi c\u00e1c m\u1ee9c li\u1ec1u d\u00f9ng.\n", "Nh\u1eadn x\u00e9t: m\u1ee9c li\u1ec1u ph\u1ed5 bi\u1ebfn \u1edf c\u00e1c th\u00e1ng t\u1eeb\n", "T1-T6 l\u00e0 18000UI \u2013 22000UI.\n", "T\u1ef7 l\u1ec7 s\u1eed d\u1ee5ng m\u1ee9c li\u1ec1u <12000UI/th\u00e1ng l\u00e0 th\u1ea5p nh\u1ea5t.\n", "\u1ede T1, m\u1ee9c li\u1ec1u 12000UI-16000UI chi\u1ebfm t\u1ef7 l\u1ec7 l\u1edbn nh\u1ea5t (54,1%) sau \u0111\u00f3 gi\u1ea3m d\u1ea7n qua c\u00e1c th\u00e1ng.\n", "M\u1ee9c li\u1ec1u \u226524000UI chi\u1ebfm t\u1ef7 l\u1ec7 nh\u1ecf nh\u1ea5t \u1edf T1 (4,9%), 00% 10% 20% 30% 40% 50% 60% 70%\n", "T1 T2 T3 T4 T5 T6 %\n", "Th\u1eddi \u0111i\u1ec3m (th\u00e1ng) <12000 12000-16000 18000-22000 \u226524000 t\u1eeb T2-T6, t\u1ef7 l\u1ec7 % m\u1ee9c li\u1ec1u n\u00e0y t\u0103ng l\u00ean, dao \u0111\u1ed9ng trong kho\u1ea3ng 16,4% (T3)-21,3%(T5).\n", "T\u1ea7n su\u1ea5t cho thu\u1ed1c ph\u1ed5 bi\u1ebfn l\u00e0 8-9 l\u1ea7n/th\u00e1ng.\n", "+ Hi\u1ec7u qu\u1ea3 v\u00e0 an to\u00e0n c\u1ee7a thu\u1ed1c t\u1ea1o h\u1ed3ng c\u1ea7u tr\u00ean nh\u00f3m b\u1ec7nh nh\u00e2n nghi\u00ean c\u1ee9u.\n", "+ \u0110\u00e1nh gi\u00e1 hi\u1ec7u qu\u1ea3 \u0111i\u1ec1u tr\u1ecb thi\u1ebfu m\u00e1u th\u00f4ng qua c\u00e1c ch\u1ec9 s\u1ed1 huy\u1ebft h\u1ecdc.\n", "- Thay \u0111\u1ed5i Hb qua 6 th\u00e1ng.\n", "H\u00ecnh 4.\n", "Thay \u0111\u1ed5i Hb qua 6 th\u00e1ng \u0111i\u1ec1u tr\u1ecb.\n", "Nh\u1eadn x\u00e9t: t\u1eeb T1-T6, Hb trung b\u00ecnh c\u1ee7a b\u1ec7nh nh\u00e2n c\u00f3 xu h\u01b0\u1edbng t\u0103ng, Hb trung b\u00ecnh \u0111\u1ea1t \u0111\u00edch 101g/L b\u1eaft \u0111\u1ea7u t\u1eeb th\u1eddi \u0111i\u1ec3m T3.\n", "C\u1ee5 th\u1ec3, t\u1eeb T1-\n", "T6 n\u1ed3ng \u0111\u1ed9 Hb trung b\u00ecnh t\u0103ng l\u00ean r\u00f5 r\u1ec7t, t\u1ea1i T1\n", "Hb trung b\u00ecnh l\u00e0 93,4g/L, t\u1ea1i T6 Hb trung b\u00ecnh c\u1ee7a b\u1ec7nh nh\u00e2n l\u00e0 105g/L.\n", "Tuy nhi\u00ean, t\u1ea1i c\u00e1c th\u1eddi \u0111i\u1ec3m n\u1ed3ng \u0111\u1ed9 Hb<100g/L v\u1eabn c\u00f2n nhi\u1ec1u.\n", "S\u1ef1 kh\u00e1c bi\u1ec7t gi\u1eefa Hb trung b\u00ecnh \u1edf c\u00e1c th\u00e1ng so v\u1edbi\n", "Hb t\u1ea1i T0 l\u00e0 c\u00f3 \u00fd ngh\u0129a th\u1ed1ng k\u00ea (P<0,05).\n", "- T\u1ef7 l\u1ec7 b\u1ec7nh nh\u00e2n c\u00f3 Hb \u0111\u1ea1t \u0111\u00edch \u0111i\u1ec1u tr\u1ecb t\u1ea1i c\u00e1c th\u1eddi \u0111i\u1ec3m.\n", "H\u00ecnh 5.\n", "% Hb \u0111\u1ea1t \u0111\u00edch t\u1ea1i c\u00e1c th\u1eddi \u0111i\u1ec3m nghi\u00ean c\u1ee9u.\n", "Hb trung b\u00ecnh\n", "Th\u1eddi \u0111i\u1ec3m (th\u00e1ng)\n", "Th\u1eddi \u0111i\u1ec3m (th\u00e1ng)\n", "Nh\u1eadn x\u00e9t: t\u1ef7 l\u1ec7 b\u1ec7nh nh\u00e2n c\u00f3 Hb \u0111\u1ea1t \u0111\u00edch \u0111i\u1ec1u tr\u1ecb cao nh\u1ea5t t\u1ea1i T2 \u0111\u1ea1t 38.3%.\n", "T\u1ef7 l\u1ec7 b\u1ec7nh nh\u00e2n c\u00f3\n", "Hb d\u01b0\u1edbi \u0111\u00edch \u0111i\u1ec1u tr\u1ecb cao nh\u1ea5t \u1edf T1 (68,9%) sau \u0111\u00f3 gi\u1ea3m d\u1ea7n v\u00e0 th\u1ea5p nh\u1ea5t t\u1ea1i T4, T5 (38,3%).\n", "T\u1ef7 l\u1ec7 b\u1ec7nh nh\u00e2n c\u00f3 Hb> 115g/L th\u1ea5p nh\u1ea5t \u1edf T1 (3,5%) sau \u0111\u00f3 t\u0103ng d\u1ea7n, cao nh\u1ea5t t\u1ea1i T5 (28,4%).\n", "- Thay \u0111\u1ed5i h\u1ed3ng c\u1ea7u qua 6 th\u00e1ng \u0111i\u1ec1u tr\u1ecb.\n", "H\u00ecnh 6.\n", "Thay \u0111\u1ed5i s\u1ed1 l\u01b0\u1ee3ng h\u1ed3ng c\u1ea7u qua 6 th\u00e1ng \u0111i\u1ec1u tr\u1ecb.\n", "Nh\u1eadn x\u00e9t: RBC trung b\u00ecnh c\u1ee7a nh\u00f3m b\u1ec7nh nh\u00e2n nghi\u00ean c\u1ee9u c\u00f3 xu h\u01b0\u1edbng t\u0103ng l\u00ean, Th\u1ea5p nh\u1ea5t \u1edf T1 l\u00e0 3,27G/L, c\u00e1c th\u00e1ng T4, T5, T6 m\u1ee9c RBC x\u1ea5p x\u1ec9 nhau (3,61-3,63 G/L).\n", "\u0110a s\u1ed1 b\u1ec7nh nh\u00e2n c\u00f3\n", "RBC d\u01b0\u1edbi 3,5G/L.\n", "M\u1ee9c RBC trung b\u00ecnh c\u1ee7a n\u1eef l\u00e0 3,8-5,0G/L v\u00e0 c\u1ee7a nam l\u00e0 4,2-6,0G/L.\n", "Nh\u01b0 v\u1eady m\u1ee9c RBC c\u1ee7a nh\u00f3m b\u1ec7nh nh\u00e2n nghi\u00ean c\u1ee9u th\u1ea5p h\u01a1n ng\u01b0\u1ee1ng RBC b\u00ecnh th\u01b0\u1eddng.\n", "+ Hi\u1ec7u qu\u1ea3 EPO th\u1ec3 hi\u1ec7n tr\u00ean s\u1ed1 tr\u01b0\u1eddng h\u1ee3p c\u1ea7n truy\u1ec1n m\u00e1u.\n", "B\u1ea3ng 1.\n", "S\u1ed1 b\u1ec7nh nh\u00e2n \u0111\u01b0\u1ee3c ch\u1ec9 \u0111\u1ecbnh truy\u1ec1n m\u00e1u trong th\u1eddi gian nghi\u00ean c\u1ee9u\n", "Th\u1eddi \u0111i\u1ec3m T1 T2 T3 T4 T5 T6 5 4 2 0 1 2\n", "Nh\u1eadn x\u00e9t: trong th\u1eddi gian nghi\u00ean c\u1ee9u, h\u1ea7u h\u1ebft c\u00e1c b\u1ec7nh nh\u00e2n kh\u00f4ng c\u00f3 ch\u1ec9 \u0111\u1ecbnh truy\u1ec1n m\u00e1u.\n", "T\u1eeb\n", "T1- T4, s\u1ed1 l\u01b0\u1ee3ng b\u1ec7nh nh\u00e2n c\u1ea7n truy\u1ec1n m\u00e1u gi\u1ea3m t\u1eeb 5 b\u1ec7nh nh\u00e2n \u0111\u1ebfn kh\u00f4ng c\u00f3 b\u1ec7nh nh\u00e2n n\u00e0o c\u1ea7n truy\u1ec1n m\u00e1u.\n", "T\u1ea1i T5 c\u00f3 1 b\u1ec7nh nh\u00e2n c\u1ea7n truy\u1ec1n m\u00e1u v\u00e0 T6 c\u00f3 2 b\u1ec7nh nh\u00e2n c\u1ea7n truy\u1ec1n m\u00e1u.\n", "+ S\u1ed1 b\u1ec7nh nh\u00e2n c\u00f3 n\u1ed3ng \u0111\u1ed9 Hb > 130g/L (n\u1ebfu c\u00f3) t\u1ea1i c\u00e1c th\u1eddi \u0111i\u1ec3m nghi\u00ean c\u1ee9u.\n", "Theo VUNA 2013, kh\u00f4ng \u0111\u01b0\u1ee3c \u0111\u1ec3 n\u1ed3ng \u0111\u1ed9\n", "Hb > 130 g/L.\n", "Nh\u00f3m nghi\u00ean c\u1ee9u ti\u1ebfn h\u00e0nh kh\u1ea3o s\u00e1t s\u1ed1 b\u1ec7nh nh\u00e2n c\u00f3 m\u1ee9c Hb>130g/L.\n", "B\u1ea3ng 2.\n", "S\u1ed1 b\u1ec7nh nh\u00e2n c\u00f3 n\u1ed3ng \u0111\u1ed9 Hb > 130 g/l t\u1ea1i c\u00e1c th\u1eddi \u0111i\u1ec3m nghi\u00ean c\u1ee9u\n", "Hb (g/l)\n", "S\u1ed1 b\u1ec7nh nh\u00e2n\n", "T1 T2 T3 T4 T5 T6 > 130 0 1 1 2 0 1\n", "RBC trung b\u00ecnh\n", "Th\u1eddi \u0111i\u1ec3m (th\u00e1ng)\n", "Nh\u1eadn x\u00e9t: nh\u1eadn th\u1ea5y, trong 6 th\u00e1ng nghi\u00ean c\u1ee9u, c\u00f3 t\u1ea5t c\u1ea3 4 b\u1ec7nh nh\u00e2n c\u00f3 Hb trung b\u00ecnh t\u1ea1i c\u00e1c th\u1eddi \u0111i\u1ec3m >130g/L, T\u1ea1i T1 v\u00e0 T5, kh\u00f4ng c\u00f3 b\u1ec7nh nh\u00e2n n\u00e0o c\u00f3 Hb>130g/L.\n", "Trong 2 b\u1ec7nh nh\u00e2n t\u1ea1i T4 c\u00f3 1 b\u1ec7nh nh\u00e2n ti\u1ebfp t\u1ee5c c\u00f3\n", "Hb>130g/L t\u1ea1i T6.\n", "+ T\u1ed1c \u0111\u1ed9 t\u0103ng Hb.\n", "Theo VUNA 2013, m\u1ee5c ti\u00eau \u0111i\u1ec1u tr\u1ecb b\u1eb1ng thu\u1ed1c k\u00edch th\u00edch sinh h\u1ed3ng c\u1ea7u ban \u0111\u1ea7u l\u00e0 t\u1ed1c \u0111\u1ed9 t\u0103ng Hb 10 - 20 g/L m\u1ed7i 4 tu\u1ea7n, kh\u00f4ng \u0111\u01b0\u1ee3c \u0111\u1ec3 n\u1ed3ng \u0111\u1ed9 Hb t\u0103ng tr\u00ean 20 g/L trong 4 tu\u1ea7n.\n", "Do \u0111\u00f3, nh\u00f3m nghi\u00ean c\u1ee9u ti\u1ebfn h\u00e0nh kh\u1ea3o s\u00e1t t\u1ef7 l\u1ec7 b\u1ec7nh nh\u00e2n c\u00f3 t\u1ed1c \u0111\u1ed9 Hb v\u01b0\u1ee3t qu\u00e1 20g/l.\n", "B\u1ea3ng 3.\n", "Ch\u00eanh l\u1ec7ch Hb gi\u1eefa hai th\u1eddi \u0111i\u1ec3m li\u1ec1n k\u1ec1\n", "Hb (g/L)* T2-T1 T3-T2 T4-T3 T5-T4 T6-T5\n", "Hb > 20 6 2 2 1 0\n", "Hb \u2264 20 52 58 58 59 57 58 60 60 60 57 *Hb = Hb th\u1eddi \u0111i\u1ec3m sau \u2013 Hb th\u1eddi \u0111i\u1ec3m tr\u01b0\u1edbc\n", "Nh\u1eadn x\u00e9t: trong 6 th\u00e1ng nghi\u00ean c\u1ee9u, h\u1ea7u h\u1ebft b\u1ec7nh nh\u00e2n c\u00f3 t\u1ed1c \u0111\u1ed9 thay \u0111\u1ed5i Hb trong kho\u1ea3ng cho ph\u00e9p (<20g/L).\n", "Tuy nhi\u00ean, \u1edf c\u00e1c th\u00e1ng v\u1eabn c\u00f3 c\u00e1c b\u1ec7nh nh\u00e2n c\u00f3 t\u1ed1c \u0111\u1ed9 thay \u0111\u1ed5i Hb >20g/L.\n", "S\u1ed1 b\u1ec7nh nh\u00e2n c\u00f3 Hb > 20 gi\u1ea3m d\u1ea7n qua c\u00e1c th\u00e1ng.\n", "T\u1ea1i T2, c\u00f3 6 b\u1ec7nh nh\u00e2n c\u00f3 Hb >20g/L,\n", "T3 v\u00e0 T4 c\u00f3 2 b\u1ec7nh nh\u00e2n, T5 c\u00f3 1 b\u1ec7nh nh\u00e2n v\u00e0 \u0111\u1ebfn T6 kh\u00f4ng c\u00f3 b\u1ec7nh nh\u00e2n n\u00e0o c\u00f3 Hb > 20g/L.\n", "+ \u0110\u00e1nh gi\u00e1 s\u1ef1 thay \u0111\u1ed5i n\u1ed3ng \u0111\u1ed9 s\u1eaft huy\u1ebft thanh, ferritin t\u1ea1i c\u00e1c th\u1eddi \u0111i\u1ec3m.\n", "- Thay \u0111\u1ed5i n\u1ed3ng \u0111\u1ed9 s\u1eaft huy\u1ebft thanh qua 6 th\u00e1ng.\n", "H\u00ecnh 7.\n", "Thay \u0111\u1ed5i s\u1eaft huy\u1ebft thanh t\u1ea1i c\u00e1c th\u1eddi \u0111i\u1ec3m nghi\u00ean c\u1ee9u.\n", "Nh\u1eadn x\u00e9t: n\u1ed3ng \u0111\u1ed9 s\u1eaft huy\u1ebft thanh trung b\u00ecnh c\u00f3 xu h\u01b0\u1edbng gi\u1ea3m, tuy nhi\u00ean c\u0169ng kh\u00f4ng bi\u1ebfn \u0111\u1ed9ng nhi\u1ec1u.\n", "T\u1ea1i T1 n\u1ed3ng \u0111\u1ed9 s\u1eaft huy\u1ebft thanh trung b\u00ecnh l\u00e0 40,2\u00b5mol/l v\u00e0 T6 n\u1ed3ng \u0111\u1ed9 n\u00e0y l\u00e0 31 \u00b5mol/l.\n", "Gi\u00e1 tr\u1ecb s\u1eaft huy\u1ebft thanh b\u00ecnh th\u01b0\u1eddng l\u00e0 t\u1eeb 6,6 \u00b5mol/l- 28 \u00b5mol/l.\n", "Nh\u01b0 v\u1eady, tuy n\u1ed3ng \u0111\u1ed9 s\u1eaft huy\u1ebft thanh trung b\u00ecnh c\u00f3 xu h\u01b0\u1edbng gi\u1ea3m nh\u01b0ng v\u1eabn \u1edf m\u1ee9c cao so v\u1edbi kho\u1ea3ng gi\u00e1 tr\u1ecb b\u00ecnh th\u01b0\u1eddng.\n", "- Thay \u0111\u1ed5i n\u1ed3ng \u0111\u1ed9 ferritin qua 6 th\u00e1ng nghi\u00ean c\u1ee9u.\n", "Nh\u1eadn x\u00e9t: n\u1ed3ng \u0111\u1ed9 Ferritin trung b\u00ecnh kh\u00e1 \u1ed5n \u0111\u1ecbnh v\u00e0 \u00edt dao \u0111\u1ed9ng trong kho\u1ea3ng th\u1eddi gian nghi\u00ean c\u1ee9u, dao \u0111\u1ed9ng trong kho\u1ea3ng 201\u00b5g/L - 280\u00b5g/L (n\u1eb1m trong kho\u1ea3ng gi\u00e1 tr\u1ecb b\u00ecnh th\u01b0\u1eddng 30 - 400 \u00b5g/L).\n", "- Hi\u1ec7u qu\u1ea3 EPO th\u1ec3 hi\u1ec7n tr\u00ean l\u00e2m s\u00e0ng.\n", "B\u1ec7nh nh\u00e2n c\u00f3 c\u00e1c tri\u1ec7u ch\u1ee9ng l\u00e2m s\u00e0ng thi\u1ebfu m\u00e1u chi\u1ebfm t\u1ef7 l\u1ec7 cao nh\u1ea5t t\u1ea1i th\u1eddi \u0111i\u1ec3m T1 v\u00e0 gi\u1ea3m d\u1ea7n qua c\u00e1c th\u00e1ng.\n", "Fe huy\u1ebft thanh trung b\u00ecnh\n", "Th\u1eddi \u0111i\u1ec3m (th\u00e1ng) + C\u00e1c t\u00e1c d\u1ee5ng kh\u00f4ng mong mu\u1ed1n khi s\u1eed d\u1ee5ng EPO:\n", "Huy\u1ebft \u00e1p, s\u1ed1 l\u01b0\u1ee3ng b\u1ea1ch c\u1ea7u, ti\u1ec1u c\u1ea7u, \u0111i\u1ec7n gi\u1ea3i \u0111\u1ed3 kh\u00f4ng c\u00f3 g\u00ec b\u1ea5t th\u01b0\u1eddng.\n", "Kh\u00f4ng ghi nh\u1eadn bi\u1ebfn c\u1ed1 b\u1ea5t l\u1ee3i n\u00e0o trong qu\u00e1 tr\u00ecnh nghi\u00ean c\u1ee9u.\n", "H\u00ecnh 8.\n", "Thay \u0111\u1ed5i n\u1ed3ng \u0111\u1ed9 Ferritin t\u1ea1i c\u00e1c th\u1eddi \u0111i\u1ec3m nghi\u00ean c\u1ee9u.\n", "B\u00e0n lu\u1eadn\n", "Nghi\u00ean c\u1ee9u c\u1ee7a ch\u00fang t\u00f4i \u0111\u01b0\u1ee3c ti\u1ebfn h\u00e0nh tr\u00ean 61 b\u1ec7nh nh\u00e2n \u0111i\u1ec1u tr\u1ecb TNT chu k\u1ef3.\n", "Th\u1eddi gian theo d\u00f5i d\u1ecdc trong 06 th\u00e1ng k\u1ec3 t\u1eeb khi b\u1ec7nh nh\u00e2n c\u00f3 ch\u1ec9 \u0111\u1ecbnh \u0111i\u1ec1u tr\u1ecb th\u1eadn nh\u00e2n t\u1ea1o t\u1ea1i B\u1ec7nh vi\u1ec7n\n", "Th\u1eadn H\u00e0 N\u1ed9i.\n", "\u0110\u1eb7c \u0111i\u1ec3m s\u1eed d\u1ee5ng EPO.\n", "Lo\u1ea1i v\u00e0 bi\u1ec7t d\u01b0\u1ee3c EPO s\u1eed d\u1ee5ng.\n", "Theo k\u1ebft qu\u1ea3 kh\u1ea3o s\u00e1t v\u1ec1 lo\u1ea1i EPO \u0111\u01b0\u1ee3c s\u1eed d\u1ee5ng, ch\u00fang t\u00f4i nh\u1eadn th\u1ea5y b\u1ec7nh nh\u00e2n \u0111\u01b0\u1ee3c s\u1eed d\u1ee5ng hai lo\u1ea1i erythropoietin l\u00e0 alpha v\u00e0 beta, trong \u0111\u00f3 t\u1ef7 l\u1ec7 b\u1ec7nh nh\u00e2n \u0111\u01b0\u1ee3c s\u1eed d\u1ee5ng EPO alpha cao h\u01a1n nhi\u1ec1u so v\u1edbi EPO beta.\n", "K\u1ebft qu\u1ea3 n\u00e0y l\u00e0 do EPO alpha \u0111\u01b0\u1ee3c r\u1ea5t nhi\u1ec1u h\u00e3ng d\u01b0\u1ee3c ph\u1ea9m nghi\u00ean c\u1ee9u ph\u00e1t tri\u1ec3n sau khi thu\u1ed1c g\u1ed1c h\u1ebft h\u1ea1n b\u1ea3o h\u1ed9 b\u1ea3n quy\u1ec1n.\n", "Trong th\u1eddi gian nghi\u00ean c\u1ee9u, c\u00e1c lo\u1ea1i thu\u1ed1c \u0111\u01b0\u1ee3c s\u1eed d\u1ee5ng bao g\u1ed3m Hemax, Nanokin, Eprex v\u00e0 Recormon.\n", "\u0110\u1eb7c \u0111i\u1ec3m c\u1ee7a c\u00e1c lo\u1ea1i thu\u1ed1c n\u00e0y \u0111\u1ec1u l\u00e0 b\u01a1m ti\u00eam/l\u1ecd \u0111\u00f3ng s\u1eb5n 2000 UI, n\u00ean li\u1ec1u\n", "EPO m\u1ed7i l\u1ea7n s\u1eed d\u1ee5ng c\u1ed1 \u0111\u1ecbnh l\u00e0 2000 UI (1 b\u01a1m) ho\u1eb7c 4000UI (2 b\u01a1m).\n", "Trong 4 lo\u1ea1i c\u0169ng ch\u1ec9 ghi nh\u1eadn bi\u1ec7t d\u01b0\u1ee3c g\u1ed1c duy nh\u1ea5t l\u00e0 Eprex.\n", "T\u1ef7 l\u1ec7 s\u1eed d\u1ee5ng bi\u1ec7t d\u01b0\u1ee3c Eprex kh\u00f4ng c\u00f3 nhi\u1ec1u s\u1ef1 thay \u0111\u1ed5i \u1edf c\u00e1c th\u00e1ng t\u1eeb T1 \u0111\u1ebfn T6, dao \u0111\u1ed9ng t\u1eeb 21,3%- 26,0% (cao nh\u1ea5t t\u1ea1i T4).\n", "V\u1ec1 \u0111\u01b0\u1eddng d\u00f9ng:\n", "Trong nghi\u00ean c\u1ee9u, 100% b\u1ec7nh nh\u00e2n \u0111\u01b0\u1ee3c s\u1eed d\u1ee5ng EPO \u0111\u01b0\u1eddng ti\u00eam t\u0129nh m\u1ea1ch.\n", "K\u1ebft qu\u1ea3 n\u00e0y gi\u1ed1ng v\u1edbi nghi\u00ean c\u1ee9u c\u1ee7a Nguy\u1ec5n Th\u1ecb Uy\u00ean t\u1ea1i nghi\u00ean c\u1ee9u c\u1ee7a \u0110\u1ed7 Th\u1ecb Thu Hi\u1ec1n t\u1ea1i B\u1ec7nh vi\u1ec7n \u0111a khoa t\u1ec9nh Th\u00e1i B\u00ecnh n\u0103m 2015 [4].\n", "Tuy nhi\u00ean, nghi\u00ean c\u1ee9u c\u1ee7a B\u00f9i Th\u1ecb T\u00e2m n\u0103m 2011 t\u1ea1i B\u1ec7nh d\u1ee5ng EPO \u0111\u01b0\u1eddng ti\u00eam d\u01b0\u1edbi da [7].\n", "Th\u00e1ng 3/2014, C\u1ee5c qu\u1ea3n l\u00fd D\u01b0\u1ee3c ra c\u00f4ng v\u0103n s\u1ed1 4764/QLD-\u0110K, c\u00f3 nh\u1eefng b\u1ed5 sung li\u00ean quan \u0111\u1ebfn \u0111\u01b0\u1eddng d\u00f9ng c\u00e1c ch\u1ebf ph\u1ea9m Epoetin alpha.\n", "Theo c\u00f4ng v\u0103n n\u00e0y, EPO alpha n\u00ean \u0111\u01b0\u1ee3c s\u1eed d\u1ee5ng b\u1eb1ng \u0111\u01b0\u1eddng ti\u00eam t\u0129nh m\u1ea1ch tr\u00ean b\u1ec7nh nh\u00e2n BTM \u0111ang \u0111\u01b0\u1ee3c l\u1ecdc m\u00e1u chu k\u1ef3 [8].\n", "Li\u1ec1u d\u00f9ng v\u00e0 t\u1ea7n su\u1ea5t cho thu\u1ed1c:\n", "Trong nghi\u00ean c\u1ee9u n\u00e0y ch\u00fang t\u00f4i ch\u1ec9 t\u1eadp trung kh\u1ea3o s\u00e1t th\u1ef1c tr\u1ea1ng s\u1eed d\u1ee5ng EPO tr\u00ean nh\u1eefng b\u1ec7nh nh\u00e2n l\u1ecdc m\u00e1u chu k\u1ef3 trong 06 th\u00e1ng \u0111i\u1ec1u tr\u1ecb k\u1ec3 t\u1eeb khi b\u1eaft \u0111\u1ea7u nh\u1eadp vi\u1ec7n.\n", "\u0110\u1ed1i v\u1edbi nh\u00f3m b\u1ec7nh nh\u00e2n nghi\u00ean c\u1ee9u c\u00f3 t\u1ef7 l\u1ec7\n", "Hb < 90g/L kh\u00e1 l\u1edbn (54,1%), ti\u1ebfp \u0111\u1ebfn l\u00e0 nh\u00f3m b\u1ec7nh nh\u00e2n c\u00f3 Hb t\u1eeb 90 \u2013 100 g/L (chi\u1ebfm 32,8%)\n", "Ferritin trung b\u00ecnh\n", "Th\u1eddi \u0111i\u1ec3m (th\u00e1ng) theo c\u00e1c Guidelines c\u1ea7n ph\u1ea3i b\u1ed5 sung EPO \u0111\u1ec3 \u0111\u01b0a Hb v\u1ec1 m\u1ee9c khuy\u1ebfn c\u00e1o [9], do v\u1eady t\u1ea1i T1 \u0111\u1ed1i v\u1edbi m\u1ed9t s\u1ed1 b\u1ec7nh nh\u00e2n c\u00f3 m\u1ee9c Hb < 90g/L c\u00e1c b\u00e1c s\u0129 th\u01b0\u1eddng s\u1eed d\u1ee5ng bi\u1ec7t d\u01b0\u1ee3c g\u1ed1c \u0111\u1ec3 n\u00e2ng n\u1ed3ng \u0111\u1ed9 Hb l\u00ean m\u1ee9c khuy\u1ebfn c\u00e1o.\n", "Sau khi \u1ed5n \u0111\u1ecbnh th\u01b0\u1eddng c\u00e2n nh\u1eafc l\u1ef1a ch\u1ecdn chuy\u1ec3n sang hai lo\u1ea1i thu\u1ed1c t\u01b0\u01a1ng t\u1ef1 sinh h\u1ecdc c\u00f2n l\u1ea1i \u0111\u1ec3 gi\u1ea3m chi ph\u00ed \u0111i\u1ec1u tr\u1ecb.\n", "\u0110i\u1ec1u n\u00e0y gi\u1ea3i th\u00edch l\u00fd do c\u00e1c th\u1eddi \u0111i\u1ec3m\n", "T4, T5, T6 t\u1ef7 l\u1ec7 s\u1eed d\u1ee5ng thu\u1ed1c t\u01b0\u01a1ng t\u1ef1 sinh h\u1ecdc t\u0103ng d\u1ea7n.\n", "M\u1ee9c li\u1ec1u \u0111\u01b0\u1ee3c d\u00f9ng ph\u1ed5 bi\u1ebfn nh\u1ea5t tr\u00ean nh\u00f3m b\u1ec7nh nh\u00e2n nghi\u00ean c\u1ee9u l\u00e0 12000-18000UI t\u01b0\u01a1ng \u0111\u01b0\u01a1ng v\u1edbi 6-9 \u1ed1ng/th\u00e1ng, m\u1ee9c li\u1ec1u ph\u1ed5 bi\u1ebfn tr\u00ean 1 l\u1ea7n \u0111\u01b0a thu\u1ed1c l\u00e0 2000UI/1 l\u1ea7n, m\u1ee9c li\u1ec1u quy \u0111\u1ed5i theo c\u00e2n n\u1eb7ng trung b\u00ecnh c\u1ee7a b\u1ec7nh nh\u00e2n ph\u00f9 h\u1ee3p v\u1edbi khuy\u1ebfn c\u00e1o (50-100IU/kg).\n", "K\u1ebft qu\u1ea3 c\u1ee7a ch\u00fang t\u00f4i ph\u00f9 h\u1ee3p v\u1edbi nghi\u00ean c\u1ee9u c\u1ee7a Tri\u1ec7u Th\u1ecb\n", "Tuy\u1ebft V\u00e2n th\u1ef1c hi\u1ec7n t\u1ea1i Khoa TNT B\u1ec7nh vi\u1ec7n\n", "B\u1ea1ch Mai n\u0103m 2009 v\u1edbi m\u1ee9c li\u1ec1u ph\u1ed5 bi\u1ebfn l\u00e0 16000-20000UI/th\u00e1ng [5] v\u00e0 nghi\u00ean c\u1ee9u c\u1ee7a\n", "Nguy\u00ean Th\u1ecb Uy\u00ean t\u1ea1i B\u1ec7nh vi\u1ec7n \u0110a khoa Xanh\n", "P\u00f4n n\u0103m 2016 v\u1edbi m\u1ee9c li\u1ec1u ph\u1ed5 bi\u1ebfn l\u00e0 16000- 18000UI/th\u00e1ng [6].\n", "Kh\u1ea3o s\u00e1t t\u1ea7n su\u1ea5t s\u1eed d\u1ee5ng thu\u1ed1c trong 6 th\u00e1ng, ch\u00fang t\u00f4i c\u0169ng ghi nh\u1eadn \u0111\u01b0\u1ee3c t\u1ea7n su\u1ea5t s\u1eed d\u1ee5ng ph\u1ed5 bi\u1ebfn l\u00e0 8-9 l\u1ea7n s\u1eed d\u1ee5ng\n", "EPO/th\u00e1ng.\n", "\u0110a s\u1ed1, b\u1ec7nh nh\u00e2n l\u1ecdc m\u00e1u 3 l\u1ea7n/tu\u1ea7n, s\u1ed1 l\u1ea7n l\u1ecdc trung b\u00ecnh c\u1ee7a b\u1ec7nh nh\u00e2n l\u00e0 11,6 l\u1ea7n/th\u00e1ng.\n", "B\u1ed5 sung s\u1eaft v\u00e0 c\u00e1c x\u00e9t nghi\u1ec7m th\u0103m d\u00f2 s\u1eaft:\n", "\u0110a s\u1ed1 b\u1ec7nh nh\u00e2n \u0111\u01b0\u1ee3c b\u1ed5 sung \u0111\u1ea7y \u0111\u1ee7 s\u1eaft t\u0129nh m\u1ea1ch trong 06 th\u00e1ng nghi\u00ean c\u1ee9u.\n", "K\u1ebft qu\u1ea3 n\u1ed3ng \u0111\u1ed9 s\u1eaft huy\u1ebft thanh v\u00e0 ferritin trung b\u00ecnh c\u0169ng cho th\u1ea5y hai gi\u00e1 tr\u1ecb n\u00e0y lu\u00f4n \u1edf ng\u01b0\u1ee1ng b\u00ecnh th\u01b0\u1eddng t\u1ea1i c\u00e1c th\u1eddi \u0111i\u1ec3m nghi\u00ean c\u1ee9u.\n", "Trong th\u1eddi gian nghi\u00ean c\u1ee9u, b\u1ec7nh nh\u00e2n \u0111\u01b0\u1ee3c l\u00e0m c\u00e1c x\u00e9t nghi\u1ec7m v\u1ec1 s\u1eaft v\u00e0o th\u1eddi \u0111i\u1ec3m T1, T3,\n", "T5 tuy nhi\u00ean kh\u00f4ng ph\u1ea3i t\u1ea5t c\u1ea3 b\u1ec7nh nh\u00e2n.\n", "Nghi\u00ean c\u1ee9u c\u1ee7a \u0110\u1ed7 Th\u1ecb Thu Hi\u1ec1n t\u1ea1i B\u1ec7nh vi\u1ec7n \u0111a khoa t\u1ec9nh Th\u00e1i B\u00ecnh cho th\u1ea5y t\u1ea5t c\u1ea3 b\u1ec7nh nh\u00e2n \u0111\u1ec1u \u0111\u01b0\u1ee3c x\u00e9t nghi\u1ec7m ch\u1ec9 s\u1ed1 s\u1eaft huy\u1ebft thanh hai th\u00e1ng m\u1ed9t l\u1ea7n nh\u01b0ng kh\u00f4ng c\u00f3 x\u00e9t nghi\u1ec7m ferritin huy\u1ebft thanh [4].\n", "Theo kh\u1ea3o s\u00e1t t\u1eeb nghi\u00ean c\u1ee9u c\u1ee7a B\u00f9i Th\u1ecb T\u00e2m t\u1ea1i B\u1ec7nh vi\u1ec7n \u0111a khoa t\u1ec9nh\n", "\u0110i\u1ec7n Bi\u00ean, x\u00e9t nghi\u1ec7m t\u00ecnh tr\u1ea1ng s\u1eaft kh\u00f4ng \u0111\u01b0\u1ee3c ti\u1ebfn h\u00e0nh t\u1ea1i \u0111\u00e2y [7].\n", "Nghi\u00ean c\u1ee9u c\u1ee7a Nguy\u1ec5n\n", "Th\u1ecb Uy\u00ean cho th\u1ea5y t\u1ea1i \u0110\u01a1n nguy\u00ean th\u1eadn nh\u00e2n t\u1ea1o, nghi\u1ec7m s\u1eaft, ferritin huy\u1ebft thanh, song v\u1eabn thi\u1ebfu x\u00e9t nghi\u1ec7m \u0111\u1ed9 b\u00e3o ho\u00e0 transferin [6].\n", "Hi\u1ec7n t\u1ea1i x\u00e9t nghi\u1ec7m \u0111\u1ed9 b\u00e3o ho\u00e0 transferin huy\u1ebft thanh kh\u00f4ng n\u1eb1m trong danh m\u1ee5c thanh to\u00e1n c\u1ee7a b\u1ea3o hi\u1ec3m y t\u1ebf do v\u1eady h\u1ea7u h\u1ebft c\u00e1c b\u1ec7nh nh\u00e2n ch\u01b0a \u0111\u01b0\u1ee3c l\u00e0m x\u00e9t nghi\u1ec7m n\u00e0y.\n", "Hi\u1ec7u qu\u1ea3 v\u00e0 an to\u00e0n c\u1ee7a EPO trong \u0111i\u1ec1u tr\u1ecb thi\u1ebfu m\u00e1u:\n", "N\u1ed3ng \u0111\u1ed9 Hb m\u1ee5c ti\u00eau khi \u0111i\u1ec1u tr\u1ecb b\u1eb1ng EPO tr\u00ean b\u1ec7nh nh\u00e2n l\u1ecdc m\u00e1u chu k\u00ec c\u00f3 s\u1ef1 kh\u00e1c nhau gi\u1eefa c\u00e1c h\u01b0\u1edbng d\u1eabn \u0111i\u1ec1u tr\u1ecb.\n", "Theo KDIGO 2012 v\u00e0 VUNA 2013 [9, 10] nh\u00f3m nghi\u00ean c\u1ee9u \u0111\u1ec1 xu\u1ea5t kho\u1ea3ng n\u1ed3ng \u0111\u1ed9 Hb m\u1ee5c ti\u00eau l\u00e0 t\u1eeb 100-115 g/L.\n", "Hi\u1ec7u qu\u1ea3 c\u1ee7a EPO trong \u0111i\u1ec1u tr\u1ecb.\n", "V\u1ec1 n\u1ed3ng \u0111\u1ed9 huy\u1ebft s\u1eafc t\u1ed1.\n", "N\u1ed3ng \u0111\u1ed9 huy\u1ebft s\u1eafc t\u1ed1 l\u01b0u h\u00e0nh trong m\u00e1u l\u00e0 ch\u1ec9 s\u1ed1 quan tr\u1ecdng \u0111\u1ec3 \u0111\u00e1nh gi\u00e1 thi\u1ebfu m\u00e1u.\n", "Trong nghi\u00ean c\u1ee9u c\u1ee7a ch\u00fang t\u00f4i.\n", "Hb trung b\u00ecnh c\u1ee7a b\u1ec7nh nh\u00e2n c\u00f3 xu h\u01b0\u1edbng t\u0103ng l\u00ean v\u00e0 n\u1eb1m trong kho\u1ea3ng khuy\u1ebfn c\u00e1o \u0111i\u1ec1u tr\u1ecb (90-115g/L).\n", "T\u1eeb T1-\n", "T6 n\u1ed3ng \u0111\u1ed9 Hb trung b\u00ecnh t\u0103ng l\u00ean r\u00f5 r\u1ec7t.\n", "T1 Hb trung b\u00ecnh l\u00e0 93,4 g/L, T6 Hb trung b\u00ecnh c\u1ee7a b\u1ec7nh nh\u00e2n l\u00e0 105g/L.\n", "Tuy nhi\u00ean, t\u1ea1i c\u00e1c th\u1eddi \u0111i\u1ec3m n\u1ed3ng \u0111\u1ed9 Hb<100g/L v\u1eabn c\u00f2n nhi\u1ec1u, \u0111\u1eb7c bi\u1ec7t l\u00e0 t\u1ea1i th\u1eddi \u0111i\u1ec3m T1, qua c\u00e1c th\u00e1ng nh\u00f3m c\u00f3\n", "Hb<100g/L c\u00f3 xu h\u01b0\u1edbng gi\u1ea3m.\n", "Trong nghi\u00ean c\u1ee9u c\u1ee7a B\u00f9i Th\u1ecb T\u00e2m cho th\u1ea5y Hb trung b\u00ecnh c\u1ee7a c\u00e1c b\u1ec7nh nh\u00e2n t\u1ea1i c\u00e1c th\u1eddi \u0111i\u1ec3m \u0111\u1ec1u >100g/L, t\u1ef7 l\u1ec7 b\u1ec7nh nh\u00e2n \u0111\u1ea1t m\u1ee9c 100-120g/L tr\u00ean 50% [9].\n", "Nghi\u00ean c\u1ee9u c\u1ee7a Nguy\u1ec5n Th\u1ecb Uy\u00ean t\u1ea1i B\u1ec7nh vi\u1ec7n\n", "\u0110a khoa Xanh P\u00f4n cho th\u1ea5y m\u1ee9c Hb trung b\u00ecnh lu\u00f4n <100g/L [6].\n", "Trong nghi\u00ean c\u1ee9u c\u1ee7a ch\u00fang t\u00f4i, b\u1eaft \u0111\u1ea7u t\u1eeb T3 b\u1ec7nh nh\u00e2n \u0111\u1ea1t m\u1ee9c Hb trung b\u00ecnh l\u00e0 100g/L.\n", "B\u1ec7nh nh\u00e2n c\u00f3 Hb v\u01b0\u1ee3t ng\u01b0\u1ee1ng chi\u1ebfm 1 t\u1ef7 l\u1ec7 r\u1ea5t nh\u1ecf.\n", "T\u1ea1i c\u00e1c th\u00e1ng v\u1eabn c\u00f3 r\u1ea3i r\u00e1c 1 b\u1ec7nh nh\u00e2n c\u00f3 Hb> 130g/L (t\u1ea1i T2, T3, T4, T6) v\u00e0 c\u00e1c b\u1ec7nh nh\u00e2n n\u00e0y l\u00e0 kh\u00e1c nhau.\n", "C\u00e1c th\u1eddi \u0111i\u1ec3m sau, b\u1ec7nh nh\u00e2n \u0111\u01b0\u1ee3c gi\u1ea3m li\u1ec1u EPO v\u00e0 c\u00f3 m\u1ee9c Hb d\u01b0\u1edbi 130g/L.\n", "Trong 06 th\u00e1ng nghi\u00ean c\u1ee9u, h\u1ea7u h\u1ebft b\u1ec7nh nh\u00e2n c\u00f3 t\u1ed1c \u0111\u1ed9 thay \u0111\u1ed5i Hb trong kho\u1ea3ng cho ph\u00e9p (<20g/L).\n", "S\u1ed1 b\u1ec7nh nh\u00e2n c\u00f3 Hb>20g/L t\u1ea1i c\u00e1c th\u00e1ng nghi\u00ean c\u1ee9u nhi\u1ec1u h\u01a1n trong nghi\u00ean c\u1ee9u c\u1ee7a Nguy\u1ec5n Th\u1ecb Uy\u00ean [6].\n", "Tuy nhi\u00ean c\u00e1c b\u1ec7nh nh\u00e2n \u0111\u00e3 \u0111\u01b0\u1ee3c ki\u1ec3m so\u00e1t t\u1ed1t \u1edf c\u00e1c th\u00e1ng ti\u1ebfp theo.\n", "RBC: H\u1ed3ng c\u1ea7u l\u00e0 th\u00e0nh ph\u1ea7n chi\u1ebfm s\u1ed1 l\u01b0\u1ee3ng l\u1edbn trong t\u1ebf b\u00e0o m\u00e1u, c\u00f3 ch\u1ee9a huy\u1ebft s\u1eafc t\u1ed1 l\u00e0 ch\u1ea5t gi\u00fap cho m\u00e1u c\u00f3 m\u00e0u \u0111\u1ecf.\n", "V\u1edbi nhi\u1ec7m v\u1ee5 v\u1eadn chuy\u1ec3n oxy t\u1eeb ph\u1ed5i l\u00ean c\u00e1c m\u00f4 v\u00e0 v\u1eadn chuy\u1ec3n CO2 t\u1eeb c\u00e1c m\u00f4 l\u00ean \u0111\u00e0o th\u1ea3i \u1edf ph\u1ed5i, cho th\u1ea5y h\u1ed3ng c\u1ea7u \u0111\u00f3ng vai tr\u00f2 r\u1ea5t quan tr\u1ecdng \u0111\u1ed1i v\u1edbi ho\u1ea1t \u0111\u1ed9ng c\u1ee7a c\u01a1 th\u1ec3.\n", "RBC trung b\u00ecnh c\u1ee7a nh\u00f3m b\u1ec7nh nh\u00e2n nghi\u00ean c\u1ee9u c\u00f3 xu h\u01b0\u1edbng t\u0103ng qua c\u00e1c th\u00e1ng.\n", "Th\u1ea5p nh\u1ea5t \u1edf T1 l\u00e0 3,27 g/L v\u00e0 cao nh\u1ea5t \u1edf\n", "T6 v\u1edbi RBC l\u00e0 3,61 g/L.\n", "\u0110a s\u1ed1 b\u1ec7nh nh\u00e2n c\u00f3\n", "RBC d\u01b0\u1edbi 3,5 g/L.\n", "M\u1ee9c RBC trung b\u00ecnh c\u1ee7a nh\u00f3m th\u1ea5p h\u01a1n m\u1ee9c RBC trung b\u00ecnh trong nghi\u00ean c\u1ee9u c\u1ee7a L\u00e2m Th\u00e0nh V\u1eefng (3,78-4,4 g/L) [11].\n", "Ferritin v\u00e0 s\u1eaft huy\u1ebft thanh:\n", "Trong nghi\u00ean c\u1ee9u c\u1ee7a ch\u00fang t\u00f4i, n\u1ed3ng \u0111\u1ed9 s\u1eaft huy\u1ebft thanh trung b\u00ecnh c\u00f3 xu h\u01b0\u1edbng gi\u1ea3m, tuy nhi\u00ean c\u0169ng kh\u00f4ng bi\u1ebfn \u0111\u1ed9ng nhi\u1ec1u.\n", "N\u1ed3ng \u0111\u1ed9 s\u1eaft huy\u1ebft thanh v\u1eabn \u1edf m\u1ee9c cao so v\u1edbi kho\u1ea3ng gi\u00e1 tr\u1ecb b\u00ecnh th\u01b0\u1eddng.\n", "N\u1ed3ng \u0111\u1ed9 Ferritin trung b\u00ecnh kh\u00e1 \u1ed5n \u0111\u1ecbnh v\u00e0 \u00edt dao \u0111\u1ed9ng trong kho\u1ea3ng th\u1eddi gian nghi\u00ean c\u1ee9u v\u00e0 n\u1eb1m trong kho\u1ea3ng gi\u00e1 tr\u1ecb b\u00ecnh th\u01b0\u1eddng.\n", "K\u1ebft qu\u1ea3 n\u00e0y t\u01b0\u01a1ng \u0111\u1ed3ng v\u1edbi k\u1ebft qu\u1ea3 c\u1ee7a\n", "Tri\u1ec7u Th\u1ecb Tuy\u1ebft V\u00e2n v\u1edbi kho\u1ea3ng Feeritin huy\u1ebft thanh l\u00e0 t\u1eeb 200-500\u00b5g/L [5].\n", "Tri\u1ec7u ch\u1ee9ng l\u00e2m s\u00e0ng:\n", "C\u00e1c tri\u1ec7u ch\u1ee9ng l\u00e2m s\u00e0ng thi\u1ebfu m\u00e1u bi\u1ec3u hi\u1ec7n tr\u00ean da, ni\u00eam m\u1ea1c; kh\u1ea3 n\u0103ng ho\u1ea1t \u0111\u1ed9ng g\u1eafng s\u1ee9c; c\u00e1c tri\u1ec7u ch\u1ee9ng th\u1ea7n kinh.\n", "Tuy nhi\u00ean, tri\u1ec7u ch\u1ee9ng l\u00e2m s\u00e0ng ch\u1ec9 g\u00f3p ph\u1ea7n \u0111\u00e1nh gi\u00e1 s\u01a1 b\u1ed9 m\u1ee9c \u0111\u1ed9 thi\u1ebfu m\u00e1u v\u00e0 t\u00ecnh tr\u1ea1ng \u0111\u00e1p \u1ee9ng v\u1edbi \u0111i\u1ec1u tr\u1ecb thi\u1ebfu m\u00e1u tr\u00ean l\u00e2m s\u00e0ng.\n", "Trong nghi\u00ean c\u1ee9u n\u00e0y, ch\u00fang t\u00f4i ch\u1ec9 ghi nh\u1eadn 2 tri\u1ec7u ch\u1ee9ng l\u00e2m s\u00e0ng tr\u00ean da, ni\u00eam m\u1ea1c v\u00e0 kh\u1ea3 n\u0103ng g\u1eafng s\u1ee9c c\u1ee7a b\u1ec7nh nh\u00e2n.\n", "Nh\u1eadn th\u1ea5y tri\u1ec7u ch\u1ee9ng da xanh, ni\u00eam m\u1ea1c nh\u1ee3t chi\u1ebfm t\u1ef7 l\u1ec7 cao \u1edf c\u00e1c th\u00e1ng.\n", "Tuy nhi\u00ean c\u00f3 xu h\u01b0\u1edbng gi\u1ea3m d\u1ea7n.\n", "S\u1ed1 b\u1ec7nh nh\u00e2n c\u00f3 tri\u1ec7u ch\u1ee9ng m\u1ec7t khi g\u1eafng s\u1ee9c c\u0169ng \u1edf m\u1ee9c cao, cao nh\u1ea5t \u1edf T1 v\u00e0 gi\u1ea3m d\u1ea7n qua c\u00e1c th\u00e1ng.\n", "C\u00e1c tri\u1ec7u ch\u1ee9ng l\u00e2m s\u00e0ng thi\u1ebfu m\u00e1u gi\u1ea3m qua c\u00e1c th\u00e1ng \u0111i\u1ec1u tr\u1ecb.\n", "T\u00ednh an to\u00e0n c\u1ee7a EPO trong \u0111i\u1ec1u tr\u1ecb:\n", "T\u00e1c \u0111\u1ed9ng c\u1ee7a EPO l\u00ean huy\u1ebft \u00e1p, s\u1ed1 l\u01b0\u1ee3ng b\u1ea1ch c\u1ea7u, ti\u1ec3u c\u1ea7u, \u0111i\u1ec7n gi\u1ea3i \u0111\u1ed3.\n", "Nghi\u00ean c\u1ee9u c\u1ee7a ch\u00fang t\u00f4i cho th\u1ea5y huy\u1ebft \u00e1p t\u00e2m thu v\u00e0 huy\u1ebft \u00e1p t\u00e2m tr\u01b0\u01a1ng trung b\u00ecnh c\u1ee7a b\u1ec7nh nh\u00e2n kh\u00f4ng c\u00f3 s\u1ef1 gia t\u0103ng t\u1ea1i c\u00e1c th\u1eddi \u0111i\u1ec3m nghi\u00ean c\u1ee9u.\n", "\u0110\u1ed3ng th\u1eddi, t\u1ef7 l\u1ec7 t\u0103ng huy\u1ebft \u00e1p b\u1ec7nh nh\u00e2n t\u1ea1i c\u00e1c th\u1eddi \u0111i\u1ec3m nghi\u00ean c\u1ee9u kh\u00f4ng cao v\u00e0 kh\u00e1 \u1ed5n \u0111\u1ecbnh.\n", "Th\u1ef1c t\u1ebf, c\u00e1c b\u1ec7nh nh\u00e2n l\u1ecdc m\u00e1u chu k\u1ef3 trong nghi\u00ean c\u1ee9u \u0111\u1ec1u \u0111\u01b0\u1ee3c theo d\u00f5i huy\u1ebft \u00e1p v\u00e0 s\u1eed d\u1ee5ng thu\u1ed1c b\u1ec7nh l\u00fd tim m\u1ea1ch.\n", "Nh\u01b0 v\u1eady, vi\u1ec7c duy tr\u00ec ki\u1ec3m so\u00e1t huy\u1ebft \u00e1p song song s\u1eed d\u1ee5ng EPO \u0111i\u1ec1u tr\u1ecb thi\u1ebfu m\u00e1u \u1edf khoa ph\u00e1t huy hi\u1ec7u qu\u1ea3 t\u1ed1t.\n", "T\u00e1c \u0111\u1ed9ng c\u1ee7a EPO l\u00ean ch\u1ec9 s\u1ed1 b\u1ea1ch c\u1ea7u, ti\u1ec3u c\u1ea7u, v\u00e0 \u0111i\u1ec7n gi\u1ea3i \u0111\u1ed3: Kh\u00f4ng c\u00f3 g\u00ec b\u1ea5t th\u01b0\u1eddng.\n", "Bi\u1ebfn c\u1ed1 b\u1ea5t l\u1ee3i kh\u00e1c trong th\u1eddi gian nghi\u00ean c\u1ee9u.\n", "Kh\u00f4ng c\u00f3 bi\u1ebfn c\u1ed1 n\u00e0o \u0111\u01b0\u1ee3c ghi nh\u1eadn trong 6 th\u00e1ng nghi\u00ean c\u1ee9u.\n", "K\u1ebft qu\u1ea3 n\u00e0y t\u01b0\u01a1ng t\u1ef1 v\u1edbi nghi\u00ean c\u1ee9u c\u1ee7a \u0110\u1ed7 Th\u1ecb Thu Hi\u1ec1n [4] v\u00e0 Nguy\u1ec5n\n", "Th\u1ecb Uy\u00ean [6].\n", "K\u1ebft lu\u1eadn\n", "Qua nghi\u00ean c\u1ee9u 61 b\u1ec7nh nh\u00e2n BTM l\u1ecdc m\u00e1u chu k\u00ec s\u1eed d\u1ee5ng EPO t\u1ea1i Khoa Th\u1eadn Nh\u00e2n t\u1ea1o - thi\u1ebfu m\u00e1u b\u1eb1ng EPO, ch\u00fang t\u00f4i \u0111\u01b0a ra k\u1ebft lu\u1eadn:\n", "B\u1ec7nh nh\u00e2n \u0111\u01b0\u1ee3c s\u1eed d\u1ee5ng c\u1ea3 EPO alpha v\u00e0 EPO beta.\n", "D\u1ea1ng EPO \u0111\u00f4ng kh\u00f4 pha ti\u00eam \u0111\u01b0\u1ee3c \u0111\u01b0\u1ee3c s\u1eed d\u1ee5ng nhi\u1ec1u nh\u1ea5t.\n", "Li\u1ec1u EPO trung b\u00ecnh m\u1ed7i th\u00e1ng c\u1ee7a BN ph\u1ed5 bi\u1ebfn l\u00e0 18000-22000UI/th\u00e1ng v\u1edbi t\u1ea7n su\u1ea5t cho thu\u1ed1c ph\u1ed5 bi\u1ebfn l\u00e0 8-9 l\u1ea7n.\n", "C\u00e1c ch\u1ec9 s\u1ed1 huy\u1ebft h\u1ecdc c\u1ee7a b\u1ec7nh nh\u00e2n: Hb, RBC trung b\u00ecnh t\u0103ng, \u0111\u1ea1t Hb m\u1ee5c ti\u00eau t\u1ea1i T3.\n", "Gi\u00e1 tr\u1ecb n\u1ed3ng \u0111\u1ed9 Ferritin, s\u1eaft huy\u1ebft thanh n\u1eb1m trong ng\u01b0\u1ee1ng b\u00ecnh th\u01b0\u1eddng, s\u1ed1 tr\u01b0\u1eddng h\u1ee3p c\u1ea7n truy\u1ec1n m\u00e1u v\u00e0 tri\u1ec7u ch\u1ee9ng l\u00e2m s\u00e0ng thi\u1ebfu m\u00e1u gi\u1ea3m.\n", "Kh\u00f4ng c\u00f3 bi\u1ebfn c\u1ed1 b\u1ea5t l\u1ee3i ghi nh\u1eadn trong qu\u00e1 tr\u00ecnh nghi\u00ean c\u1ee9u.\n", "L\u1eddi cam \u0111oan\n", "Nghi\u00ean c\u1ee9u n\u00e0y \u0111\u01b0\u1ee3c th\u1ef1c hi\u1ec7n t\u1ea1i B\u1ec7nh vi\u1ec7n\n", "Th\u1eadn H\u00e0 N\u1ed9i, \u0111\u1ec1 c\u01b0\u01a1ng nghi\u00ean c\u1ee9u \u0111\u00e3 \u0111\u01b0\u1ee3c th\u00f4ng qua H\u1ed9i \u0111\u1ed3ng Khoa h\u1ecdc c\u1ee7a B\u1ec7nh vi\u1ec7n v\u00e0 tu\u00e2n theo c\u00e1c nguy\u00ean t\u1eafc v\u00e0 qui \u0111\u1ecbnh v\u1ec1 \u0111\u1ea1o \u0111\u1ee9c trong nghi\u00ean c\u1ee9u sinh y.\n"]}, "Word count": 4459}