{"title": "\u0110\u1eb7c \u0111i\u1ec3m l\u00e2m s\u00e0ng, nguy\u00ean nh\u00e2n, ph\u00e2n lo\u1ea1i suy h\u00f4 h\u1ea5p c\u1ea5p \u1edf tr\u1ebb em theo kh\u00ed m\u00e1u\n", "content": {"0": ["T\u00f3m t\u1eaft: M\u1ee5c ti\u00eau: M\u00f4 t\u1ea3 \u0111\u1eb7c \u0111i\u1ec3m l\u00e2m s\u00e0ng, nguy\u00ean nh\u00e2n, ph\u00e2n lo\u1ea1i suy h\u00f4 h\u1ea5p c\u1ea5p \u1edf tr\u1ebb em theo kh\u00ed m\u00e1u t\u1ea1i khoa \u0110i\u1ec1u tr\u1ecb t\u00edch c\u1ef1c B\u1ec7nh vi\u1ec7n Nhi Trung \u01b0\u01a1ng.\n", "\u0110\u1ed1i t\u01b0\u1ee3ng v\u00e0 ph\u01b0\u01a1ng ph\u00e1p nghi\u00ean c\u1ee9u: M\u00f4 t\u1ea3 ti\u1ebfn c\u1ee9u 96 b\u1ec7nh nh\u00e2n \u0111\u01b0\u1ee3c ch\u1ea9n \u0111o\u00e1n suy h\u00f4 h\u1ea5p c\u1ea5p t\u1ea1i khoa \u0110i\u1ec1u tr\u1ecb t\u00edch c\u1ef1c B\u1ec7nh vi\u1ec7n Nhi Trung \u01b0\u01a1ng trong th\u1eddi gian t\u1eeb 10/2016 \u0111\u1ebfn 10/2017.\n", "K\u1ebft qu\u1ea3: Suy h\u00f4 h\u1ea5p c\u1ea5p type 2 chi\u1ebfm t\u1ef7 l\u1ec7 55,2%, ti\u1ebfp \u0111\u1ebfn type 1 chi\u1ebfm 25% v\u00e0 type 3 l\u00e0 19,8%.\n", "100% b\u1ec7nh nh\u00e2n suy h\u00f4 h\u1ea5p type 1 c\u00f3 th\u1edf nhanh, t\u00edm, SpO2 d\u01b0\u1edbi 90% v\u00e0 t\u1ed5n th\u01b0\u01a1ng nhu m\u00f4 ph\u1ed5i tr\u00ean X-quang.\n", "Suy h\u00f4 h\u1ea5p type 2 c\u00f3 th\u1ec3 g\u1eb7p th\u1edf ch\u1eadm, kh\u00f4ng t\u00edm v\u00e0 SpO2 tr\u00ean 90%; hay g\u1eb7p th\u1edf kh\u00f2 kh\u00e8; t\u1ed5n th\u01b0\u01a1ng \u1ee9 kh\u00ed v\u00e0 x\u1eb9p ph\u1ed5i chi\u1ebfm 37,2%.\n", "Vi\u00eam ph\u1ebf qu\u1ea3n ph\u1ed5i l\u00e0 nguy\u00ean nh\u00e2n suy h\u00f4 h\u1ea5p c\u1ea5p hay g\u1eb7p nh\u1ea5t, trong \u0111\u00f3 61,1% suy h\u00f4 h\u1ea5p type 2.\n", "K\u1ebft lu\u1eadn: D\u1ef1a v\u00e0o \u0111\u1eb7c \u0111i\u1ec3m l\u00e2m s\u00e0ng c\u1ee7a c\u00e1c type suy h\u00f4 h\u1ea5p c\u1ea5p l\u00e0m c\u01a1 s\u1edf \u0111\u00e1nh gi\u00e1 t\u00ecnh tr\u1ea1ng n\u1eb7ng v\u00e0 can thi\u1ec7p \u0111i\u1ec1u tr\u1ecb \u0111\u00fang, k\u1ecbp th\u1eddi.\n", "T\u1eeb kho\u00e1: Ph\u00e2n lo\u1ea1i suy h\u00f4 h\u1ea5p c\u1ea5p, kh\u00ed m\u00e1u \u0111\u1ed9ng m\u1ea1ch.\n"], "1": ["1.\n", "\u0110\u1eb7t v\u1ea5n \u0111\u1ec1\n", "Suy h\u00f4 h\u1ea5p c\u1ea5p l\u00e0 h\u1ed9i ch\u1ee9ng g\u00e2y ra b\u1edfi t\u00ecnh tr\u1ea1ng c\u01a1 th\u1ec3 kh\u00f4ng cung c\u1ea5p \u0111\u1ee7 kh\u00ed oxy (O2) v\u00e0 \u0111\u00e0o th\u1ea3i kh\u00ed carbonic (CO2) ph\u00f9 h\u1ee3p v\u1edbi nhu c\u1ea7u chuy\u1ec3n ho\u00e1 c\u1ee7a c\u01a1 th\u1ec3, nguy\u00ean nh\u00e2n t\u1ea1i h\u1ec7 h\u00f4 h\u1ea5p, tim m\u1ea1ch, th\u1ea7n kinh \u2013 c\u01a1 [1].\n", "Suy h\u00f4 h\u1ea5p c\u1ea5p l\u00e0 nguy\u00ean nh\u00e2n ph\u1ed5 bi\u1ebfn nh\u1eadp vi\u1ec7n c\u0169ng nh\u01b0 g\u00e2y t\u1eed vong \u1edf tr\u1ebb em, \u0111\u1eb7c bi\u1ec7t l\u00e0 tr\u1ebb em d\u01b0\u1edbi 1 tu\u1ed5i [2].\n", "Tri\u1ec7u ch\u1ee9ng l\u00e2m s\u00e0ng c\u1ee7a suy h\u00f4 h\u1ea5p c\u1ea5p g\u1ed3m kh\u00f3 th\u1edf v\u00e0 t\u00edm, ch\u1ea9n \u0111o\u00e1n x\u00e1c \u0111\u1ecbnh b\u1eb1ng kh\u00ed m\u00e1u \u0111\u1ed9ng m\u1ea1ch.\n", "D\u1ef1a v\u00e0o k\u1ebft qu\u1ea3 kh\u00ed m\u00e1u, suy h\u00f4 h\u1ea5p c\u1ea5p \u0111\u01b0\u1ee3c chia th\u00e0nh 3 type: suy h\u00f4 h\u1ea5p type1 (PaO2 60mmHg), suy h\u00f4 h\u1ea5p type 2 (PaCO2 50mmHg) v\u00e0 type 3 (PaO2 60mmHg v\u00e0 PaCO2 50mmHg) [3].\n", "\u0110\u1eb7c \u0111i\u1ec3m l\u00e2m s\u00e0ng, nguy\u00ean nh\u00e2n c\u1ee7a t\u1eebng type suy h\u00f4 h\u1ea5p c\u1ea5p l\u00e0 kh\u00e1c nhau.\n", "V\u00ec v\u1eady, ch\u00fang t\u00f4i ti\u1ebfn h\u00e0nh nghi\u00ean c\u1ee9u v\u1edbi m\u1ee5c ti\u00eau: M\u00f4 t\u1ea3 \u0111\u1eb7c \u0111i\u1ec3m l\u00e2m s\u00e0ng, nguy\u00ean nh\u00e2n v\u00e0 ph\u00e2n lo\u1ea1i suy h\u00f4 h\u1ea5p c\u1ea5p \u1edf tr\u1ebb em theo kh\u00ed m\u00e1u t\u1ea1i khoa \u0110i\u1ec1u tr\u1ecb t\u00edch c\u1ef1c B\u1ec7nh vi\u1ec7n Nhi Trung \u01b0\u01a1ng.\n"], "2": ["2.\n", "\u0110\u1ed1i t\u01b0\u1ee3ng v\u00e0 ph\u01b0\u01a1ng ph\u00e1p nghi\u00ean c\u1ee9u 2.1.\n", "\u0110\u1ed1i t\u01b0\u1ee3ng nghi\u00ean c\u1ee9u 96 b\u1ec7nh nh\u00e2n suy h\u00f4 h\u1ea5p c\u1ea5p t\u1eeb 1 th\u00e1ng \u2013 15 tu\u1ed5i v\u00e0o \u0111i\u1ec1u tr\u1ecb t\u1ea1i khoa \u0110i\u1ec1u tr\u1ecb t\u00edch c\u1ef1c \u0111\u1ebfn th\u00e1ng 10/2017, ti\u00eau chu\u1ea9n ch\u1ea9n \u0111o\u00e1n suy h\u00f4 h\u1ea5p c\u1ea5p [4].\n", "+ Kh\u00f3 th\u1edf: th\u1edf nhanh ho\u1eb7c ch\u1eadm, co k\u00e9o c\u01a1 h\u00f4 h\u1ea5p, r\u1ed1i lo\u1ea1n nh\u1ecbp th\u1edf.\n", "+ Da t\u00e1i ho\u1eb7c t\u00edm \u1edf m\u00f4i, l\u01b0\u1ee1i, SpO2 90% + K\u1ebft qu\u1ea3 kh\u00ed m\u00e1u: PaO2 60mmHg ho\u1eb7c\n", "PaCO2 50mmHg v\u1edbi FiO2 = 21%\n", "Lo\u1ea1i tr\u1eeb b\u1ec7nh nh\u00e2n v\u00e0o vi\u1ec7n v\u1edbi t\u00ecnh tr\u1ea1ng ng\u1eebng tu\u1ea7n ho\u00e0n ho\u1eb7c ch\u1ebft n\u00e3o.\n", "2.2.\n", "Ph\u01b0\u01a1ng ph\u00e1p nghi\u00ean c\u1ee9u\n", "M\u00f4 t\u1ea3 lo\u1ea1t ca b\u1ec7nh, ch\u1ecdn m\u1eabu thu\u1eadn ti\u1ec7n 3.\n", "K\u1ebft qu\u1ea3 nghi\u00ean c\u1ee9u\n", "Trong th\u1eddi gian 1 n\u0103m c\u00f3 96 b\u1ec7nh nh\u00e2n suy h\u00f4 h\u1ea5p c\u1ea5p c\u00f3 \u0111\u1eb7c \u0111i\u1ec3m chung sau: tu\u1ed5i t\u1eeb1 \u2013 12 th\u00e1ng chi\u1ebfm 77,1%; t\u1ef7 l\u1ec7 nam/n\u1eef l\u00e0 1,29/1.\n", "3.1.\n", "Ph\u00e2n lo\u1ea1i c\u00e1c type suy h\u00f4 h\u1ea5p c\u1ea5p theo kh\u00ed m\u00e1u\n", "C\u00f3 53 b\u1ec7nh nh\u00e2n suy h\u00f4 h\u1ea5p type 2 chi\u1ebfm 55,2% b\u1ec7nh nh\u00e2n, 24 b\u1ec7nh nh\u00e2n (25%) suy h\u00f4 h\u1ea5p type 1 v\u00e0 suy h\u00f4 h\u1ea5p type 3 chi\u1ebfm 19,8%.\n", "3.2.\n", "Tri\u1ec7u ch\u1ee9ng l\u00e2m s\u00e0ng c\u1ee7a suy h\u00f4 h\u1ea5p c\u1ea5p theo kh\u00ed m\u00e1u\n", "B\u1ea3ng 3.1.\n", "Tri\u1ec7u ch\u1ee9ng l\u00e2m s\u00e0ng c\u1ee7a c\u00e1c type suy h\u00f4 h\u1ea5p c\u1ea5p\n", "Tri\u1ec7u ch\u1ee9ng l\u00e2m s\u00e0ng\n", "Type 1 (n=24)\n", "Type2 (n=53) Type3 (n=19) n % n % n %\n", "Nh\u1ecbp th\u1edf\n", "Nhanh 19 100 36 87,8 12 75\n", "Ch\u1eadm 0 0 5 12,2 4 25\n", "RLLN\n", "C\u00f3 15 78,9 32 78 15 93,8\n", "Kh\u00f4ng 4 21,1 9 22 1 6,2\n", "T\u00edm\n", "C\u00f3 24 100 26 49,1 19 100\n", "Kh\u00f4ng 0 0 27 50,9 0 0\n", "SpO2 90% 24 100 25 47,5 19 100 \u2265 90% 0 0 28 52,8 0 0\n", "Ti\u1ebfng th\u1edf b\u1ea5t th\u01b0\u1eddng\n", "Kh\u00f4ng 19 100 18 43,9 9 56,2\n", "Th\u1edf r\u00edt 0 0 3 7,3 1 6,2\n", "Th\u1edf r\u00ean 0 0 1 2,4 1 6,2\n", "Th\u1edf kh\u00f2 kh\u00e8 0 0 19 46,3 5 31,6\n", "Th\u00f4ng\n", "Kh\u00ed\n", "B\u00ecnh th\u01b0\u1eddng 19 79,2 18 34 8 42,1\n", "Gi\u1ea3m 5 20,8 35 66 11 57,9\n", "Rant\u1ea1i ph\u1ed5i\n", "Kh\u00f4ng ran 8 33,3 12 22,6 4 21,1\n", "Ran \u1ea9m 14 58,3 10 18,9 11 57,9\n", "Ran r\u00edt 0 0 18 34 1 5,3\n", "Ran \u1ea9m, ran r\u00edt 2 8,3 13 24,5 3 15,8 *: M\u1ed9t s\u1ed1 b\u1ec7nh nh\u00e2n kh\u00f4ng \u0111\u00e1nh gi\u00e1 \u0111\u01b0\u1ee3c tri\u1ec7u ch\u1ee9ng th\u1edf nhanh v\u00e0 RLLN\n", "Nh\u1eadn x\u00e9t:\n", "B\u1ec7nh nh\u00e2n suy h\u00f4 h\u1ea5p c\u1ea5p type 1 \u0111\u1ec1u th\u1edf nhanh, t\u00edm v\u00e0 SpO2 gi\u1ea3m d\u01b0\u1edbi 90%, r\u00fat l\u00f5m l\u1ed3ng ng\u1ef1c chi\u1ebfm 78,9%, ran \u1ea9m hay g\u1eb7p nh\u1ea5t.\n", "Nh\u00f3m suy h\u00f4 h\u1ea5p c\u1ea5p type 2 c\u00f3 th\u1ec3 g\u1eb7p th\u1edf ch\u1eadm, kh\u00f4ng c\u00f3 t\u00edm, SpO2 tr\u00ean 90%; ti\u1ebfng th\u1edf b\u1ea5t th\u01b0\u1eddng hay g\u1eb7p th\u1edf kh\u00f2 kh\u00e8.\n", "Suy h\u00f4 h\u1ea5p c\u1ea5p type 3 \u0111\u1ec1u c\u00f3 t\u00edm v\u00e0 SpO2 gi\u1ea3m d\u01b0\u1edbi 90%; 93,8% b\u1ec7nh nh\u00e2n r\u00fat l\u00f5m l\u1ed3ng ng\u1ef1cv\u00e0 25% th\u1edf ch\u1eadm; 78,9% c\u00f3 ran \u1ea9m.\n", "B\u1ea3ng 3.2.\n", "Tri\u1ec7u ch\u1ee9ng c\u1eadn l\u00e2m s\u00e0ng c\u1ee7a c\u00e1c type suy h\u00f4 h\u1ea5p c\u1ea5p\n", "\u0110\u1eb7c \u0111i\u1ec3m\n", "Type 1 (n=24) Type 2 (n=53) Type 3 (n=19) n % n % n %\n", "B\u1ea1ch c\u1ea7u\n", "B\u00ecnh th\u01b0\u1eddng 9 37,5 28 52,8 7 36,8\n", "Gi\u1ea3m 3 12,5 3 5,7 3 15,8\n", "T\u0103ng 12 50 22 41,5 9 47,4\n", "CRP\n", "B\u00ecnh th\u01b0\u1eddng 9 37,5 36 67,9 13 68,4\n", "T\u0103ng 15 62,5 17 32,1 6 31,6\n", "Xquang ng\u1ef1c\n", "T\u1ed5n th\u01b0\u01a1ng nhu m\u00f4 19 100 27 62,8 14 87,5\n", "X\u1eb9p ph\u1ed5i 0 0 9 18,6 0 0\n", "\u1ee8 kh\u00ed 0 0 9 18,6 2 12,5\n", "Nh\u1eadn x\u00e9t:\n", "B\u1ec7nh nh\u00e2n suy h\u00f4 h\u1ea5p c\u1ea5p type 1 c\u00f3 CRP t\u0103ng tr\u00ean 10mg/l v\u00e0 thay \u0111\u1ed5i s\u1ed1 l\u01b0\u1ee3ng b\u1ea1ch c\u1ea7u, c\u00e1c b\u1ec7nh nh\u00e2n c\u00f3 t\u1ed5n th\u01b0\u01a1ng ph\u1ed5i \u0111\u1ec1u l\u00e0 t\u1ed5n th\u01b0\u01a1ng nhu m\u00f4.\n", "Suy h\u00f4 h\u1ea5p c\u1ea5p type 2: \u1ee9 kh\u00ed v\u00e0 x\u1eb9p ph\u1ed5i chi\u1ebfm 37,2%.\n", "B\u1ec7nh nh\u00e2n suy h\u00f4 h\u1ea5p c\u1ea5p type 3 c\u00f3 63,2% c\u00f3 thay \u0111\u1ed5i b\u1ea1ch c\u1ea7u, Xquang ph\u1ed5i hay g\u1eb7p l\u00e0 t\u1ed5n th\u01b0\u01a1ng nhu m\u00f4.\n", "3.3.\n", "Nguy\u00ean nh\u00e2n suy h\u00f4 h\u1ea5p c\u1ea5p theo kh\u00ed m\u00e1u\n", "B\u1ea3ng 3.3.\n", "Ph\u00e2n b\u1ed1 b\u1ec7nh ch\u00ednh c\u1ee7a c\u00e1c type suy h\u00f4 h\u1ea5p\n", "B\u1ec7nh n Type 1 (%) Type 2 (%) Type 3 (%)\n", "B\u1ec7nh l\u00fd h\u00f4 h\u1ea5p\n", "Vi\u00eam ph\u1ebf qu\u1ea3n ph\u1ed5i 36 16,7 61,1 22,2\n", "Vi\u00eam ti\u1ec3u ph\u1ebf qu\u1ea3n 19 0 100 0\n", "D\u1ecb d\u1ea1ng \u0111\u01b0\u1eddng th\u1edf 3 0 66,7 33,3\n", "Ph\u00f9 ph\u1ed5i c\u1ea5p 4 100 0 0\n", "ARDS 14 53,8 0 46,2\n", "B\u1ec7nh ph\u1ed5i k\u1ebd 2 0 50 50\n", "Kh\u00f3 th\u1edf thanh qu\u1ea3n 2 0 100 0\n", "B\u1ec7nh l\u00fd tim m\u1ea1ch\n", "Vi\u00eam c\u01a1 tim 1 100 0 0\n", "Tim b\u1ea9m sinh 1 0 0 100\n", "B\u1ec7nh l\u00fd th\u1ea7n kinh\n", "Vi\u00eam n\u00e3o 3 0 100 0\n", "Nh\u01b0\u1ee3c c\u01a1 4 0 100 0\n", "Guilaine Bare 2 0 100 0\n", "Kh\u00e1c Shock nhi\u1ec5m khu\u1ea9n 5 100 0 0\n", "Nh\u1eadn x\u00e9t:\n", "Vi\u00eam ph\u1ebf qu\u1ea3n ph\u1ed5i l\u00e0 nguy\u00ean nh\u00e2n suy h\u00f4 h\u1ea5p c\u1ea5p hay g\u1eb7p nh\u1ea5t (37,5%).\n", "V\u00e0 suy h\u00f4 h\u1ea5p c\u1ea5p type 2 chi\u1ebfm 61,1%, sau \u0111\u00f3 l\u00e0 type 3 v\u00e0 type1.H\u1ed9i ch\u1ee9ng suy h\u00f4 h\u1ea5p c\u1ea5p ti\u1ebfn tri\u1ec3n nhanh (ARDS) thu\u1ed9c type 1 ho\u1eb7c type 3.Vi\u00eam ph\u1ed5i n\u1eb7ng, ph\u00f9 ph\u1ed5i c\u1ea5p thu\u1ed9c type 1.\n", "B\u1ec7nh nh\u00e2n vi\u00eam ti\u1ec3u ph\u1ebf qu\u1ea3n, kh\u00f3 th\u1edf thanh qu\u1ea3n, vi\u00eam n\u00e3o, nh\u01b0\u1ee3c c\u01a1, h\u1ed9i ch\u1ee9ng\n", "Guillain-Barre c\u00f3 suy h\u00f4 h\u1ea5p \u0111\u1ec1u thu\u1ed9c type 2.\n"], "4": ["4.\n", "B\u00e0n lu\u1eadn 4.1.\n", "Ph\u00e2n lo\u1ea1i suy h\u00f4 h\u1ea5p c\u1ea5p theo kh\u00ed m\u00e1u\n", "Nghi\u00ean c\u1ee9u n\u00e0y c\u00f3 55,2% b\u1ec7nh nh\u00e2n suy h\u00f4 h\u1ea5p c\u1ea5p type 2; 25% suy h\u00f4 h\u1ea5p c\u1ea5p type 1 c\u00f2n l\u1ea1i suy h\u00f4 h\u1ea5p type 3.\n", "K\u1ebft qu\u1ea3 n\u00e0y kh\u00f4ng t\u01b0\u01a1ng \u0111\u1ed3ng v\u1edbi hai t\u00e1c gi\u1ea3 Jatinder Singh v\u00e0 Sunil\n", "Karande [3, 6].\n", "L\u00fd gi\u1ea3i \u0111i\u1ec1u n\u00e0y l\u00e0 do s\u1ed1 l\u01b0\u1ee3ng b\u1ec7nh nh\u00e2n c\u1ee7a c\u00e1c nghi\u00ean c\u1ee9u kh\u00f4ng t\u01b0\u01a1ng x\u1ee9ng v\u00e0 s\u1ed1 b\u1ec7nh nh\u00e2n suy h\u00f4 h\u1ea5p theo nh\u00f3m c\u0103n nguy\u00ean l\u00e0 kh\u00e1c nhau.\n", "4.2.\n", "Tri\u1ec7u ch\u1ee9ng l\u00e2m s\u00e0ng suy h\u00f4 h\u1ea5p c\u1ea5p theo kh\u00ed m\u00e1u\n", "Suy h\u00f4 h\u1ea5p c\u1ea5p type1 l\u00e0 suy h\u00f4 h\u1ea5p gi\u1ea3m oxy m\u00e1u, c\u01a1 ch\u1ebf quan tr\u1ecdng nh\u1ea5t l\u00e0 b\u1ea5t t\u01b0\u01a1ng x\u1ee9ng th\u00f4ng kh\u00ed t\u01b0\u1edbi m\u00e1u v\u00e0 shunt trong ph\u1ed5i.\n", "T\u1ed5n th\u01b0\u01a1ng nhu m\u00f4 ph\u1ed5i l\u00e0 \u0111\u1eb7c \u0111i\u1ec3m gi\u1ea3i ph\u1eabu b\u1ec7nh c\u1ee7a b\u1ec7nh nh\u00e2n suy h\u00f4 h\u1ea5p type 1.\n", "Do \u0111\u00f3, bi\u1ec3u hi\u1ec7n l\u00e2m s\u00e0ng ch\u1ee7 y\u1ebfu l\u00e0 t\u00ecnh tr\u1ea1ng gi\u1ea3m oxy m\u00e1u v\u00e0 tri\u1ec7u ch\u1ee9ng t\u1ed5n th\u01b0\u01a1ng ph\u1ed5i.\n", "Suy h\u00f4 h\u1ea5p c\u1ea5p type 2 l\u00e0 suy h\u00f4 h\u1ea5p do gi\u1ea3m th\u00f4ng kh\u00ed d\u1eabn \u0111\u1ebfn t\u0103ng kh\u00ed carbonic trong m\u00e1u, trong \u0111\u00f3 vai tr\u00f2 quan tr\u1ecdng c\u1ee7a \u0111\u01b0\u1eddng d\u1eabn kh\u00ed, b\u01a1m h\u00f4 h\u1ea5p \u2013 c\u01a1 h\u00f4 h\u1ea5p, th\u00e0nh ng\u1ef1c, trung t\u00e2m h\u00f4 h\u1ea5p.\n", "C\u00e1c tri\u1ec7u ch\u1ee9ng l\u00e2m s\u00e0ng c\u1ee7a type n\u00e0y l\u00e0 s\u1ef1 k\u1ebft h\u1ee3p c\u1ee7a tri\u1ec7u ch\u1ee9ng b\u1ec7nh l\u00fd nguy\u00ean nh\u00e2n v\u00e0 t\u00ecnh tr\u1ea1ng t\u0103ng PaCO2 trong m\u00e1u.\n", "Suy h\u00f4 h\u1ea5p c\u1ea5p type 3 hay h\u1ed7n h\u1ee3p ngh\u0129a l\u00e0 gi\u1ea3m oxy m\u00e1u v\u00e0 gi\u1ea3m th\u00f4ng kh\u00ed.\n", "Nh\u00f3m n\u00e0y c\u00f3 bi\u1ec3u hi\u1ec7n l\u00e2m s\u00e0ng n\u1eb7ng v\u00e0 ph\u1ed1i h\u1ee3p tri\u1ec7u ch\u1ee9ng c\u1ee7a hai type tr\u00ean.\n", "4.3.\n", "Nguy\u00ean nh\u00e2n suy h\u00f4 h\u1ea5p c\u1ea5p theo kh\u00ed m\u00e1u\n", "K\u1ebft qu\u1ea3 nghi\u00ean c\u1ee9u cho th\u1ea5y vi\u00eamph\u1ebf qu\u1ea3n ph\u1ed5i l\u00e0 nguy\u00ean nh\u00e2n ph\u1ed5 bi\u1ebfn nh\u1ea5t g\u00e2y suy h\u00f4 h\u1ea5p c\u1ea5p.\n", "K\u1ebft qu\u1ea3 n\u00e0y t\u01b0\u01a1ng t\u1ef1 v\u1edbi k\u1ebft qu\u1ea3 c\u1ee7a\n", "B\u1ec7nh nh\u00e2n vi\u00eam ph\u1ebf qu\u1ea3n ph\u1ed5i suy h\u00f4 h\u1ea5p type 2 chi\u1ebfm 61,1%.\n", "K\u1ebft qu\u1ea3 n\u00e0y kh\u00f4ng t\u01b0\u01a1ng \u0111\u1ed3ng v\u1edbi t\u00e1c gi\u1ea3 Sunil Karande v\u1edbi 9% vi\u00eam ph\u1ebf qu\u1ea3n ph\u1ed5i thu\u1ed9c type 2 [6].\n", "L\u00fd gi\u1ea3i \u0111i\u1ec1u n\u00e0y l\u00e0 do s\u1ed1 l\u01b0\u1ee3ng b\u1ec7nh nh\u00e2n vi\u00eam ph\u1ebf qu\u1ea3n ph\u1ed5i c\u1ee7a ch\u00fang t\u00f4i c\u00f2n \u00edt (36 b\u1ec7nh nh\u00e2n).\n"], "5": ["5.\n", "K\u1ebft lu\u1eadn 5.1.\n", "Ph\u00e2n lo\u1ea1i suy h\u00f4 h\u1ea5p c\u1ea5p theo kh\u00ed m\u00e1u 96 b\u1ec7nh nh\u00e2n, type 2 chi\u1ebfm t\u1ef7 l\u1ec7 cao nh\u1ea5t, sau \u0111\u00f3 l\u00e0 type 1 v\u00e0 type 3.\n", "5.2.\n", "\u0110\u1eb7c \u0111i\u1ec3m l\u00e2m s\u00e0ng suy h\u00f4 h\u1ea5p c\u1ea5p theo kh\u00ed m\u00e1u\n", "Suy h\u00f4 h\u1ea5p type 1: T\u1ea5t c\u1ea3 b\u1ec7nh nh\u00e2n \u0111\u1ec1u c\u00f3 th\u1edf nhanh, t\u00edm v\u00e0 SpO2 gi\u1ea3m d\u01b0\u1edbi 90%, ph\u1ea7n l\u1edbn c\u00f3 r\u00fat l\u00f5m l\u1ed3ng ng\u1ef1c, ran \u1ea9m t\u1ea1i ph\u1ed5i, CRP t\u0103ng tr\u00ean 10mg/l v\u00e0 thay \u0111\u1ed5i s\u1ed1 l\u01b0\u1ee3ng b\u1ea1ch c\u1ea7u; c\u00e1c b\u1ec7nh nh\u00e2n c\u00f3 t\u1ed5n th\u01b0\u01a1ng ph\u1ed5i \u0111\u1ec1u l\u00e0 t\u1ed5n th\u01b0\u01a1ng nhu m\u00f4.\n", "B\u1ec7nh nh\u00e2n suy h\u00f4 h\u1ea5p type 2 c\u00f3 th\u1ec3 g\u1eb7p th\u1edf ch\u1eadm, kh\u00f4ng t\u00edm v\u00e0 SpO2 tr\u00ean 90%, hay g\u1eb7p th\u1edf kh\u00f2 kh\u00e8.\n", "T\u1ed5n th\u01b0\u01a1ng \u1ee9 kh\u00ed v\u00e0 x\u1eb9p ph\u1ed5i chi\u1ebfm 37,2%.\n", "B\u1ec7nh nh\u00e2n suy h\u00f4 h\u1ea5p type 3: c\u00f3 \u0111\u1eb7c \u0111i\u1ec3m l\u00e2m s\u00e0ng c\u1ee7a hai type tr\u00ean.\n", "5.3.\n", "Nguy\u00ean nh\u00e2n suy h\u00f4 h\u1ea5p c\u1ea5p theo kh\u00ed m\u00e1u\n", "Vi\u00eam ph\u1ebf qu\u1ea3n ph\u1ed5i l\u00e0 nguy\u00ean nh\u00e2n ph\u1ed5 bi\u1ebfn g\u00e2y suy h\u00f4 h\u1ea5p c\u1ea5p v\u00e0 suy h\u00f4 h\u1ea5p type 2chi\u1ebfm t\u1ef7 l\u1ec7 cao nh\u1ea5t.\n", "H\u1ed9i ch\u1ee9ng suy h\u00f4 h\u1ea5p c\u1ea5p ti\u1ebfn tri\u1ec3n nhanh (ARDS) thu\u1ed9c type 1 ho\u1eb7c type 3.\n", "Vi\u00eam ph\u1ed5i n\u1eb7ng, ph\u00f9 ph\u1ed5i c\u1ea5p thu\u1ed9c type1.\n", "Vi\u00eam ti\u1ec3u ph\u1ebf qu\u1ea3n, kh\u00f3 th\u1edf thanh qu\u1ea3n, vi\u00eam n\u00e3o, nh\u01b0\u1ee3c c\u01a1, h\u1ed9i ch\u1ee9ng Guillain-Barre c\u00f3 suy h\u00f4 h\u1ea5p \u0111\u1ec1u thu\u1ed9c type 2.\n"]}, "Word count": 1885}