{"title": "Nghi\u00ean c\u1ee9u bao b\u1ea3o v\u1ec7 vi\u00ean Cefaclor gi\u1ea3i ph\u00f3ng k\u00e9o d\u00e0i\n", "content": {"0": ["T\u00f3m t\u1eaft\n", "Vi\u00ean cefaclor 500 mg gi\u1ea3i ph\u00f3ng k\u00e9o d\u00e0i d\u1ea1ng c\u1ed1t th\u00e2n n\u01b0\u1edbc \u0111\u00e3 \u0111\u01b0\u1ee3c b\u00e0o ch\u1ebf th\u00e0nh c\u00f4ng v\u1edbi \u0111\u1ed9 ho\u00e0 tan \u0111\u1ea1t\n", "D\u01b0\u1ee3c \u0111i\u1ec3n M\u1ef9 37 (USP 37) v\u00e0 t\u01b0\u01a1ng t\u1ef1 vi\u00ean \u0111\u1ed1i chi\u1ebfu Ceclor SR [1].\n", "Tuy nhi\u00ean trong th\u00e0nh ph\u1ea7n c\u1ee7a vi\u00ean ch\u1ee9a nhi\u1ec1u t\u00e1 d\u01b0\u1ee3c c\u00f3 kh\u1ea3 n\u0103ng h\u00fat \u1ea9m m\u1ea1nh, trong qu\u00e1 tr\u00ecnh b\u1ea3o qu\u1ea3n d\u1ec5 b\u1ecb bi\u1ebfn \u0111\u1ed5i d\u1eabn t\u1edbi thay \u0111\u1ed5i \u0111\u1ed9 ho\u00e0 tan v\u00e0 h\u00e0m l\u01b0\u1ee3ng.\n", "Nghi\u00ean c\u1ee9u n\u00e0y t\u1eadp trung v\u00e0o kh\u1ea3o s\u00e1t \u0111\u1eb7c t\u00ednh ch\u1ed1ng \u1ea9m c\u1ee7a c\u00e1c t\u00e1 d\u01b0\u1ee3c bao HPMC; PVA v\u00e0\n", "Eudragit E nh\u1eb1m l\u1ef1a ch\u1ecdn lo\u1ea1i m\u00e0ng bao c\u00f3 kh\u1ea3 n\u0103ng b\u1ea3o v\u1ec7 cho vi\u00ean m\u00e0 kh\u00f4ng \u1ea3nh h\u01b0\u1edfng t\u1edbi gi\u1ea3i ph\u00f3ng d\u01b0\u1ee3c ch\u1ea5t.\n", "K\u1ebft qu\u1ea3 nghi\u00ean c\u1ee9u cho th\u1ea5y bao b\u1ea3o v\u1ec7 c\u00f3 hi\u1ec7u qu\u1ea3 r\u00f5 r\u1ec7t \u0111\u1ec3 t\u0103ng \u0111\u1ed9 \u1ed5n \u0111\u1ecbnh cho vi\u00ean cefaclor gi\u1ea3i ph\u00f3ng k\u00e9o d\u00e0i d\u1ea1ng c\u1ed1t, trong \u0111\u00f3 PVA cho kh\u1ea3 n\u0103ng b\u1ea3o v\u1ec7 t\u1ed1t nh\u1ea5t trong c\u00e1c t\u00e1 d\u01b0\u1ee3c \u0111\u00e3 l\u1ef1a ch\u1ecdn.\n", "Vi\u00ean bao v\u1edbi PVA \u00edt th\u1ea9m \u1ea9m h\u01a1n c\u1ea3, kh\u00f4ng \u1ea3nh h\u01b0\u1edfng \u0111\u1ebfn t\u1ed1c \u0111\u1ed9 gi\u1ea3i ph\u00f3ng d\u01b0\u1ee3c ch\u1ea5t t\u1eeb vi\u00ean, \u0111\u1ea3m b\u1ea3o \u0111\u1ed9 \u1ed5n \u0111\u1ecbnh v\u1ec1 h\u00e0m l\u01b0\u1ee3ng v\u00e0 \u0111\u1ed9 ho\u00e0 tan sau 12 th\u00e1ng.\n", "T\u1eeb kho\u00e1: Cefaclor,bao phim, polymer th\u00e2n n\u01b0\u1edbc, PVA.\n"], "1": ["1.\n", "\u0110\u1eb7t v\u1ea5n \u0111\u1ec1\n", "Cefaclor (3- chloro- 7D- (2 phenylglycinamido)- 3-cephem- 4 cacboxylic acid monohydrat) l\u00e0 m\u1ed9t kh\u00e1ng sinh nh\u00f3m cephalosporin th\u1ebf h\u1ec7 2.\n", "Vi\u00ean gi\u1ea3i ph\u00f3ng k\u00e9o d\u00e0i (GPKD) \u0111\u01b0\u1ee3c b\u00e0o ch\u1ebf nh\u1eb1m t\u0103ng n\u1ed3ng \u0111\u1ed9 d\u01b0\u1ee3c ch\u1ea5t (DC) v\u00e0o d\u1ecbch m\u00f4 v\u00e0 duy tr\u00ec n\u1ed3ng \u0111\u1ed9 DC h\u1eb1ng \u0111\u1ecbnh trong m\u00e1u \u0111\u1ec3 t\u0103ng sinh kh\u1ea3 d\u1ee5ng (SKD).\n", "Vi\u00ean n\u00e9n cefaclor 375 mg GPKD \u0111\u00e3 \u0111\u01b0\u1ee3c b\u00e0o ch\u1ebf \u0111\u1ea1t \u0111\u1ed9 ho\u00e0 tan theo USP [1].\n", "Tuy nhi\u00ean do DC kh\u00f4ng b\u1ec1n d\u01b0\u1edbi t\u00e1c \u0111\u1ed9ng c\u1ee7a \u00e1nh s\u00e1ng v\u00e0 \u0111\u1ed9 \u1ea9m m\u00f4i tr\u01b0\u1eddng [2], h\u01a1n n\u1eefa trong vi\u00ean ch\u1ee9a nhi\u1ec1u t\u00e1 d\u01b0\u1ee3c c\u00f3 kh\u1ea3 n\u0103ng h\u00fat \u1ea9m m\u1ea1nh (Hydroxy Propyl Methyl Cellulose -\n", "HPMC) d\u1eabn t\u1edbi \u0111\u1ed9 \u1ed5n \u0111\u1ecbnh c\u1ee7a vi\u00ean kh\u00f4ng cao.\n", "Bi\u1ec7n ph\u00e1p b\u1ea3o v\u1ec7 DC cho vi\u00ean \u0111\u1ec3 t\u0103ng tu\u1ed5i th\u1ecd cho s\u1ea3n ph\u1ea9m l\u00e0 m\u1ed9t trong nh\u1eefng \u1ee9ng d\u1ee5ng quan tr\u1ecdng trong c\u00f4ng ngh\u1ec7 s\u1ea3n xu\u1ea5t d\u01b0\u1ee3c ph\u1ea9m.\n", "Nghi\u00ean c\u1ee9u nh\u1eb1m m\u1ee5c ti\u00eau l\u1ef1a ch\u1ecdn t\u00e1 d\u01b0\u1ee3c v\u00e0 x\u00e2y d\u1ef1ng c\u00f4ng th\u1ee9c bao b\u1ea3o v\u1ec7 cho vi\u00ean cefaclor GPKD d\u1ea1ng c\u1ed1t th\u00e2n n\u01b0\u1edbc.\n"], "2": ["2.\n", "Nguy\u00ean li\u1ec7u v\u00e0 ph\u01b0\u01a1ng ph\u00e1p nghi\u00ean c\u1ee9u 2.1.\n", "Nguy\u00ean li\u1ec7u\n", "Vi\u00ean n\u00e9n cefaclor 375 mg GPKD; C\u00e1c t\u00e1 d\u01b0\u1ee3c: polyvinyl alcohol (PVA- \u0111\u1ea1t ti\u00eau chu\u1ea9n\n", "USP); Eudragit E100 (\u0111\u1ea1t ti\u00eau chu\u1ea9n USP);\n", "HPMC E6 (\u0111\u1ea1t ti\u00eau chu\u1ea9n D\u01b0\u1ee3c \u0111i\u1ec3n Anh -\n", "BP); Polyethylen Glycol 6000 (PEG 6000) (\u0111\u1ea1t ti\u00eau chu\u1ea9n BP); Talc (\u0111\u1ea1t ti\u00eau chu\u1ea9n BP); Titan dioxyd (\u0111\u1ea1t ti\u00eau chu\u1ea9n BP); Ch\u1ea5t m\u00e0u xanh\n", "E133 (FD&C Blue No.\n", "1) v\u00e0 m\u1ed9t s\u1ed1 dung m\u00f4i ho\u00e1 ch\u1ea5t kh\u00e1c \u0111\u1ea1t ti\u00eau chu\u1ea9n d\u01b0\u1ee3c \u0111i\u1ec3n ho\u1eb7c tinh khi\u1ebft ph\u00e2n t\u00edch.\n", "2.2.\n", "Thi\u1ebft b\u1ecb nghi\u00ean c\u1ee9u\n", "N\u1ed3i bao Vanguard; H\u1ec7 th\u1ed1ng th\u1eed ho\u00e0 tan\n", "ERWEKA (\u0110\u1ee9c); M\u00e1y quang ph\u1ed5 UV - VIS\n", "Hitachi U1800; H\u1ec7 th\u1ed1ng s\u1eafc k\u00fd l\u1ecfng hi\u1ec7u n\u0103ng cao Agilent.\n"], "3": ["3.\n", "Ph\u01b0\u01a1ng ph\u00e1p nghi\u00ean c\u1ee9u 3.1.\n", "Ph\u01b0\u01a1ng ph\u00e1p bao vi\u00ean\n", "S\u1eed d\u1ee5ng ph\u01b0\u01a1ng ph\u00e1p bao film (bao m\u00e0ng m\u1ecfng).\n", "Pha ch\u1ebf d\u1ecbch bao film: N\u1ed3ng \u0111\u1ed9 d\u1ecbch bao l\u00e0 5% polyme.\n", "T\u00e1 d\u01b0\u1ee3c t\u1ea1o m\u00e0ng v\u00e0 ch\u1ea5t ho\u00e1 d\u1ebbo \u0111\u01b0\u1ee3c c\u00e2n theo c\u00f4ng th\u1ee9c, ho\u00e0 tan trong m\u1ed9t ph\u1ea7n dung m\u00f4i.\n", "Ch\u1ea5t t\u1ea1o m\u00e0u, ch\u1ed1ng d\u00ednh \u0111\u01b0\u1ee3c nghi\u1ec1n m\u1ecbn, tr\u1ed9n \u0111\u1ec1u, ph\u00e2n t\u00e1n v\u00e0o dung m\u00f4i th\u00edch h\u1ee3p r\u1ed3i ph\u1ed1i h\u1ee3p v\u00e0o dung d\u1ecbch polyme.\n", "H\u1ed7n d\u1ecbch tr\u00ean \u0111\u01b0\u1ee3c khu\u1ea5y tr\u00ean m\u00e1y khu\u1ea5y t\u1eeb trong 3 gi\u1edd tr\u01b0\u1edbc khi bao.\n", "Ph\u01b0\u01a1ng ph\u00e1p bao film: S\u1eed d\u1ee5ng thi\u1ebft b\u1ecb bao v\u1edbi c\u00e1c th\u00f4ng s\u1ed1 ch\u00ednh nh\u01b0: nhi\u1ec7t \u0111\u1ed9 n\u1ed3i bao 45 - 50 o\n", "C, t\u1ed1c \u0111\u1ed9 n\u1ed3i bao 8-10 v\u00f2ng/ph\u00fat, t\u1ed1c \u0111\u1ed9 phun d\u1ecbch 3,0 ml/ph\u00fat, \u00e1p su\u1ea5t phun 1,8 atm.\n", "Sau khi vi\u00ean bao \u0111\u1ea1t kh\u1ed1i l\u01b0\u1ee3ng bao, ti\u1ebfp t\u1ee5c th\u1ed5i kh\u00f4ng kh\u00ed n\u00f3ng \u0111\u1ec3 s\u1ea5y kh\u00f4 vi\u00ean trong 10 ph\u00fat.\n", "\u0110\u1ec3 \u1ed5n \u0111\u1ecbnh vi\u00ean \u00edt nh\u1ea5t 48 gi\u1edd tr\u01b0\u1edbc khi \u0111\u00e1nh gi\u00e1.\n", "Ph\u01b0\u01a1ng ph\u00e1p th\u1eed \u0111\u1ed9 ho\u00e0 tan: S\u1eed d\u1ee5ng h\u1ec7 th\u1ed1ng th\u1eed ho\u00e0 tan ERWEKA \u0111\u1ec3 \u0111\u00e1nh gi\u00e1 % cefaclor gi\u1ea3i ph\u00f3ng t\u1eeb vi\u00ean theo qui \u0111\u1ecbnh USP 37 [1, 5].\n", "3.2.\n", "Ph\u01b0\u01a1ng ph\u00e1p \u0111\u1ecbnh l\u01b0\u1ee3ng cefaclor trong vi\u00ean cefaclor gi\u1ea3i ph\u00f3ng k\u00e9o d\u00e0i\n", "Ph\u01b0\u01a1ng ph\u00e1p HPLC theo USP 34 [5]: Pha \u0111\u1ed9ng: ho\u00e0 tan 1g natri pentansulfonat trong 780ml n\u01b0\u1edbc v\u00e0 10ml triethylamin.\n", "\u0110i\u1ec1u ch\u1ec9nh pH b\u1eb1ng H3PO4 \u0111\u1ebfn pH= 2,5\u00b11.\n", "Th\u00eam methanol v\u1eeba \u0111\u1ee7 1000 ml.\n", "\u0110i\u1ec1u ki\u1ec7n s\u1eafc k\u00fd:\n", "C\u1ed9t C18 (250 \u00d7 4mm), ch\u1ea5t nh\u1ed3i c\u1ed9t k\u00edch th\u01b0\u1edbc 5\u00b5m; Nhi\u1ec7t \u0111\u1ed9 c\u1ed9t: 25 o\n", "C; T\u1ed1c \u0111\u1ed9 d\u00f2ng: 1,5ml/ph\u00fat; Detector UV b\u01b0\u1edbc s\u00f3ng 265nm.\n", "3.3.\n", "\u0110\u00e1nh gi\u00e1 \u0111\u1ed9 th\u1ea5m \u1ea9m c\u1ee7a m\u00e0ng bao\n", "C\u00e2n kh\u1ed1i l\u01b0\u1ee3ng vi\u00ean \u0111\u00e3 bao tr\u01b0\u1edbc khi \u0111\u00e1nh gi\u00e1 \u0111\u1ed9 th\u1ea5m \u1ea9m.\n", "Vi\u00ean bao \u0111\u01b0\u1ee3c b\u1ea3o qu\u1ea3n trong m\u00f4i tr\u01b0\u1eddng c\u00f3 \u0111\u1ed9 \u1ea9m t\u01b0\u01a1ng \u0111\u1ed1i kho\u1ea3ng 75% b\u1eb1ng c\u00e1ch \u0111\u1eb7t trong m\u1ed9t b\u00ecnh k\u00edn ch\u1ee9a dung d\u1ecbch NaCl qu\u00e1 b\u00e3o ho\u00e0 (h\u00ecnh 1).\n", "Sau nh\u1eefng kho\u1ea3ng th\u1eddi gian nh\u1ea5t \u0111\u1ecbnh, l\u1ea5y vi\u00ean ra c\u00e2n l\u1ea1i kh\u1ed1i l\u01b0\u1ee3ng vi\u00ean.\n", "Qu\u00e1 tr\u00ecnh th\u1eed k\u1ebft th\u00fac khi kh\u1ed1i l\u01b0\u1ee3ng vi\u00ean kh\u00f4ng t\u0103ng th\u00eam n\u1eefa [2].\n", "\u0110\u1ed9 th\u1ea5m \u1ea9m c\u1ee7a m\u00e0ng bao \u0111\u01b0\u1ee3c \u0111\u00e1nh gi\u00e1 b\u1eb1ng s\u1ef1 ch\u00eanh l\u1ec7ch kh\u1ed1i l\u01b0\u1ee3ng vi\u00ean tr\u01b0\u1edbc v\u00e0 sau khi th\u1eed.\n", "H\u00ecnh 1: S\u01a1 \u0111\u1ed3 thi\u1ebft b\u1ecb \u0111\u00e1nh gi\u00e1 \u0111\u1ed9 th\u1ea5m \u1ea9m c\u1ee7a m\u00e0ng bao.\n"], "4": ["4.\n", "K\u1ebft qu\u1ea3 v\u00e0 b\u00e0n lu\u1eadn\n", "L\u1ef1a ch\u1ecdn 3 lo\u1ea1i polyme d\u00f9ng \u0111\u1ec3 bao l\u00e0:\n", "HPMC E6, Eudragit E100, PVA.\n", "M\u1ed7i m\u1ebb bao 500 g vi\u00ean v\u1edbi c\u00e1c c\u00f4ng th\u1ee9c nh\u01b0 b\u1ea3ng 1.\n", "C\u00e1c t\u00e1 d\u01b0\u1ee3c l\u1ef1a ch\u1ecdn \u0111\u1ec1u l\u00e0 c\u00e1c t\u00e1 d\u01b0\u1ee3c d\u00f9ng ph\u1ed5 bi\u1ebfn \u0111\u1ec3 bao b\u1ea3o v\u1ec7, qu\u00e1 tr\u00ecnh bao d\u1ec5 d\u00e0ng, c\u00f3 th\u1ec3 \u00e1p d\u1ee5ng \u1edf nhi\u1ec1u qui m\u00f4 kh\u00e1c nhau.\n", "4.1.\n", "\u0110\u00e1nh gi\u00e1 \u1ea3nh h\u01b0\u1edfng c\u1ee7a m\u00e0ng bao \u0111\u1ebfn gi\u1ea3i ph\u00f3ng d\u01b0\u1ee3c ch\u1ea5t\n", "Th\u1eed ho\u00e0 tan c\u00e1c m\u1eabu vi\u00ean, so s\u00e1nh v\u1edbi vi\u00ean ch\u01b0a bao v\u00e0 ti\u00eau chu\u1ea9n USP, k\u1ebft qu\u1ea3 \u0111\u01b0\u1ee3c tr\u00ecnh b\u00e0y \u1edf b\u1ea3ng 2.\n", "K\u1ebft qu\u1ea3 cho th\u1ea5y c\u00e1c lo\u1ea1i m\u00e0ng bao \u0111\u00e3 l\u1ef1a ch\u1ecdn \u0111\u1ec1u kh\u00f4ng \u1ea3nh h\u01b0\u1edfng \u0111\u00e1ng k\u1ec3 \u0111\u1ebfn t\u1ed1c \u0111\u1ed9 gi\u1ea3i ph\u00f3ng DC t\u1eeb vi\u00ean.\n", "4.2.\n", "\u0110\u00e1nh gi\u00e1 kh\u1ea3 n\u0103ng ch\u1ed1ng \u1ea9m c\u1ee7a m\u00e0ng bao\n", "Vi\u00ean \u0111\u00e3 bao v\u1edbi 3 c\u00f4ng th\u1ee9c tr\u00ean \u0111\u01b0\u1ee3c \u0111\u00e1nh gi\u00e1 \u0111\u1ed9 th\u1ea5m \u1ea9m, k\u1ebft qu\u1ea3 \u0111\u01b0\u1ee3c th\u1ec3 hi\u1ec7n \u1edf b\u1ea3ng 3, h\u00ecnh 2.\n", "\u1ede m\u1eabu vi\u00ean bao v\u1edbi HPMC, ngay t\u1ea1i th\u1eddi \u0111i\u1ec3m \u0111\u1ea7u ti\u00ean khi ti\u1ebfp x\u00fac v\u1edbi \u1ea9m vi\u00ean bao \u0111\u00e3 h\u00fat \u1ea9m nhanh h\u01a1n so v\u1edbi c\u00e1c m\u1eabu vi\u00ean bao b\u1eb1ng Eudragit v\u00e0 PVA.\n", "T\u1ed1c \u0111\u1ed9 h\u00fat \u1ea9m c\u1ee7a vi\u00ean bao HPMC gi\u1ea3m nhanh sau 8 gi\u1edd b\u1ea3o qu\u1ea3n.\n", "Nguy\u00ean nh\u00e2n c\u00f3 th\u1ec3 do HPMC l\u00e0 t\u00e1 d\u01b0\u1ee3c th\u00e2n n\u01b0\u1edbc, khi g\u1eb7p \u1ea9m tr\u01b0\u01a1ng n\u1edf v\u00e0 h\u00fat n\u01b0\u1edbc m\u1ea1nh h\u01a1n hai m\u00e0ng bao c\u00f2n l\u1ea1i.\n", "Sau khi \u0111\u00e3 tr\u01b0\u01a1ng n\u1edf s\u1ebd h\u00fat \u1ea9m \u00edt d\u1ea7n.\n", "Trong 3 lo\u1ea1i polyme d\u00f9ng \u0111\u1ec3 bao m\u00e0ng b\u1ea3o v\u1ec7, vi\u00ean bao b\u1eb1ng PVA \u00edt h\u00fat \u1ea9m h\u01a1n c\u1ea3.\n", "4.3.\n", "\u1ea2nh h\u01b0\u1edfng c\u1ee7a m\u00e0ng bao \u0111\u1ebfn \u0111\u1ed9 \u1ed5n \u0111\u1ecbnh d\u01b0\u1ee3c ch\u1ea5t\n", "\u0110\u00e1nh gi\u00e1 h\u00e0m l\u01b0\u1ee3ng d\u01b0\u1ee3c ch\u1ea5t trong c\u00e1c vi\u00ean ch\u01b0a bao v\u00e0 \u0111\u00e3 bao \u1edf \u0111i\u1ec1u ki\u1ec7n: vi\u00ean \u00e9p v\u1ec9\n", "Polyvinyl cloride (PVC), \u0111\u1ec3 \u1edf ph\u00f2ng th\u00ed nghi\u1ec7m.\n", "K\u1ebft qu\u1ea3 th\u1ec3 hi\u1ec7n qua b\u1ea3ng 4.\n", "H\u00e0m l\u01b0\u1ee3ng d\u01b0\u1ee3c ch\u1ea5t trong t\u1ea5t c\u1ea3 c\u00e1c m\u1eabu vi\u00ean \u0111\u1ec1u gi\u1ea3m d\u1ea7n trong qu\u00e1 tr\u00ecnh b\u1ea3o qu\u1ea3n t\u01b0\u01a1ng \u1ee9ng v\u1edbi t\u1ed1c \u0111\u1ed9 h\u00fat \u1ea9m c\u1ee7a m\u00e0ng bao do d\u01b0\u1edbi t\u00e1c \u0111\u1ed9ng c\u1ee7a \u0111\u1ed9 \u1ea9m, cefaclor b\u1ecb hydrat ho\u00e1 d\u1eabn t\u1edbi thu\u1ef7 ph\u00e2n d\u01b0\u1ee3c ch\u1ea5t [2].\n", "B\u1ea3ng 1: C\u00f4ng th\u1ee9c bao (t\u00ednh cho 500 g vi\u00ean)\n", "Th\u00e0nh ph\u1ea7n (g) CTB1 CTB2 CTB3\n", "HPMC E6 30\n", "Eudragit E100 30\n", "PVA 30\n", "PEG 6000 10 10 10\n", "Talc 8 8 8\n", "Ch\u1ea5t m\u00e0u 0,1 0,1 0,1\n", "TiO2 8 8 8\n", "Isopropanol (ml) 300 300 200\n", "Dicloromethan (ml) 300\n", "N\u01b0\u1edbc tinh khi\u1ebft (ml) 100\n", "B\u1ea3ng 2: Ph\u1ea7n tr\u0103m d\u01b0\u1ee3c ch\u1ea5t ho\u00e0 tan t\u1eeb c\u00e1c m\u1eabu vi\u00ean bao b\u1ea3o v\u1ec7 v\u1edbi c\u00e1c t\u00e1 d\u01b0\u1ee3c (n=6)\n", "Th\u1eddi gian (ph\u00fat)\n", "M\u1eabu 30 60 120 180 240\n", "CTB1 18,12\u00b12,37 37,41\u00b12,92 65,20\u00b12,35 83,21\u00b12,52 98,22\u00b12,29\n", "CTB2 19,36\u00b12,47 36,41\u00b12,47 64,22\u00b13,18 84,83\u00b13,17 99,23\u00b13,25\n", "CTB3 18,27\u00b12,42 35,28\u00b12,63 64,27\u00b12,34 82,29\u00b12,51 97,82\u00b13,18\n", "Vi\u00ean ch\u01b0a bao 20,16\u00b12,32 35,91\u00b12,97 63,32\u00b13,38 84,23\u00b13,57 99,92\u00b13,21\n", "USP 5-30 20-50 - - > 80\n", "B\u1ea3ng 3: Kh\u1ed1i l\u01b0\u1ee3ng h\u01a1i \u1ea9m th\u1ea5m qua m\u00e0ng bao (n=6)\n", "Th\u1eddi gian (gi\u1edd) CTB1 (mg) CTB2 (mg) CTB3 (mg) 1 7,2\u00b10,5 4,8\u00b10,2 2,4\u00b10,4 2 9,3\u00b10,2 6,7\u00b10,4 3,4\u00b10,2 4 10,5\u00b10,3 7,3\u00b10,3 4,5\u00b10,2 6 10,9\u00b10,1 7,9\u00b10,1 5,4\u00b10,1 24 11,7\u00b10,1 9,4\u00b10,2 6,1\u00b10,1 0 4 8 12 16 20 24\n", "Th\u1eddi gian (gi\u1edd)\n", "K h \u1ed1 i l\u01b0 \u1ee3 n g h \u01a1 i \u1ea9 m ( m g )\n", "CTB1\n", "CTB2\n", "CTB3\n", "H\u00ecnh 2: L\u01b0\u1ee3ng h\u01a1i \u1ea9m th\u1ea5m qua m\u00e0ng bao.\n", "B\u1ea3ng 4: H\u00e0m l\u01b0\u1ee3ng (%) d\u01b0\u1ee3c ch\u1ea5t c\u00f2n l\u1ea1i trong vi\u00ean sau th\u1eddi gian b\u1ea3o qu\u1ea3n (n=3)\n", "Th\u1eddi gian (th\u00e1ng)\n", "M\u1eabu vi\u00ean 0 1 3 9 12\n", "Vi\u00ean ch\u01b0a bao 99,13\u00b1 2,37 98,29\u00b1 1,82 89,07\u00b1 2,19 86,94\u00b1 2,81 84,94\u00b1 3,74\n", "CTB1 102,6\u00b1 2,48 101,59\u00b1 1,39 95,49\u00b11,63 94,43\u00b1 2,53 92,43\u00b1 1,85\n", "CTB2 98,54\u00b1 1,74 97,24\u00b1 2,38 96,22\u00b1 2,08 94,91\u00b11,94 92,91\u00b1 2,74\n", "CTB3 100,52\u00b1 2,71 99,23\u00b1 1,92 99,18\u00b1 2,17 98,05\u00b1 2,51 97,05\u00b1 2,78 j\n", "\u0110\u1ed1i v\u1edbi m\u1eabu ch\u01b0a bao, h\u00e0m l\u01b0\u1ee3ng d\u01b0\u1ee3c ch\u1ea5t gi\u1ea3m r\u1ea5t nhanh, sau 12 th\u00e1ng h\u00e0m l\u01b0\u1ee3ng gi\u1ea3m t\u1edbi h\u01a1n 15 %.\n", "Trong khi \u0111\u00f3 v\u1edbi c\u00e1c m\u1eabu vi\u00ean bao, h\u00e0m l\u01b0\u1ee3ng v\u1eabn duy tr\u00ec \u0111\u01b0\u1ee3c tr\u00ean 90 % sau 12 th\u00e1ng b\u1ea3o qu\u1ea3n.\n", "\u0110\u1eb7c bi\u1ec7t l\u00e0 m\u1eabu vi\u00ean bao b\u1eb1ng PVA, h\u00e0m l\u01b0\u1ee3ng c\u00f2n duy tr\u00ec tr\u00ean 95%.\n", "Nh\u01b0 v\u1eady k\u1ebft qu\u1ea3 cho th\u1ea5y m\u00e0ng bao c\u00f3 kh\u1ea3 n\u0103ng \u1ed5n \u0111\u1ecbnh h\u00e0m l\u01b0\u1ee3ng d\u01b0\u1ee3c ch\u1ea5t trong th\u1eddi gian nghi\u00ean c\u1ee9u.\n", "\u0110\u00e1nh gi\u00e1 t\u1ed1c \u0111\u1ed9 gi\u1ea3i ph\u00f3ng d\u01b0\u1ee3c ch\u1ea5t t\u1eeb c\u00e1c vi\u00ean sau th\u1eddi gian b\u1ea3o qu\u1ea3n, k\u1ebft qu\u1ea3 \u0111\u01b0\u1ee3c tr\u00ecnh b\u00e0y \u1edf b\u1ea3ng 5.\n", "K\u1ebft qu\u1ea3 cho th\u1ea5y, trong th\u1eddi gian \u0111\u1ea7u, c\u00e1c m\u1eabu kh\u00f4ng thay \u0111\u1ed5i t\u1ed1c \u0111\u1ed9 gi\u1ea3i ph\u00f3ng DC nhi\u1ec1u.\n", "Tuy nhi\u00ean sau 12 th\u00e1ng t\u1ed1c \u0111\u1ed9 gi\u1ea3i ph\u00f3ng DC c\u00f3 xu h\u01b0\u1edbng t\u0103ng l\u00ean, nh\u1ea5t l\u00e0 vi\u00ean ch\u01b0a bao.\n", "Vi\u00ean h\u00fat \u1ea9m c\u00e0ng nhi\u1ec1u th\u00ec t\u1ed1c \u0111\u1ed9 gi\u1ea3i ph\u00f3ng d\u01b0\u1ee3c ch\u1ea5t c\u00e0ng nhanh.\n", "N\u1ebfu m\u00e0ng bao film c\u00f3 kh\u1ea3 n\u0103ng ch\u1ed1ng \u1ea9m t\u1ed1t, qu\u00e1 tr\u00ecnh h\u00fat \u1ea9m s\u1ebd ch\u1eadm h\u01a1n v\u00e0 \u1ea3nh h\u01b0\u1edfng \u00edt t\u1edbi t\u1ed1c \u0111\u1ed9 ho\u00e0 tan d\u01b0\u1ee3c ch\u1ea5t t\u1eeb vi\u00ean.\n", "B\u1ea3ng 5: Cefaclor gi\u1ea3i ph\u00f3ng t\u1eeb c\u00e1c vi\u00ean trong qu\u00e1 tr\u00ecnh theo d\u00f5i \u0111\u1ed9 \u1ed5n \u0111\u1ecbnh (%)\n", "Th\u1eddi gian (gi\u1edd)\n", "Th\u1eddi \u0111i\u1ec3m (th\u00e1ng)\n", "M\u1eabu 0,5 1 2 3 4 f2 (so v\u1edbi ban \u0111\u1ea7u)\n", "Ch\u01b0abao 21,89\u00b12,73 34,68\u00b13,82 66,96\u00b12,73 86,12\u00b13,14 98,92\u00b13,42 73,56\n", "CTB1 20,06\u00b12,31 38,5\u00b12,17 63,96\u00b13,16 82,29\u00b12,84 95,97\u00b13,71 74,07\n", "CTB2 21,78\u00b12,42 38,11\u00b13,16 66,09\u00b12,74 87,1\u00b11,91 95,36\u00b13,45 72,53\n", "CTB3 18,82\u00b12,61 35,12\u00b12,91 65,24\u00b13,18 83,52\u00b12,67 96,14\u00b12,73 74,65\n", "Ch\u01b0abao 23,40\u00b11,83 40,12\u00b12,65 73,23\u00b12,73 91,05\u00b13,16 99,27\u00b12,60 65,23\n", "CTB1 21,12\u00b12,18 39,70\u00b12,71 66,68\u00b12,18 85,12\u00b13,18 100,3\u00b12,18 72,7\n", "CTB2 19,27\u00b13,74 38,08\u00b13,18 65,05\u00b13,47 86,5\u00b12,47 100,1\u00b12,73 74,52\n", "CTB3 19,37\u00b12,84 35,10\u00b12,84 67,26\u00b12,19 84,52\u00b12,93 99,09\u00b12,95 73,15\n", "Ch\u01b0abao 23,39\u00b12,81 42,15\u00b11,69 76,24\u00b12,13 93,25\u00b12,16 99,13\u00b13,62 61,48\n", "CTB1 20,19\u00b12,58 40,71\u00b12,35 68,65\u00b12,38 87,42\u00b12,28 98,34\u00b13,81 73,11\n", "CTB2 29,23\u00b12,71 39,18\u00b12,16 67,45\u00b12,17 87,52\u00b13,27 99,13\u00b12,53 67,36\n", "CTB3 18,32\u00b12,19 36,14\u00b12,57 67,26\u00b12,19 84,89\u00b13,28 100,19\u00b12,2 73,71\n", "Ch\u01b0abao 24,49\u00b12,52 43,12\u00b12,41 83,24\u00b13,13 92,35\u00b12,18 98,37\u00b12,69 56,58\n", "CTB1 20,29\u00b12,42 39,79\u00b13,17 68,62\u00b13,58 87,52\u00b12,27 99,03\u00b13,38 72,11\n", "CTB2 19,81\u00b12,75 39,28\u00b12,15 68,52\u00b12,17 88,51\u00b13,27 100,12\u00b12,8 71,9\n", "CTB3 19,53\u00b12,85 36,13\u00b12,79 67,56\u00b13,29 85,42\u00b13,13 99,59\u00b13,05 72,99\n", "Ch\u01b0abao 25,33\u00b13,81 45,66\u00b13,16 86,61\u00b13,81 99,9\u00b12,18 100,21\u00b13,4 51,67\n", "CTB1 22,46\u00b12,74 39,11\u00b12,73 72,52\u00b12,83 87,24\u00b13,19 99,98\u00b12,19 69,11\n", "CTB2 22,15\u00b13,16 38,74\u00b12,91 71,05\u00b13,17 85,4\u00b12,64 99,87\u00b13,27 70,67\n", "CTB3 20,28\u00b11,67 35,96\u00b13,82 66,35\u00b13,45 86,75\u00b13,43 99,91\u00b13,48 72,47 k 5.\n", "K\u1ebft lu\u1eadn\n", "Vi\u1ec7c x\u00e2y d\u1ef1ng m\u00e0ng bao b\u1ea3o v\u1ec7 cho vi\u00ean cefaclor gi\u1ea3i ph\u00f3ng k\u00e9o d\u00e0i d\u1ea1ng c\u1ed1t th\u00e2n n\u01b0\u1edbc l\u00e0 r\u1ea5t c\u1ea7n thi\u1ebft nh\u1eb1m gi\u00fap \u1ed5n \u0111\u1ecbnh d\u01b0\u1ee3c ch\u1ea5t trong qu\u00e1 tr\u00ecnh b\u1ea3o qu\u1ea3n v\u00e0 s\u1eed d\u1ee5ng.\n", "Qua nghi\u00ean c\u1ee9u cho th\u1ea5y m\u00e0ng bao PVA gi\u00fap b\u1ea3o v\u1ec7 vi\u00ean, l\u00e0m cho vi\u00ean \u00edt h\u00fat \u1ea9m h\u01a1n so v\u1edbi khi bao b\u1eb1ng m\u00e0ng HPMC v\u00e0 Eudragit E100.\n", "M\u00e0ng bao b\u1ea3o v\u1ec7 c\u00f2n c\u00f3 kh\u1ea3 n\u0103ng \u1ed5n \u0111\u1ecbnh h\u00e0m l\u01b0\u1ee3ng d\u01b0\u1ee3c ch\u1ea5t, \u1ea3nh h\u01b0\u1edfng \u00edt t\u1edbi t\u1ed1c \u0111\u1ed9 gi\u1ea3i ph\u00f3ng d\u01b0\u1ee3c ch\u1ea5t t\u1eeb vi\u00ean.\n", "L\u1ef1a ch\u1ecdn PVA l\u00e0m t\u00e1 d\u01b0\u1ee3c bao phim b\u1ea3o v\u1ec7 c\u00f2n mang l\u1ea1i l\u1ee3i \u00edch v\u1ec1 gi\u00e1 th\u00e0nh v\u00e0 an to\u00e0n v\u1edbi m\u00f4i tr\u01b0\u1eddng do kh\u00f4ng c\u1ea7n s\u1eed d\u1ee5ng nhi\u1ec1u dung m\u00f4i h\u1eefu c\u01a1.\n"]}, "Word count": 2012}