{"title": "Original Article\n", "content": {"0": ["T\u00f3m t\u1eaft: Rosuvastatin ch\u1ee7 y\u1ebfu \u0111\u01b0\u1ee3c s\u1eed d\u1ee5ng \u0111\u01b0\u1eddng u\u1ed1ng \u0111\u1ec3 \u0111i\u1ec1u tr\u1ecb t\u0103ng cholesterol m\u00e1u, t\u0103ng triglycerid m\u00e1u v\u00e0 x\u01a1 v\u1eefa \u0111\u1ed9ng m\u1ea1ch, c\u00f3 sinh kh\u1ea3 d\u1ee5ng \u0111\u01b0\u1eddng u\u1ed1ng th\u1ea5p (kho\u1ea3ng 20%) do thu\u1ed1c k\u00e9m tan trong n\u01b0\u1edbc.\n", "V\u00ec v\u1eady, m\u1ed9t s\u1ed1 nh\u00e0 nghi\u00ean c\u1ee9u c\u1ee7a Tr\u01b0\u1eddng \u0110\u1ea1i h\u1ecdc D\u01b0\u1ee3c H\u00e0 N\u1ed9i \u0111\u00e3 b\u00e0o ch\u1ebf \u0111\u01b0\u1ee3c h\u1ec7 nano t\u1ef1 nh\u0169 ho\u00e1 rosuvastatin v\u1edbi c\u00e1c th\u00e0nh ph\u1ea7n pha d\u1ea7u l\u00e0 Capryol 90, ch\u1ea5t di\u1ec7n ho\u1ea1t l\u00e0\n", "Cremophor RH 40 v\u00e0 ch\u1ea5t \u0111\u1ed3ng di\u1ec7n ho\u1ea1t l\u00e0 polyethylen glycol 400.\n", "\u0110\u1ec3 \u0111\u00e1nh gi\u00e1 ch\u1ea5t l\u01b0\u1ee3ng v\u00e0 \u0111\u1ed9 \u1ed5n \u0111\u1ecbnh c\u1ee7a h\u1ec7 nano t\u1ef1 nh\u0169 ho\u00e1 \u0111\u00e3 b\u00e0o ch\u1ebf, trong nghi\u00ean c\u1ee9u n\u00e0y, ch\u00fang t\u00f4i \u0111\u00e3 x\u00e2y d\u1ef1ng \u0111\u01b0\u1ee3c ti\u00eau chu\u1ea9n ch\u1ea5t l\u01b0\u1ee3ng c\u1ee7a h\u1ec7 nano t\u1ef1 nh\u0169 ho\u00e1 ch\u1ee9a rosuvastatin g\u1ed3m c\u00e1c ch\u1ec9 ti\u00eau: h\u00ecnh th\u1ee9c, \u0111\u1ecbnh t\u00ednh, k\u00edch th\u01b0\u1edbc gi\u1ecdt (KTG) c\u1ee7a nano nh\u0169 t\u01b0\u01a1ng sau khi t\u1ef1 nh\u0169 ho\u00e1 v\u1edbi n\u01b0\u1edbc (KTG \u2264 200 nm) v\u00e0 ph\u00e2n b\u1ed1 k\u00edch th\u01b0\u1edbc gi\u1ecdt (PDI \u2264 0,3), t\u1ef7 l\u1ec7 d\u01b0\u1ee3c ch\u1ea5t trong pha d\u1ea7u (\u2265 90,0%), \u0111\u1ecbnh l\u01b0\u1ee3ng (h\u00e0m l\u01b0\u1ee3ng rosuvastatin (C22H28FN3O6S) trong h\u1ec7 nano t\u1ef1 nh\u0169 ho\u00e1 ph\u1ea3i \u0111\u1ea1t t\u1eeb 95,0% \u0111\u1ebfn 105,0% h\u00e0m l\u01b0\u1ee3ng ghi tr\u00ean nh\u00e3n).\n", "C\u00e1c ch\u1ec9 ti\u00eau n\u00eau tr\u00ean \u0111\u00e3 \u0111\u01b0\u1ee3c th\u1ea9m \u0111\u1ecbnh v\u00e0 ph\u00f9 h\u1ee3p \u0111\u1ec3 \u00e1p d\u1ee5ng trong \u0111\u1ecbnh t\u00ednh, \u0111\u1ecbnh l\u01b0\u1ee3ng h\u00e0m l\u01b0\u1ee3ng rosuvastatin trong ch\u1ebf ph\u1ea9m.\n", "Ngo\u00e0i ra, k\u1ebft qu\u1ea3 nghi\u00ean c\u1ee9u \u0111\u1ed9 \u1ed5n \u0111\u1ecbnh cho th\u1ea5y\n", "SNEDDS rosuvastatin \u0111\u1ea1t c\u00e1c ch\u1ec9 ti\u00eau ch\u1ea5t l\u01b0\u1ee3ng v\u1ec1 h\u00ecnh th\u1ee9c, h\u00e0m l\u01b0\u1ee3ng, k\u00edch th\u01b0\u1edbc gi\u1ecdt, ph\u00e2n b\u1ed1 k\u00edch th\u01b0\u1edbc gi\u1ecdt v\u00e0 t\u1ef7 l\u1ec7 d\u01b0\u1ee3c ch\u1ea5t trong pha d\u1ea7u trong 12 th\u00e1ng b\u1ea3o qu\u1ea3n \u1edf \u0111i\u1ec1u ki\u1ec7n d\u00e0i h\u1ea1n v\u00e0 6 th\u00e1ng b\u1ea3o qu\u1ea3n \u1edf \u0111i\u1ec1u ki\u1ec7n l\u00e3o ho\u00e1 c\u1ea5p t\u1ed1c.\n", "T\u1eeb kho\u00e1: Rosuvastatin, h\u1ec7 nano t\u1ef1 nh\u0169 ho\u00e1, ti\u00eau chu\u1ea9n ch\u1ea5t l\u01b0\u1ee3ng, k\u00edch th\u01b0\u1edbc gi\u1ecdt, t\u1ef7 l\u1ec7 d\u01b0\u1ee3c ch\u1ea5t trong pha d\u1ea7u.\n"], "1": ["1.\n", "M\u1edf \u0111\u1ea7u\n", "Rosuvastatin \u1ee9c ch\u1ebf c\u1ea1nh tranh enzym\n", "HMG-CoA reductase, c\u00f3 t\u00e1c d\u1ee5ng gi\u1ea3m cholesterol v\u00e0 LDL.\n", "Ngo\u00e0i t\u00e1c d\u1ee5ng h\u1ea1 cholesterol, rosuvastatin c\u1ea3i thi\u1ec7n n\u1ed9i m\u00f4 ch\u1ee9c n\u0103ng, t\u0103ng c\u01b0\u1eddng s\u1ef1 \u1ed5n \u0111\u1ecbnh c\u1ee7a c\u00e1c m\u1ea3ng x\u01a1 v\u1eefa \u0111\u1ed9ng m\u1ea1ch v\u00e0 \u1ee9c ch\u1ebf ph\u1ea3n \u1ee9ng vi\u00eam c\u0169ng nh\u01b0 huy\u1ebft kh\u1ed1i trong th\u00e0nh \u0111\u1ed9ng m\u1ea1ch.\n", "Rosuvastatin ch\u1ee7 y\u1ebfu \u0111\u01b0\u1ee3c s\u1eed d\u1ee5ng \u0111\u01b0\u1eddng u\u1ed1ng \u0111\u1ec3 \u0111i\u1ec1u tr\u1ecb t\u0103ng cholesterol m\u00e1u, t\u0103ng triglycerid _* T\u00e1c gi\u1ea3 li\u00ean h\u1ec7.\n", "m\u00e1u v\u00e0 x\u01a1 v\u1eefa \u0111\u1ed9ng m\u1ea1ch.\n", "Tuy nhi\u00ean rosuvastatin c\u00f3 sinh kh\u1ea3 d\u1ee5ng \u0111\u01b0\u1eddng u\u1ed1ng th\u1ea5p (kho\u1ea3ng 20%) do thu\u1ed1c k\u00e9m tan trong n\u01b0\u1edbc [1].\n", "C\u00f3 nhi\u1ec1u bi\u1ec7n ph\u00e1p \u0111\u00e3 \u0111\u01b0\u1ee3c s\u1eed d\u1ee5ng \u0111\u1ec3 l\u00e0m t\u0103ng \u0111\u1ed9 tan v\u00e0 sinh kh\u1ea3 d\u1ee5ng c\u1ee7a rosuvastatin, trong s\u1ed1 c\u00e1c ph\u01b0\u01a1ng ph\u00e1p \u0111\u00e3 \u0111\u01b0\u1ee3c s\u1eed d\u1ee5ng, h\u1ec7 nano t\u1ef1 nh\u0169 ho\u00e1 (SNEDDS) \u0111\u01b0\u1ee3c nghi\u00ean c\u1ee9u ph\u1ed5 bi\u1ebfn v\u00e0 mang l\u1ea1i hi\u1ec7u qu\u1ea3 c\u1ea3i thi\u1ec7n sinh kh\u1ea3 d\u1ee5ng \u0111\u00e1ng k\u1ec3 [2,3].\n", "V\u00ec v\u1eady vi\u1ec7c ph\u00e1t tri\u1ec3n SNEDDS rosuvastatin l\u00e0 c\u1ea7n thi\u1ebft \u0111\u1ec3 t\u0103ng sinh kh\u1ea3 d\u1ee5ng \u0111\u01b0\u1eddng u\u1ed1ng, t\u0103ng hi\u1ec7u qu\u1ea3 \u0111i\u1ec1u tr\u1ecb v\u00e0 gi\u1ea3m t\u00e1c d\u1ee5ng kh\u00f4ng mong mu\u1ed1n c\u1ee7a thu\u1ed1c.\n", "SNEDDS ch\u1ee9a c\u00e1c t\u00e1 d\u01b0\u1ee3c d\u1ea7u, ch\u1ea5t di\u1ec7n ho\u1ea1t v\u00e0 ch\u1ea5t \u0111\u1ed3ng di\u1ec7n ho\u1ea1t, khi ph\u00e2n t\u00e1n v\u00e0o n\u01b0\u1edbc th\u00e0nh c\u00e1c gi\u1ecdt nh\u0169 t\u01b0\u01a1ng d\u1ea7u trong n\u01b0\u1edbc k\u00edch th\u01b0\u1edbc c\u1ee1 nano.\n", "Do ch\u01b0a c\u00f3 ti\u00eau chu\u1ea9n c\u1ee5 th\u1ec3 cho m\u1ed9t SNEDDS, n\u00ean vi\u1ec7c \u0111\u00e1nh gi\u00e1 c\u00e1c ch\u1ec9 ti\u00eau ch\u1ea5t l\u01b0\u1ee3ng cho\n", "SNEDDS ch\u01b0a \u0111\u1ea7y \u0111\u1ee7.\n", "D\u1ef1a v\u00e0o trang thi\u1ebft b\u1ecb hi\u1ec7n c\u00f3 v\u00e0 tham kh\u1ea3o m\u1ed9t s\u1ed1 ti\u00eau ch\u00ed \u0111\u00e3 \u0111\u01b0\u1ee3c c\u00e1c hi\u1ec7n v\u1edbi m\u1ee5c ti\u00eau x\u00e2y d\u1ef1ng \u0111\u01b0\u1ee3c ti\u00eau chu\u1ea9n ch\u1ea5t l\u01b0\u1ee3ng v\u00e0 \u0111\u00e1nh gi\u00e1 \u0111\u1ed9 \u1ed5n \u0111\u1ecbnh cho SNEDDS rosuvastatin.\n"], "2": ["2.\n", "\u0110\u1ed1i t\u01b0\u1ee3ng v\u00e0 ph\u01b0\u01a1ng ph\u00e1p nghi\u00ean c\u1ee9u 2.1.\n", "Nguy\u00ean li\u1ec7u\n", "Ch\u1ea5t chu\u1ea9n rosuvastatin calci c\u1ee7a Vi\u1ec7n ki\u1ec3m nghi\u1ec7m thu\u1ed1c Th\u00e0nh ph\u1ed1 H\u1ed3 Ch\u00ed Minh (h\u00e0m l\u01b0\u1ee3ng 95,6% nguy\u00ean tr\u1ea1ng, l\u00f4: QT182 040817).\n", "Rosuvastatin calci \u0111\u1ea1t ti\u00eau chu\u1ea9n nh\u00e0 s\u1ea3n xu\u1ea5t \u0111\u01b0\u1ee3c cung c\u1ea5p b\u1edfi Enaltec, \u1ea4n \u0111\u1ed9.\n", "SNEDDS rosuvastatin \u0111\u01b0\u1ee3c b\u00e0o ch\u1ebf t\u1ea1i Tr\u01b0\u1eddng \u0110\u1ea1i h\u1ecdc\n", "D\u01b0\u1ee3c H\u00e0 N\u1ed9i.\n", "Acetonitril (ACN), methanol (MeOH) \u0111\u1ea1t ti\u00eau chu\u1ea9n HPLC mua t\u1eeb nh\u00e0 s\u1ea3n xu\u1ea5t Fisher Scientific, M\u1ef9.\n", "2.2.\n", "Thi\u1ebft b\u1ecb, d\u1ee5ng c\u1ee5\n", "C\u00e1c thi\u1ebft b\u1ecb ph\u00e2n t\u00edch \u0111\u01b0\u1ee3c qu\u1ea3n l\u00fd v\u00e0 hi\u1ec7u chu\u1ea9n theo c\u00e1c quy \u0111\u1ecbnh c\u1ee7a ISO/IEC 17025 v\u00e0\n", "GLP bao g\u1ed3m h\u1ec7 th\u1ed1ng HPLC Shimadzu, Nh\u1eadt\n", "B\u1ea3n; s\u1eed d\u1ee5ng c\u1ed9t silica gel pha \u0111\u1ea3o Phenomenex\n", "C18 (4,6 x 250 mm, 5 \u00b5m).\n", "M\u00e1y \u0111o quang ph\u1ed5\n", "UV-VIS, Shimadzu, Nh\u1eadt B\u1ea3n.\n", "M\u00e1y \u0111o k\u00edch th\u01b0\u1edbc ti\u1ec3u ph\u00e2n Zetasizer NanoZS90, Anh.\n", "M\u1ed9t s\u1ed1 thi\u1ebft b\u1ecb kh\u00e1c \u0111\u01b0\u1ee3c s\u1eed d\u1ee5ng l\u00e0 c\u00e2n ph\u00e2n t\u00edch 5 s\u1ed1 (Metller \u2013 Thu\u1ef5 S\u1ef9), \u0111\u1ed9 ch\u00ednh x\u00e1c d = 0,01 mg, m\u00e1y l\u1ecdc n\u01b0\u1edbc v\u00e0 c\u00e1c d\u1ee5ng c\u1ee5 thu\u1ef7 tinh c\u1ea7n thi\u1ebft.\n", "C\u00e1c thi\u1ebft b\u1ecb \u0111\u1ec1u \u0111\u01b0\u1ee3c b\u1ea3o tr\u00ec, hi\u1ec7u chu\u1ea9n \u0111\u00fang qui \u0111\u1ecbnh.\n", "2.3.\n", "Ph\u01b0\u01a1ng ph\u00e1p nghi\u00ean c\u1ee9u\n", "Quy tr\u00ecnh \u0111\u1ecbnh l\u01b0\u1ee3ng v\u00e0 quy tr\u00ecnh x\u00e1c \u0111\u1ecbnh t\u1ef7 l\u1ec7 d\u01b0\u1ee3c ch\u1ea5t trong pha d\u1ea7u \u0111\u00e3 \u0111\u01b0\u1ee3c x\u00e2y d\u1ef1ng v\u00e0 th\u1ea9m \u0111\u1ecbnh theo h\u01b0\u1edbng d\u1eabn c\u1ee7a H\u1ed9i ngh\u1ecb qu\u1ed1c t\u1ebf ho\u00e0 h\u1ee3p c\u00e1c th\u1ee7 t\u1ee5c \u0111\u0103ng k\u00fd d\u01b0\u1ee3c ph\u1ea9m s\u1eed d\u1ee5ng cho con ng\u01b0\u1eddi (ICH) [6].\n", "C\u00e1c ch\u1ec9 ti\u00eau c\u1ea7n th\u1ea9m \u0111\u1ecbnh g\u1ed3m: \u0111\u1ed9 th\u00edch h\u1ee3p h\u1ec7 th\u1ed1ng, t\u00ednh \u0111\u1eb7c hi\u1ec7u, \u0111\u1ed9 tuy\u1ebfn t\u00ednh, \u0111\u1ed9 \u0111\u00fang, \u0111\u1ed9 ch\u00ednh x\u00e1c.\n", "Dung m\u00f4i: ACN- n\u01b0\u1edbc v\u1edbi t\u1ef7 l\u1ec7 25: 75 (tt/tt) 2.3.1.\n", "\u0110\u1ecbnh l\u01b0\u1ee3ng rosuvastatin\n", "Rosuvastatin \u0111\u01b0\u1ee3c x\u00e1c \u0111\u1ecbnh h\u00e0m l\u01b0\u1ee3ng b\u1eb1ng ph\u01b0\u01a1ng ph\u00e1p s\u1eafc k\u00fd l\u1ecfng hi\u1ec7u n\u0103ng cao gh\u00e9p \u0111\u1ea7u d\u00f2 chu\u1ed7i diode (HPLC-DAD).\n", "Dung d\u1ecbch chu\u1ea9n: c\u00e2n ch\u00ednh x\u00e1c kho\u1ea3ng 50 mg chu\u1ea9n rosuvastatin v\u00e0o b\u00ecnh \u0111\u1ecbnh m\u1ee9c 100 ml, ho\u00e0 tan b\u1eb1ng 70 ml dung m\u00f4i, l\u1eafc si\u00eau \u00e2m 10 ph\u00fat, l\u00e0m ngu\u1ed9i v\u1ec1 nhi\u1ec7t \u0111\u1ed9 ph\u00f2ng.\n", "B\u1ed5 sung v\u1eeba \u0111\u1ee7 \u0111\u1ebfn v\u1ea1ch b\u1eb1ng dung m\u00f4i, l\u1eafc \u0111\u1ec1u.\n", "H\u00fat ch\u00ednh x\u00e1c 3 ml dung d\u1ecbch tr\u00ean cho v\u00e0o b\u00ecnh \u0111\u1ecbnh m\u1ee9c 10 ml, b\u1ed5 sung v\u1eeba \u0111\u1ee7 v\u1edbi dung m\u00f4i, l\u1eafc \u0111\u1ec1u, r\u1ed3i ti\u00eam v\u00e0o h\u1ec7 th\u1ed1ng s\u1eafc k\u00fd.\n", "Dung d\u1ecbch th\u1eed: c\u00e2n ch\u00ednh x\u00e1c kho\u1ea3ng 0,3 g\n", "SNEDDS v\u00e0o b\u00ecnh \u0111\u1ecbnh m\u1ee9c 20 ml.\n", "Th\u00eam 15 ml dung m\u00f4i v\u00e0o l\u1eafc \u0111\u1ec1u, l\u1eafc si\u00eau \u00e2m trong 10 ph\u00fat, l\u00e0m ngu\u1ed9i v\u1ec1 nhi\u1ec7t \u0111\u1ed9 ph\u00f2ng.\n", "B\u1ed5 sung v\u1eeba \u0111\u1ee7 v\u1edbi dung m\u00f4i, l\u1eafc \u0111\u1ec1u.\n", "H\u00fat ch\u00ednh x\u00e1c 1 ml dung d\u1ecbch th\u1eed tr\u00ean cho v\u00e0o b\u00ecnh \u0111\u1ecbnh m\u1ee9c 10 ml, b\u1ed5 sung v\u1eeba \u0111\u1ee7 b\u1eb1ng dung m\u00f4i, l\u1eafc \u0111\u1ec1u, l\u1ecdc qua m\u00e0ng l\u1ecdc 0,45 \u00b5m r\u1ed3i ti\u00eam v\u00e0o h\u1ec7 th\u1ed1ng s\u1eafc k\u00fd.\n", "2.3.2.\n", "\u0110\u1ecbnh t\u00ednh\n", "D\u01b0\u1ee3c ch\u1ea5t rosuvastatin \u0111\u01b0\u1ee3c \u0111\u1ecbnh t\u00ednh theo ph\u01b0\u01a1ng ph\u00e1p \u0111\u1ecbnh l\u01b0\u1ee3ng rosuvastatin, \u0111i\u1ec1u ki\u1ec7n ti\u1ebfn h\u00e0nh t\u01b0\u01a1ng t\u1ef1 nh\u01b0 \u0111\u00e3 m\u00f4 t\u1ea3 trong ph\u01b0\u01a1ng ph\u00e1p \u0111\u1ecbnh l\u01b0\u1ee3ng rosuvastatin, pic ch\u00ednh tr\u00ean s\u1eafc k\u00fd \u0111\u1ed3 c\u1ee7a dung d\u1ecbch th\u1eed ph\u1ea3i c\u00f3 th\u1eddi gian l\u01b0u t\u01b0\u01a1ng \u1ee9ng v\u1edbi th\u1eddi gian l\u01b0u c\u1ee7a pic rosuvastatin tr\u00ean s\u1eafc k\u00fd \u0111\u1ed3 c\u1ee7a dung d\u1ecbch chu\u1ea9n.\n", "2.3.3.\n", "X\u00e1c \u0111\u1ecbnh t\u1ef7 l\u1ec7 rosuvastatin trong pha d\u1ea7u\n", "T\u1ef7 l\u1ec7 d\u01b0\u1ee3c ch\u1ea5t trong pha d\u1ea7u \u0111\u01b0\u1ee3c x\u00e1c \u0111\u1ecbnh tr\u00ean c\u01a1 s\u1edf \u0111\u1ecbnh l\u01b0\u1ee3ng d\u01b0\u1ee3c ch\u1ea5t trong nano nh\u0169 t\u01b0\u01a1ng v\u00e0 trong pha n\u01b0\u1edbc b\u1eb1ng ph\u01b0\u01a1ng ph\u00e1p \u0111o quang ph\u1ed5 t\u1eed ngo\u1ea1i kh\u1ea3 ki\u1ebfn (UV-VIS).\n", "C\u1ee5 th\u1ec3 nh\u01b0 sau:\n", "Dung d\u1ecbch chu\u1ea9n: c\u00e2n ch\u00ednh x\u00e1c kho\u1ea3ng 37,5 mg chu\u1ea9n rosuvastatin v\u00e0o b\u00ecnh \u0111\u1ecbnh m\u1ee9c 50 ml, ho\u00e0 tan b\u1eb1ng 35 ml dung m\u00f4i, l\u1eafc si\u00eau \u00e2m 10 ph\u00fat, l\u00e0m ngu\u1ed9i v\u1ec1 nhi\u1ec7t \u0111\u1ed9 ph\u00f2ng.\n", "B\u1ed5 sung v\u1eeba \u0111\u1ee7 \u0111\u1ebfn v\u1ea1ch b\u1eb1ng dung m\u00f4i, l\u1eafc \u0111\u1ec1u.\n", "H\u00fat ch\u00ednh x\u00e1c 1 ml dung d\u1ecbch tr\u00ean cho v\u00e0o b\u00ecnh \u0111\u1ecbnh m\u1ee9c 25 ml, b\u1ed5 sung v\u1eeba \u0111\u1ee7 v\u1edbi dung m\u00f4i, l\u1eafc \u0111\u1ec1u.\n", "H\u00fat ch\u00ednh x\u00e1c 4 ml dung d\u1ecbch chu\u1ea9n thu \u0111\u01b0\u1ee3c cho v\u00e0o b\u00ecnh \u0111\u1ecbnh m\u1ee9c 10 ml, b\u1ed5 sung v\u1eeba \u0111\u1ee7 v\u1edbi dung m\u00f4i, l\u1eafc \u0111\u1ec1u.\n", "Dung d\u1ecbch th\u1eed: c\u00e2n ch\u00ednh x\u00e1c kho\u1ea3ng 1,2 g h\u1ec7 nano t\u1ef1 nh\u0169 ho\u00e1 rosuvastatin cho v\u00e0o c\u1ed1c c\u00f3 m\u1ecf 20 ml, th\u00eam 5 ml n\u01b0\u1edbc, khu\u1ea5y t\u1eeb 50 v\u00f2ng/ph\u00fat trong 3 ph\u00fat.\n", "Chuy\u1ec3n to\u00e0n b\u1ed9 dung d\u1ecbch trong c\u1ed1c v\u00e0o b\u00ecnh \u0111\u1ecbnh m\u1ee9c 10 ml, tr\u00e1ng c\u1ed1c v\u1edbi n\u01b0\u1edbc, r\u1ed3i cho v\u00e0o b\u00ecnh \u0111\u1ecbnh m\u1ee9c, b\u1ed5 sung n\u01b0\u1edbc \u0111\u1ebfn v\u1ea1ch.\n", "\u0110\u1ecbnh l\u01b0\u1ee3ng d\u01b0\u1ee3c ch\u1ea5t trong nano nh\u0169 t\u01b0\u01a1ng: h\u00fat ch\u00ednh x\u00e1c 1 ml dung d\u1ecbch th\u1eed cho v\u00e0o b\u00ecnh \u0111\u1ecbnh m\u1ee9c 20 ml, b\u1ed5 sung v\u1eeba \u0111\u1ee7 b\u1eb1ng dung m\u00f4i.\n", "H\u00fat ch\u00ednh x\u00e1c 1 ml dung d\u1ecbch thu \u0111\u01b0\u1ee3c cho v\u00e0o b\u00ecnh \u0111\u1ecbnh m\u1ee9c 50 ml, b\u1ed5 sung v\u1eeba \u0111\u1ee7 b\u1eb1ng dung m\u00f4i, r\u1ed3i \u0111o \u0111\u1ed9 h\u1ea5p th\u1ee5 quang.\n", "\u0110\u1ecbnh l\u01b0\u1ee3ng d\u01b0\u1ee3c ch\u1ea5t trong pha n\u01b0\u1edbc: h\u00fat ch\u00ednh x\u00e1c 3 ml dung d\u1ecbch th\u1eed v\u1eeba t\u1ea1o th\u00e0nh v\u00e0o \u1ed1ng ly t\u00e2m si\u00eau l\u1ecdc Amicon Ultra \u2013 4 10000\n", "NMWL, ly t\u00e2m \u1edf t\u1ed1c \u0111\u1ed9 2000 v\u00f2ng/ph\u00fat trong 2 ph\u00fat, thu \u0111\u01b0\u1ee3c pha n\u01b0\u1edbc \u1edf ph\u00eda d\u01b0\u1edbi \u1ed1ng.\n", "H\u00fat ch\u00ednh x\u00e1c 0,1 ml pha n\u01b0\u1edbc cho v\u00e0o b\u00ecnh \u0111\u1ecbnh m\u1ee9c 10 ml, b\u1ed5 sung v\u1eeba \u0111\u1ee7 b\u1eb1ng dung m\u00f4i, r\u1ed3i \u0111o \u0111\u1ed9 h\u1ea5p th\u1ee5 quang.\n", "T\u1ef7 l\u1ec7 d\u01b0\u1ee3c ch\u1ea5t trong pha d\u1ea7u (%) \u0111\u01b0\u1ee3c t\u00ednh theo c\u00f4ng th\u1ee9c sau:\n", "T\u1ef7 l\u1ec7 d\u01b0\u1ee3c ch\u1ea5t trong pha d\u1ea7u (%) = (X nano nh\u0169 t\u01b0\u01a1ng \u2013 X pha n\u01b0\u1edbc) x 100\n", "X nano nh\u0169 t\u01b0\u01a1ng\n", "Trong \u0111\u00f3:\n", "X nano nh\u0169 t\u01b0\u01a1ng l\u00e0 l\u01b0\u1ee3ng d\u01b0\u1ee3c ch\u1ea5t trong nano nh\u0169 t\u01b0\u01a1ng (mg);\n", "X pha n\u01b0\u1edbc l\u00e0 l\u01b0\u1ee3ng d\u01b0\u1ee3c ch\u1ea5t trong pha n\u01b0\u1edbc (mg).\n", "2.3.4.\n", "\u0110o k\u00edch th\u01b0\u1edbc gi\u1ecdt nano nh\u0169 t\u01b0\u01a1ng\n", "C\u00e2n m\u1ed9t l\u01b0\u1ee3ng kho\u1ea3ng 1,2 g h\u1ec7 nano t\u1ef1 nh\u0169 ho\u00e1 rosuvastatin cho v\u00e0o c\u1ed1c c\u00f3 m\u1ecf 20 ml, th\u00eam 5 ml n\u01b0\u1edbc, khu\u1ea5y t\u1eeb 50 v\u00f2ng/ph\u00fat trong 3 ph\u00fat.\n", "Chuy\u1ec3n to\u00e0n b\u1ed9 dung d\u1ecbch trong c\u1ed1c v\u00e0o b\u00ecnh \u0111\u1ecbnh m\u1ee9c 10 ml, tr\u00e1ng c\u1ed1c v\u1edbi n\u01b0\u1edbc, r\u1ed3i cho v\u00e0o b\u00ecnh \u0111\u1ecbnh m\u1ee9c, b\u1ed5 sung n\u01b0\u1edbc \u0111\u1ebfn v\u1ea1ch.\n", "H\u00fat ch\u00ednh x\u00e1c 4 ml dung d\u1ecbch thu \u0111\u01b0\u1ee3c cho v\u00e0o b\u00ecnh \u0111\u1ecbnh m\u1ee9c 10 ml, b\u1ed5 sung v\u1eeba \u0111\u1ee7 v\u1edbi n\u01b0\u1edbc, l\u1eafc \u0111\u1ec1u.\n", "\u0110o k\u00edch th\u01b0\u1edbc gi\u1ecdt v\u00e0 ph\u00e2n b\u1ed1 k\u00edch th\u01b0\u1edbc gi\u1ecdt \u0111\u01b0\u1ee3c x\u00e1c \u0111\u1ecbnh b\u1eb1ng ph\u01b0\u01a1ng ph\u00e1p t\u00e1n x\u1ea1 \u00e1nh s\u00e1ng \u0111\u1ed9ng.\n", "S\u1eed d\u1ee5ng thi\u1ebft b\u1ecb ph\u00e2n t\u00edch k\u00edch th\u01b0\u1edbc h\u1ea1t Zetasizer ZS90.\n", "2.3.5.\n", "\u0110\u1ed9 \u1ed5n \u0111\u1ecbnh c\u1ee7a SNEDDS rosuvastatin\n", "SNEDDS rosuvastatin \u0111\u01b0\u1ee3c b\u1ea3o qu\u1ea3n trong l\u1ecd thu\u1ef7 tinh trung t\u00ednh c\u00f3 n\u1eafp \u0111\u1eady k\u00edn.\n", "\u0110\u00e1nh gi\u00e1 \u0111\u1ed9 \u1ed5n \u0111\u1ecbnh SNEDDS rosuvastatin tr\u00ean c\u00e1c ch\u1ec9 ti\u00eau: h\u00ecnh th\u1ee9c, KTG, PDI, t\u1ef7 l\u1ec7 d\u01b0\u1ee3c ch\u1ea5t trong pha d\u1ea7u, h\u00e0m l\u01b0\u1ee3ng rosuvastatin trong\n", "SNEDDS.\n", "Ti\u1ebfn h\u00e0nh nghi\u00ean c\u1ee9u \u0111\u1ed9 \u1ed5n \u0111\u1ecbnh c\u1ee7a\n", "SNEDDS b\u00e0o ch\u1ebf \u0111\u01b0\u1ee3c b\u1ea3o qu\u1ea3n \u1edf \u0111i\u1ec1u ki\u1ec7n d\u00e0i h\u1ea1n (30o C \u00b1 2\u00b0C ; 75% \u00b1 5%) sau c\u00e1c kho\u1ea3ng th\u1eddi gian 3 th\u00e1ng, 6 th\u00e1ng, 12 th\u00e1ng v\u00e0 \u0111i\u1ec1u ki\u1ec7n l\u00e3o ho\u00e1 c\u1ea5p t\u1ed1c (40\u00b0C \u00b1 2\u00b0C, \u0111\u1ed9 \u1ea9m 75% \u00b1 5%) sau c\u00e1c kho\u1ea3ng th\u1eddi gian 3 th\u00e1ng, 6 th\u00e1ng theo c\u00e1c ch\u1ec9 ti\u00eau ch\u1ea5t l\u01b0\u1ee3ng \u0111\u00e3 x\u00e2y d\u1ef1ng.\n"], "3": ["3.\n", "K\u1ebft qu\u1ea3 nghi\u00ean c\u1ee9u v\u00e0 b\u00e0n lu\u1eadn 3.1.\n", "X\u00e2y d\u1ef1ng ti\u00eau chu\u1ea9n ch\u1ea5t l\u01b0\u1ee3ng cho\n", "SNEDDS rosuvastatin\n", "Qua tham kh\u1ea3o t\u00e0i li\u1ec7u [4,5] k\u1ebft h\u1ee3p v\u1edbi \u0111i\u1ec1u ki\u1ec7n trang thi\u1ebft b\u1ecb hi\u1ec7n c\u00f3, ch\u00fang t\u00f4i \u0111\u00e3 x\u00e2y d\u1ef1ng \u0111\u01b0\u1ee3c ti\u00eau chu\u1ea9n ch\u1ea5t l\u01b0\u1ee3ng SNEDDS nh\u01b0 sau:\n", "H\u00ecnh th\u1ee9c: dung d\u1ecbch trong su\u1ed1t, \u0111\u1ed3ng nh\u1ea5t, kh\u00f4ng c\u00f3 b\u1ecdt kh\u00ed.\n", "\u0110\u1ecbnh t\u00ednh: ti\u1ebfn h\u00e0nh nh\u01b0 ph\u01b0\u01a1ng ph\u00e1p \u0111\u1ecbnh l\u01b0\u1ee3ng, pic ch\u00ednh tr\u00ean s\u1eafc k\u00fd \u0111\u1ed3 c\u1ee7a dung d\u1ecbch th\u1eed ph\u1ea3i c\u00f3 th\u1eddi gian l\u01b0u t\u01b0\u01a1ng \u1ee9ng v\u1edbi th\u1eddi gian l\u01b0u c\u1ee7a pic rosuvastatin tr\u00ean s\u1eafc k\u00fd \u0111\u1ed3 c\u1ee7a dung d\u1ecbch chu\u1ea9n.\n", "K\u00edch th\u01b0\u1edbc gi\u1ecdt v\u00e0 ph\u00e2n b\u1ed1 k\u00edch th\u01b0\u1edbc gi\u1ecdt c\u1ee7a nh\u0169 t\u01b0\u01a1ng h\u00ecnh th\u00e0nh sau khi t\u1ef1 nh\u0169 ho\u00e1\n", "SNEDDS rosuvastatin: k\u00edch th\u01b0\u1edbc gi\u1ecdt ph\u1ea3i kh\u00f4ng \u0111\u01b0\u1ee3c l\u1edbn h\u01a1n 200 nm v\u00e0 ph\u00e2n b\u1ed1 k\u00edch th\u01b0\u1edbc gi\u1ecdt ph\u1ea3i kh\u00f4ng l\u1edbn h\u01a1n 0,3.\n", "T\u1ef7 l\u1ec7 d\u01b0\u1ee3c ch\u1ea5t trong pha d\u1ea7u: T\u1ef7 l\u1ec7 d\u01b0\u1ee3c ch\u1ea5t trong pha d\u1ea7u ph\u1ea3i kh\u00f4ng nh\u1ecf h\u01a1n 90,0%.\n", "\u0110\u1ecbnh l\u01b0\u1ee3ng: h\u00e0m l\u01b0\u1ee3ng rosuvastatin (C22H28FN3O6S) trong h\u1ec7 nano t\u1ef1 nh\u0169 ho\u00e1 ph\u1ea3i \u0111\u1ea1t t\u1eeb 95,0% \u0111\u1ebfn 105,0% h\u00e0m l\u01b0\u1ee3ng ghi tr\u00ean nh\u00e3n.\n", "3.2.\n", "K\u1ebft qu\u1ea3 th\u1ea9m \u0111\u1ecbnh ph\u01b0\u01a1ng ph\u00e1p \u0111\u1ecbnh l\u01b0\u1ee3ng rosuvastatin\n", "X\u00e1c \u0111\u1ecbnh \u0111i\u1ec1u ki\u1ec7n s\u1eafc k\u00fd:\n", "Ti\u1ebfn h\u00e0nh ti\u00eam s\u1eafc k\u00fd dung d\u1ecbch rosuvastatin chu\u1ea9n n\u1ed3ng \u0111\u1ed9 150 \u00b5g/ml trong dung m\u00f4i ACN: n\u01b0\u1edbc v\u1edbi t\u1ef7 l\u1ec7 25: 75; c\u1ed9t s\u1eafc k\u00fd silica gel pha \u0111\u1ea3o Phenomenex C18 (4,6 x 250 mm, 5 \u00b5m), nhi\u1ec7t \u0111\u1ed9 c\u1ed9t 40oC; pha \u0111\u1ed9ng ACN: n\u01b0\u1edbc: acid trifluoroacetic 1% v\u1edbi t\u1ef7 l\u1ec7 37: 62: 1 (tt/tt/tt); t\u1ed1c \u0111\u1ed9 d\u00f2ng 1,2 ml/ph\u00fat; th\u1ec3 t\u00edch ti\u00eam m\u1eabu 20 \u00b5l; c\u00e0i \u0111\u1eb7t b\u01b0\u1edbc s\u00f3ng ph\u00e1t hi\u1ec7n l\u00e0 242 nm [7], \u0111\u1ed3ng th\u1eddi qu\u00e9t ph\u1ed5 h\u1ea5p th\u1ee5 trong kho\u1ea3ng 200-800 nm; th\u1eddi gian l\u01b0u c\u1ee7a pic kho\u1ea3ng 15 ph\u00fat.\n", "K\u1ebft qu\u1ea3 pic c\u00e2n x\u1ee9ng (c\u00f3 h\u1ec7 s\u1ed1 k\u00e9o \u0111u\u00f4i 1,0).\n", "S\u1eafc k\u00fd \u0111\u1ed3 v\u00e0 th\u00f4ng s\u1ed1 pic th\u1ec3 hi\u1ec7n trong H\u00ecnh 1 v\u00e0 B\u1ea3ng 1.\n", "H\u00ecnh 1.\n", "S\u1eafc k\u00fd \u0111\u1ed3 dung d\u1ecbch rosuvastatin n\u1ed3ng \u0111\u1ed9 150 \u00b5g/ml.\n", "B\u1ea3ng 1.\n", "Th\u00f4ng s\u1ed1 pic \u1edf \u0111i\u1ec1u ki\u1ec7n s\u1eafc k\u00fd \u0111\u00e3 l\u1ef1a ch\u1ecdn\n", "T\u00ean pic Th\u1eddi gian l\u01b0u (ph\u00fat) H\u1ec7 s\u1ed1 k\u00e9o \u0111u\u00f4i S\u1ed1 \u0111\u0129a l\u00fd thuy\u1ebft\n", "Rosuvastatin 14,9 1,0 13560\n", "B\u1ea3ng 2.\n", "K\u1ebft qu\u1ea3 \u0111\u1ed9 th\u00edch h\u1ee3p c\u1ee7a h\u1ec7 th\u1ed1ng v\u1edbi rosuvastatin\n", "STT Th\u1eddi gian l\u01b0u (ph\u00fat) Di\u1ec7n t\u00edch (mAU.s) H\u1ec7 s\u1ed1 k\u00e9o \u0111u\u00f4i 1 14,941 6455293 1,050 2 14,910 6451753 1,050 3 14,911 6447420 1,050 4 14,904 6446513 1,051 5 14,901 6449152 1,050 6 14,889 6446564 1,051\n", "Trung b\u00ecnh 14,909 6449449 1,050\n", "SD 0,017 3482 0,001\n", "RSD (%) 0,12 0,05 0,05 0.0 5.0 10.0 15.0 min -50 mAU 242nm,4nm (1.00)\n", "R o su va st a tin /1 .8\n", "H\u00ecnh 2.\n", "S\u1eafc k\u00fd \u0111\u1ed3 c\u1ee7a m\u1eabu placebo (A) v\u00e0 m\u1eabu chu\u1ea9n (B).\n", "H\u00ecnh 3.\n", "Ph\u1ed5 UV m\u1eabu chu\u1ea9n (A) v\u00e0 ph\u1ed5 UV m\u1eabu th\u1eed (B).\n", "3.2.1.\n", "\u0110\u1ed9 th\u00edch h\u1ee3p h\u1ec7 th\u1ed1ng\n", "Ti\u1ebfn h\u00e0nh ti\u00eam s\u1eafc k\u00fd l\u1eb7p l\u1ea1i 06 l\u1ea7n dung d\u1ecbch chu\u1ea9n rosuvastatin n\u1ed3ng \u0111\u1ed9 150 \u00b5g/ml.\n", "K\u1ebft qu\u1ea3 \u0111\u01b0\u1ee3c tr\u00ecnh b\u00e0y \u1edf B\u1ea3ng 2.\n", "Gi\u00e1 tr\u1ecb RSD c\u1ee7a th\u1eddi gian l\u01b0u \u2264 1,0% v\u00e0 di\u1ec7n t\u00edch pic \u2264 2,0%.\n", "V\u00ec v\u1eady, t\u00ednh th\u00edch h\u1ee3p c\u1ee7a h\u1ec7 th\u1ed1ng HPLC \u0111\u1ea1t y\u00eau c\u1ea7u \u0111\u1ec3 ti\u1ebfn h\u00e0nh ph\u00e2n t\u00edch.\n", "3.2.2.\n", "\u0110\u1ed9 \u0111\u1eb7c hi\u1ec7u c\u1ee7a ph\u01b0\u01a1ng ph\u00e1p\n", "Tr\u00ean s\u1eafc k\u00fd \u0111\u1ed3 c\u1ee7a dung m\u00f4i pha m\u1eabu v\u00e0 c\u1ee7a m\u1eabu placebo \u1edf b\u01b0\u1edbc s\u00f3ng 242 nm kh\u00f4ng xu\u1ea5t hi\u1ec7n pic c\u00f3 th\u1eddi gian l\u01b0u t\u01b0\u01a1ng \u1ee9ng v\u1edbi rosuvastatin tr\u00ean s\u1eafc k\u00fd \u0111\u1ed3 c\u1ee7a m\u1eabu chu\u1ea9n.\n", "S\u1eafc k\u00fd \u0111\u1ed3 dung d\u1ecbch th\u1eed cho pic ch\u00ednh c\u00f3 th\u1eddi gian l\u01b0u t\u01b0\u01a1ng \u1ee9ng v\u1edbi th\u1eddi gian l\u01b0u c\u1ee7a pic rosuvastatin thu \u0111\u01b0\u1ee3c t\u1eeb s\u1eafc k\u00fd \u0111\u1ed3 c\u1ee7a dung d\u1ecbch chu\u1ea9n (H\u00ecnh 2).\n", "Ph\u1ed5 UV c\u1ee7a pic ch\u00ednh tr\u00ean s\u1eafc k\u00fd \u0111\u1ed3 c\u1ee7a dung d\u1ecbch th\u1eed ph\u00f9 h\u1ee3p v\u1edbi ph\u1ed5 UV c\u1ee7a pic rosuvastatin tr\u00ean s\u1eafc k\u00fd \u0111\u1ed3 dung d\u1ecbch chu\u1ea9n (H\u00ecnh 3).\n", "Nh\u01b0 v\u1eady, ph\u01b0\u01a1ng ph\u00e1p \u0111\u1ecbnh l\u01b0\u1ee3ng rosuvastatin trong ch\u1ebf ph\u1ea9m l\u00e0 \u0111\u1eb7c hi\u1ec7u.\n", "3.2.3.\n", "Kho\u1ea3ng tuy\u1ebfn t\u00ednh\n", "Chu\u1ea9n b\u1ecb dung d\u1ecbch rosuvastatin c\u00f3 n\u1ed3ng \u0111\u1ed9 500 \u00b5g/ml trong dung m\u00f4i.\n", "Pha lo\u00e3ng dung d\u1ecbch n\u00e0y trong dung m\u00f4i \u0111\u1ec3 thu \u0111\u01b0\u1ee3c d\u00e3y 5 dung d\u1ecbch c\u00f3 n\u1ed3ng \u0111\u1ed9 l\u1ea7n l\u01b0\u1ee3t l\u00e0 50, 100, 150, 200, 250 \u00b5g/ml.\n", "Kh\u1ea3o s\u00e1t s\u1ef1 t\u01b0\u01a1ng quan gi\u1eefa y (di\u1ec7n t\u00edch pic) v\u00e0 x (n\u1ed3ng \u0111\u1ed9) b\u1eb1ng ph\u01b0\u01a1ng ph\u00e1p b\u00ecnh ph\u01b0\u01a1ng t\u1ed1i thi\u1ec3u, k\u1ebft qu\u1ea3 cho th\u1ea5y c\u00f3 s\u1ef1 t\u01b0\u01a1ng quan tuy\u1ebfn t\u00ednh gi\u1eefa n\u1ed3ng \u0111\u1ed9 v\u00e0 di\u1ec7n t\u00edch pic \u0111\u1ed1i v\u1edbi rosuvastatin.\n", "K\u1ebft qu\u1ea3 ph\u01b0\u01a1ng tr\u00ecnh h\u1ed3i quy l\u00e0 y = 42802,176x + 20161,200; h\u1ec7 s\u1ed1 t\u01b0\u01a1ng quan R = 1,0000.\n", "Nh\u01b0 v\u1eady, trong kho\u1ea3ng n\u1ed3ng \u0111\u1ed9 \u0111\u01b0\u1ee3c kh\u1ea3o s\u00e1t c\u00f3 s\u1ef1 t\u01b0\u01a1ng quan tuy\u1ebfn t\u00ednh ch\u1eb7t ch\u1ebd gi\u1eefa di\u1ec7n t\u00edch pic v\u00e0 n\u1ed3ng \u0111\u1ed9 dung d\u1ecbch v\u1edbi h\u1ec7 s\u1ed1 t\u01b0\u01a1ng quan b\u1eb1ng 1.\n", "0.0 5.0 10.0 15.0 min -2.5 mAU 242nm,4nm (1.00)\n", "A 0.0 5.0 10.0 15.0 min -50 mAU 242nm,4nm (1.00)\n", "R o s u v a s ta ti n /1 .8\n", "B 250 500 nm mAU 14.82/ 1.00\n", "A 250 500 nm mAU 14.89/ 1.00\n", "B 3.2.4.\n", "\u0110\u1ed9 \u0111\u00fang\n", "\u0110\u1ed9 \u0111\u00fang \u0111\u01b0\u1ee3c th\u1ea9m \u0111\u1ecbnh b\u1eb1ng c\u00e1ch chu\u1ea9n b\u1ecb c\u00e1c m\u1eabu c\u00f3 n\u1ed3ng \u0111\u1ed9 70%; 100%; 130% so v\u1edbi n\u1ed3ng \u0111\u1ed9 \u0111\u1ecbnh l\u01b0\u1ee3ng trong n\u1ec1n m\u1eabu placebo, m\u1ed7i m\u1ee9c n\u1ed3ng \u0111\u1ed9 l\u00e0m 03 m\u1eabu \u0111\u1ed9c l\u1eadp.\n", "\u0110\u1ed9 \u0111\u00fang \u0111\u01b0\u1ee3c t\u00ednh b\u1eb1ng t\u1ef7 l\u1ec7 ph\u1ea7n tr\u0103m gi\u1eefa n\u1ed3ng \u0111\u1ed9 x\u00e1c \u0111\u1ecbnh \u0111\u01b0\u1ee3c t\u1eeb th\u1ef1c nghi\u1ec7m so v\u1edbi n\u1ed3ng \u0111\u1ed9 l\u00fd thuy\u1ebft c\u1ee7a dung d\u1ecbch chu\u1ea9n.\n", "M\u1ed7i m\u1ee9c n\u1ed3ng \u0111\u1ed9 c\u00e2n 3 b\u00ecnh chu\u1ea9n v\u00e0 placebo g\u1ed1c \u0111\u1ed9c l\u1eadp.\n", "K\u1ebft qu\u1ea3 \u0111\u01b0\u1ee3c tr\u00ecnh b\u00e0y \u1edf B\u1ea3ng 3.\n", "K\u1ebft qu\u1ea3 thu \u0111\u01b0\u1ee3c cho th\u1ea5y ph\u01b0\u01a1ng ph\u00e1p \u0111\u1ea1t y\u00eau c\u1ea7u v\u1edbi gi\u00e1 tr\u1ecb \u0111\u1ed9 \u0111\u00fang \u0111\u1ec1u n\u1eb1m trong kho\u1ea3ng 100 \u00b1 2% v\u00e0 gi\u00e1 tr\u1ecb RSD \u0111\u1ec1u nh\u1ecf h\u01a1n 2%, ch\u1ee9ng t\u1ecf ph\u01b0\u01a1ng ph\u00e1p \u0111\u1ea1t y\u00eau c\u1ea7u v\u1ec1 \u0111\u1ed9 \u0111\u00fang.\n", "B\u1ea3ng 3.\n", "K\u1ebft qu\u1ea3 \u0111\u1ed9 \u0111\u00fang c\u1ee7a ph\u01b0\u01a1ng ph\u00e1p \u0111\u1ecbnh l\u01b0\u1ee3ng\n", "M\u1eabu % thu h\u1ed3i RSD (%) 70% (n=3) 99,68 1,08 100% (n=3) 99,26 0,56 130% (n=3) 99,18 1,01\n", "Trung b\u00ecnh (n=9) 99,37 0,82 3.2.5.\n", "\u0110\u1ed9 ch\u00ednh x\u00e1c\n", "\u0110\u1ed9 l\u1eb7p l\u1ea1i: ti\u1ebfn h\u00e0nh ph\u00e2n t\u00edch \u0111\u1ecbnh l\u01b0\u1ee3ng 6 m\u1eabu th\u1eed c\u00f3 n\u1ed3ng \u0111\u1ed9 \u0111\u1ecbnh l\u01b0\u1ee3ng trong c\u00f9ng 1 ng\u00e0y.\n", "K\u1ebft qu\u1ea3 \u0111\u01b0\u1ee3c tr\u00ecnh b\u00e0y \u1edf B\u1ea3ng 4.\n", "Gi\u00e1 tr\u1ecb\n", "RSD (%) k\u1ebft qu\u1ea3 \u0111\u1ecbnh l\u01b0\u1ee3ng h\u00e0m l\u01b0\u1ee3ng ho\u1ea1t ch\u1ea5t c\u00f3 trong c\u00e1c m\u1eabu th\u1eed \u2264 2,0 %.\n", "Do v\u1eady, ph\u01b0\u01a1ng ph\u00e1p \u0111\u1ecbnh l\u01b0\u1ee3ng \u0111\u1ea1t y\u00eau c\u1ea7u v\u1ec1 \u0111\u1ed9 l\u1eb7p l\u1ea1i.\n", "B\u1ea3ng 4.\n", "K\u1ebft qu\u1ea3 \u0111\u1ed9 l\u1eb7p l\u1ea1i c\u1ee7a ph\u01b0\u01a1ng ph\u00e1p \u0111\u1ecbnh l\u01b0\u1ee3ng\n", "M\u1eabu th\u1eed\n", "Di\u1ec7n t\u00edch pic (mAu.s)\n", "K\u1ebft qu\u1ea3 \u0111\u1ecbnh l\u01b0\u1ee3ng (%) 1 6986477 103,14 2 6318320 101,87 3 7200849 102,91 4 6755633 102,29 5 6604428 100,63 6 6538610 102,41\n", "Trung b\u00ecnh 102,21\n", "RSD (%) 0,88\n", "\u0110\u1ed9 ch\u00ednh x\u00e1c trung gian: ti\u1ebfn h\u00e0nh nh\u01b0 \u0111\u1ed9 l\u1eb7p l\u1ea1i, nh\u01b0ng kh\u00e1c ng\u00e0y, kh\u00e1c ng\u01b0\u1eddi th\u1ef1c hi\u1ec7n.\n", "K\u1ebft qu\u1ea3 \u0111\u01b0\u1ee3c tr\u00ecnh b\u00e0y \u1edf B\u1ea3ng 5.\n", "K\u1ebft qu\u1ea3 cho th\u1ea5y gi\u00e1 tr\u1ecb RSD c\u1ee7a 12 m\u1eabu \u0111\u1ec1u nh\u1ecf h\u01a1n 2%.\n", "Nh\u01b0 v\u1eady, ph\u01b0\u01a1ng ph\u00e1p \u0111\u1ea3m b\u1ea3o \u0111\u1ed9 ch\u00ednh x\u00e1c v\u1edbi\n", "RSD c\u1ee7a \u0111\u1ed9 l\u1eb7p l\u1ea1i v\u00e0 \u0111\u1ed9 ch\u00ednh x\u00e1c trung gian \u0111\u1ec1u nh\u1ecf h\u01a1n 2%.\n", "B\u1ea3ng 5.\n", "K\u1ebft qu\u1ea3 \u0111\u1ed9 ch\u00ednh x\u00e1c trung gian c\u1ee7a ph\u01b0\u01a1ng ph\u00e1p \u0111\u1ecbnh l\u01b0\u1ee3ng\n", "STT\n", "Ng\u00e0y 1 Ng\u00e0y 2\n", "K\u1ebft qu\u1ea3 \u0111\u1ecbnh l\u01b0\u1ee3ng (%) 1 103,14 101,68 2 101,87 101,80 3 102,91 102,19 4 102,29 102,34 5 100,63 100,11 6 102,41 102,34\n", "Trung b\u00ecnh (%) (n=12) 101,98\n", "RSD (%) (n=12) 0,85 3.3.\n", "K\u1ebft qu\u1ea3 th\u1ea9m \u0111\u1ecbnh ph\u01b0\u01a1ng ph\u00e1p x\u00e1c \u0111\u1ecbnh t\u1ef7 l\u1ec7 d\u01b0\u1ee3c ch\u1ea5t trong pha d\u1ea7u\n", "X\u00e1c \u0111\u1ecbnh \u0111i\u1ec1u ki\u1ec7n \u0111o quang:\n", "\u0110i\u1ec1u ki\u1ec7n \u0111o \u0111\u1ed9 h\u1ea5p th\u1ee5 cho ch\u1ec9 ti\u00eau t\u1ef7 l\u1ec7 d\u01b0\u1ee3c ch\u1ea5t trong pha d\u1ea7u: ti\u1ebfn h\u00e0nh \u0111o \u0111\u1ed9 h\u1ea5p th\u1ee5 dung d\u1ecbch rosuvastatin chu\u1ea9n n\u1ed3ng \u0111\u1ed9 12 \u00b5g/ml trong dung m\u00f4i ACN: n\u01b0\u1edbc v\u1edbi t\u1ef7 l\u1ec7 25: 75; c\u00e0i \u0111\u1eb7t b\u01b0\u1edbc s\u00f3ng l\u00e0 242 nm, \u0111\u1ed3ng th\u1eddi qu\u00e9t ph\u1ed5 h\u1ea5p th\u1ee5 trong kho\u1ea3ng 200-800 nm.\n", "K\u1ebft qu\u1ea3 \u0111\u1ed9 h\u1ea5p th\u1ee5 dung d\u1ecbch kho\u1ea3ng 0,5 Abs.\n", "3.3.1.\n", "\u0110\u1ed9 th\u00edch h\u1ee3p h\u1ec7 th\u1ed1ng\n", "B\u1ea3ng 6.\n", "K\u1ebft qu\u1ea3 \u0111\u1ed9 th\u00edch h\u1ee3p h\u1ec7 th\u1ed1ng\n", "STT \u0110\u1ed9 h\u1ea5p th\u1ee5 1 0,495 2 0,495 3 0,495 4 0,495 5 0,495 6 0,495\n", "Trung b\u00ecnh 0,495\n", "RSD (%) 0,00\n", "\u0110o \u0111\u1ed9 h\u1ea5p th\u1ee5 c\u1ee7a dung d\u1ecbch chu\u1ea9n 6 l\u1ea7n.\n", "Ghi l\u1ea1i c\u00e1c gi\u00e1 tr\u1ecb \u0111\u1ed9 h\u1ea5p th\u1ee5.\n", "K\u1ebft qu\u1ea3 \u0111\u01b0\u1ee3c tr\u00ecnh b\u00e0y \u1edf B\u1ea3ng 6.\n", "Gi\u00e1 tr\u1ecb RSD\u0111\u1ed9 h\u1ea5p th\u1ee5 < 2,0 %, v\u00ec v\u1eady, h\u1ec7 th\u1ed1ng ph\u00f9 h\u1ee3p \u0111\u1ec3 \u0111\u1ecbnh l\u01b0\u1ee3ng rosuvastatin trong ch\u1ebf ph\u1ea9m.\n", "3.3.2.\n", "\u0110\u1ed9 \u0111\u1eb7c hi\u1ec7u c\u1ee7a ph\u01b0\u01a1ng ph\u00e1p\n", "K\u1ebft qu\u1ea3 cho th\u1ea5y, dung m\u00f4i pha m\u1eabu v\u00e0 m\u1eabu placebo \u0111\u1ec1u kh\u00f4ng h\u1ea5p th\u1ee5 t\u1ea1i b\u01b0\u1edbc s\u00f3ng 242 nm.\n", "Ph\u1ed5 UV c\u1ee7a m\u1eabu th\u1eed gi\u1ed1ng v\u1edbi ph\u1ed5 UV c\u1ee7a m\u1eabu chu\u1ea9n rosuvastatin, cho c\u1ef1c \u0111\u1ea1i h\u1ea5p th\u1ee5 t\u01b0\u01a1ng t\u1ef1 nhau.\n", "Nh\u01b0 v\u1eady, ph\u01b0\u01a1ng ph\u00e1p x\u00e1c \u0111\u1ecbnh t\u1ef7 l\u1ec7 d\u01b0\u1ee3c ch\u1ea5t trong pha d\u1ea7u l\u00e0 \u0111\u1eb7c hi\u1ec7u.\n", "3.3.3.\n", "Kho\u1ea3ng tuy\u1ebfn t\u00ednh\n", "Chu\u1ea9n b\u1ecb dung d\u1ecbch rosuvastatin c\u00f3 n\u1ed3ng \u0111\u1ed9 750 \u00b5g/ml trong dung m\u00f4i.\n", "Pha lo\u00e3ng dung d\u1ecbch n\u00e0y trong dung m\u00f4i \u0111\u1ec3 thu \u0111\u01b0\u1ee3c d\u00e3y 5 dung d\u1ecbch c\u00f3 n\u1ed3ng \u0111\u1ed9 l\u1ea7n l\u01b0\u1ee3t l\u00e0 6, 9, 12, 15, 18 \u00b5g/ml.\n", "Kh\u1ea3o s\u00e1t s\u1ef1 t\u01b0\u01a1ng quan gi\u1eefa y (\u0111\u1ed9 h\u1ea5p th\u1ee5) v\u00e0 x (n\u1ed3ng \u0111\u1ed9) b\u1eb1ng ph\u01b0\u01a1ng ph\u00e1p b\u00ecnh ph\u01b0\u01a1ng t\u1ed1i thi\u1ec3u, k\u1ebft qu\u1ea3 cho th\u1ea5y c\u00f3 s\u1ef1 t\u01b0\u01a1ng quan tuy\u1ebfn t\u00ednh gi\u1eefa n\u1ed3ng \u0111\u1ed9 v\u00e0 \u0111\u1ed9 h\u1ea5p th\u1ee5 \u0111\u1ed1i v\u1edbi rosuvastatin.\n", "K\u1ebft qu\u1ea3 ph\u01b0\u01a1ng tr\u00ecnh h\u1ed3i quy l\u00e0 y = 0,042x + 0,010; h\u1ec7 s\u1ed1 t\u01b0\u01a1ng quan R = 0,9998.\n", "Nh\u01b0 v\u1eady, trong kho\u1ea3ng n\u1ed3ng \u0111\u1ed9 \u0111\u01b0\u1ee3c kh\u1ea3o s\u00e1t c\u00f3 s\u1ef1 t\u01b0\u01a1ng quan tuy\u1ebfn t\u00ednh ch\u1eb7t ch\u1ebd gi\u1eefa \u0111\u1ed9 h\u1ea5p th\u1ee5 \u1edf b\u01b0\u1edbc s\u00f3ng 242 nm v\u00e0 n\u1ed3ng \u0111\u1ed9 dung d\u1ecbch v\u1edbi h\u1ec7 s\u1ed1 t\u01b0\u01a1ng quan x\u1ea5p x\u1ec9 b\u1eb1ng 1.\n", "3.3.4.\n", "\u0110\u1ed9 \u0111\u00fang\n", "B\u1ea3ng 7.\n", "K\u1ebft qu\u1ea3 \u0111\u1ed9 \u0111\u00fang c\u1ee7a ph\u01b0\u01a1ng ph\u00e1p x\u00e1c \u0111\u1ecbnh t\u1ef7 l\u1ec7 d\u01b0\u1ee3c ch\u1ea5t trong pha d\u1ea7u\n", "M\u1eabu % thu h\u1ed3i RSD (%) 70% (n=3) 99,07 0,86 100% (n=3) 99,13 0,43 130% (n=3) 100,39 0,60\n", "Trung b\u00ecnh (n=9) 99,53 0,86\n", "\u0110\u1ed9 \u0111\u00fang \u0111\u01b0\u1ee3c th\u1ea9m \u0111\u1ecbnh b\u1eb1ng c\u00e1ch chu\u1ea9n b\u1ecb c\u00e1c m\u1eabu c\u00f3 n\u1ed3ng \u0111\u1ed9 70%; 100%; 130% so v\u1edbi n\u1ed3ng \u0111\u1ed9 \u0111\u1ecbnh l\u01b0\u1ee3ng trong n\u1ec1n m\u1eabu placebo, m\u1ed7i m\u1ee9c n\u1ed3ng \u0111\u1ed9 l\u00e0m 03 m\u1eabu \u0111\u1ed9c l\u1eadp.\n", "\u0110\u1ed9 \u0111\u00fang \u0111\u01b0\u1ee3c t\u00ednh b\u1eb1ng t\u1ef7 l\u1ec7 ph\u1ea7n tr\u0103m gi\u1eefa n\u1ed3ng \u0111\u1ed9 x\u00e1c \u0111\u1ecbnh \u0111\u01b0\u1ee3c t\u1eeb th\u1ef1c nghi\u1ec7m so v\u1edbi n\u1ed3ng \u0111\u1ed9 l\u00fd thuy\u1ebft c\u1ee7a dung d\u1ecbch chu\u1ea9n.\n", "M\u1ed7i m\u1ee9c n\u1ed3ng \u0111\u1ed9 c\u00e2n 01 b\u00ecnh chu\u1ea9n v\u00e0 placebo g\u1ed1c.\n", "T\u1eeb dung d\u1ecbch chu\u1ea9n g\u1ed1c pha lo\u00e3ng l\u00e0m 03 m\u1eabu \u0111\u1ed9c l\u1eadp.\n", "K\u1ebft qu\u1ea3 \u0111\u01b0\u1ee3c tr\u00ecnh b\u00e0y \u1edf B\u1ea3ng 7.\n", "K\u1ebft qu\u1ea3 thu \u0111\u01b0\u1ee3c cho th\u1ea5y ph\u01b0\u01a1ng ph\u00e1p \u0111\u1ea1t y\u00eau c\u1ea7u v\u1edbi gi\u00e1 tr\u1ecb \u0111\u1ed9 \u0111\u00fang \u0111\u1ec1u n\u1eb1m trong kho\u1ea3ng 100 \u00b1 2% v\u00e0 gi\u00e1 tr\u1ecb RSD \u0111\u1ec1u nh\u1ecf h\u01a1n 2%, ch\u1ee9ng t\u1ecf ph\u01b0\u01a1ng ph\u00e1p \u0111\u1ea1t y\u00eau c\u1ea7u v\u1ec1 \u0111\u1ed9 \u0111\u00fang.\n", "3.3.5.\n", "\u0110\u1ed9 ch\u00ednh x\u00e1c\n", "\u0110\u1ed9 l\u1eb7p l\u1ea1i: ti\u1ebfn h\u00e0nh ph\u00e2n t\u00edch \u0111\u1ecbnh l\u01b0\u1ee3ng 6 m\u1eabu th\u1eed c\u00f3 n\u1ed3ng \u0111\u1ed9 \u0111\u1ecbnh l\u01b0\u1ee3ng trong c\u00f9ng 1 ng\u00e0y.\n", "K\u1ebft qu\u1ea3 \u0111\u01b0\u1ee3c tr\u00ecnh b\u00e0y \u1edf B\u1ea3ng 8.\n", "Gi\u00e1 tr\u1ecb\n", "RSD (%) k\u1ebft qu\u1ea3 \u0111\u1ecbnh l\u01b0\u1ee3ng h\u00e0m l\u01b0\u1ee3ng ho\u1ea1t ch\u1ea5t c\u00f3 trong c\u00e1c m\u1eabu th\u1eed \u2264 2,0 %.\n", "Do v\u1eady, ph\u01b0\u01a1ng ph\u00e1p \u0111\u1ecbnh l\u01b0\u1ee3ng \u0111\u1ea1t y\u00eau c\u1ea7u v\u1ec1 \u0111\u1ed9 l\u1eb7p l\u1ea1i.\n", "B\u1ea3ng 8.\n", "K\u1ebft qu\u1ea3 \u0111\u1ed9 l\u1eb7p l\u1ea1i c\u1ee7a ph\u01b0\u01a1ng ph\u00e1p x\u00e1c \u0111\u1ecbnh t\u1ef7 l\u1ec7 d\u01b0\u1ee3c ch\u1ea5t trong pha d\u1ea7u\n", "M\u1eabu th\u1eed\n", "\u0110\u1ed9 h\u1ea5p th\u1ee5 (Abs.)\n", "K\u1ebft qu\u1ea3 \u0111\u1ecbnh l\u01b0\u1ee3ng (%) 1 0,513 101,55 2 0,577 102,76 3 0,538 102,29 4 0,513 99,87 5 0,521 101,49 6 0,515 101,79\n", "Trung b\u00ecnh 102,21\n", "RSD (%) 0,88\n", "\u0110\u1ed9 ch\u00ednh x\u00e1c trung gian: ti\u1ebfn h\u00e0nh nh\u01b0 \u0111\u1ed9 l\u1eb7p l\u1ea1i, nh\u01b0ng kh\u00e1c ng\u00e0y, kh\u00e1c ng\u01b0\u1eddi th\u1ef1c hi\u1ec7n.\n", "K\u1ebft qu\u1ea3 \u0111\u01b0\u1ee3c tr\u00ecnh b\u00e0y \u1edf B\u1ea3ng 9.\n", "K\u1ebft qu\u1ea3 cho th\u1ea5y gi\u00e1 tr\u1ecb RSD c\u1ee7a 12 m\u1eabu \u0111\u1ec1u nh\u1ecf h\u01a1n 2%.\n", "Nh\u01b0 v\u1eady, ph\u01b0\u01a1ng ph\u00e1p \u0111\u1ea3m b\u1ea3o \u0111\u1ed9 ch\u00ednh x\u00e1c v\u1edbi RSD c\u1ee7a \u0111\u1ed9 l\u1eb7p l\u1ea1i v\u00e0 \u0111\u1ed9 ch\u00ednh x\u00e1c trung gian \u0111\u1ec1u nh\u1ecf h\u01a1n 2%.\n", "B\u1ea3ng 9.\n", "K\u1ebft qu\u1ea3 \u0111\u1ed9 ch\u00ednh x\u00e1c trung gian c\u1ee7a ph\u01b0\u01a1ng ph\u00e1p x\u00e1c \u0111\u1ecbnh t\u1ef7 l\u1ec7 d\u01b0\u1ee3c ch\u1ea5t trong pha d\u1ea7u\n", "STT\n", "Ng\u00e0y 1 Ng\u00e0y 2\n", "K\u1ebft qu\u1ea3 \u0111\u1ecbnh l\u01b0\u1ee3ng (%) 1 101,55 103,63 2 102,76 102,72 3 102,29 101,50 4 99,87 102,40 5 101,49 102,40 6 101,79 103,35\n", "Trung b\u00ecnh (%) (n=12) 102,14\n", "RSD (%) (n=12) 0,98\n", "Nh\u01b0 v\u1eady, quy tr\u00ecnh \u0111\u1ecbnh t\u00ednh, \u0111\u1ecbnh l\u01b0\u1ee3ng, x\u00e1c \u0111\u1ecbnh t\u1ef7 l\u1ec7 d\u01b0\u1ee3c ch\u1ea5t trong pha d\u1ea7u \u0111\u00e1p \u1ee9ng y\u00eau c\u1ea7u v\u1ec1 \u0111\u1ed9 th\u00edch h\u1ee3p h\u1ec7 th\u1ed1ng, \u0111\u1ed9 \u0111\u1eb7c hi\u1ec7u, kho\u1ea3ng tuy\u1ebfn t\u00ednh, \u0111\u1ed9 \u0111\u00fang, \u0111\u1ed9 ch\u00ednh x\u00e1c ph\u00f9 h\u1ee3p \u0111\u1ec3 \u00e1p d\u1ee5ng cho SNEDDS rosuvastatin.\n", "3.4.\n", "\u0110\u1ed9 \u1ed5n \u0111\u1ecbnh c\u1ee7a SNEDDS rosuvastatin\n", "\u00c1p d\u1ee5ng ti\u00eau chu\u1ea9n ch\u1ea5t l\u01b0\u1ee3ng \u0111\u00e3 x\u00e2y d\u1ef1ng \u1edf tr\u00ean \u0111\u1ec3 \u0111\u00e1nh gi\u00e1 \u0111\u1ed9 \u1ed5n \u0111\u1ecbnh c\u1ee7a SNEDDS rosuvastatin.\n", "M\u1eabu SNEDDS b\u00e0o ch\u1ebf \u0111\u01b0\u1ee3c c\u00f3 th\u1ec3 ch\u1ea5t trong su\u1ed1t, \u0111\u1ed3ng nh\u1ea5t, kh\u00f4ng c\u00f3 b\u1ecdt kh\u00ed.\n", "\u0110o k\u00edch th\u01b0\u1edbc gi\u1ecdt (KTG) v\u00e0 ph\u00e2n b\u1ed1 k\u00edch th\u01b0\u1edbc gi\u1ecdt (PDI) c\u1ee7a SNEDDS tr\u00ean m\u00e1y Zetasizer\n", "ZS90 \u0111\u00e3 \u0111\u01b0\u1ee3c hi\u1ec7u chu\u1ea9n \u0111\u1ecbnh k\u1ef3.\n", "K\u1ebft qu\u1ea3 nghi\u00ean c\u1ee9u cho th\u1ea5y s\u1ea3n ph\u1ea9m \u0111\u1ea1t c\u00e1c y\u00eau c\u1ea7u ch\u1ea5t l\u01b0\u1ee3ng \u0111\u00e3 x\u00e2y d\u1ef1ng sau kho\u1ea3ng th\u1eddi gian b\u1ea3o qu\u1ea3n \u1edf c\u1ea3 \u0111i\u1ec1u ki\u1ec7n d\u00e0i h\u1ea1n v\u00e0 l\u00e3o ho\u00e1 c\u1ea5p t\u1ed1c (B\u1ea3ng 10 v\u00e0 11): kh\u00f4ng c\u00f3 s\u1ef1 thay \u0111\u1ed5i v\u1ec1 h\u00ecnh th\u1ee9c, KTG v\u00e0 PDI \u0111\u1ec1u n\u1eb1m trong gi\u1edbi h\u1ea1n ti\u00eau chu\u1ea9n \u0111\u00e3 x\u00e2y d\u1ef1ng v\u1edbi t\u1ef7 l\u1ec7 d\u01b0\u1ee3c ch\u1ea5t trong pha d\u1ea7u \u0111\u01b0\u1ee3c duy tr\u00ec \u1edf m\u1ee9c > 90%, h\u00e0m l\u01b0\u1ee3ng d\u01b0\u1ee3c ch\u1ea5t \u1edf c\u00e1c th\u1eddi \u0111i\u1ec3m \u0111\u00e1nh gi\u00e1 \u0111\u1ec1u n\u1eb1m trong gi\u1edbi h\u1ea1n 95% \u2013 105% so v\u1edbi nh\u00e3n.\n", "Nh\u01b0 v\u1eady, SNEDDS rosuvastatin \u0111\u00e3 b\u00e0o ch\u1ebf \u1ed5n \u0111\u1ecbnh v\u00e0 c\u00f3 th\u1ec3 ti\u1ebfp t\u1ee5c nghi\u00ean c\u1ee9u \u1ee9ng d\u1ee5ng\n", "SNEDDS rosuvastatin v\u00e0o c\u00e1c d\u1ea1ng b\u00e0o ch\u1ebf d\u00f9ng theo \u0111\u01b0\u1eddng u\u1ed1ng nh\u01b0 thu\u1ed1c nang m\u1ec1m, nang c\u1ee9ng,...\n", "B\u1ea3ng 10.\n", "K\u1ebft qu\u1ea3 theo d\u00f5i \u0111\u1ed9 \u1ed5n \u0111\u1ecbnh c\u1ee7a SNEDDS rosuvastatin \u1edf \u0111i\u1ec1u ki\u1ec7n d\u00e0i h\u1ea1n (n = 3, TB\u00b1 SD)\n", "\u0110\u1eb7c t\u00ednh Ban \u0111\u1ea7u Sau 3 th\u00e1ng Sau 6 th\u00e1ng Sau 12 th\u00e1ng Y\u00eau c\u1ea7u\n", "H\u00ecnh th\u1ee9c \u0110\u1ea1t \u0110\u1ea1t \u0110\u1ea1t \u0110\u1ea1t\n", "KTG (nm) 15,64 \u00b1 0,42 15,76 \u00b1 0,56 7,21 \u00b1 0,28 16,37 \u00b1 0,31 \u2264 200 nm\n", "PDI 0,236 \u00b1 0,015 0,230 \u00b1 0,018 0,201\u00b1 0,011 0,189 \u00b1 0,002 \u2264 0,3\n", "T\u1ef7 l\u1ec7 d\u01b0\u1ee3c ch\u1ea5t trong pha d\u1ea7u (%) 93,68 \u00b1 0,18 93,26 \u00b1 0,54 92,50 \u00b1 0,12 91,48 \u00b1 0,95 \u2265 90\n", "H\u00e0m l\u01b0\u1ee3ng rosuvastatin trong\n", "SNEDDS (%) 101,99 \u00b1 0,54 101,89 \u00b1 1,12 99,31 \u00b1 0,32 97,66 \u00b1 1,09 95-105% h\u00e0m l\u01b0\u1ee3ng l\u00fd thuy\u1ebft\n", "B\u1ea3ng 11.\n", "K\u1ebft qu\u1ea3 theo d\u00f5i \u0111\u1ed9 \u1ed5n \u0111\u1ecbnh c\u1ee7a SNEDDS rosuvastatin \u1edf \u0111i\u1ec1u ki\u1ec7n l\u00e3o ho\u00e1 c\u1ea5p t\u1ed1c (n = 3, TB \u00b1 SD)\n", "\u0110\u1eb7c t\u00ednh Ban \u0111\u1ea7u Sau 3 th\u00e1ng Sau 6 th\u00e1ng Y\u00eau c\u1ea7u\n", "H\u00ecnh th\u1ee9c \u0110\u1ea1t \u0110\u1ea1t \u0110\u1ea1t\n", "KTG (nm) 15,64 \u00b1 0,42 15,21 \u00b1 0,19 15,36 \u00b1 0,12 \u2264 200 nm\n", "PDI 0,236 \u00b1 0,015 0,229 \u00b1 0,031 0,242 \u00b1 0,062 \u2264 0,3\n", "T\u1ef7 l\u1ec7 d\u01b0\u1ee3c ch\u1ea5t trong pha d\u1ea7u (%) 93,68 \u00b1 0,18 93,22\u00b1 0,16 92,02 \u00b1 0,45 \u2265 90\n", "H\u00e0m l\u01b0\u1ee3ng rosuvastatin trong SNEDDS (%) 101,99 \u00b1 0,54 98,89 \u00b1 1,45 97,74 \u00b1 0,93 95-105% h\u00e0m l\u01b0\u1ee3ng l\u00fd thuy\u1ebft 4.\n", "K\u1ebft lu\u1eadn\n", "Nghi\u00ean c\u1ee9u \u0111\u00e3 x\u00e2y d\u1ef1ng \u0111\u01b0\u1ee3c ti\u00eau chu\u1ea9n ch\u1ea5t l\u01b0\u1ee3ng cho h\u1ec7 nano t\u1ef1 nh\u0169 ho\u00e1 rosuvastatin bao g\u1ed3m c\u00e1c ch\u1ec9 ti\u00eau t\u00ednh ch\u1ea5t, \u0111\u1ecbnh t\u00ednh, \u0111\u1ecbnh l\u01b0\u1ee3ng, x\u00e1c \u0111\u1ecbnh t\u1ef7 l\u1ec7 d\u01b0\u1ee3c ch\u1ea5t trong pha d\u1ea7u,\n", "KTG, PDI.\n", "C\u00e1c ch\u1ec9 ti\u00eau \u0111\u1ecbnh l\u01b0\u1ee3ng, x\u00e1c \u0111\u1ecbnh t\u1ef7 l\u1ec7 d\u01b0\u1ee3c ch\u1ea5t trong pha d\u1ea7u \u0111\u01b0\u1ee3c ti\u1ebfn h\u00e0nh th\u1ea9m \u0111\u1ecbnh c\u00e1c ti\u00eau ch\u00ed v\u1ec1 \u0111\u1ed9 th\u00edch h\u1ee3p h\u1ec7 th\u1ed1ng, \u0111\u1ed9 \u0111\u1eb7c hi\u1ec7u, kho\u1ea3ng tuy\u1ebfn t\u00ednh, \u0111\u1ed9 \u0111\u00fang, \u0111\u1ed9 ch\u00ednh x\u00e1c theo h\u01b0\u1edbng d\u1eabn c\u1ee7a ICH.\n", "Ph\u01b0\u01a1ng ph\u00e1p \u0111\u01b0\u1ee3c th\u1ea9m \u0111\u1ecbnh l\u00e0 c\u01a1 s\u1edf cho vi\u1ec7c ki\u1ec3m so\u00e1t v\u00e0 \u0111\u00e1nh gi\u00e1 ch\u1ea5t l\u01b0\u1ee3ng s\u1ea3n ph\u1ea9m b\u00e0o ch\u1ebf.\n", "SNEDDS rosuvastatin nghi\u00ean c\u1ee9u \u1ed5n \u0111\u1ecbnh sau 12 th\u00e1ng b\u1ea3o qu\u1ea3n \u1edf \u0111i\u1ec1u ki\u1ec7n d\u00e0i h\u1ea1n v\u00e0 6 th\u00e1ng \u1edf \u0111i\u1ec1u ki\u1ec7n l\u00e3o ho\u00e1 c\u1ea5p t\u1ed1c.\n", "C\u00e1c ch\u1ec9 ti\u00eau ch\u1ea5t l\u01b0\u1ee3ng \u0111\u00e1nh gi\u00e1 theo ti\u00eau chu\u1ea9n \u0111\u00e3 x\u00e2y d\u1ef1ng \u0111\u1ec1u \u0111\u1ea1t c\u00e1c y\u00eau c\u1ea7u \u0111\u1ec1 ra.\n"]}, "Word count": 4404}