{"title": "Nghi\u00ean c\u1ee9u \u1ea3nh h\u01b0\u1edfng c\u1ee7a nhi\u1ec7t \u0111\u1ed9 v\u00e0 \u00e1nh s\u00e1ng t\u1edbi sinh tr\u01b0\u1edfng, ph\u00e1t tri\u1ec3n v\u00e0 h\u00e0m l\u01b0\u1ee3ng ho\u1ea1t ch\u1ea5t cordycepin c\u1ee7a n\u1ea5m\n", "content": {"0": ["T\u00f3m t\u1eaft\n", "Cordyceps militaris (L.) Link \u0111\u01b0\u1ee3c s\u1eed d\u1ee5ng r\u1ed9ng r\u00e3i trong y h\u1ecdc c\u1ed5 truy\u1ec1n \u1edf ch\u00e2u \u00c1 nh\u1edd c\u00f3 nhi\u1ec1u t\u00e1 d\u1ee5ng d\u01b0\u1ee3c l\u00fd quan tr\u1ecdng.\n", "Nu\u00f4i c\u1ea5y n\u1ea5m C.militaris \u0111\u01b0\u1ee3c nghi\u00ean c\u1ee9u r\u1ed9ng r\u00e3i nh\u1eb1m t\u1ea1o th\u1ec3 qu\u1ea3 \u0111\u1ea1t s\u1ed1 l\u01b0\u1ee3ng v\u00e0 ch\u1ea5t l\u01b0\u1ee3ng \u0111\u1ec3 s\u1eed d\u1ee5ng trong y h\u1ecdc v\u00e0 th\u1ef1c ph\u1ea9m b\u1ed5 d\u01b0\u1ee1ng.\n", "Nhi\u1ec7t \u0111\u1ed9 v\u00e0 \u00e1nh s\u00e1ng l\u00e0 hai trong nhi\u1ec1u y\u1ebfu t\u1ed1 m\u00f4i tr\u01b0\u1eddng quan tr\u1ecdng cho qu\u00e1 tr\u00ecnh sinh tr\u01b0\u1edfng, ph\u00e1t tri\u1ec3n h\u00ecnh th\u00e0nh th\u1ec3 qu\u1ea3 v\u00e0 sinh t\u1ed5ng h\u1ee3p h\u00e0m l\u01b0\u1ee3ng cordycepin c\u1ee7a n\u1ea5m Cordyceps militaris.\n", "Nghi\u00ean c\u1ee9u n\u00e0y \u0111\u01b0\u1ee3c ti\u1ebfn h\u00e0nh nh\u1eb1m \u0111\u00e1nh gi\u00e1 y\u1ebfu t\u1ed1 nhi\u1ec7t \u0111\u1ed9 v\u00e0 \u00e1nh s\u00e1ng \u0111\u1ebfn kh\u1ea3 n\u0103ng h\u00ecnh th\u00e0nh th\u1ec3 qu\u1ea3 v\u00e0 ho\u1ea1t ch\u1ea5t cordycepin c\u1ee7a n\u1ea5m Cordyceps militaris NBRC 100741 tr\u00ean nh\u1ed9ng t\u1eb1m.\n", "K\u1ebft qu\u1ea3 cho th\u1ea5y nhi\u1ec7t \u0111\u1ed9 t\u1ed1i \u01b0u cho cho s\u1ef1 sinh tr\u01b0\u1edfng, ph\u00e1t tri\u1ec3n, h\u00ecnh th\u00e0nh th\u1ec3 qu\u1ea3 v\u00e0 h\u00e0m l\u01b0\u1ee3ng cordycepin c\u1ee7a n\u1ea5m C.\n", "militaris tr\u00ean nh\u1ed9ng t\u1eb1m l\u00e0 25oC.\n", "Ngo\u00e0i ra, lo\u1ea1i \u00e1nh s\u00e1ng t\u1eeb \u0111\u00e8n compact (c\u00f4ng su\u1ea5t 20W, t\u01b0\u01a1ng \u0111\u01b0\u01a1ng 350 lx) v\u00e0 th\u1eddi gian chi\u1ebfu s\u00e1ng (12 gi\u1edd s\u00e1ng: 12 gi\u1edd t\u1ed1i) cho hi\u1ec7u su\u1ea5t h\u00ecnh th\u00e0nh th\u1ec3 qu\u1ea3 (s\u1ed1 l\u01b0\u1ee3ng v\u00e0 k\u00edch c\u1ee1) v\u00e0 h\u00e0m l\u01b0\u1ee3ng cordycepin cao h\u01a1n so v\u1edbi \u00e1nh s\u00e1ng t\u1eeb ngu\u1ed3n \u0111\u00e8n LED m\u00e0u xanh d\u01b0\u01a1ng, m\u00e0u \u0111\u1ecf (750 b\u00f3ng, m\u1ed7i b\u00f3ng c\u00f3 c\u00f4ng su\u1ea5t 0,05W, 716 lx).\n", "H\u00e0m l\u01b0\u1ee3ng cordycepin trong th\u1ec3 qu\u1ea3 t\u1eeb lo\u1ea1i \u00e1nh s\u00e1ng c\u1ee7a \u0111\u00e8n compact l\u00e0 4.54 mg/g.\n", "T\u1eeb kho\u00e1: Cordyceps militaris, nhi\u1ec7t \u0111\u1ed9, \u00e1nh s\u00e1ng, th\u1ec3 qu\u1ea3, nh\u1ed9ng t\u1eb1m.\n"], "1": ["1.\n", "\u0110\u1eb7t v\u1ea5n \u0111\u1ec1\n", "\u0110\u00f4ng tr\u00f9ng h\u1ea1 th\u1ea3o Cordyceps militaris c\u00f3 h\u00ecnh th\u1ee9c s\u1ed1ng k\u00fd sinh tr\u00ean c\u01a1 th\u1ec3 c\u00f4n tr\u00f9ng v\u00e0 s\u00e2u b\u1ecd [1].\n", "Cordyceps militaris l\u00e0 m\u1ed9t trong nh\u1eefng lo\u00e0i hi\u1ec7n \u0111ang thu h\u00fat m\u1ed1i quan t\u00e2m c\u1ee7a nhi\u1ec1u nh\u00e0 khoa h\u1ecdc, v\u00ec kh\u1ea3 n\u0103ng nu\u00f4i c\u1ea5y d\u1ec5 d\u00e0ng h\u01a1n trong \u0111i\u1ec1u ki\u1ec7n in vitro so v\u1edbi n\u1ea5m C.\n", "sinensis [2].\n", "Gi\u00e1 th\u1ec3 nh\u00e2n t\u1ea1o v\u00e0 gi\u00e1 th\u1ec3 t\u1ef1 nhi\u00ean l\u00e0 hai lo\u1ea1i m\u00f4i tr\u01b0\u1eddng ch\u00ednh m\u00e0 n\u1ea5m C.\n", "militaris c\u00f3 th\u1ec3 sinh tr\u01b0\u1edfng t\u1ea1o th\u1ec3 qu\u1ea3.\n", "M\u1ed9t s\u1ed1 lo\u1ea1i gi\u00e1 th\u1ec3 nh\u00e2n t\u1ea1o th\u01b0\u1eddng \u0111\u01b0\u1ee3c \u00e1p d\u1ee5ng trong nu\u00f4i c\u1ea5y n\u1ea5m C.\n", "militaris g\u1ed3m: m\u00f4i tr\u01b0\u1eddng\n", "SDAY c\u00f3 b\u1ed5 sung b\u1ed9t nh\u1ed9ng ho\u1eb7c t\u1eb1m, m\u00f4i\n", "SDAY ho\u1eb7c b\u1ed9t nh\u1ed9ng/t\u1eb1m...\n", "Gi\u00e1 th\u1ec3 t\u1ef1 nhi\u00ean ch\u00ednh l\u00e0 c\u01a1 th\u1ec3 t\u1eb1m d\u00e2u ho\u1eb7c nh\u1ed9ng [3].\n", "Kh\u1ea3 n\u0103ng sinh tr\u01b0\u1edfng v\u00e0 ph\u00e1t tri\u1ec3n c\u1ee7a n\u1ea5m C.\n", "militaris v\u00e0 h\u00e0m l\u01b0\u1ee3ng cordycepin tr\u00ean gi\u00e1 th\u1ec3 nh\u1ed9ng t\u1eb1m ph\u1ee5 thu\u1ed9c v\u00e0o r\u1ea5t nhi\u1ec1u y\u1ebfu t\u1ed1 trong \u0111\u00f3 c\u00f3 th\u1ec3 k\u1ec3 \u0111\u1ebfn nh\u01b0: nhi\u1ec7t \u0111\u1ed9 nu\u00f4i c\u1ea5y, lo\u1ea1i, c\u01b0\u1eddng \u0111\u1ed9 v\u00e0 th\u1eddi gian chi\u1ebfu s\u00e1ng, \u0111\u1ed9 \u1ea9m v\u00e0 tr\u1ea1ng th\u00e1i sinh l\u00fd c\u1ee7a nh\u1ed9ng, t\u1eb1m.\n", "\u0110\u1ec3 \u0111\u1ea3m b\u1ea3o s\u1ea3n ph\u1ea9m t\u1ea1o ra c\u00f3 h\u00e0m l\u01b0\u1ee3ng ho\u1ea1t ch\u1ea5t cao, c\u1ea7n x\u00e1c \u0111\u1ecbnh \u0111\u01b0\u1ee3c nhi\u1ec7t \u0111\u1ed9 t\u1ed1i \u01b0u cho s\u1ef1 sinh tr\u01b0\u1edfng v\u00e0 ph\u00e1t tri\u1ec3n c\u1ee7a n\u1ea5m tr\u00ean gi\u00e1 th\u1ec3 t\u1ef1 nhi\u00ean [3].\n", "Hi\u1ec7n nay, t\u1ea1i Vi\u1ec7t Nam c\u00f3 r\u1ea5t \u00edt c\u00e1c nghi\u00ean c\u1ee9u v\u1ec1 \u1ea3nh h\u01b0\u1edfng c\u1ee7a nhi\u1ec7t \u0111\u1ed9 v\u00e0 \u00e1nh s\u00e1ng t\u1edbi s\u1ef1 sinh tr\u01b0\u1edfng, ph\u00e1t tri\u1ec3n v\u00e0 h\u00e0m l\u01b0\u1ee3ng c\u00e1c h\u1ee3p ch\u1ea5t c\u00f3 ho\u1ea1t t\u00ednh sinh h\u1ecdc \u0111\u01b0\u1ee3c t\u1ed5ng h\u1ee3p b\u1edfi n\u1ea5m C.\n", "militaris.\n", "V\u00ec v\u1eady, ch\u00fang t\u00f4i ti\u1ebfn h\u00e0nh\n", "Nghi\u00ean c\u1ee9u \u1ea3nh h\u01b0\u1edfng c\u1ee7a nhi\u1ec7t \u0111\u1ed9 v\u00e0 \u00e1nh s\u00e1ng t\u1edbi s\u1ef1 sinh tr\u01b0\u1edfng, ph\u00e1t tri\u1ec3n v\u00e0 h\u00ecnh th\u00e0nh ho\u1ea1t ch\u1ea5t c\u1ee7a n\u1ea5m C.\n", "militaris nghi\u00ean c\u1ee9u tr\u00ean nh\u1ed9ng t\u1eb1m nh\u1eb1m x\u00e1c \u0111\u1ecbnh \u0111i\u1ec1u ki\u1ec7n t\u1ed1i \u01b0u cho qui tr\u00ecnh nu\u00f4i c\u1ea5y C.\n", "militaris.\n"], "2": ["2.\n", "Nguy\u00ean li\u1ec7u v\u00e0 ph\u01b0\u01a1ng ph\u00e1p nghi\u00ean c\u1ee9u\n", "Ch\u1ee7ng n\u1ea5m s\u1eed d\u1ee5ng l\u00e0 ch\u1ee7ng Cordyceps militaris NBRC 100741 \u0111\u01b0\u1ee3c mua v\u00e0o th\u00e1ng 4/2015, t\u1ea1i Trung T\u00e2m Ngu\u1ed3n Sinh H\u1ecdc Qu\u1ed1c\n", "Gia (NBRC), Nh\u1eadt B\u1ea3n.\n", "Nh\u1ed9ng v\u00e0 t\u1eb1m d\u00e2u \u0111\u01b0\u1ee3c thu mua t\u1ea1i h\u1ed9 gia \u0111\u00ecnh c\u00f3 truy\u1ec1n th\u1ed1ng nu\u00f4i t\u1eb1m d\u00e2u.\n", "Nh\u1ed9ng \u0111\u01b0\u1ee3c thu mua c\u1ea3 k\u00e9n \u0111\u1ec3 \u0111\u1ea3m b\u1ea3o tr\u00e1nh nhi\u1ec5m vi sinh v\u1eadt th\u00eam trong qu\u00e1 tr\u00ecnh v\u1eadn chuy\u1ec3n v\u00e0 b\u1ea3o qu\u1ea3n.\n", "C\u00e1c thi\u1ebft b\u1ecb \u0111\u01b0\u1ee3c s\u1eed d\u1ee5ng trong nghi\u00ean c\u1ee9u n\u00e0y g\u1ed3m: t\u1ee7 \u1ea5m l\u1eafc (Jeio Tech - SI300), bu\u1ed5ng c\u1ea5y vi sinh (Telstar), m\u00e1y \u0111o pH (Schott\n", "Instrument Lab 850), n\u1ed3i h\u1ea5p (Sturdy SA- 300VF), ph\u00f2ng nu\u00f4i c\u1ea5y c\u00f3 trang b\u1ecb \u0111i\u1ec1u ho\u00e0 nhi\u1ec7t \u0111\u1ed9, que c\u1ea5y, kim ti\u00eam v\u00f4 tr\u00f9ng (\u0111\u01b0\u1eddng k\u00ednh kim = 1,2 mm), b\u01a1m ti\u00eam d\u00f9ng m\u1ed9t l\u1ea7n (dung t\u00edch 5 mL), d\u00e0n \u0111\u1ec3 m\u1eabu c\u00f3 h\u1ec7 th\u1ed1ng chi\u1ebfu s\u00e1ng b\u1eb1ng \u0111\u00e8n compact (c\u00f4ng su\u1ea5t 1 b\u00f3ng: 20W) v\u00e0 d\u00e0n \u0111\u1ec3 m\u1eabu \u0111\u01b0\u1ee3c chi\u1ebfu s\u00e1ng b\u1eb1ng \u0111\u00e8n\n", "LED (g\u1ed3m c\u00f3 hai m\u00e0u: xanh d\u01b0\u01a1ng v\u00e0 \u0111\u1ecf.\n", "T\u1ec9 l\u1ec7 gi\u1eefa hai m\u00e0u t\u01b0\u01a1ng \u1ee9ng l\u1ea7n l\u01b0\u1ee3t l\u00e0: 1 xanh d\u01b0\u01a1ng: 2 \u0111\u1ecf).\n", "2.1.\n", "Chu\u1ea9n b\u1ecb gi\u1ed1ng Cordyceps militaris NBRC 5 ml gi\u1ed1ng nghi\u00ean c\u1ee9u \u0111\u01b0\u1ee3c c\u1ea5y v\u00e0o 150 ml m\u00f4i tr\u01b0\u1eddng SDAY l\u1ecfng (40 g/L glucose, 10 g/L pepton, 10g/L cao n\u1ea5m men pH = 7,0) trong box c\u1ea5y v\u00f4 tr\u00f9ng.\n", "B\u00ecnh nu\u00f4i c\u1ea5y sau \u0111\u00f3 \u0111\u01b0\u1ee3c chuy\u1ec3n sang m\u00e1y l\u1eafc (Jeio Tech - SI300) v\u00e0 l\u1eafc \u1edf t\u1ed1c \u0111\u1ed9 150 rpm trong \u0111i\u1ec1u ki\u1ec7n nhi\u1ec7t \u0111\u1ed9 m\u00f4i tr\u01b0\u1eddng 25\u00b0C.\n", "Th\u1eddi gian nu\u00f4i gi\u1ed1ng l\u00e0 4 - 5 ng\u00e0y.\n", "2.2.\n", "Nu\u00f4i c\u1ea5y C.\n", "militaris tr\u00ean gi\u00e1 th\u1ec3 t\u1ef1 nhi\u00ean nh\u1ed9ng t\u1eb1m\n", "Gi\u00e1 th\u1ec3 t\u1ef1 nhi\u00ean \u0111\u01b0\u1ee3c s\u1eed d\u1ee5ng trong nghi\u00ean c\u1ee9u n\u00e0y l\u00e0 t\u1eb1m/nh\u1ed9ng t\u1eb1m s\u1ed1ng.\n", "Gi\u1ed1ng\n", "Cordyceps militaris NBRC 100741 \u0111\u01b0\u1ee3c ti\u00eam v\u00e0o ph\u1ea7n \u0111\u1ea7u c\u1ee7a nh\u1ed9ng trong \u0111i\u1ec1u ki\u1ec7n v\u00f4 tr\u00f9ng.\n", "Th\u1ec3 t\u00edch gi\u1ed1ng ti\u00eam cho m\u1ed9t c\u01a1 th\u1ec3 nh\u1ed9ng s\u1ed1ng l\u00e0 0,1 ml.\n", "C\u00e1c b\u01b0\u1edbc chu\u1ea9n b\u1ecb v\u00e0 nu\u00f4i c\u1ea5y C.\n", "militaris \u0111\u01b0\u1ee3c ti\u1ebfn h\u00e0nh nh\u01b0 sau: - Chu\u1ea9n b\u1ecb gi\u00e1 th\u1ec3 nh\u1ed9ng t\u1eb1m: Ti\u1ebfn h\u00e0nh c\u1eaft k\u00e9n t\u1eb1m trong box c\u1ea5y v\u00f4 tr\u00f9ng thu l\u1ea5y nh\u1ed9ng.\n", "- L\u00e2y nhi\u1ec5m n\u1ea5m C.\n", "militaris v\u00e0o gi\u00e1 th\u1ec3 nh\u1ed9ng t\u1eb1m: Ti\u00eam 0,1 ml (2.105 CFU b\u00e0o t\u1eed/mL) gi\u1ed1ng n\u1ea5m C.\n", "militaris v\u00e0o ph\u1ea7n \u0111\u1ea7u nh\u1ed9ng t\u1eb1m.\n", "Sau khi ti\u00eam, nh\u1ed9ng \u0111\u01b0\u1ee3c tr\u1ea3i r\u1ed9ng ra tr\u00ean m\u1ed9t mi\u1ebfng gi\u1ea5y \u1ea9m (v\u00f4 tr\u00f9ng) v\u00e0 \u0111\u01b0\u1ee3c \u0111\u1eb7t trong l\u1ecd thu\u1ef7 tinh trong su\u1ed1t c\u00f3 n\u1eafp \u0111\u1eady.\n", "- \u1ee6 t\u1ed1i t\u1ea1o h\u1ec7 s\u1ee3i n\u1ea5m C.\n", "militaris tr\u00ean gi\u00e1 th\u1ec3 nh\u1ed9ng t\u1eb1m: Nh\u1ed9ng t\u1eb1m sau khi \u0111\u01b0\u1ee3c l\u00e2y nhi\u1ec5m th\u00ec \u0111\u01b0\u1ee3c b\u1ea3o qu\u1ea3n trong b\u00f3ng t\u1ed1i \u1edf nhi\u1ec7t \u0111\u1ed9 23 - 250C, \u0111\u1ed9 \u1ea9m 80 - 90%.\n", "Kho\u1ea3ng 4 - 5 ng\u00e0y sau khi ti\u00eam gi\u1ed1ng n\u1ea5m, h\u1ec7 s\u1ee3i n\u1ea5m d\u1ea7n d\u1ea7n bao k\u00edn gi\u00e1 th\u1ec3 nh\u1ed9ng t\u1eb1m.\n", "2.3.\n", "\u1ea2nh h\u01b0\u1edfng c\u1ee7a nhi\u1ec7t \u0111\u1ed9 \u0111\u1ebfn sinh tr\u01b0\u1edfng v\u00e0 ph\u00e1t tri\u1ec3n c\u1ee7a n\u1ea5m Cordyceps militaris\n", "Ti\u1ebfn h\u00e0nh nu\u00f4i c\u1ea5y t\u1ea1o th\u1ec3 qu\u1ea3 n\u1ea5m C.\n", "militaris v\u00e0o c\u00e1c c\u00e1 th\u1ec3 nh\u1ed9ng t\u1eb1m, sau \u0111\u00f3 chuy\u1ec3n c\u00e1c c\u00e1 th\u1ec3 n\u00e0y sang c\u00e1c nhi\u1ec7t \u0111\u1ed9 kh\u00e1c nhau: 7\u00b0C; 15\u00b0C; 20\u00b0C; 25\u00b0C; 30\u00b0C, m\u1ed7i nhi\u1ec7t \u0111\u1ed9 \u0111\u01b0\u1ee3c dao \u0111\u1ed9ng trong kho\u1ea3ng \u00b1 1oC, \u0111\u1ed3ng th\u1eddi c\u1ea7n \u0111\u1ea3m b\u1ea3o c\u00e1c \u0111i\u1ec1u ki\u1ec7n v\u1ec1 \u0111\u1ed9 \u1ea9m, \u00e1nh s\u00e1ng.\n", "M\u1ed7i d\u1ea3i nhi\u1ec7t \u0111\u1ed9, b\u1ed1 tr\u00ed 30 c\u00e1 th\u1ec3 nh\u1ed9ng/t\u1eb1m, l\u1eb7p l\u1ea1i th\u00ed nghi\u1ec7m 3 l\u1ea7n.\n", "Theo d\u00f5i k\u1ebft qu\u1ea3 trong v\u00f2ng 2 th\u00e1ng.\n", "C\u00e1c ch\u1ec9 ti\u00eau theo d\u00f5i, \u0111\u00e1nh gi\u00e1: + Th\u1eddi gian h\u00ecnh th\u00e0nh m\u1ea7m th\u1ec3 qu\u1ea3 sau khi ra s\u00e1ng (ng\u00e0y) + S\u1ed1 l\u01b0\u1ee3ng th\u1ec3 qu\u1ea3/con + Kh\u1ed1i l\u01b0\u1ee3ng th\u1ec3 qu\u1ea3/con (g) + K\u00edch th\u01b0\u1edbc th\u1ec3 qu\u1ea3 (mm) + H\u00ecnh d\u1ea1ng th\u1ec3 qu\u1ea3 + M\u00e0u s\u1eafc th\u1ec3 qu\u1ea3 2.4.\n", "\u1ea2nh h\u01b0\u1edfng c\u1ee7a \u00e1nh s\u00e1ng \u0111\u1ebfn sinh tr\u01b0\u1edfng, ph\u00e1t tri\u1ec3n v\u00e0 h\u00ecnh th\u00e0nh th\u1ec3 qu\u1ea3 c\u1ee7a n\u1ea5m\n", "Cordyceps militaris\n", "Sau khi ti\u00eam Cordyceps militaris NBRC 100741 v\u00e0o ph\u1ea7n \u0111\u1ea7u c\u1ee7a nh\u1ed9ng, nh\u1ed9ng \u0111\u01b0\u1ee3c \u0111\u1eb7t trong \u0111i\u1ec1u ki\u1ec7n kh\u00f4ng \u0111\u01b0\u1ee3c chi\u1ebfu s\u00e1ng, nhi\u1ec7t \u0111\u1ed9 25\u00b0C v\u00e0 \u0111\u1ed9 \u1ea9m 80 - 90%.\n", "Sau 14 ng\u00e0y, nh\u1ed9ng \u0111\u01b0\u1ee3c chuy\u1ec3n ra \u0111i\u1ec1u ki\u1ec7n chi\u1ebfu s\u00e1ng v\u1edbi lo\u1ea1i \u00e1nh s\u00e1ng kh\u00e1c nhau.\n", "Th\u1eddi gian chi\u1ebfu s\u00e1ng l\u00e0 12 gi\u1edd s\u00e1ng: 12 gi\u1edd t\u1ed1i.\n", "C\u00f3 hai l\u00f4 th\u00ed nghi\u1ec7m v\u1edbi hai lo\u1ea1i \u00e1nh s\u00e1ng kh\u00e1c nhau:\n", "L\u00f4 1 - \u0111\u01b0\u1ee3c chi\u1ebfu s\u00e1ng b\u1eb1ng \u0111\u00e8n compact c\u00f3 c\u00f4ng su\u1ea5t 20W, t\u01b0\u01a1ng \u0111\u01b0\u01a1ng v\u1edbi 350 lx.\n", "L\u00f4 2 - \u0111\u01b0\u1ee3c chi\u1ebfu s\u00e1ng b\u1eb1ng \u0111\u00e8n LED m\u00e0u g\u1ed3m 750 b\u00f3ng nh\u1ecf (g\u1ed3m b\u00f3ng cho \u00e1nh s\u00e1ng xanh d\u01b0\u01a1ng v\u00e0 b\u00f3ng cho \u00e1nh s\u00e1ng \u0111\u1ecf v\u1edbi t\u1ec9 l\u1ec7 1:2) m\u1ed7i b\u00f3ng c\u00f3 c\u00f4ng su\u1ea5t 0,05W t\u01b0\u01a1ng \u0111\u01b0\u01a1ng v\u1edbi 716 lx.\n", "M\u1ed7i l\u00f4 th\u00ed nghi\u1ec7m g\u1ed3m 30 c\u00e1 th\u1ec3 nh\u1ed9ng.\n", "Sau 60 ng\u00e0y nu\u00f4i c\u1ea5y, ch\u00fang t\u00f4i x\u00e1c \u0111\u1ecbnh s\u1ed1 l\u01b0\u1ee3ng v\u00e0 k\u00edch th\u01b0\u1edbc th\u1ec3 qu\u1ea3 ph\u00e1t tri\u1ec3n tr\u00ean gi\u00e1 th\u1ec3 nh\u1ed9ng.\n", "C\u00e1c ch\u1ec9 ti\u00eau theo d\u00f5i, \u0111\u00e1nh gi\u00e1: + Th\u1eddi gian h\u00ecnh th\u00e0nh m\u1ea7m th\u1ec3 qu\u1ea3 sau khi ra s\u00e1ng (ng\u00e0y) + S\u1ed1 l\u01b0\u1ee3ng th\u1ec3 qu\u1ea3/con + Kh\u1ed1i l\u01b0\u1ee3ng th\u1ec3 qu\u1ea3/con (g) + K\u00edch th\u01b0\u1edbc th\u1ec3 qu\u1ea3 (mm) + H\u00ecnh d\u1ea1ng th\u1ec3 qu\u1ea3 + M\u00e0u s\u1eafc th\u1ec3 qu\u1ea3 2.5.\n", "\u0110\u1ecbnh l\u01b0\u1ee3ng cordycepin\n", "Theo ph\u01b0\u01a1ng ph\u00e1p \u0111\u01b0\u1ee3c m\u00f4 t\u1ea3 tr\u01b0\u1edbc \u0111\u00e2y v\u1edbi m\u1ed9t s\u1ed1 thay \u0111\u1ed5i nh\u1ecf cho ph\u00f9 h\u1ee3p v\u1edbi \u0111i\u1ec1u ki\u1ec7n ph\u00f2ng th\u00ed nghi\u1ec7m [3].\n", "M\u1eabu chu\u1ea9n: cordycepin (C3394, Sigma, Singapore) \u0111\u01b0\u1ee3c ho\u00e0 tan trong n\u01b0\u1edbc c\u1ea5t v\u00e0 pha lo\u00e3ng th\u00e0nh c\u00e1c n\u1ed3ng \u0111\u1ed9 kh\u00e1c nhau bao g\u1ed3m 5, 10, 12.5, 25, 50, v\u00e0 100 \u03bcg /mL \u0111\u1ec3 l\u1eadp \u0111\u01b0\u1eddng chu\u1ea9n.\n", "M\u1eabu nghi\u00ean c\u1ee9u (th\u1ec3 qu\u1ea3) \u0111\u01b0\u1ee3c l\u00e0m kh\u00f4 1h t\u1ea1i 85oC, sau \u0111\u00f3 nghi\u1ec1n th\u00e0nh b\u1ed9t.\n", "Ho\u00e0 1 g b\u1ed9t kh\u00f4 v\u00e0o 20 mL n\u01b0\u1edbc c\u1ea5t v\u00e0 si\u00eau \u00e2m 1h t\u1ea1i 50oC.\n", "\u0110em ly t\u00e2m t\u1ea1i 4000 rpm trong v\u00f2ng 15 ph\u00fat t\u1ea1i 4oC.\n", "L\u1ea5y d\u1ecbch n\u1ed5i, l\u1ecdc qua m\u00e0ng l\u1ecdc 0.45 \u03bcm v\u00e0 \u0111\u01b0\u1ee3c d\u00f9ng \u0111\u1ec3 ti\u00eam v\u00e0o h\u1ec7 th\u1ed1ng HPLC.\n", "N\u1ed3ng \u0111\u1ed9 cordycepin \u0111\u01b0\u1ee3c \u0111\u1ecbnh l\u01b0\u1ee3ng b\u1eb1ng s\u1eafc k\u00fd l\u1ecfng hi\u1ec7u n\u0103ng cao HPLC Agilent 1260 infinity.\n", "C\u1ed9t ph\u00e2n t\u00edch: C\u1ed9t RP C18 Elipse plus\n", "C18 (4.6 x 250 mm, k\u00edch th\u01b0\u1edbc h\u1ea1t 5 \u03bcm ).\n", "Nhi\u1ec7t \u0111\u1ed9 c\u1ed9t duy tr\u00ec \u1edf 25\u00b0C.\n", "Pha \u0111\u1ed9ng g\u1ed3m n\u01b0\u1edbc c\u1ea5t v\u00e0 methanol (ti\u00eau chu\u1ea9n HPLC) v\u1edbi t\u1ef7 l\u1ec7 87:13 (v/v).\n", "T\u1ed1c \u0111\u1ed9 d\u00f2ng: 1ml/ph\u00fat.\n", "Detector\n", "UV-VIS, b\u01b0\u1edbc s\u00f3ng 260 nm.\n", "Th\u1ec3 t\u00edch ti\u00eam 10 \u03bcL.\n", "2.6.\n", "Ph\u01b0\u01a1ng ph\u00e1p x\u1eed l\u00fd s\u1ed1 li\u1ec7u\n", "M\u1ed7i th\u00ed nghi\u1ec7m \u0111\u01b0\u1ee3c ti\u1ebfn h\u00e0nh l\u1eb7p l\u1ea1i 3 l\u1ea7n.\n", "S\u1ed1 li\u1ec7u \u0111\u01b0\u1ee3c x\u1eed l\u00ed tr\u00ean ph\u1ea7n m\u1ec1m Iristat 4.0.\n", "K\u1ebft qu\u1ea3 \u0111\u01b0\u1ee3c tr\u00ecnh b\u00e0y d\u01b0\u1edbi d\u1ea1ng trung b\u00ecnh \u00b1\n", "SD.\n", "So s\u00e1nh \u0111\u01b0\u1ee3c s\u1eed d\u1ee5ng theo ph\u01b0\u01a1ng ph\u00e1p t- student.\n"], "3": ["3.\n", "K\u1ebft qu\u1ea3 3.1.\n", "K\u1ebft qu\u1ea3 ph\u00e2n t\u00edch h\u00e0m l\u01b0\u1ee3ng cordycepin th\u1ec3 qu\u1ea3 n\u1ea5m Cordyceps militaris\n", "Kh\u1ea3o s\u00e1t v\u1ec1 t\u00ednh th\u00edch h\u1ee3p c\u1ee7a h\u1ec7 th\u1ed1ng\n", "HPLC t\u1ea1i ph\u00f2ng th\u00ed nghi\u1ec7m\n", "\u0110\u1ed9 ch\u1ecdn l\u1ecdc - \u0111\u1eb7c hi\u1ec7u\n", "Ti\u1ebfn h\u00e0nh ph\u00e2n t\u00edch m\u1eabu chu\u1ea9n cordycepin c\u00f3 n\u1ed3ng \u0111\u1ed9 10 \u00b5g/mL, m\u1eabu tr\u1eafng v\u00e0 m\u1eabu th\u1eed.\n", "Tr\u00ean s\u1eafc k\u00fd \u0111\u1ed3 m\u1eabu tr\u1eafng, t\u1ea1i v\u1ecb tr\u00ed t\u01b0\u01a1ng \u1ee9ng v\u1edbi th\u1eddi gian l\u01b0u c\u1ee7a cordycepin (14.60 ph\u00fat) kh\u00f4ng xu\u1ea5t hi\u1ec7n pic nh\u01b0 \u1edf m\u1eabu chu\u1ea9n.\n", "C\u00e1c pic c\u1ee7a ch\u1ea5t ph\u00e2n t\u00edch trong m\u1eabu th\u1eed t\u00e1ch ho\u00e0n to\u00e0n kh\u1ecfi pic t\u1ea1p.\n", "Nh\u01b0 v\u1eady, ph\u01b0\u01a1ng ph\u00e1p c\u00f3 t\u00ednh ch\u1ecdn l\u1ecdc t\u1ed1t v\u00e0 \u0111\u1ed9 \u0111\u1eb7c hi\u1ec7u cao.\n", "\u0110\u1ed9 tuy\u1ebfn t\u00ednh\n", "Pha m\u1ed9t d\u00e3y dung d\u1ecbch chu\u1ea9n cordycepin c\u00f3 n\u1ed3ng \u0111\u1ed9 kho\u1ea3ng 5 - 100 \u00b5g/ml, v\u00e0 ti\u1ebfn h\u00e0nh s\u1eafc k\u00fd theo \u0111i\u1ec1u ki\u1ec7n \u0111\u00e3 l\u1ef1a ch\u1ecdn (B\u1ea3ng 1).\n", "B\u1ea3ng 1.\n", "K\u1ebft qu\u1ea3 kh\u1ea3o s\u00e1t m\u1ed1i t\u01b0\u01a1ng quan gi\u1eefa n\u1ed3ng \u0111\u1ed9 v\u00e0 di\u1ec7n t\u00edch pic c\u1ee7a cordycepin\n", "N\u1ed3ng \u0111\u1ed9 (\u00b5g/mL) 5 10 12,5 25 50 100\n", "Di\u1ec7n t\u00edch pic (mAU*s) 1341.2 2637.4\n", "Ph\u01b0\u01a1ng tr\u00ecnh h\u1ed3i quy: y = 26.368 + 7.6287\n", "R2=0.9999\n", "G\n", "H\u00ecnh 1.\n", "\u0110\u1ed3 th\u1ecb bi\u1ec3u di\u1ec5n s\u1ef1 ph\u1ee5 thu\u1ed9c tuy\u1ebfn t\u00ednh gi\u1eefa n\u1ed3ng \u0111\u1ed9 v\u00e0 di\u1ec7n t\u00edch pic c\u1ee7a cordycepin.\n", "K\u1ebft qu\u1ea3 cho th\u1ea5y c\u00f3 s\u1ef1 t\u01b0\u01a1ng quan tuy\u1ebfn t\u00ednh gi\u1eefa di\u1ec7n t\u00edch pic v\u00e0 n\u1ed3ng \u0111\u1ed9 cordycepin trong kho\u1ea3ng kh\u1ea3o s\u00e1t v\u1edbi h\u1ec7 s\u1ed1 t\u01b0\u01a1ng quan R2 ~ 1, \u0111\u00e1p \u1ee9ng y\u00eau c\u1ea7u c\u1ee7a \u0111\u01b0\u1eddng chu\u1ea9n trong ph\u00e2n t\u00edch \u0111\u1ecbnh l\u01b0\u1ee3ng.\n", "\u0110\u1ed9 \u0111\u00fang\n", "X\u00e1c \u0111\u1ecbnh \u0111\u1ed9 \u0111\u00fang d\u1ef1a v\u00e0o ph\u00e2n t\u00edch m\u1eabu ki\u1ec3m so\u00e1t \u1edf c\u00e1c n\u1ed3ng \u0111\u1ed9 kh\u00e1c nhau trong \u0111\u01b0\u1eddng chu\u1ea9n: 5,0 \u00b5g/ml, 50,0 \u00b5g/ml, 100 \u00b5g/ml.\n", "Chu\u1ea9n b\u1ecb 3 d\u00e3y m\u1eabu ki\u1ec3m so\u00e1t.\n", "X\u00e1c \u0111\u1ecbnh \u0111\u1ed9 \u0111\u00fang l\u00e0 t\u1ef7 l\u1ec7 % gi\u1eefa n\u1ed3ng \u0111\u1ed9 ngo\u1ea1i suy t\u1eeb \u0111\u01b0\u1eddng chu\u1ea9n so v\u1edbi n\u1ed3ng \u0111\u1ed9 th\u1ef1c t\u1ebf (B\u1ea3ng 2).\n", "K\u1ebft qu\u1ea3 cho th\u1ea5y: \u1edf \u0111i\u1ec1u ki\u1ec7n trong ng\u00e0y v\u00e0 kh\u00e1c ng\u00e0y, \u0111\u1ed9 \u0111\u00fang c\u1ee7a ph\u01b0\u01a1ng ph\u00e1p \u0111\u1ec1u \u0111\u1ea1t > 98.6%.\n", "\u0110\u1ed9 l\u1eb7p l\u1ea1i trong ng\u00e0y v\u00e0 kh\u00e1c ng\u00e0y c\u1ee7a ph\u01b0\u01a1ng ph\u00e1p \u0111\u01b0\u1ee3c x\u00e1c \u0111\u1ecbnh v\u1edbi h\u1ec7 s\u1ed1 RSD nh\u1ecf.\n", "Gi\u1edbi h\u1ea1n ph\u00e1t hi\u1ec7n LOD v\u00e0 gi\u1edbi h\u1ea1n \u0111\u1ecbnh l\u01b0\u1ee3ng LOQ\n", "D\u1ef1a v\u00e0o \u0111\u1ed9 nhi\u1ec5u \u0111\u01b0\u1eddng n\u1ec1n c\u1ee7a m\u1eabu tr\u1eafng v\u00e0 \u0111\u01b0\u1eddng chu\u1ea9n \u0111\u1ec3 ngo\u1ea1i suy gi\u1edbi h\u1ea1n ph\u00e1t hi\u1ec7n v\u00e0 gi\u1edbi h\u1ea1n \u0111\u1ecbnh l\u01b0\u1ee3ng c\u1ee7a cordycepin.\n", "Ti\u1ebfn h\u00e0nh pha th\u1eed 4 - 5 n\u1ed3ng \u0111\u1ed9 quanh \u0111i\u1ec3m d\u1ef1 ki\u1ebfn.\n", "K\u1ebft qu\u1ea3 cho th\u1ea5y: gi\u1edbi h\u1ea1n ph\u00e1t hi\u1ec7n c\u1ee7a cordycepin l\u00e0 0,1 \u00b5g/ml; gi\u1edbi h\u1ea1n \u0111\u1ecbnh l\u01b0\u1ee3ng d\u01b0\u1edbi c\u1ee7a cordycepin l\u00e0 0,4 \u00b5g/ml.\n", "B\u1ea3ng 2.\n", "K\u1ebft qu\u1ea3 kh\u1ea3o s\u00e1t \u0111\u1ed9 \u0111\u00fang c\u1ee7a ph\u01b0\u01a1ng ph\u00e1p \u0111\u1ecbnh l\u01b0\u1ee3ng cordycepin\n", "TRONG NG\u00c0Y (n=3) KH\u00c1C NG\u00c0Y (n=3) N\u1ed3ng \u0111\u1ed9 bi\u1ec3u ki\u1ebfn (\u00b5g/ml)\n", "N\u1ed3ng \u0111\u1ed9 ngo\u1ea1i suy (\u00b5g/ml)\n", "\u0110\u1ed9 \u0111\u00fang (%) RSD (%) N\u1ed3ng \u0111\u1ed9 ngo\u1ea1i suy (\u00b5g/ml)\n", "\u0110\u1ed9 \u0111\u00fang (%)\n", "RSD (%) 5 5.02 \u00b1 0.03 102.0 2.94 4.98 \u00b1 0.015 98.6 1.53 50 50.01\u00b1 0.13 100.02 0.32 49.89 \u00b1 0.76 99.22 1.95 100 99.66 \u00b1 0.62 99.66 0.62 99.32 \u00b1 1.12 98.32 1.15\n", "I\u01b0k\n", "H\u00ecnh 2.\n", "S\u1eafc k\u00fd \u0111\u1ed3 HPLC c\u1ee7a m\u1eabu chu\u1ea9n cordycepin.\n", "H\u00ecnh 3.\n", "S\u1eafc k\u00fd \u0111\u1ed3 HPLC c\u1ee7a m\u1eabu th\u1eed.\n", "3.2.\n", "\u1ea2nh h\u01b0\u1edfng c\u1ee7a nhi\u1ec7t \u0111\u1ed9 \u0111\u1ebfn sinh tr\u01b0\u1edfng, ph\u00e1t tri\u1ec3n v\u00e0 h\u00ecnh th\u00e0nh th\u1ec3 qu\u1ea3 c\u1ee7a n\u1ea5m\n", "Cordyceps militaris tr\u00ean nh\u1ed9ng t\u1eb1m\n", "Sau 2 th\u00e1ng ti\u1ebfn h\u00e0nh th\u00ed nghi\u1ec7m, k\u1ebft qu\u1ea3 th\u1ec3 hi\u1ec7n trong b\u1ea3ng 3 v\u00e0 h\u00ecnh 4.\n", "D\u1ef1a v\u00e0o k\u1ebft qu\u1ea3 \u1edf b\u1ea3ng 3 v\u00e0 h\u00ecnh 4, k\u1ebft h\u1ee3p v\u1edbi theo d\u00f5i qu\u00e1 tr\u00ecnh h\u00ecnh th\u00e0nh th\u1ec3 qu\u1ea3, nh\u1eadn th\u1ea5y: \u1edf 7oC v\u00e0 15oC nhi\u1ec7t \u0111\u1ed9 qu\u00e1 th\u1ea5p, h\u1ec7 s\u1ee3i n\u1ea5m chuy\u1ec3n m\u00e0u t\u1eeb tr\u1eafng sang v\u00e0ng cam nh\u01b0ng kh\u00f4ng h\u00ecnh th\u00e0nh m\u1ea7m th\u1ec3 qu\u1ea3.\n", "\u1ede 30oC, sau 2 - 3 ng\u00e0y ra s\u00e1ng, h\u1ec7 s\u1ee3i n\u1ea5m m\u00e0u tr\u00e1ng chuy\u1ec3n sang m\u00e0u cam nh\u1ea1t.\n", "Tuy nhi\u00ean, do nhi\u1ec7t \u0111\u1ed9 cao kh\u00f4ng th\u00edch h\u1ee3p cho h\u1ec7 s\u1ee3i n\u1ea5m sinh tr\u01b0\u1edfng v\u00e0 ph\u00e1t tri\u1ec3n, h\u1ec7 s\u1ee3i n\u1ea5m b\u1ecb ch\u1ebft, kh\u00f4ng h\u00ecnh th\u00e0nh m\u1ea7m th\u1ec3 qu\u1ea3.\n", "Nhi\u1ec7t \u0111\u1ed9 m\u00f4i ph\u00f2ng nu\u00f4i 20oC, 25oC th\u00edch h\u1ee3p cho h\u1ec7 s\u1ee3i n\u1ea5m sinh tr\u01b0\u1edfng, ph\u00e1t tri\u1ec3n v\u00e0 h\u00ecnh th\u00e0nh th\u1ec3 qu\u1ea3, sau 2 - 3 ng\u00e0y ra s\u00e1ng, h\u1ec7 s\u1ee3i n\u1ea5m chuy\u1ec3n m\u00e0u, th\u1eddi gian h\u00ecnh th\u00e0nh m\u1ea7m th\u1ec3 qu\u1ea3 \u1edf 25oC nhanh h\u01a1n \u1edf 20oC.\n", "K\u00edch th\u01b0\u1edbc, kh\u1ed1i l\u01b0\u1ee3ng trung b\u00ecnh th\u1ec3 qu\u1ea3 c\u1ee7a n\u1ea5m C.\n", "militaris khi nu\u00f4i \u1edf nhi\u1ec7t \u0111\u1ed9 250C c\u0169ng l\u1edbn h\u01a1n khi nu\u00f4i \u1edf 20oC.\n", "B\u1ea3ng 3.\n", "\u1ea2nh h\u01b0\u1edfng c\u1ee7a nhi\u1ec7t \u0111\u1ed9 \u0111\u1ebfn s\u1ef1 sinh tr\u01b0\u1edfng, ph\u00e1t tri\u1ec3n c\u1ee7a n\u1ea5m Cordyceps militaris tr\u00ean nh\u1ed9ng t\u1eb1m\n", "Nhi\u1ec7t \u0111\u1ed9 (oC) C\u00e1c ch\u1ec9 ti\u00eau theo d\u00f5i 7 15 20 25 30\n", "Th\u1eddi gian h\u00ecnh th\u00e0nh m\u1ea7m th\u1ec3 qu\u1ea3 sau khi ra s\u00e1ng (ng\u00e0y) - - 8 - 10 6 - 8 -\n", "S\u1ed1 l\u01b0\u1ee3ng th\u1ec3 qu\u1ea3/con - - 4,63\u00b10,25 4,75\u00b10,10 -\n", "Kh\u1ed1i l\u01b0\u1ee3ng th\u1ec3 qu\u1ea3/con (g) - - 1,4\u00b10,03 1,72\u00b10,04 -\n", "K\u00edch th\u01b0\u1edbc th\u1ec3 qu\u1ea3 (mm) - - 26,48\u00b10,04x2\u00b10,02 27,56\u00b10,03x2\u00b10,02 -\n", "H\u00ecnh d\u1ea1ng th\u1ec3 qu\u1ea3 - - H\u00ecnh tr\u1ee5 \u0111\u00f4i khi ph\u00e2n nh\u00e1nh\n", "H\u00ecnh tr\u1ee5 \u0111\u00f4i khi ph\u00e2n nh\u00e1nh -\n", "M\u00e0u s\u1eafc th\u1ec3 qu\u1ea3 - - V\u00e0ng s\u1eadm V\u00e0ng s\u1eadm -\n", "H\u00ecnh 4.\n", "Th\u1ec3 qu\u1ea3 n\u1ea5m C.\n", "militaris tr\u00ean nh\u1ed9ng t\u1eb1m \u1edf c\u00e1c d\u1ea3i nhi\u1ec7t \u0111\u1ed9 kh\u00e1c nhau.\n", "K\u1ebft qu\u1ea3 ph\u00e2n t\u00edch h\u00e0m l\u01b0\u1ee3ng cordycepin trong th\u1ec3 qu\u1ea3 n\u1ea5m Cordyceps militaris\n", "Ph\u00e2n t\u00edch h\u00e0m l\u01b0\u1ee3ng cordycepin c\u1ee7a th\u1ec3 qu\u1ea3 m\u1eabu n\u1ea5m C.\n", "militaris nu\u00f4i c\u1ea5y t\u1ea1o th\u1ec3 qu\u1ea3 \u1edf 20oC v\u00e0 25oC.\n", "K\u1ebft qu\u1ea3 \u0111\u01b0\u1ee3c tr\u00ecnh b\u00e0y \u1edf b\u1ea3ng 4 cho th\u1ea5y t\u1ea1i 25oC th\u00ec th\u1ec3 qu\u1ea3 cho h\u00e0m l\u01b0\u1ee3ng cordycepin cao h\u01a1n, v\u00e0 s\u1ef1 kh\u00e1c bi\u1ec7t c\u00f3 \u00fd ngh\u0129a th\u1ed1ng k\u00ea so v\u1edbi t\u1ea1i nhi\u1ec7t \u0111\u1ed9 20oC\n", "B\u1ea3ng 4.\n", "K\u1ebft qu\u1ea3 ph\u00e2n t\u00edch h\u00e0m l\u01b0\u1ee3ng cordycepin 20oC 25oC\n", "H\u00e0m l\u01b0\u1ee3ng\n", "Cordycepin 1,13 \u00b1 0,17 mg/g 4,79 \u00b1 0,26 mg/g *: kh\u00e1c bi\u1ec7t c\u00f3 \u00fd ngh\u0129a th\u1ed1ng k\u00ea (p<0,05) 3.3.\n", "\u1ea2nh h\u01b0\u1edfng c\u1ee7a \u00e1nh s\u00e1ng \u0111\u1ebfn sinh tr\u01b0\u1edfng, ph\u00e1t tri\u1ec3n v\u00e0 h\u00ecnh th\u00e0nh th\u1ec3 qu\u1ea3 c\u1ee7a n\u1ea5m\n", "Cordyceps militaris tr\u00ean nh\u1ed9ng t\u1eb1m\n", "Sau khi nu\u00f4i c\u1ea5y nh\u1ed9ng trong \u0111i\u1ec1u ki\u1ec7n kh\u00f4ng \u0111\u01b0\u1ee3c chi\u1ebfu s\u00e1ng (4-5 ng\u00e0y), h\u1ec7 s\u1ee3i c\u1ee7a n\u1ea5m C.\n", "militaris \u0111\u00e3 ph\u00e1t tri\u1ec3n t\u1ed1t tr\u00ean gi\u00e1 th\u1ec3 n\u00e0y (h\u00ecnh 5).\n", "S\u1ed1 l\u01b0\u1ee3ng, k\u00edch th\u01b0\u1edbc trung b\u00ecnh v\u00e0 c\u00e1c ch\u1ec9 ti\u00eau theo d\u00f5i c\u1ee7a th\u1ec3 qu\u1ea3 c\u1ee7a n\u1ea5m C.\n", "militaris \u1edf hai l\u00f4 th\u00ed nghi\u1ec7m \u0111\u01b0\u1ee3c tr\u00ecnh b\u00e0y tr\u00ean b\u1ea3ng 5 v\u00e0 h\u00ecnh 6.\n", "H\u00ecnh 5.\n", "H\u1ec7 s\u1ee3i c\u1ee7a n\u1ea5m C.\n", "militaris ph\u00e1t tri\u1ec3n tr\u00ean gi\u00e1 th\u1ec3 nh\u1ed9ng trong \u0111i\u1ec1u ki\u1ec7n kh\u00f4ng \u0111\u01b0\u1ee3c chi\u1ebfu s\u00e1ng.\n", "B\u1ea3ng 5.\n", "\u1ea2nh h\u01b0\u1edfng c\u1ee7a \u00e1nh s\u00e1ng \u0111\u00e8n compact v\u00e0 \u00e1nh s\u00e1ng \u0111\u00e8n led tr\u1eafng l\u00ean s\u1ef1 h\u00ecnh th\u00e0nh th\u1ec3 qu\u1ea3 c\u1ee7a n\u1ea5m C.\n", "militaris tr\u00ean nh\u1ed9ng t\u1eb1m\n", "C\u00e1c ch\u1ec9 ti\u00eau theo d\u00f5i\n", "\u00c1nh s\u00e1ng \u0111\u00e8n compact\n", "\u00c1nh s\u00e1ng \u0111\u00e8n led tr\u1eafng\n", "Th\u1eddi gian h\u00ecnh th\u00e0nh m\u1ea7m th\u1ec3 qu\u1ea3 6 - 8 6 - 8\n", "S\u1ed1 l\u01b0\u1ee3ng th\u1ec3 qu\u1ea3/l\u1ecd 4,70 \u00b1 0,02 3,82 \u00b1 0,27\n", "Kh\u1ed1i l\u01b0\u1ee3ng th\u1ec3 qu\u1ea3/l\u1ecd 1,74 \u00b1 0,18 1,35 \u00b1 0,60\n", "K\u00edch th\u01b0\u1edbc th\u1ec3 qu\u1ea3 (d\u00e0i x r\u1ed9ng) (26,87 \u00b1 0,23) x (2 \u00b1 0,02) (21,46 \u00b1 0,54) x (2 \u00b1 0,03)\n", "H\u00ecnh d\u1ea1ng th\u1ec3 qu\u1ea3\n", "H\u00ecnh tr\u1ee5, \u0111\u00f4i khi ph\u00e2n nh\u00e1nh\n", "H\u00ecnh tr\u1ee5, \u0111\u00f4i khi ph\u00e2n nh\u00e1nh\n", "M\u00e0u s\u1eafc th\u1ec3 qu\u1ea3\n", "V\u00e0ng s\u1eadm V\u00e0ng nh\u1ea1t 70C 150C 200C 250C 300C f\n", "H\u00ecnh 6.\n", "Th\u1ec3 qu\u1ea3 n\u1ea5m C.\n", "militaris tr\u00ean nh\u1ed9ng t\u1eb1m d\u00e2u khi nu\u00f4i tr\u1ed3ng trong \u0111i\u1ec1u ki\u1ec7n \u00e1nh s\u00e1ng \u0111\u00e8n compact v\u00e0 \u00e1nh s\u00e1ng \u0111\u00e8n led tr\u1eafng.\n", "Theo k\u1ebft qu\u1ea3 thu \u0111\u01b0\u1ee3c tr\u00ean b\u1ea3ng 5 v\u00e0 h\u00ecnh 6, l\u00f4 th\u00ed nghi\u1ec7m g\u1ed3m c\u00e1c b\u00ecnh \u0111\u01b0\u1ee3c chi\u1ebfu s\u00e1ng b\u1eb1ng \u0111\u00e8n compact cho k\u1ebft qu\u1ea3 t\u1ed1t h\u01a1n so v\u1edbi l\u00f4 c\u00f2n l\u1ea1i \u0111\u01b0\u1ee3c chi\u1ebfu s\u00e1ng b\u1eb1ng \u0111\u00e8n led tr\u1eafng c\u1ea3 v\u1ec1 hi\u1ec7u su\u1ea5t, k\u00edch th\u01b0\u1edbc v\u00e0 kh\u1ed1i l\u01b0\u1ee3ng th\u1ec3 qu\u1ea3.\n", "S\u1ef1 kh\u00e1c bi\u1ec7t v\u1ec1 k\u00edch th\u01b0\u1edbc th\u1ec3 qu\u1ea3 trong hai \u0111i\u1ec1u ki\u1ec7n chi\u1ebfu s\u00e1ng kh\u00e1c nhau \u0111\u01b0\u1ee3c tr\u00ecnh b\u00e0y tr\u00ean h\u00ecnh 7.\n"], "4": ["4.\n", "Ph\u00e2n t\u00edch h\u00e0m l\u01b0\u1ee3ng cordycepin c\u1ee7a th\u1ec3 qu\u1ea3 m\u1eabu n\u1ea5m C.\n", "militaris\n", "Ti\u1ebfn h\u00e0nh ph\u00e2n t\u00edch h\u00e0m l\u01b0\u1ee3ng cordycepin c\u1ee7a th\u1ec3 qu\u1ea3 m\u1eabu n\u1ea5m C.\n", "militaris nu\u00f4i c\u1ea5y t\u1ea1o th\u1ec3 qu\u1ea3 c\u1ee7a l\u00f4 1 v\u00e0 l\u00f4 2.\n", "K\u1ebft qu\u1ea3 \u0111\u01b0\u1ee3c tr\u00ecnh b\u00e0y \u1edf b\u1ea3ng 6.\n", "K\u1ebft qu\u1ea3 cho th\u1ea5y l\u00f4 1 th\u00ec th\u1ec3 qu\u1ea3 cho h\u00e0m l\u01b0\u1ee3ng cordycepin cao h\u01a1n, v\u00e0 s\u1ef1 kh\u00e1c bi\u1ec7t c\u00f3 \u00fd ngh\u0129a th\u1ed1ng k\u00ea so v\u1edbi l\u00f4 2.\n", "B\u1ea3ng 6.\n", "K\u1ebft qu\u1ea3 ph\u00e2n t\u00edch h\u00e0m l\u01b0\u1ee3ng cordycepin\n", "L\u00f4 1 (\u00c1nh s\u00e1ng \u0111\u00e8n compact)\n", "L\u00f4 2 (\u00c1nh s\u00e1ng \u0111\u00e8n\n", "LED)\n", "H\u00e0m l\u01b0\u1ee3ng cordycepin 4,54 \u00b1 0,21 mg/g 0,98 \u00b1 0,13 mg/g * kh\u00e1c bi\u1ec7t c\u00f3 \u00fd ngh\u0129a th\u1ed1ng k\u00ea (p<0,05)\n", "T\u1eeb nh\u1eefng k\u1ebft qu\u1ea3 thu \u0111\u01b0\u1ee3c \u1edf tr\u00ean, ch\u00fang t\u00f4i x\u00e1c \u0111\u1ecbnh \u0111\u01b0\u1ee3c lo\u1ea1i \u00e1nh s\u00e1ng th\u00edch h\u1ee3p cho sinh tr\u01b0\u1edfng c\u1ee7a n\u1ea5m C.\n", "militaris l\u00e0 \u00e1nh s\u00e1ng t\u1eeb \u0111\u00e8n compact.\n"], "5": ["5.\n", "B\u00e0n lu\u1eadn\n", "C.\n", "militaris t\u1eeb l\u00e2u \u0111\u00e3 \u0111\u01b0\u1ee3c s\u1eed d\u1ee5ng trong y h\u1ecdc c\u1ed5 truy\u1ec1n \u1edf ch\u00e2u \u00c1 nh\u1edd c\u00f3 c\u00e1c t\u00e1c d\u1ee5ng sinh h\u1ecdc \u0111a d\u1ea1ng nh\u01b0 ch\u1ed1ng ung th\u01b0, t\u0103ng c\u01b0\u1eddng v\u00e0 \u0111i\u1ec1u ho\u00e0 h\u1ec7 mi\u1ec5n d\u1ecbch, ch\u1ed1ng oxy ho\u00e1, ch\u1ed1ng vi\u00eam, kh\u00e1ng khu\u1ea9n...\n", "do s\u1ef1 c\u00f3 m\u1eb7t c\u1ee7a c\u00e1c ho\u1ea1t ch\u1ea5t nh\u01b0 cordycepin.\n", "Th\u1ec3 qu\u1ea3 c\u1ee7a C.militaris trong t\u1ef1 nhi\u00ean r\u1ea5t \u0111\u1eaft, v\u00ec \u0111\u1eb7c \u0111i\u1ec3m v\u1eadt ch\u1ee7 c\u1ee7a n\u1ea5m C.\n", "militaris r\u1ea5t \u0111\u1eb7c hi\u1ec7u v\u00e0 hi\u1ebfm g\u1eb7p trong t\u1ef1 nhi\u00ean.\n", "N\u1ea5m C.\n", "militaris ph\u00e1t tri\u1ec3n r\u1ea5t ch\u1eadm trong t\u1ef1 nhi\u00ean, s\u1ef1 t\u0103ng tr\u01b0\u1edfng c\u00f3 gi\u1edbi h\u1ea1n v\u00e0 k\u00edch th\u01b0\u1edbc nh\u1ecf.\n", "R\u1ea5t kh\u00f3 \u0111\u1ec3 thu \u0111\u01b0\u1ee3c m\u1ed9t s\u1ed1 l\u01b0\u1ee3ng \u0111\u1ec3 c\u00f3 th\u1ec3 d\u00f9ng l\u00e0m thu\u1ed1c hay th\u1ef1c ph\u1ea9m ch\u1ee9c n\u0103ng.\n", "Nh\u1ed9ng t\u1eb1m \u0111\u00e3 \u0111\u01b0\u1ee3c s\u1eed d\u1ee5ng l\u00e0m v\u1eadt ch\u1ee7 cho nu\u00f4i c\u1ea5y n\u1ea5m C.\n", "militaris trong m\u1ed9t s\u1ed1 nghi\u00ean c\u1ee9u [4].\n", "Ph\u01b0\u01a1ng ph\u00e1p ti\u00eam c\u1ea5y v\u00e0o nh\u1ed9ng t\u1eb1m cho th\u1ea5y hi\u1ec7u qu\u1ea3 cao h\u01a1n c\u00e1c ph\u01b0\u01a1ng ph\u00e1p kh\u00e1c nh\u01b0 phun s\u1ea5y hay nh\u00fang [5].\n", "Do \u0111\u00f3, ch\u00fang t\u00f4i s\u1eed d\u1ee5ng ph\u01b0\u01a1ng ph\u00e1p ti\u00eam trong nghi\u00ean c\u1ee9u c\u1ee7a m\u00ecnh.\n", "Nh\u1ed9ng t\u1eb1m khi b\u1ecb ti\u00eam c\u1ea5y gi\u1ed1ng C.militaris ch\u1ebft trong v\u00f2ng 2 ~ 3 ng\u00e0y, tr\u1edf n\u00ean c\u1ee9ng trong kho\u1ea3ng 7 ng\u00e0y sau ti\u00eam, v\u00e0 sau \u0111\u00f3 s\u1ea3n sinh th\u1ec3 qu\u1ea3.\n", "Th\u1ec3 qu\u1ea3 trong t\u1ef1 nhi\u00ean c\u1ee7a C.\n", "militaris c\u00f3 m\u00e0u cam, h\u00ecnh tr\u1ee5 v\u00e0 dao \u0111\u1ed9ng 2,5-4,5 cm chi\u1ec1u d\u00e0i [6].\n", "K\u1ebft qu\u1ea3 c\u1ee7a ch\u00fang t\u00f4i cho th\u1ea5y th\u1ec3 qu\u1ea3 c\u0169ng c\u00f3 c\u00e1c \u0111\u1eb7c \u0111i\u1ec3m t\u01b0\u01a1ng t\u1ef1, cho th\u1ea5y r\u1eb1ng nh\u1ed9ng t\u1eb1m c\u0169ng c\u00f3 kh\u1ea3 n\u0103ng s\u1ea3n sinh ra th\u1ec3 qu\u1ea3 c\u1ee7a n\u1ea5m\n", "C.militaris t\u01b0\u01a1ng t\u1ef1 trong t\u1ef1 nhi\u00ean.\n", "\u0110\u00e3 c\u00f3 m\u1ed9t s\u1ed1 nghi\u00ean c\u1ee9u \u0111\u01b0\u1ee3c ti\u1ebfn h\u00e0nh nh\u1eb1m t\u1ed1i \u01b0u \u0111i\u1ec1u ki\u1ec7n nu\u00f4i c\u1ea5y \u0111\u1ec3 cho n\u1ea5m C.\n", "militaris.\n", "Hung v\u00e0 cs.\n", "\u0111\u00e3 \u0111\u00e1nh gi\u00e1 y\u1ebfu t\u1ed1 nhi\u1ec7t \u0111\u1ed9 \u0111\u1ebfn h\u00e0m l\u01b0\u1ee3ng cordycepin c\u1ee7a n\u1ea5m C.\n", "militaris nu\u00f4i c\u1ea5y trong c\u00e1c b\u00ecnh Erlenmeyer.\n", "Nh\u00f3m t\u00e1c gi\u1ea3 n\u00e0y cho th\u1ea5y nhi\u1ec7t \u0111\u1ed9 20oC - 25oC l\u00e0 nhi\u1ec7t \u0111\u1ed9 t\u1ed1i \u01b0u cho s\u1ef1 sinh tr\u01b0\u1edfng c\u1ee7a n\u1ea5m C.\n", "militaris v\u00e0 cho h\u00e0m l\u01b0\u1ee3ng cordycepin cao nh\u1ea5t tr\u00ean s\u1ee3i n\u1ea5m v\u00e0 th\u1ec3 qu\u1ea3 [7].\n", "Nhi\u1ec7t \u0111\u1ed9 30oC \u1ee9c ch\u1ebf s\u1ef1 sinh tr\u01b0\u1edfng c\u1ee7a n\u1ea5m, do \u0111\u00f3 ng\u0103n c\u1ea3n qu\u00e1 tr\u00ecnh sinh t\u1ed5ng h\u1ee3p cordycepin.\n", "K\u1ebft qu\u1ea3 c\u1ee7a ch\u00fang t\u00f4i c\u0169ng t\u01b0\u01a1ng t\u1ef1 c\u1ee7a nh\u00f3m t\u00e1c gi\u1ea3 n\u00e0y, cho th\u1ea5y nhi\u1ec7t \u0111\u1ed9 25oC l\u00e0 nhi\u1ec7t \u0111\u1ed9 t\u1ed1i \u01b0u cho nu\u00f4i c\u1ea5y n\u1ea5m C.\n", "militaris.\n", "\u0110\u00e8n led tr\u1eafng \u0110\u00e8n compact j\n", "L\u00f4 1 L\u00f4 2\n", "H\u00ecnh 7.\n", "K\u00edch th\u01b0\u1edbc th\u1ec3 qu\u1ea3 c\u1ee7a n\u1ea5m C.\n", "militaris NBRC 100741 tr\u00ean gi\u00e1 th\u1ec3 nh\u1ed9ng trong c\u00e1c \u0111i\u1ec1u ki\u1ec7n chi\u1ebfu s\u00e1ng kh\u00e1c nhau.\n", "L\u00f41 - \u0111i\u1ec1u ki\u1ec7n chi\u1ebfu s\u00e1ng b\u1eb1ng \u0111\u00e8n compact; L\u00f42 - \u0111i\u1ec1u ki\u1ec7n chi\u1ebfu s\u00e1ng b\u1eb1ng \u0111\u00e8n LED (g\u1ed3m t\u1ec9 l\u1ec7 m\u00e0u: xanh d\u01b0\u01a1ng: \u0111\u1ecf l\u00e0 1:2).\n", "M\u1ed9t s\u1ed1 nghi\u00ean c\u1ee9u kh\u00e1c \u0111\u00e3 \u0111\u01b0\u1ee3c ti\u1ebfn h\u00e0nh nh\u1eb1m x\u00e1c \u0111\u1ecbnh \u1ea3nh h\u01b0\u1edfng c\u1ee7a \u00e1nh s\u00e1ng \u0111\u1ebfn sinh tr\u01b0\u1edfng c\u1ee7a n\u1ea5m C.\n", "militaris tr\u00ean gi\u00e1 th\u1ec3 t\u1ef1 nhi\u00ean v\u00e0 nh\u00e2n t\u1ea1o [8-11].\n", "K\u1ebft qu\u1ea3 c\u1ee7a c\u00e1c nghi\u00ean c\u1ee9u n\u00e0y cho th\u1ea5y r\u1eb1ng \u00e1nh s\u00e1ng c\u00f3 \u1ea3nh h\u01b0\u1edfng l\u1edbn \u0111\u1ebfn sinh tr\u01b0\u1edfng v\u00e0 ph\u00e1t tri\u1ec3n c\u1ee7a n\u1ea5m C.\n", "militaris \u0111\u1ed3ng th\u1eddi c\u0169ng c\u00f3 \u1ea3nh h\u01b0\u1edfng \u0111\u1ebfn h\u00e0m l\u01b0\u1ee3ng c\u00e1c ch\u1ea5t c\u00f3 ho\u1ea1t t\u00ednh sinh h\u1ecdc c\u00f3 trong th\u1ec3 qu\u1ea3 c\u1ee7a n\u1ea5m C.\n", "militaris.\n", "Theo Dong v\u00e0 cs, \u00e1nh s\u00e1ng c\u00f3 m\u00e0u h\u1ed3ng (g\u1ed3m 1/3 \u00e1nh s\u00e1ng c\u00f3 b\u01b0\u1edbc s\u00f3ng 450 - 460 nm v\u00e0 2/3 \u00e1nh s\u00e1ng c\u00f3 b\u01b0\u1edbc s\u00f3ng 650 - 660 nm) cho th\u1ec3 qu\u1ea3 c\u00f3 k\u00edch th\u01b0\u1edbc l\u1edbn h\u01a1n v\u00e0 h\u00e0m l\u01b0\u1ee3ng cordycepin nhi\u1ec1u h\u01a1n so v\u1edbi \u00e1nh s\u00e1ng xanh d\u01b0\u01a1ng (xanh blue) ho\u1eb7c \u00e1nh s\u00e1ng \u0111\u1ecf [9].\n", "K\u1ebft qu\u1ea3 nghi\u00ean c\u1ee9u c\u1ee7a ch\u00fang t\u00f4i c\u0169ng ph\u00f9 h\u1ee3p v\u1edbi k\u1ebft qu\u1ea3 c\u1ee7a Dong v\u00e0 cs [9].\n", "\u0110\u00e8n compact t\u1ea1o ra \u00e1nh s\u00e1ng tr\u1eafng c\u00f3 b\u01b0\u1edbc s\u00f3ng k\u1ebft h\u1ee3p gi\u1eefa b\u01b0\u1edbc s\u00f3ng c\u1ee7a tia t\u1eed ngo\u1ea1i (400 - 450 nm) v\u00e0 \u00e1nh s\u00e1ng nh\u00ecn th\u1ea5y \u0111\u01b0\u1ee3c (600 - 700 nm), do \u0111\u00f3 cho k\u1ebft qu\u1ea3 sinh tr\u01b0\u1edfng, ph\u00e1t tri\u1ec3n v\u00e0 h\u00ecnh th\u00e0nh th\u1ec3 qu\u1ea3 c\u1ee7a n\u1ea5m C.\n", "militaris cao h\u01a1n so v\u1edbi \u00e1nh s\u00e1ng t\u1eeb \u0111\u00e8n LED ph\u1ed1i h\u1ee3p hai lo\u1ea1i \u00e1nh s\u00e1ng m\u00e0u xanh d\u01b0\u01a1ng v\u00e0 \u00e1nh s\u00e1ng m\u00e0u \u0111\u1ecf v\u1edbi t\u1ec9 l\u1ec7 t\u01b0\u01a1ng \u1ee9ng l\u00e0 1:2.\n"], "6": ["6.\n", "K\u1ebft lu\u1eadn\n", "Nhi\u1ec7t \u0111\u1ed9 sinh tr\u01b0\u1edfng t\u1ed1i \u01b0u v\u00e0 t\u1ea1o th\u1ec3 qu\u1ea3 tr\u00ean nh\u1ed9ng t\u1eb1m t\u1ed1t nh\u1ea5t \u1edf 24-26oC, \u1edf nhi\u1ec7t \u0111\u1ed9 n\u00e0y cho k\u1ebft qu\u1ea3 h\u00ecnh th\u00e0nh th\u1ec3 qu\u1ea3 t\u1ed1t nh\u1ea5t v\u00e0 h\u00e0m l\u01b0\u1ee3ng cordycepin trong th\u1ec3 qu\u1ea3 l\u00e0 cao nh\u1ea5t so v\u1edbi c\u00e1c d\u1ea3i nhi\u1ec7t \u0111\u1ed9 kh\u00e1c.\n", "Trong nu\u00f4i c\u1ea5y C.\n", "militaris n\u1ebfu s\u1eed d\u1ee5ng \u00e1nh s\u00e1ng t\u1eeb \u0111\u00e8n compact th\u00ec thu \u0111\u01b0\u1ee3c k\u1ebft qu\u1ea3 sinh tr\u01b0\u1edfng t\u1ed1t h\u01a1n so v\u1edbi khi s\u1eed d\u1ee5ng \u00e1nh s\u00e1ng t\u1eeb \u0111\u00e8n LED c\u00f3 pha tr\u1ed9n gi\u1eefa hai lo\u1ea1i \u00e1nh s\u00e1ng m\u00e0u xanh d\u01b0\u01a1ng v\u00e0 \u00e1nh s\u00e1ng m\u00e0u \u0111\u1ecf v\u1edbi t\u1ec9 l\u1ec7 t\u01b0\u01a1ng \u1ee9ng l\u00e0 1:2 do thu \u0111\u01b0\u1ee3c s\u1ed1 l\u01b0\u1ee3ng v\u00e0 k\u00edch th\u01b0\u1edbc th\u1ec3 qu\u1ea3 cao h\u01a1n, c\u0169ng nh\u01b0 h\u00e0m l\u01b0\u1ee3ng cordycepin cao h\u01a1n.\n", "L\u1eddi c\u1ea3m \u01a1n\n", "\u0110\u1ec1 t\u00e0i \u0111\u01b0\u1ee3c t\u00e0i tr\u1ee3 b\u1edfi Ch\u01b0\u01a1ng tr\u00ecnh Khoa h\u1ecdc v\u00e0 C\u00f4ng ngh\u1ec7 ph\u1ee5c v\u1ee5 ph\u00e1t tri\u1ec3n b\u1ec1n v\u1eefng v\u00f9ng T\u00e2y B\u1eafc, \u0110HQGHN, m\u00e3 s\u1ed1 \u0111\u1ec1 t\u00e0i:\n", "KHCN-TB.03C/13-18.\n"]}, "Word count": 3962}