{"title": "Original Article\n", "content": {"0": ["T\u00f3m t\u1eaft: M\u1ee5c ti\u00eau nghi\u00ean c\u1ee9u: x\u00e1c \u0111\u1ecbnh t\u1ec9 l\u1ec7 di c\u0103n h\u1ea1ch v\u00e0 t\u00ecm hi\u1ec3u m\u1ed1i li\u00ean quan gi\u1eefa t\u00ecnh tr\u1ea1ng di c\u0103n h\u1ea1ch v\u00e0 m\u1ed9t s\u1ed1 \u0111\u1eb7c \u0111i\u1ec3m gi\u1ea3i ph\u1eabu b\u1ec7nh trong ung th\u01b0 bi\u1ec3u m\u00f4 (UTBM) tuy\u1ebfn v\u00fa th\u1ec3 \u0111\u1eb7c bi\u1ec7t.\n", "\u0110\u1ed1i t\u01b0\u1ee3ng v\u00e0 ph\u01b0\u01a1ng ph\u00e1p nghi\u00ean c\u1ee9u: Nghi\u00ean c\u1ee9u m\u00f4 t\u1ea3 c\u1eaft ngang tr\u00ean 200 b\u1ec7nh nh\u00e2n UTBM tuy\u1ebfn v\u00fa th\u1ec3 \u0111\u1eb7c bi\u1ec7t t\u1ea1i Trung t\u00e2m Gi\u1ea3i ph\u1eabu b\u1ec7nh - Sinh h\u1ecdc ph\u00e2n t\u1eed, B\u1ec7nh vi\u1ec7n K t\u1eeb 08/2020 \u0111\u1ebfn 04/2021.\n", "K\u1ebft qu\u1ea3 nghi\u00ean c\u1ee9u: 32% trong s\u1ed1 200 b\u1ec7nh nh\u00e2n c\u00f3 di c\u0103n h\u1ea1ch.\n", "M\u1ed9t s\u1ed1 y\u1ebfu t\u1ed1 li\u00ean quan \u0111\u1ebfn s\u1ef1 t\u0103ng kh\u1ea3 n\u0103ng di c\u0103n h\u1ea1ch trong UTBM tuy\u1ebfn v\u00fa th\u1ec3 \u0111\u1eb7c bi\u1ec7t bao g\u1ed3m: m\u1ed9t s\u1ed1 typ m\u00f4 b\u1ec7nh h\u1ecdc (ti\u1ec3u thu\u1ef3 x\u00e2m nh\u1eadp, vi nh\u00fa x\u00e2m nh\u1eadp) (p = 0,000), \u0111\u1ed9 m\u00f4 h\u1ecdc cao (p = 0,000), x\u00e2m nh\u1eadp m\u1ea1ch (p = 0,000), x\u00e2m nh\u1eadp lympho v\u00e0o m\u00f4 u (TILs) < 10% (p = 0,000), ho\u1ea1i t\u1eed u (p = 0,001), s\u1ef1 b\u1ed9c l\u1ed9 qu\u00e1 m\u1ee9c Her-2/neu (p = 0,01), Ki-67 \u2265 20% (p = 0,036), typ ph\u00e2n t\u1eed Her-2 d\u01b0\u01a1ng t\u00ednh (p = 0,015).\n", "K\u1ebft lu\u1eadn: t\u1ec9 l\u1ec7 di c\u0103n h\u1ea1ch l\u00e0 32%.\n", "Typ m\u00f4 b\u1ec7nh h\u1ecdc, \u0111\u1ed9 m\u00f4 h\u1ecdc, t\u00ecnh tr\u1ea1ng x\u00e2m nh\u1eadp m\u1ea1ch, x\u00e2m nh\u1eadp lympho v\u00e0o m\u00f4 u, ho\u1ea1i t\u1eed u, t\u00ecnh tr\u1ea1ng b\u1ed9c l\u1ed9 Her-2/neu v\u00e0 Ki-67, typ ph\u00e2n t\u1eed l\u00e0 c\u00e1c y\u1ebfu t\u1ed1 li\u00ean quan \u0111\u1ebfn t\u00ecnh tr\u1ea1ng di c\u0103n h\u1ea1ch trong UTBM tuy\u1ebfn v\u00fa th\u1ec3 \u0111\u1eb7c bi\u1ec7t.\n", "T\u1eeb kho\u00e1: Di c\u0103n h\u1ea1ch, UTBM tuy\u1ebfn v\u00fa, th\u1ec3 \u0111\u1eb7c bi\u1ec7t.\n"], "1": ["1.\n", "M\u1edf\u0111\u1ea7u\n", "Ung th\u01b0 v\u00fa (UTV) l\u00e0 ung th\u01b0 hay g\u1eb7p nh\u1ea5t (chi\u1ebfm 24% t\u1ea5t c\u1ea3 c\u00e1c ung th\u01b0 \u1edf ph\u1ee5 n\u1eef), \u0111\u1ed3ng th\u1eddi c\u0169ng l\u00e0 m\u1ed9t trong nh\u1eefng nguy\u00ean nh\u00e2n g\u00e2y t\u1eed vong h\u00e0ng \u0111\u1ea7u trong s\u1ed1 c\u00e1c b\u1ec7nh ung th\u01b0 th\u01b0\u1eddng g\u1eb7p \u1edf n\u1eef gi\u1edbi tr\u00ean to\u00e0n c\u1ea7u [1].\n", "C\u1eaft tuy\u1ebfn v\u00fa v\u1edbi v\u00e9t h\u1ea1ch n\u00e1ch theo c\u00e1c ch\u1eb7ng \u0111\u01b0\u1ee3c coi l\u00e0 kinh \u0111i\u1ec3n trong \u0111i\u1ec1u tr\u1ecb ph\u1eabu thu\u1eadt UTV t\u1eeb nhi\u1ec1u n\u0103m qua.\n", "Tuy nhi\u00ean, nhi\u1ec1u nghi\u00ean c\u1ee9u tr\u00ean b\u1ec7nh nh\u00e2n UTV ch\u1ec9 ra r\u1eb1ng, t\u1ec9 l\u1ec7 b\u1ec7nh nh\u00e2n kh\u00f4ng c\u00f3 di c\u0103n h\u1ea1ch chi\u1ebfm g\u1ea7n m\u1ed9t n\u1eeda \u0111\u1ebfn h\u01a1n hai ph\u1ea7n ba m\u1eabu nghi\u00ean c\u1ee9u, \u0111\u1ed3ng ngh\u0129a v\u1edbi vi\u1ec7c s\u1ed1 l\u01b0\u1ee3ng l\u1edbn ng\u01b0\u1eddi b\u1ec7nh kh\u00f4ng \u0111\u01b0\u1ee3c h\u01b0\u1edfng l\u1ee3i _* T\u00e1cgi\u1ea3li\u00eanh\u1ec7.\n", "t\u1eeb vi\u1ec7c n\u1ea1o v\u00e9t h\u1ea1ch th\u01b0\u1eddng quy, thay v\u00e0o \u0111\u00f3 h\u1ecd c\u00f3 th\u1ec3 ph\u1ea3i ch\u1ecbu c\u00e1c bi\u1ebfn ch\u1ee9ng bao g\u1ed3m ch\u1ea3y m\u00e1u, \u0111\u1ecdng d\u1ecbch (10 - 52%), ph\u00f9 b\u1ea1ch huy\u1ebft c\u00e1nh tay (15 - 30%), t\u1ed5n th\u01b0\u01a1ng th\u1ea7n kinh v\u00f9ng n\u00e1ch, \u0111au, t\u00ea b\u00ec (78%), gi\u1ea3m ch\u1ee9c n\u0103ng v\u1eadn \u0111\u1ed9ng kh\u1edbp vai [2, 3].\n", "Do \u0111\u00f3, n\u1ebfu t\u00ecnh tr\u1ea1ng h\u1ea1ch n\u00e1ch c\u1ee7a b\u1ec7nh nh\u00e2n UTV c\u00f3 th\u1ec3 \u0111\u01b0\u1ee3c d\u1ef1 \u0111o\u00e1n ch\u00ednh x\u00e1c t\u1eeb nh\u1eefng th\u00f4ng tin l\u00e2m s\u00e0ng c\u01a1 b\u1ea3n v\u00e0 t\u1eeb \u0111\u1eb7c \u0111i\u1ec3m c\u1ee7a kh\u1ed1i u nguy\u00ean ph\u00e1t th\u00ec b\u1ec7nh nh\u00e2n c\u00f3 th\u1ec3 tr\u00e1nh \u0111\u01b0\u1ee3c b\u00f3c t\u00e1ch h\u1ea1ch n\u00e1ch kh\u00f4ng c\u1ea7n thi\u1ebft [4].\n", "\u0110\u00e3 c\u00f3 nhi\u1ec1u nghi\u00ean c\u1ee9u c\u1ee7a c\u00e1c t\u00e1c gi\u1ea3 trong v\u00e0 ngo\u00e0i n\u01b0\u1edbc v\u1ec1 c\u00e1c y\u1ebfu t\u1ed1 nguy c\u01a1 di c\u0103n h\u1ea1ch n\u00e1ch trong UTV, tuy nhi\u00ean nghi\u00ean c\u1ee9u tr\u00ean nh\u00f3m b\u1ec7nh nh\u00e2n UTBM tuy\u1ebfn v\u00fa th\u1ec3 \u0111\u1eb7c bi\u1ec7t th\u00ec ch\u01b0a c\u00f3 nhi\u1ec1u.\n", "V\u00ec v\u1eady, ch\u00fang t\u00f4i ti\u1ebfn h\u00e0nh nghi\u00ean c\u1ee9u nh\u1eb1m m\u1ee5c ti\u00eau: x\u00e1c \u0111\u1ecbnh t\u1ec9 l\u1ec7 di c\u0103n h\u1ea1ch v\u00e0 t\u00ecm hi\u1ec3u m\u1ed1i li\u00ean quan gi\u1eefa t\u00ecnh tr\u1ea1ng di c\u0103n h\u1ea1ch v\u00e0 m\u1ed9t s\u1ed1 \u0111\u1eb7c \u0111i\u1ec3m gi\u1ea3i ph\u1eabu b\u1ec7nh trong UTBM tuy\u1ebfn v\u00fa th\u1ec3 \u0111\u1eb7c bi\u1ec7t.\n"], "2": ["2.\n", "\u0110\u1ed1i t\u01b0\u1ee3ng v\u00e0 ph\u01b0\u01a1ng ph\u00e1p nghi\u00ean c\u1ee9u 2.1.\n", "\u0110\u1ed1i t\u01b0\u1ee3ng nghi\u00ean c\u1ee9u\n", "To\u00e0n b\u1ed9 200 b\u1ec7nh nh\u00e2n UTBM tuy\u1ebfn v\u00fa th\u1ec3 \u0111\u1eb7c bi\u1ec7t \u0111\u00e3 \u0111\u01b0\u1ee3c \u0111i\u1ec1u tr\u1ecb ph\u1eabu thu\u1eadt c\u1eaft v\u00fa tho\u1ea3 m\u00e3n ti\u00eau chu\u1ea9n l\u1ef1a ch\u1ecdn t\u1ea1i B\u1ec7nh vi\u1ec7n K c\u01a1 s\u1edf\n", "T\u00e2n Tri\u1ec1u t\u1eeb th\u00e1ng 06/2018 \u0111\u1ebfn th\u00e1ng 04/2021.\n", "2.2.1.\n", "Ti\u00eau chu\u1ea9n l\u1ef1a ch\u1ecdn - B\u1ec7nh nh\u00e2n \u0111\u01b0\u1ee3c ch\u1ea9n \u0111o\u00e1n x\u00e1c \u0111\u1ecbnh b\u1eb1ng m\u00f4 b\u1ec7nh h\u1ecdc l\u00e0 UTBM tuy\u1ebfn v\u00fa x\u00e2m nh\u1eadp th\u1ec3 \u0111\u1eb7c bi\u1ec7t.\n", "- Kh\u1ed1i u v\u00fa nguy\u00ean ph\u00e1t v\u00e0 ch\u01b0a \u0111\u01b0\u1ee3c \u0111i\u1ec1u tr\u1ecb ho\u00e1 ch\u1ea5t tr\u01b0\u1edbc m\u1ed5 c\u1eaft u.\n", "- B\u1ec7nh nh\u00e2n \u0111\u01b0\u1ee3c ph\u1eabu thu\u1eadt c\u1eaft tuy\u1ebfn v\u00fa v\u00e0 v\u00e9t h\u1ea1ch.\n", "- Kh\u00f4ng c\u00f3 ung th\u01b0 n\u00e0o kh\u00e1c tr\u00ean c\u01a1 th\u1ec3.\n", "- C\u00f3 h\u1ed3 s\u01a1 b\u1ec7nh \u00e1n cung c\u1ea5p \u0111\u1ea7y \u0111\u1ee7 th\u00f4ng tin c\u1ea7n thi\u1ebft cho nghi\u00ean c\u1ee9u: h\u1ecd t\u00ean, tu\u1ed5i, ng\u00e0y v\u00e0o \u0111o\u1ea1n l\u00e2m s\u00e0ng.\n", "- C\u00f3 ti\u00eau b\u1ea3n nhu\u1ed9m H-E, c\u00f3 kh\u1ed1i n\u1ebfn \u0111\u1ee7 ti\u00eau chu\u1ea9n nhu\u1ed9m ho\u00e1 m\u00f4 mi\u1ec5n d\u1ecbch (HMMD).\n", "2.2.2.\n", "Ti\u00eau chu\u1ea9n lo\u1ea1i tr\u1eeb - B\u1ec7nh nh\u00e2n kh\u00f4ng \u0111\u00e1p \u1ee9ng \u0111\u01b0\u1ee3c c\u00e1c ti\u00eau chu\u1ea9n l\u1ef1a ch\u1ecdn tr\u00ean.\n", "- UTBM tuy\u1ebfn v\u00fa t\u1ea1i ch\u1ed7.\n", "- UTV t\u00e1i ph\u00e1t ho\u1eb7c ung th\u01b0 c\u01a1 quan kh\u00e1c di c\u0103n t\u1edbi v\u00fa.\n", "- UTV \u1edf nam gi\u1edbi.\n", "2.2.3.\n", "Th\u1eddi gian v\u00e0 \u0111\u1ecba \u0111i\u1ec3m nghi\u00ean c\u1ee9u - Th\u1eddi gian: t\u1eeb 8/2020 \u0111\u1ebfn 04/2021.\n", "- \u0110\u1ecba \u0111i\u1ec3m: Trung t\u00e2m Gi\u1ea3i ph\u1eabu b\u1ec7nh - Sinh h\u1ecdc ph\u00e2n t\u1eed, B\u1ec7nh vi\u1ec7n K c\u01a1 s\u1edf T\u00e2n Tri\u1ec1u.\n", "2.2.\n", "Ph\u01b0\u01a1ng ph\u00e1p nghi\u00ean c\u1ee9u 2.2.1.\n", "Thi\u1ebft k\u1ebf nghi\u00ean c\u1ee9u\n", "Nghi\u00ean c\u1ee9u m\u00f4 t\u1ea3 c\u1eaft ngang.\n", "2.2.2.\n", "Ch\u1ecdn m\u1eabu nghi\u00ean c\u1ee9u\n", "Ch\u1ecdn m\u1eabu thu\u1eadn ti\u1ec7n, bao g\u1ed3m 200 b\u1ec7nh nh\u00e2n tho\u1ea3 m\u00e3n ti\u00eau chu\u1ea9n l\u1ef1a ch\u1ecdn.\n", "2.2.3.\n", "C\u00e1c bi\u1ebfn s\u1ed1 v\u00e0 ch\u1ec9 s\u1ed1 nghi\u00ean c\u1ee9u - C\u00e1c th\u00f4ng s\u1ed1 m\u00f4 b\u1ec7nh h\u1ecdc: + Typ m\u00f4 b\u1ec7nh h\u1ecdc theo ph\u00e2n lo\u1ea1i WHO 2019 [1]; + \u0110\u1ed9 m\u00f4 h\u1ecdc I, II, III; + X\u00e2m nh\u1eadp m\u1ea1ch: c\u00f3 ho\u1eb7c kh\u00f4ng; + X\u00e2m nh\u1eadp lympho:\n", "M\u1ee9c \u0111\u1ed9 x\u00e2m nh\u1eadp lympho v\u00e0o m\u00f4 \u0111\u1ec7m u \u0111\u01b0\u1ee3c chia th\u00e0nh c\u00e1c m\u1ed1c theo khuy\u1ebfn c\u00e1o c\u1ee7a\n", "H\u1ed9i \u0111\u1ed3ng nghi\u00ean c\u1ee9u TILs qu\u1ed1c t\u1ebf [5]:\n", "Th\u1ea5p (nh\u00f3m A): < 10%\n", "Trung b\u00ecnh (nh\u00f3m B): 10 - 40%\n", "Cao (nh\u00f3m C): > 40% + Ho\u1ea1i t\u1eed u: c\u00f3 ho\u1eb7c kh\u00f4ng.\n", "- S\u1ef1 b\u1ed9c l\u1ed9 c\u00e1c d\u1ea5u \u1ea5n HMMD: ER, PR, Her- 2, Ki-67.\n", "C\u00e1c ph\u00e2n typ ER v\u00e0 PR.\n", "Ph\u00e2n typ ph\u00e2n t\u1eed UTV.\n", "- T\u00ecnh tr\u1ea1ng di c\u0103n h\u1ea1ch: c\u00f3 ho\u1eb7c kh\u00f4ng di c\u0103n h\u1ea1ch, nh\u00f3m h\u1ea1ch (0, 1 - 3 v\u00e0 > 3 h\u1ea1ch).\n", "2.3.\n", "Quy tr\u00ecnh ti\u1ebfn h\u00e0nh nghi\u00ean c\u1ee9u - X\u00e2y d\u1ef1ng phi\u1ebfu thu th\u1eadp th\u00f4ng tin.\n", "- Thu th\u1eadp th\u00f4ng tin h\u00e0nh ch\u00ednh c\u1ee7a ng\u01b0\u1eddi b\u1ec7nh theo h\u1ed3 s\u01a1 b\u1ec7nh \u00e1n: h\u1ecd t\u00ean, tu\u1ed5i, ngh\u1ec1 nghi\u1ec7p, \u0111\u1ecba ch\u1ec9, ng\u00e0y v\u00e0o vi\u1ec7n - Thu th\u1eadp th\u00f4ng tin \u0111\u1ea1i th\u1ec3, vi th\u1ec3, ho\u00e1 m\u00f4 mi\u1ec5n d\u1ecbch theo c\u00e1c ch\u1ec9 s\u1ed1/bi\u1ebfn s\u1ed1 nghi\u00ean c\u1ee9u.\n", "- Thu th\u1eadp ti\u00eau b\u1ea3n HE v\u00e0 kh\u1ed1i n\u1ebfn k\u00e8m theo.\n", "Trong tr\u01b0\u1eddng h\u1ee3p kh\u00f4ng c\u00f2n ti\u00eau b\u1ea3n HE th\u00ec s\u1ebd \u0111\u01b0\u1ee3c c\u1eaft nhu\u1ed9m l\u1ea1i t\u1eeb kh\u1ed1i n\u1ebfn \u0111\u1ec3 \u0111\u1ecdc k\u1ebft qu\u1ea3 vi th\u1ec3.\n", "- Ti\u1ebfn h\u00e0nh ph\u00e2n t\u00edch v\u00e0 x\u1eed l\u00ed s\u1ed1 li\u1ec7u.\n", "2.4.\n", "Ph\u00e2n t\u00edch v\u00e0 x\u1eed l\u00ed s\u1ed1 li\u1ec7u\n", "Ph\u00e2n t\u00edch v\u00e0 x\u1eed l\u00fd s\u1ed1 li\u1ec7u s\u1eed d\u1ee5ng ph\u1ea7n m\u1ec1m\n", "Excel 2019 v\u00e0 SPSS 20.0.\n", "- \u0110\u1ec3 so s\u00e1nh t\u00ecm s\u1ef1 kh\u00e1c bi\u1ec7t gi\u1eefa hai t\u1ec9 l\u1ec7 d\u00f9ng ki\u1ec3m \u0111\u1ecbnh Chi b\u00ecnh ph\u01b0\u01a1ng n\u1ebfu d\u01b0\u1edbi 20% t\u1ea7n s\u1ed1 mong \u0111\u1ee3i \u2264 5 v\u00e0 kh\u00f4ng c\u00f3 \u00f4 n\u00e0o c\u00f3 t\u1ea7n s\u1ed1 mong \u0111\u1ee3i < 1; d\u00f9ng ki\u1ec3m \u0111\u1ecbnh Fisher's exact test n\u1ebfu tr\u00ean 20% t\u1ea7n s\u1ed1 mong \u0111\u1ee3i \u2264 5 ho\u1eb7c c\u00f3 \u00f4 c\u00f3 t\u1ea7n s\u1ed1 < 1 [6].\n", "S\u1ef1 kh\u00e1c bi\u1ec7t c\u00f3 \u00fd ngh\u0129a th\u1ed1ng k\u00ea khi p < 0,05.\n", "2.5.\n", "\u0110\u1ea1o \u0111\u1ee9c nghi\u00ean c\u1ee9u - T\u1ea5t c\u1ea3 bi\u1ebfn s\u1ed1, ch\u1ec9 s\u1ed1 \u0111\u1ec1u \u0111\u01b0\u1ee3c thu th\u1eadp, t\u00ednh to\u00e1n trung th\u1ef1c v\u00e0 khoa h\u1ecdc.\n", "- Nghi\u00ean c\u1ee9u ch\u1ec9 nh\u1eb1m m\u1ee5c \u0111\u00edch n\u00e2ng cao ch\u1ea5t l\u01b0\u1ee3ng ch\u1ea9n \u0111o\u00e1n, \u0111i\u1ec1u tr\u1ecb, ti\u00ean l\u01b0\u1ee3ng b\u1ec7nh, gi\u00fap ch\u0103m s\u00f3c, n\u00e2ng cao s\u1ee9c kho\u1ebb, ch\u1ea5t l\u01b0\u1ee3ng cu\u1ed9c s\u1ed1ng ng\u01b0\u1eddi b\u1ec7nh.\n", "- Nghi\u00ean c\u1ee9u thu th\u1eadp th\u00f4ng tin t\u1eeb h\u1ed3 s\u01a1 b\u1ec7nh \u00e1n v\u00e0 c\u00e1c m\u1eabu b\u1ec7nh ph\u1ea9m th\u01b0\u1eddng quy c\u1ee7a b\u1ec7nh \u0111\u01b0\u1ee3c B\u1ed9 m\u00f4n Gi\u1ea3i ph\u1eabu b\u1ec7nh Tr\u01b0\u1eddng \u0110\u1ea1i h\u1ecdc Y\n", "H\u00e0 N\u1ed9i th\u00f4ng qua v\u00e0 \u0111\u01b0\u1ee3c s\u1ef1 cho ph\u00e9p c\u1ee7a c\u01a1 s\u1edf ti\u1ebfn h\u00e0nh nghi\u00ean c\u1ee9u tr\u01b0\u1edbc khi ti\u1ebfn h\u00e0nh th\u1ef1c hi\u1ec7n.\n", "B\u1ea3ng 1.\n", "Ph\u00e2n b\u1ed1 b\u1ec7nh nh\u00e2n theo t\u00ecnh tr\u1ea1ng di c\u0103n h\u1ea1ch\n", "Di c\u0103n h\u1ea1ch S\u1ed1 l\u01b0\u1ee3ng T\u1ec9 l\u1ec7 (%)\n", "C\u00f3 64 32,0\n", "Kh\u00f4ng 136 68,0\n", "T\u1ed5ng 200 100,0 3.\n", "K\u1ebft qu\u1ea3 nghi\u00ean c\u1ee9u 3.1.\n", "T\u00ecnh tr\u1ea1ng di c\u0103n h\u1ea1ch trong ung th\u01b0 bi\u1ec3u m\u00f4 tuy\u1ebfn v\u00fa th\u1ec3 \u0111\u1eb7c bi\u1ec7t\n", "C\u00f3 64 b\u1ec7nh nh\u00e2n c\u00f3 di c\u0103n h\u1ea1ch, chi\u1ebfm 32% t\u1ed5ng s\u1ed1 b\u1ec7nh nh\u00e2n \u0111\u01b0\u1ee3c kh\u1ea3o s\u00e1t.\n", "Trong s\u1ed1 64 b\u1ec7nh nh\u00e2n di c\u0103n h\u1ea1ch, 39 b\u1ec7nh nh\u00e2n di c\u0103n t\u1eeb 1 - 3 h\u1ea1ch v\u00e0 25 b\u1ec7nh nh\u00e2n di c\u0103n tr\u00ean 3 h\u1ea1ch (l\u1ea7n l\u01b0\u1ee3t chi\u1ebfm 19% v\u00e0 13% m\u1eabu nghi\u00ean c\u1ee9u).\n", "H\u00ecnh 1.Ph\u00e2n b\u1ed1 b\u1ec7nh nh\u00e2n theo nh\u00f3m h\u1ea1ch.\n", "B\u1ea3ng 2.\n", "M\u1ed1i li\u00ean quan gi\u1eefa t\u00ecnh tr\u1ea1ng di c\u0103n h\u1ea1ch v\u00e0 m\u1ed9t s\u1ed1 \u0111\u1eb7c \u0111i\u1ec3m m\u00f4 b\u1ec7nh h\u1ecdc\n", "\u0110\u1eb7c \u0111i\u1ec3m S\u1ed1 b\u1ec7nh nh\u00e2n n(%) Di c\u0103n h\u1ea1ch n(%) p\n", "Typ m\u00f4 b\u1ec7nh h\u1ecdc\n", "Ti\u1ec3u thu\u1ef3 x\u00e2m nh\u1eadp 78 (39) 38 (48,7) 0,000b\n", "Nh\u1ea7y 74 (37) 11 (14,9)\n", "Vi nh\u00fa x\u00e2m nh\u1eadp 23 (11,5) 11 (47,8)\n", "M\u1eb7t s\u00e0ng 7 (3,5) 2 (28,6)\n", "D\u1ecb s\u1ea3n 9 (4,5) 0 (0,0)\n", "\u1ed0ng nh\u1ecf 6 (3,0) 1 (16,7)\n", "C\u00e1c typ kh\u00e1c 3 (1,5) 1 (33,3)\n", "\u0110\u1ed9 m\u00f4 h\u1ecdc\n", "\u0110\u1ed9 I 53 (26,5) 8 (15,1) 0,000a\n", "\u0110\u1ed9 II 122 (61,0) 41 (33,6)\n", "\u0110\u1ed9 III 25 (12,5) 15 (60,0)\n", "X\u00e2m nh\u1eadp m\u1ea1ch\n", "Kh\u00f4ng 135 (67,5) 13 (9,6) 0,000a\n", "C\u00f3 65 (32,5) 51 (78,5)\n", "X\u00e2m nh\u1eadp lymho v\u00e0o m\u00f4 u (TILs)\n", "Th\u1ea5p 80 (40,0) 40 (50,0) 0,000a\n", "Trung b\u00ecnh 95 (47,5) 23 (24,2)\n", "Cao 25 (12,5) 1 (4,0)\n", "Ho\u1ea1i t\u1eed u\n", "Kh\u00f4ng 144 (72,0) 36 (25,0) 0,001a\n", "C\u00f3 56 (28,0) 28 (50,0) a Ki\u1ec3m \u0111\u1ecbnh Chi b\u00ecnh ph\u01b0\u01a1ng b Ki\u1ec3m \u0111\u1ecbnh Fisher's exact test 68% 19% 13%\n", "Kh\u00f4ng di c\u0103n 1 - 3 h\u1ea1ch > 3 h\u1ea1ch 3.2.\n", "M\u1ed1i li\u00ean quan gi\u1eefa t\u00ecnh tr\u1ea1ng di c\u0103n h\u1ea1ch v\u00e0 m\u1ed9t s\u1ed1 \u0111\u1eb7c \u0111i\u1ec3m gi\u1ea3i ph\u1eabu b\u1ec7nh\n", "T\u1ec9 l\u1ec7 di c\u0103n h\u1ea1ch c\u1ee7a UTBM ti\u1ec3u thu\u1ef3 x\u00e2m nh\u1eadp v\u00e0 UTBM vi nh\u00fa x\u00e2m nh\u1eadp chi\u1ebfm cao nh\u1ea5t, l\u1ea7n l\u01b0\u1ee3t l\u00e0 48,7% v\u00e0 47,8%; UTBM th\u1ec3 d\u1ecb s\u1ea3n kh\u00f4ng ghi nh\u1eadn t\u00ecnh tr\u1ea1ng di c\u0103n h\u1ea1ch.\n", "T\u1ec9 l\u1ec7 di c\u0103n h\u1ea1ch chi\u1ebfm cao nh\u1ea5t trong nh\u00f3m c\u00f3 \u0111\u1ed9 m\u00f4 h\u1ecdc III (60%) v\u00e0 th\u1ea5p nh\u1ea5t trong nh\u00f3m c\u00f3 \u0111\u1ed9 m\u00f4 h\u1ecdc I (15,1%).\n", "T\u1ec9 l\u1ec7 di c\u0103n h\u1ea1ch c\u1ee7a nh\u00f3m c\u00f3 x\u00e2m nh\u1eadp m\u1ea1ch cao h\u01a1n \u0111\u00e1ng k\u1ec3 so v\u1edbi c\u1ee7a nh\u00f3m kh\u00f4ng x\u00e2m nh\u1eadp m\u1ea1ch (78,5% so v\u1edbi 9,6%).\n", "Nh\u00f3m TILs th\u1ea5p c\u00f3 t\u1ec9 l\u1ec7 di c\u0103n h\u1ea1ch cao nh\u1ea5t (50%) v\u00e0 ng\u01b0\u1ee3c l\u1ea1i, nh\u00f3m TILs cao c\u00f3 t\u1ec9 l\u1ec7 di c\u0103n h\u1ea1ch th\u1ea5p nh\u1ea5t (4,0%).\n", "T\u1ec9 l\u1ec7 h\u1ea1ch d\u01b0\u01a1ng t\u00ednh trong nh\u00f3m c\u00f3 ho\u1ea1i t\u1eed u l\u00e0 50%, g\u1ea5p \u0111\u00f4i t\u1ec9 l\u1ec7 h\u1ea1ch d\u01b0\u01a1ng t\u00ednh trong nh\u00f3m kh\u00f4ng ho\u1ea1i t\u1eed u v\u1edbi 25%.\n", "Nh\u1eefng s\u1ef1 kh\u00e1c bi\u1ec7t tr\u00ean \u0111\u1ec1u c\u00f3 \u00fd ngh\u0129a th\u1ed1ng k\u00ea v\u1edbi p < 0,05.\n", "B\u1ea3ng 3.\n", "M\u1ed1i li\u00ean quan gi\u1eefa t\u00ecnh tr\u1ea1ng di c\u0103n h\u1ea1ch v\u00e0 m\u1ed9t s\u1ed1 \u0111\u1eb7c \u0111i\u1ec3m ho\u00e1 m\u00f4 mi\u1ec5n d\u1ecbch\n", "\u0110\u1eb7c \u0111i\u1ec3m S\u1ed1 b\u1ec7nh nh\u00e2n n (%) Di c\u0103n h\u1ea1ch n(%) p\n", "Estrogen \u00c2m t\u00ednh 23 (11,5) 10 (43,5) 0,210a\n", "Receptor (ER) D\u01b0\u01a1ng t\u00ednh 177 (88,5) 54 (30,5)\n", "Progesterone \u00c2m t\u00ednh 65 (32,5) 22 (33,8) 0,698a\n", "Receptor (PR) D\u01b0\u01a1ng t\u00ednh 135 (67,5) 42 (31,1)\n", "Her-2/neu\n", "\u00c2m t\u00ednh 174 (87,0) 50 (28,7) 0,01a\n", "D\u01b0\u01a1ng t\u00ednh 26 (13,0) 14 (53,8)\n", "Ch\u1ec9 s\u1ed1 t\u0103ng sinh nh\u00e2n Ki67 < 20% 109 (54,5) 28 (25,7) 0,036a \u2265 20% 91 (45,5) 36 (39,6)\n", "Ph\u00e2n typ ER/PR\n", "ER+/PR+ 134 (67,0) 41 (30,6) 0,368b\n", "ER+/PR- 43 (21,5) 13 (30,2)\n", "ER-/PR+ 1 (0,5) 1 (100,0)\n", "ER-/PR- 22 (11,0) 9 (40,9)\n", "Ph\u00e2n typ ph\u00e2n t\u1eed\n", "L\u00f2ng \u1ed1ng A 102 (51,0) 23 (22,5) 0,015b\n", "L\u00f2ng \u1ed1ng B c\u00f3 Her2- 58 (29,0) 23 (39,7)\n", "L\u00f2ng \u1ed1ng B c\u00f3 Her2+ 18 (9,0) 9 (50,0)\n", "HER-2 8 (4,0) 5 (62,5)\n", "B\u1ed9 ba \u00e2m t\u00ednh 14 (7,0) 4 (28,6) a Ki\u1ec3m \u0111\u1ecbnh Chi b\u00ecnh ph\u01b0\u01a1ng b Ki\u1ec3m \u0111\u1ecbnh Fisher's exact test\n", "T\u1ec9 l\u1ec7 di c\u0103n h\u1ea1ch gi\u1eefa hai nh\u00f3m ER d\u01b0\u01a1ng t\u00ednh/ ER \u00e2m t\u00ednh, PR d\u01b0\u01a1ng t\u00ednh/ PR \u00e2m t\u00ednh v\u00e0 gi\u1eefa c\u00e1c nh\u00f3m ph\u00e2n typ ER/PR kh\u00e1c bi\u1ec7t kh\u00f4ng c\u00f3 \u00fd ngh\u0129a th\u1ed1ng k\u00ea v\u1edbi p > 0,05.\n", "T\u1ec9 l\u1ec7 di c\u0103n h\u1ea1ch trong nh\u00f3m c\u00f3 Her-2/neu d\u01b0\u01a1ng t\u00ednh (53,8%) cao h\u01a1n \u0111\u00e1ng k\u1ec3 so v\u1edbi trong nh\u00f3m c\u00f3 Her-2/neu \u00e2m t\u00ednh (28,7%).\n", "Nh\u00f3m Ki- 67 \u2265 20% c\u00f3 t\u1ec9 l\u1ec7 di c\u0103n h\u1ea1ch cao h\u01a1n so v\u1edbi nh\u00f3m Ki-67 < 20% (39,6% so v\u1edbi 25,7%).Typ ph\u00e2n t\u1eed Her-2 d\u01b0\u01a1ng t\u00ednh c\u00f3 t\u1ec9 l\u1ec7 di c\u0103n h\u1ea1ch cao nh\u1ea5t v\u1edbi 62,5%, typ ph\u00e2n t\u1eed l\u00f2ng \u1ed1ng A c\u00f3 t\u1ec9 l\u1ec7 di c\u0103n h\u1ea1ch th\u1ea5p nh\u1ea5t v\u1edbi 22,5%.\n", "Nh\u1eefng s\u1ef1 kh\u00e1c bi\u1ec7t tr\u00ean c\u00f3 \u00fd ngh\u0129a th\u1ed1ng k\u00ea v\u1edbi p < 0,05.\n"], "4": ["4.\n", "B\u00e0n lu\u1eadn 4.1.\n", "T\u00ecnh tr\u1ea1ng di c\u0103n h\u1ea1ch trong ung th\u01b0 bi\u1ec3u m\u00f4 tuy\u1ebfn v\u00fa th\u1ec3 \u0111\u1eb7c bi\u1ec7t\n", "T\u00ecnh tr\u1ea1ng di c\u0103n h\u1ea1ch n\u00e1ch l\u00e0 m\u1ed9t trong nh\u1eefng y\u1ebfu t\u1ed1 ti\u00ean l\u01b0\u1ee3ng quan tr\u1ecdng nh\u1ea5t trong\n", "UTV, li\u00ean quan \u0111\u1ebfn kh\u1ea3 n\u0103ng t\u00e1i ph\u00e1t c\u0169ng nh\u01b0 th\u1eddi gian s\u1ed1ng th\u00eam c\u1ee7a ng\u01b0\u1eddi b\u1ec7nh [3].\n", "Theo nghi\u00ean c\u1ee9u, t\u1ec9 l\u1ec7 di c\u0103n h\u1ea1ch chi\u1ebfm 32,0% t\u1ed5ng s\u1ed1 b\u1ec7nh nh\u00e2n (B\u1ea3ng 1).\n", "So s\u00e1nh v\u1edbi m\u1ed9t s\u1ed1 nghi\u00ean c\u1ee9u kh\u00e1c, nh\u1eadn th\u1ea5y r\u1eb1ng t\u1ec9 l\u1ec7 n\u00e0y x\u1ea5p x\u1ec9 v\u1edbi k\u1ebft qu\u1ea3 nghi\u00ean c\u1ee9u c\u1ee7a Tan v\u00e0 c\u1ed9ng s\u1ef1 (2005) tr\u00ean 380 b\u1ec7nh nh\u00e2n UTV t\u1ea1i Singapore v\u1edbi 35,8% [7]; cao h\u01a1n t\u1ec9 l\u1ec7 di c\u0103n h\u1ea1ch trong c\u00e1c c\u00f4ng b\u1ed1 c\u1ee7a Barth v\u00e0 c\u1ed9ng s\u1ef1 (1997) (23%) [8],\n", "Yasushi v\u00e0 c\u1ed9ng s\u1ef1 (1998) (25%) [9]; tuy nhi\u00ean, th\u1ea5p h\u01a1n \u0111\u00e1ng k\u1ec3 so v\u1edbi t\u1ec9 l\u1ec7 di c\u0103n h\u1ea1ch trong c\u00e1c nghi\u00ean c\u1ee9u \u0111\u01b0\u1ee3c th\u1ef1c hi\u1ec7n b\u1edfi Giuseppe v\u00e0 c\u1ed9ng s\u1ef1 (2005) tr\u00ean 4351 b\u1ec7nh nh\u00e2n UTBM tuy\u1ebfn v\u00fa x\u00e2m nh\u1eadp (57,3%) [10], Cetintas v\u00e0 c\u1ed9ng s\u1ef1 (2006) v\u1edbi 64% [11].\n", "Nghi\u00ean c\u1ee9u c\u1ee7a ch\u00fang t\u00f4i c\u00f2n ch\u1ec9 ra r\u1eb1ng, trong s\u1ed1 64 b\u1ec7nh nh\u00e2n di c\u0103n h\u1ea1ch, 39 b\u1ec7nh nh\u00e2n di c\u0103n t\u1eeb 1 - 3 h\u1ea1ch v\u00e0 25 b\u1ec7nh nh\u00e2n di c\u0103n tr\u00ean 3 h\u1ea1ch (l\u1ea7n l\u01b0\u1ee3t chi\u1ebfm 19% v\u00e0 13% t\u1ed5ng s\u1ed1 200 b\u1ec7nh nh\u00e2n \u0111\u01b0\u1ee3c kh\u1ea3o s\u00e1t) (H\u00ecnh 1).\n", "K\u1ebft qu\u1ea3 nghi\u00ean c\u1ee9u n\u00e0y ph\u00f9 h\u1ee3p v\u1edbi nghi\u00ean c\u1ee9u c\u1ee7a T\u1ea1 V\u0103n T\u1edd (2004) v\u1edbi t\u1ec9 l\u1ec7 di c\u0103n h\u1ea1ch n\u00e1ch l\u00e0 52,8%, trong \u0111\u00f3 t\u1ec9 l\u1ec7 di c\u0103n t\u1eeb 1 - 3 h\u1ea1ch l\u00e0 52,7%, t\u1eeb 4 h\u1ea1ch tr\u1edf l\u00ean l\u00e0 47,3% [12].\n", "Lauria v\u00e0 c\u1ed9ng s\u1ef1 (1995) nghi\u00ean c\u1ee9u tr\u00ean 1408 b\u1ec7nh nh\u00e2n UTV c\u0169ng nh\u1eadn th\u1ea5y, t\u1ec9 l\u1ec7 di c\u0103n h\u1ea1ch l\u00e0 61,4%, trong \u0111\u00f3 t\u1ec9 l\u1ec7 di c\u0103n 1 - 3 h\u1ea1ch, 4 - 9 h\u1ea1ch v\u00e0 t\u1eeb 10 h\u1ea1ch tr\u1edf l\u00ean l\u1ea7n l\u01b0\u1ee3t chi\u1ebfm 29,3%; 16,7% v\u00e0 15,5% m\u1eabu nghi\u00ean c\u1ee9u [13].\n", "4.2.\n", "M\u1ed1i li\u00ean quan gi\u1eefa t\u00ecnh tr\u1ea1ng di c\u0103n h\u1ea1ch v\u00e0 m\u1ed9t s\u1ed1 \u0111\u1eb7c \u0111i\u1ec3m gi\u1ea3i ph\u1eabu b\u1ec7nh 4.2.1.\n", "M\u1ed1i li\u00ean quan gi\u1eefa t\u00ecnh tr\u1ea1ng di c\u0103n h\u1ea1ch v\u00e0 m\u1ed9t s\u1ed1 \u0111\u1eb7c \u0111i\u1ec3m m\u00f4 b\u1ec7nh h\u1ecdc\n", "V\u1ec1 typ m\u00f4 b\u1ec7nh h\u1ecdc, ch\u00fang t\u00f4i nh\u1eadn th\u1ea5y t\u1ec9 l\u1ec7 di c\u0103n h\u1ea1ch c\u1ee7a UTBM ti\u1ec3u thu\u1ef3 x\u00e2m nh\u1eadp v\u00e0\n", "UTBM vi nh\u00fa x\u00e2m nh\u1eadp chi\u1ebfm cao nh\u1ea5t, l\u1ea7n l\u01b0\u1ee3t l\u00e0 48,7% v\u00e0 47,8%; UTBM th\u1ec3 d\u1ecb s\u1ea3nkh\u00f4ng ghi nh\u1eadn t\u00ecnh tr\u1ea1ng di c\u0103n h\u1ea1ch (p < 0,05) (B\u1ea3ng 2).\n", "Nghi\u00ean c\u1ee9u c\u1ee7a Giuseppe v\u00e0 c\u1ed9ng s\u1ef1 (2005) tr\u00ean 4351 b\u1ec7nh nh\u00e2n ch\u1ec9 ra t\u1ec9 l\u1ec7 di c\u0103n h\u1ea1ch trong\n", "UTBM tuy\u1ebfn b\u00e1n hu\u1ef7 l\u00e0 32,3%, UTBM ti\u1ec3u thu\u1ef3 x\u00e2m nh\u1eadp l\u00e0 27,2%, trong UTBM th\u1ec3 d\u1ecb s\u1ea3n, th\u1ec3 m\u1eb7t s\u00e0ng, th\u1ec3 \u1ed1ng nh\u1ecf v\u00e0 th\u1ec3 nh\u1ea7y l\u1ea7n l\u01b0\u1ee3t l\u00e0 25%; 17,9%; 12,3% v\u00e0 11,6% [10].\n", "K\u1ebft qu\u1ea3 n\u00e0y ph\u00f9 h\u1ee3p v\u1edbi k\u1ebft qu\u1ea3 nghi\u00ean c\u1ee9u c\u1ee7a ch\u00fang t\u00f4i khi ch\u1ec9 ra r\u1eb1ng UTBM ti\u1ec3u thu\u1ef3 x\u00e2m nh\u1eadp c\u00f3 t\u1ec9 l\u1ec7 di c\u0103n h\u1ea1ch cao h\u01a1n \u0111\u00e1ng k\u1ec3 so v\u1edbi m\u1ed9t s\u1ed1 typ m\u00f4 h\u1ecdc \u0111\u1eb7c bi\u1ec7t kh\u00e1c; s\u1ef1 kh\u00e1c bi\u1ec7t v\u1ec1 s\u1ed1 li\u1ec7u c\u1ee5 th\u1ec3 c\u00f3 th\u1ec3 do s\u1ef1 kh\u00e1c bi\u1ec7t v\u1ec1 c\u1ee1 m\u1eabu v\u00e0 y\u1ebfu t\u1ed1 d\u1ecbch t\u1ec5.\n", "Nghi\u00ean c\u1ee9u c\u1ee7a Yasushi v\u00e0 c\u1ed9ng s\u1ef1 (1998), Tan v\u00e0 c\u1ed9ng s\u1ef1 (2005) \u0111\u1ec1u th\u1ed1ng nh\u1ea5t r\u1eb1ng m\u1ed9t s\u1ed1 typ m\u00f4 h\u1ecdc \u0111\u1eb7c bi\u1ec7t bao g\u1ed3m UTBM th\u1ec3 \u1ed1ng nh\u1ecf, th\u1ec3 nh\u1ea7y v\u00e0 th\u1ec3 m\u1eb7t s\u00e0ng c\u00f3 t\u1ec9 l\u1ec7 di c\u0103n h\u1ea1ch th\u1ea5p h\u01a1n \u0111\u00e1ng k\u1ec3 [7, 9].\n", "UTBM vi nh\u00fa x\u00e2m nh\u1eadp c\u00f3 t\u1edbi x\u1ea5p x\u1ec9 70% di c\u0103n h\u1ea1ch n\u00e1ch v\u00e0\n", "UTBM th\u1ec3 d\u1ecb s\u1ea3n c\u00f3 t\u1ec9 l\u1ec7 di c\u0103n h\u1ea1ch th\u1ea5p h\u01a1n trong\n", "UTBM x\u00e2m nh\u1eadp typ kh\u00f4ng \u0111\u1eb7c bi\u1ec7t (NOS) [14].\n", "Nh\u1eefng k\u1ebft qu\u1ea3 nghi\u00ean c\u1ee9u n\u00e0y ho\u00e0n to\u00e0n ph\u00f9 h\u1ee3p v\u1edbi k\u1ebft qu\u1ea3 nghi\u00ean c\u1ee9u c\u1ee7a ch\u00fang t\u00f4i.\n", "V\u1ec1 \u0111\u1ed9 m\u00f4 h\u1ecdc, nghi\u00ean c\u1ee9u c\u1ee7a ch\u00fang t\u00f4i nh\u1eadn th\u1ea5y, t\u1ec9 l\u1ec7 di c\u0103n h\u1ea1ch chi\u1ebfm cao nh\u1ea5t trong nh\u00f3m c\u00f3 \u0111\u1ed9 m\u00f4 h\u1ecdc III (60%) v\u00e0 th\u1ea5p nh\u1ea5t trong nh\u00f3m c\u00f3 \u0111\u1ed9 m\u00f4 h\u1ecdc I (15,1%) (p < 0,05) (B\u1ea3ng 2).\n", "K\u1ebft qu\u1ea3 n\u00e0y ph\u00f9 h\u1ee3p v\u1edbi k\u1ebft qu\u1ea3 nghi\u00ean c\u1ee9u c\u1ee7a Tan v\u00e0 c\u1ed9ng s\u1ef1 (2005) v\u1edbi t\u1ec9 l\u1ec7 h\u1ea1ch d\u01b0\u01a1ng t\u00ednh \u1edf ba nh\u00f3m \u0111\u1ed9 m\u00f4 h\u1ecdc I, II v\u00e0 III l\u1ea7n l\u01b0\u1ee3t l\u00e0 21%; 34,3% v\u00e0 50,5% (p = 0,0003) [7].\n", "\u0110i\u1ec1u n\u00e0y cho th\u1ea5y r\u1eb1ng t\u1ec9 l\u1ec7 di c\u0103n h\u1ea1ch c\u00f3 xu h\u01b0\u1edbng t\u0103ng theo s\u1ef1 t\u0103ng d\u1ea7n c\u1ee7a \u0111\u1ed9 m\u00f4 h\u1ecdc.\n", "V\u1ec1 t\u00ecnh tr\u1ea1ng x\u00e2m nh\u1eadp m\u1ea1ch, t\u1ec9 l\u1ec7 di c\u0103n h\u1ea1ch c\u1ee7a nh\u00f3m c\u00f3 x\u00e2m nh\u1eadp m\u1ea1ch cao h\u01a1n \u0111\u00e1ng k\u1ec3 so v\u1edbi c\u1ee7a nh\u00f3m kh\u00f4ng x\u00e2m nh\u1eadp m\u1ea1ch (78,5% so v\u1edbi 9,6%) (p < 0,05) (B\u1ea3ng 2).\n", "K\u1ebft qu\u1ea3 n\u00e0y ph\u00f9 h\u1ee3p v\u1edbi c\u00e1c nghi\u00ean c\u1ee9u c\u1ee7a Barth v\u00e0 c\u1ed9ng s\u1ef1 (1997), Tan v\u00e0 c\u1ed9ng s\u1ef1 (2005),\n", "Giuseppe v\u00e0 c\u1ed9ng s\u1ef1 (2005) khi \u0111\u1ec1u th\u1ed1ng nh\u1ea5t r\u1eb1ng, t\u1ec9 l\u1ec7 x\u00e2m nh\u1eadp m\u1ea1ch t\u0103ng t\u1ec9 l\u1ec7 thu\u1eadn v\u1edbi nguy c\u01a1 di c\u0103n h\u1ea1ch [7, 8, 10].\n", "V\u1ec1 t\u00ecnh tr\u1ea1ng x\u00e2m nh\u1eadp lympho v\u00e0o m\u00f4 u (TILs), nghi\u00ean c\u1ee9u c\u1ee7a ch\u00fang t\u00f4i ch\u1ec9 ra, nh\u00f3m\n", "TILs th\u1ea5p c\u00f3 t\u1ec9 l\u1ec7 di c\u0103n h\u1ea1ch cao nh\u1ea5t (50%) v\u00e0 ng\u01b0\u1ee3c l\u1ea1i, nh\u00f3m TILs cao c\u00f3 t\u1ec9 l\u1ec7 di c\u0103n h\u1ea1ch th\u1ea5p nh\u1ea5t (4,0%) (p < 0,05) (B\u1ea3ng 2).\u0110i\u1ec1u n\u00e0y cho th\u1ea5y m\u1ee9c \u0111\u1ed9 x\u00e2m nh\u1eadp lympho v\u00e0o m\u00f4 u th\u1ea5p nhi\u1ec1u kh\u1ea3 n\u0103ng li\u00ean quan \u0111\u1ebfn s\u1ef1 t\u0103ng nguy c\u01a1 di c\u0103n h\u1ea1ch.\n", "Caziuc v\u00e0 c\u1ed9ng s\u1ef1 (2019),\n", "Takada v\u00e0 c\u1ed9ng s\u1ef1 (2020) trong c\u00e1c nghi\u00ean c\u1ee9u c\u1ee7a h\u1ecd \u0111\u1ec1u ch\u1ec9 ra m\u1ed1i t\u01b0\u01a1ng quan ngh\u1ecbch gi\u1eefa\n", "TILs v\u00e0 t\u00ecnh tr\u1ea1ng di c\u0103n h\u1ea1ch: c\u00e1c kh\u1ed1i u n\u1ed5i tr\u1ed9i\n", "TILs c\u00f3 kh\u1ea3 n\u0103ng di c\u0103n h\u1ea1ch th\u1ea5p h\u01a1n [15, 16].\n", "Nh\u00ecn chung, TILs c\u00f3 th\u1ec3 \u0111\u01b0\u1ee3c xem nh\u01b0 m\u1ed9t c\u00f4ng c\u1ee5 h\u1eefu hi\u1ec7u d\u1ef1 \u0111o\u00e1n kh\u1ea3 n\u0103ng di c\u0103n h\u1ea1ch tr\u00ean b\u1ec7nh nh\u00e2n UTV.\n", "V\u1ec1 t\u00ecnh tr\u1ea1ng ho\u1ea1i t\u1eed u, t\u1ec9 l\u1ec7 h\u1ea1ch d\u01b0\u01a1ng t\u00ednh trong nh\u00f3m c\u00f3 ho\u1ea1i t\u1eed u l\u00e0 50%, g\u1ea5p \u0111\u00f4i t\u1ec9 l\u1ec7 h\u1ea1ch d\u01b0\u01a1ng t\u00ednh trong nh\u00f3m kh\u00f4ng ho\u1ea1i t\u1eed u v\u1edbi 25% (p < 0,05) (B\u1ea3ng 2).\n", "C\u00f3 th\u1ec3 th\u1ea5y, ho\u1ea1i t\u1eed u c\u00f3 th\u1ec3 \u0111\u01b0\u1ee3c xem l\u00e0 y\u1ebfu t\u1ed1 li\u00ean quan \u0111\u1ebfn kh\u1ea3 n\u0103ng di c\u0103n h\u1ea1ch \u1edf b\u1ec7nh nh\u00e2n UTV.\n", "Tuy nhi\u00ean, k\u1ebft qu\u1ea3 nghi\u00ean c\u1ee9u c\u1ee7a ch\u00fang t\u00f4i kh\u00e1c v\u1edbi k\u1ebft qu\u1ea3 nghi\u00ean c\u1ee9u c\u1ee7a c\u00e1c t\u00e1c gi\u1ea3 kh\u00e1c.\n", "T\u1ea1 V\u0103n T\u1edd (2004) b\u00e1o c\u00e1o t\u1ec9 l\u1ec7 di c\u0103n h\u1ea1ch n\u00e1ch \u1edf nh\u00f3m kh\u00f4ng c\u00f3 ho\u1ea1i t\u1eed u l\u00e0 48,2% [12].\n", "Nguy\u1ec5n Thu H\u00e0 (2018) nh\u1eadn th\u1ea5y t\u1ec9 l\u1ec7 h\u1ea1ch d\u01b0\u01a1ng t\u00ednh trong nh\u00f3m c\u00f3 ho\u1ea1i t\u1eed u v\u00e0 kh\u00f4ng ho\u1ea1i t\u1eed u l\u1ea7n l\u01b0\u1ee3t l\u00e0 39,4% v\u00e0 37,6%[17].\n", "Trong c\u1ea3 hai b\u00e1o c\u00e1o, s\u1ef1 kh\u00e1c bi\u1ec7t \u0111\u1ec1u kh\u00f4ng c\u00f3 \u00fd ngh\u0129a th\u1ed1ng k\u00ea v\u1edbi p > 0,05.\n", "4.2.2.\n", "M\u1ed1i li\u00ean quan gi\u1eefa t\u00ecnh tr\u1ea1ng di c\u0103n h\u1ea1ch v\u00e0 m\u1ed9t s\u1ed1 \u0111\u1eb7c \u0111i\u1ec3m ho\u00e1 m\u00f4 mi\u1ec5n d\u1ecbch\n", "V\u1ec1 s\u1ef1 b\u1ed9c l\u1ed9 m\u1ed9t s\u1ed1 d\u1ea5u \u1ea5n ho\u00e1 m\u00f4 mi\u1ec5n d\u1ecbch, theo nghi\u00ean c\u1ee9u, t\u1ec9 l\u1ec7 di c\u0103n h\u1ea1ch gi\u1eefa hai nh\u00f3m ER d\u01b0\u01a1ng t\u00ednh, ER \u00e2m t\u00ednh v\u00e0 gi\u1eefa hai nh\u00f3m PR d\u01b0\u01a1ng t\u00ednh, PR \u00e2m t\u00ednh kh\u00e1c bi\u1ec7t kh\u00f4ng c\u00f3 \u00fd ngh\u0129a th\u1ed1ng k\u00ea v\u1edbi p > 0,05.\n", "Nghi\u00ean c\u1ee9u c\u1ee7a ch\u00fang t\u00f4i c\u0169ng nh\u1eadn th\u1ea5y kh\u00f4ng c\u00f3 s\u1ef1 kh\u00e1c bi\u1ec7t c\u00f3 \u00fd ngh\u0129a th\u1ed1ng k\u00ea gi\u1eefa t\u1ec9 l\u1ec7 di c\u0103n h\u1ea1ch trong c\u00e1c nh\u00f3m ph\u00e2n typ ER/PR (p > 0,05) (B\u1ea3ng 3).\n", "Ashturkar v\u00e0 c\u1ed9ng s\u1ef1 (2011) trong nghi\u00ean c\u1ee9u c\u1ee7a m\u00ecnh \u0111\u00e3 ch\u1ec9 ra t\u00ecnh tr\u1ea1ng\n", "ER(-)/PR(-) c\u00f3 li\u00ean quan \u0111\u00e1ng k\u1ec3 v\u1edbi nguy c\u01a1 di c\u0103n h\u1ea1ch n\u00e1ch th\u1ea5p (p < 0,002) [3].\n", "K\u1ebft qu\u1ea3 n\u00e0y kh\u00e1c so v\u1edbi k\u1ebft qu\u1ea3 nghi\u00ean c\u1ee9u c\u1ee7a ch\u00fang t\u00f4i, tuy nhi\u00ean, \u0111i\u1ec1u n\u00e0y c\u00f3 th\u1ec3 \u0111\u01b0\u1ee3c gi\u1ea3i th\u00edch l\u00e0 do s\u1ef1 kh\u00e1c bi\u1ec7t trong c\u1ee1 m\u1eabu v\u00e0 \u0111\u1ed1i t\u01b0\u1ee3ng nghi\u00ean c\u1ee9u khi nghi\u00ean c\u1ee9u c\u1ee7a ch\u00fang t\u00f4i ti\u1ebfn h\u00e0nh tr\u00ean nh\u00f3m UTBM th\u1ec3 \u0111\u1eb7c bi\u1ec7t.\n", "Nghi\u00ean c\u1ee9u c\u1ee7a ch\u00fang t\u00f4i ch\u1ec9 ra t\u1ec9 l\u1ec7 di c\u0103n h\u1ea1ch trong nh\u00f3m c\u00f3 Her-2/neu d\u01b0\u01a1ng t\u00ednh (53,8%) cao h\u01a1n \u0111\u00e1ng k\u1ec3 so v\u1edbi trong nh\u00f3m c\u00f3\n", "Her-2/neu \u00e2m t\u00ednh (28,7%) (p < 0,05).\n", "Nh\u00f3m\n", "Ki-67 \u2265 20% c\u00f3 t\u1ec9 l\u1ec7 di c\u0103n h\u1ea1ch cao h\u01a1n so v\u1edbi nh\u00f3m Ki-67 < 20% (39,6% so v\u1edbi 25,7%) (p < 0,05) (B\u1ea3ng 3).\n", "\u0110i\u1ec1u n\u00e0y cho th\u1ea5y, kh\u1ed1i u v\u1edbi s\u1ef1 bi\u1ec3u hi\u1ec7n qu\u00e1 m\u1ee9c c\u1ee7a Her-2/neu (3+) v\u00e0 b\u1ed9c l\u1ed9 Ki-67 cao nhi\u1ec1u kh\u1ea3 n\u0103ng ch\u1ec9 ra s\u1ef1 t\u01b0\u01a1ng quan thu\u1eadn v\u1edbi m\u1ee9c \u0111\u1ed9 di c\u0103n h\u1ea1ch trong UTBM tuy\u1ebfn v\u00fa.\n", "Tr\u00ean th\u1ebf gi\u1edbi \u0111\u00e3 c\u00f3 nhi\u1ec1u t\u00e1c gi\u1ea3 ti\u1ebfn h\u00e0nh nghi\u00ean c\u1ee9u v\u1ec1 m\u1ed1i quan h\u1ec7 gi\u1eefa t\u00ecnh tr\u1ea1ng di c\u0103n h\u1ea1ch v\u00e0 s\u1ef1 b\u1ed9c l\u1ed9 c\u00e1c d\u1ea5u \u1ea5n ho\u00e1 m\u00f4 mi\u1ec5n d\u1ecbch.\n", "Theo Giuseppe v\u00e0 c\u1ed9ng s\u1ef1 (2005), Ki-67 > 16% c\u00f3 m\u1ed1i li\u00ean quan ch\u1eb7t ch\u1ebd v\u1edbi kh\u1ea3 n\u0103ng cao di c\u0103n h\u1ea1ch (p < 0,0001); b\u1ec7nh nh\u00e2n c\u00f3 kh\u1ed1i u kh\u00f4ng b\u1ed9c l\u1ed9 v\u1edbi PR c\u00f3 nguy c\u01a1 th\u1ea5p di c\u0103n h\u1ea1ch (p = 0,0006) trong khi s\u1ef1 b\u1ed9c l\u1ed9 qu\u00e1 m\u1ee9c Her- 2/neu (\u2265 3) ch\u1ec9 c\u00f3 li\u00ean quan m\u1ed9t ch\u00fat v\u1edbi kh\u1ea3 n\u0103ng di c\u0103n h\u1ea1ch cao h\u01a1n (p = 0,058) [10].\n", "V\u1ec1 ph\u00e2n typ ph\u00e2n t\u1eed, typ ph\u00e2n t\u1eed Her-2 d\u01b0\u01a1ng t\u00ednh c\u00f3 t\u1ec9 l\u1ec7 di c\u0103n h\u1ea1ch cao nh\u1ea5t v\u1edbi 62,5%, typ ph\u00e2n t\u1eed l\u00f2ng \u1ed1ng A c\u00f3 t\u1ec9 l\u1ec7 di c\u0103n h\u1ea1ch th\u1ea5p nh\u1ea5t v\u1edbi 22,5% (p < 0,05) (B\u1ea3ng 3).\n", "K\u1ebft qu\u1ea3 tr\u00ean t\u01b0\u01a1ng t\u1ef1 k\u1ebft qu\u1ea3 nghi\u00ean c\u1ee9u c\u1ee7a\n", "Nguy\u1ec5n Thu H\u00e0 (2018): typ Her-2 d\u01b0\u01a1ng t\u00ednh c\u00f3 t\u1ec9 l\u1ec7 di c\u0103n h\u1ea1ch cao nh\u1ea5t v\u1edbi 49,3% v\u00e0 c\u00f3 t\u1ec9 l\u1ec7 di c\u0103n h\u1ea1ch th\u1ea5p nh\u1ea5t l\u00e0 typ l\u00f2ng \u1ed1ng A v\u1edbi 29,9% [17].\n", "Carey v\u00e0 c\u1ed9ng s\u1ef1 (2006), Makki v\u00e0 c\u1ed9ng s\u1ef1 (2015) \u0111\u1ec1u c\u00f3 c\u00f3 c\u00e1c nghi\u00ean c\u1ee9u v\u1edbi k\u1ebft qu\u1ea3 t\u01b0\u01a1ng t\u1ef1, th\u1ed1ng nh\u1ea5t r\u1eb1ng typ ph\u00e2n t\u1eed Her-2 d\u01b0\u01a1ng t\u00ednh th\u01b0\u1eddng c\u00f3 \u0111\u1ed9 m\u00f4 h\u1ecdc cao v\u00e0 nhi\u1ec1u kh\u1ea3 n\u0103ng di c\u0103n h\u1ea1ch [18, 19].\n", "4.3.\n", "C\u00e1c h\u1ea1n ch\u1ebf c\u1ee7a nghi\u00ean c\u1ee9u\n", "Nghi\u00ean c\u1ee9u c\u1ee7a ch\u00fang t\u00f4i ch\u1ec9 ti\u1ebfn h\u00e0nh t\u1ea1i m\u1ed9t c\u01a1 s\u1edf v\u1edbi c\u1ee1 m\u1eabu c\u00f2n h\u1ea1n ch\u1ebf, ti\u1ebfn h\u00e0nh nghi\u00ean c\u1ee9u m\u00f4 t\u1ea3 c\u1eaft ngang, ch\u1ec9 ph\u00e2n t\u00edch th\u1ed1ng k\u00ea \u0111\u01a1n bi\u1ebfn, ch\u01b0a ki\u1ec3m so\u00e1t c\u00e1c y\u1ebfu t\u1ed1 nhi\u1ec5u ti\u1ec1m t\u00e0ng, do \u0111\u00f3, nghi\u00ean c\u1ee9u s\u01a1 b\u1ed9 kh\u1ea3o s\u00e1t m\u1ed1i li\u00ean quan gi\u1eefa m\u1ed9t s\u1ed1 \u0111\u1eb7c \u0111i\u1ec3m gi\u1ea3i ph\u1eabu b\u1ec7nh v\u1edbi t\u00ecnh tr\u1ea1ng di c\u0103n h\u1ea1ch \u1edf b\u1ec7nh nh\u00e2n ung th\u01b0 bi\u1ec3u m\u00f4 tuy\u1ebfn v\u00fa th\u1ec3 \u0111\u1eb7c bi\u1ec7t, ch\u01b0a \u0111\u00e1nh gi\u00e1 \u0111\u01b0\u1ee3c c\u00e1c y\u1ebfu t\u1ed1 nguy c\u01a1 \u0111\u1ed9c l\u1eadp v\u1edbi t\u00ecnh tr\u1ea1ng di c\u0103n h\u1ea1ch.\n"], "5": ["5.\n", "K\u1ebft lu\u1eadn\n", "Nghi\u00ean c\u1ee9u ti\u1ebfn h\u00e0nh tr\u00ean 200 b\u1ec7nh nh\u00e2n\n", "UTBM tuy\u1ebfn v\u00fa th\u1ec3 \u0111\u1eb7c bi\u1ec7t t\u1ea1i B\u1ec7nh vi\u1ec7n K, nh\u1eadn th\u1ea5y: - T\u1ec9 l\u1ec7 di c\u0103n h\u1ea1ch l\u00e0 32%.\n", "- Typ m\u00f4 b\u1ec7nh h\u1ecdc, \u0111\u1ed9 m\u00f4 h\u1ecdc, t\u00ecnh tr\u1ea1ng x\u00e2m nh\u1eadp m\u1ea1ch, x\u00e2m nh\u1eadp lympho v\u00e0o m\u00f4 u, ho\u1ea1i t\u1eed u, t\u00ecnh tr\u1ea1ng b\u1ed9c l\u1ed9 Her-2/neu v\u00e0 Ki-67, typ ph\u00e2n t\u1eed l\u00e0 c\u00e1c y\u1ebfu t\u1ed1 li\u00ean quan \u0111\u1ebfn kh\u1ea3 n\u0103ng di c\u0103n h\u1ea1ch trong UTBM tuy\u1ebfn v\u00fa th\u1ec3 \u0111\u1eb7c bi\u1ec7t.\n", "K\u1ebft qu\u1ea3 nghi\u00ean c\u1ee9u b\u01b0\u1edbc \u0111\u1ea7u ch\u1ec9 ra m\u1ed1i li\u00ean quan gi\u1eefa m\u1ed9t s\u1ed1 \u0111\u1eb7c \u0111i\u1ec3m gi\u1ea3i ph\u1eabu b\u1ec7nh v\u1edbi t\u00ecnh tr\u1ea1ng di c\u0103n h\u1ea1ch \u1edf b\u1ec7nh nh\u00e2n ung th\u01b0 bi\u1ec3u m\u00f4 tuy\u1ebfn v\u00fa th\u1ec3 \u0111\u1eb7c bi\u1ec7t.\n", "Ch\u00fang t\u00f4i hi v\u1ecdng r\u1eb1ng, trong t\u01b0\u01a1ng lai c\u00f3 th\u1ec3 ti\u1ebfn h\u00e0nh nh\u1eefng nghi\u00ean c\u1ee9u l\u1edbn h\u01a1n \u0111\u1ec3 \u0111\u00e1nh gi\u00e1 \u0111\u01b0\u1ee3c c\u00e1c y\u1ebfu t\u1ed1 ti\u00ean l\u01b0\u1ee3ng \u0111\u1ed9c l\u1eadp v\u1edbi t\u00ecnh tr\u1ea1ng di c\u0103n h\u1ea1ch, t\u1eeb \u0111\u00f3, tr\u00e1nh \u0111\u01b0\u1ee3c b\u00f3c t\u00e1ch h\u1ea1ch n\u00e1ch trong nh\u1eefng ch\u1ea5t l\u01b0\u1ee3ng cu\u1ed9c s\u1ed1ng cho ng\u01b0\u1eddi b\u1ec7nh.\n", "L\u1eddi c\u1ea3m \u01a1n\n", "Nguy\u1ec5n Th\u1ecb Qu\u1ef3nh \u0111\u01b0\u1ee3c t\u00e0i tr\u1ee3 b\u1edfi T\u1eadp \u0111o\u00e0n\n", "Vingroup \u2013 C\u00f4ng ty CP v\u00e0 h\u1ed7 tr\u1ee3 b\u1edfi ch\u01b0\u01a1ng tr\u00ecnh h\u1ecdc b\u1ed5ng \u0111\u00e0o t\u1ea1o th\u1ea1c s\u0129, ti\u1ebfn s\u0129 trong n\u01b0\u1edbc c\u1ee7a Qu\u1ef9 \u0110\u1ed5i m\u1edbi s\u00e1ng t\u1ea1o Vingroup (VINIF), s\u1ed1 VINIF.2020.ThS.61.\n"]}, "Word count": 4058}