{"title": "Original Article\n", "content": {"0": ["T\u00f3m t\u1eaft: X\u00e1c \u0111\u1ecbnh t\u1ef7 l\u1ec7 \u0111\u1ed9t bi\u1ebfn gen epidermal growth factor receptor (EGFR - th\u1ee5 th\u1ec3 y\u1ebfu t\u1ed1 t\u0103ng tr\u01b0\u1edfng bi\u1ec3u b\u00ec) \u1edf b\u1ec7nh nh\u00e2n ung th\u01b0 ph\u1ed5i lo\u1ea1i bi\u1ec3u m\u00f4 t\u1ebf b\u00e0o v\u1ea3y giai \u0111o\u1ea1n ti\u1ebfn tri\u1ec3n, di c\u0103n t\u1ea1i Vi\u1ec7t\n", "Nam.\n", "Nghi\u00ean c\u1ee9u m\u00f4 t\u1ea3 tr\u00ean 559 m\u1eabu m\u00f4 c\u1ed1 \u0111\u1ecbnh formalin v\u00f9i paraffin c\u1ee7a b\u1ec7nh nh\u00e2n ung th\u01b0 ph\u1ed5i bi\u1ec3u m\u00f4 t\u1ebf b\u00e0o v\u1ea3y giai \u0111o\u1ea1n ti\u1ebfn tri\u1ec3n, di c\u0103n \u0111\u01b0\u1ee3c x\u00e9t nghi\u1ec7m \u0111\u1ed9t bi\u1ebfn gen EGFR b\u1eb1ng ph\u01b0\u01a1ng ph\u00e1p realtime PCR.\n", "\u0110\u1ed9t bi\u1ebfn gen EGFR \u0111\u01b0\u1ee3c ph\u00e1t hi\u1ec7n chi\u1ebfm kho\u1ea3ng 8,4% (47/559).\n", "Trong \u0111\u00f3, ph\u1ea7n l\u1edbn \u0111\u1ed9t bi\u1ebfn xo\u00e1 \u0111o\u1ea1n tr\u00ean exon 19 c\u1ee7a gen EGFR, chi\u1ebfm kho\u1ea3ng 51,1%.\n", "K\u1ebft qu\u1ea3 ph\u00e2n t\u00edch \u0111a bi\u1ebfn cho th\u1ea5y s\u1ef1 kh\u00e1c bi\u1ec7t c\u00f3 \u00fd ngh\u0129a gi\u1eefa \u0111\u1ed9t bi\u1ebfn gen EGFR v\u00e0 gi\u1edbi t\u00ednh (p<0,0001).\n", "X\u00e9t nghi\u1ec7m \u0111\u1ed9t bi\u1ebfn gen EGFR n\u00ean \u0111\u01b0\u1ee3c th\u1ef1c hi\u1ec7n \u1edf b\u1ec7nh nh\u00e2n ung th\u01b0 ph\u1ed5i bi\u1ec3u m\u00f4 t\u1ebf b\u00e0o v\u1ea3y \u0111\u1ec3 l\u1ef1a ch\u1ecdn ph\u01b0\u01a1ng ph\u00e1p \u0111i\u1ec1u tr\u1ecb ph\u00f9 h\u1ee3p.\n", "T\u1eeb kho\u00e1: Ung th\u01b0 ph\u1ed5i bi\u1ec3u m\u00f4 t\u1ebf b\u00e0o v\u1ea3y, gen EGFR.\n"], "1": ["1.\n", "M\u1edf \u0111\u1ea7u\n", "Theo GLOBOCAN 2020, ung th\u01b0 ph\u1ed5i l\u00e0 lo\u1ea1i ung th\u01b0 ph\u1ed5 bi\u1ebfn th\u1ee9 hai tr\u00ean th\u1ebf gi\u1edbi, v\u1edbi kho\u1ea3ng 2.206.771 tr\u01b0\u1eddng h\u1ee3p m\u1edbi ph\u00e1t hi\u1ec7n v\u00e0 1.796.144 ca t\u1eed vong h\u00e0ng n\u0103m.\n", "\u1ede Vi\u1ec7t Nam, ung th\u01b0 ph\u1ed5i \u0111\u1ee9ng hai v\u1ec1 s\u1ed1 ca m\u1eafc (\u01b0\u1edbc t\u00ednh kho\u1ea3ng 26.262) v\u00e0 s\u1ed1 ca t\u1eed vong (kho\u1ea3ng 23.797) [1].\n", "Ung th\u01b0 ph\u1ed5i kh\u00f4ng t\u1ebf b\u00e0o nh\u1ecf, chi\u1ebfm kho\u1ea3ng 80-85% t\u1ed5ng s\u1ed1 tr\u01b0\u1eddng h\u1ee3p, \u0111\u01b0\u1ee3c chia th\u00e0nh c\u00e1c lo\u1ea1i m\u00f4 b\u1ec7nh h\u1ecdc ch\u00ednh bao g\u1ed3m ung th\u01b0 bi\u1ec3u m\u00f4 tuy\u1ebfn, ung th\u01b0 bi\u1ec3u m\u00f4 v\u1ea3y, ung th\u01b0 bi\u1ec3u m\u00f4 t\u1ebf b\u00e0o l\u1edbn v\u00e0 c\u00e1c kh\u1ed1i u hi\u1ebfm g\u1eb7p kh\u00e1c [2].\n", "Ung th\u01b0 bi\u1ec3u m\u00f4 t\u1ebf b\u1ea3o v\u1ea3y c\u1ee7a ph\u1ed5i chi\u1ebfm kho\u1ea3ng 25-30% t\u1ed5ng s\u1ed1 c\u00e1c tr\u01b0\u1eddng h\u1ee3p [3].\n", "\u0110\u1ed1i v\u1edbi ung th\u01b0 ph\u1ed5i lo\u1ea1i bi\u1ec3u m\u00f4 t\u1ebf b\u00e0o v\u1ea3y giai \u0111o\u1ea1n ti\u1ebfn tri\u1ec3n, di c\u0103n vi\u1ec7c l\u1ef1a ch\u1ecdn ph\u00e1c \u0111\u1ed3 _* T\u00e1c gi\u1ea3 li\u00ean h\u1ec7.\n", "\u0111i\u1ec1u tr\u1ecb ho\u00e1 tr\u1ecb ho\u1eb7c c\u00e1c thu\u1ed1c \u1ee9c ch\u1ebf tyrosin kinase cho b\u1ec7nh nh\u00e2n tu\u1ef3 thu\u1ed9c v\u00e0o x\u00e9t nghi\u1ec7m \u0111\u1ed9t bi\u1ebfn gen EGFR, th\u1ec3 tr\u1ea1ng ng\u01b0\u1eddi b\u1ec7nh, \u0111i\u1ec1u ki\u1ec7n kinh t\u1ebf,...\n", "[4, 5].\n", "\u0110\u1ed9t bi\u1ebfn gen EGFR l\u00e0 d\u1ea1ng th\u01b0\u1eddng g\u1eb7p nh\u1ea5t trong ung th\u01b0 ph\u1ed5i.\n", "So v\u1edbi ung th\u01b0 bi\u1ec3u m\u00f4 tuy\u1ebfn \u1edf ph\u1ed5i, \u0111\u1ed9t bi\u1ebfn gen EGFR \u1edf nh\u00f3m b\u1ec7nh nh\u00e2n c\u00f3 ph\u00e2n lo\u1ea1i m\u00f4 b\u1ec7nh h\u1ecdc lo\u1ea1i t\u1ebf b\u00e0o v\u1ea3y c\u00f3 t\u1ec9 l\u1ec7 th\u1ea5p h\u01a1n, v\u1edbi t\u1ef7 l\u1ec7 \u0111\u01b0\u1ee3c b\u00e1o c\u00e1o l\u00e0 3-18% [6].\n", "M\u1ed9t s\u1ed1 k\u1ebft qu\u1ea3 nghi\u00ean cho th\u1ea5y hi\u1ec7u qu\u1ea3 trung b\u00ecnh c\u1ee7a thu\u1ed1c nh\u1eafm tr\u00fang \u0111\u00edch EGFR-tyrosine kinase inhibitor (TKI) trong ung th\u01b0 ph\u1ed5i lo\u1ea1i t\u1ebf b\u00e0o v\u1ea3y mang \u0111\u1ed9t bi\u1ebfn gen EGFR, v\u1edbi t\u1ef7 l\u1ec7 \u0111\u00e1p \u1ee9ng kh\u00e1ch quan n\u1eb1m trong kho\u1ea3ng t\u1eeb 25- 49%.\n", "Tuy nhi\u00ean, th\u1eddi gian s\u1ed1ng th\u00eam kh\u00f4ng ti\u1ebfn tri\u1ec3n b\u1ec7nh dao \u0111\u1ed9ng t\u1eeb 1-5 th\u00e1ng, \u1edf b\u1ec7nh nh\u00e2n ung th\u01b0 ph\u1ed5i lo\u1ea1i t\u1ebf b\u00e0o v\u1ea3y mang \u0111\u1ed9t bi\u1ebfn gen EGFR [7].\n", "Tuy nhi\u00ean, th\u00f4ng tin t\u1eeb c\u00e1c nghi\u00ean c\u1ee9u c\u00f3 quy m\u00f4 l\u1edbn v\u1eabn c\u00f2n thi\u1ebfu.\n", "B\u00ean c\u1ea1nh \u0111\u00f3, kh\u1ea3o s\u00e1t t\u1ef7 l\u1ec7 \u0111\u1ed9t bi\u1ebfn gen EGFR tr\u00ean b\u1ec7nh nh\u00e2n ung th\u01b0 ph\u1ed5i lo\u1ea1i t\u1ebf b\u00e0o v\u1ea3y thu\u1ed9c ch\u1ee7ng t\u1ed9c ch\u00e2u \u00c1 n\u00f3i chung, c\u1ee5 th\u1ec3 t\u1ea1i Vi\u1ec7t Nam ch\u01b0a c\u00f3 nhi\u1ec1u nghi\u00ean c\u1ee9u \u0111\u01b0\u1ee3c th\u1ef1c hi\u1ec7n.\n", "Do \u0111\u00f3, ch\u00fang t\u00f4i th\u1ef1c hi\u1ec7n nghi\u00ean c\u1ee9u n\u00e0y nh\u1eb1m m\u1ee5c ti\u00eau: x\u00e1c \u0111\u1ecbnh t\u1ef7 l\u1ec7 \u0111\u1ed9t bi\u1ebfn gen EGFR v\u00e0 m\u1ed1i t\u01b0\u01a1ng quan gi\u1eefa \u0111\u1ed9t bi\u1ebfn gen EGFR v\u1edbi m\u1ed9t s\u1ed1 \u0111\u1eb7c \u0111i\u1ec3m l\u00e2m s\u00e0ng \u1edf nh\u1eefng b\u1ec7nh nh\u00e2n ung th\u01b0 ph\u1ed5i bi\u1ec3u m\u00f4 t\u1ebf b\u00e0o v\u1ea3y giai \u0111o\u1ea1n ti\u1ebfn tri\u1ec3n, di c\u0103n t\u1ea1i Vi\u1ec7t Nam.\n"], "2": ["2.\n", "\u0110\u1ed1i t\u01b0\u1ee3ng v\u00e0 ph\u01b0\u01a1ng ph\u00e1p nghi\u00ean c\u1ee9u 2.1.\n", "\u0110\u1ed1i t\u01b0\u1ee3ng nghi\u00ean c\u1ee9u\n", "Nghi\u00ean c\u1ee9u \u0111\u01b0\u1ee3c th\u1ef1c hi\u1ec7n tr\u00ean 559 m\u1eabu m\u00f4 c\u1ed1 \u0111\u1ecbnh formalin v\u00f9i paraffin (FFPE \u2013 formalin- fixed paraffin-embedded) c\u1ee7a b\u1ec7nh nh\u00e2n ung th\u01b0 ph\u1ed5i lo\u1ea1i t\u1ebf b\u00e0o v\u1ea3y giai \u0111o\u1ea1n ti\u1ebfn tri\u1ec3n, di c\u0103n t\u1ea1i 2.2.\n", "Ph\u01b0\u01a1ng ph\u00e1p nghi\u00ean c\u1ee9u\n", "Nghi\u00ean c\u1ee9u m\u00f4 t\u1ea3\n", "Ti\u00eau b\u1ea3n m\u1eabu m\u00f4 FFPE nhu\u1ed9m H&E \u0111\u01b0\u1ee3c b\u00e1c s\u1ef9 gi\u1ea3i ph\u1eabu b\u1ec7nh quan s\u00e1t v\u00e0 \u0111\u00e1nh d\u1ea5u v\u00f9ng c\u00f3 t\u1ebf b\u00e0o kh\u1ed1i u; 1-2 l\u00e1t c\u1eaft (d\u00e0y 5-10 \u00b5m) m\u1eabu m\u00f4 FFPE \u0111\u01b0\u1ee3c thu th\u1eadp t\u1ea1i v\u1ecb tr\u00ed \u0111\u00e1nh d\u1ea5u t\u1ebf b\u00e0o kh\u1ed1i u.\n", "DNA t\u1ed5ng s\u1ed1 \u0111\u01b0\u1ee3c t\u00e1ch chi\u1ebft b\u1eb1ng kit\n", "QIAamp DNA FFPE Tissue (Qiagen \u2013 \u0110\u1ee9c) theo quy tr\u00ecnh c\u1ee7a nh\u00e0 s\u1ea3n xu\u1ea5t.\n", "Sau khi t\u00e1ch chi\u1ebft, DNA \u0111\u01b0\u1ee3c \u0111o n\u1ed3ng \u0111\u1ed9 b\u1eb1ng m\u00e1y\n", "Nanodrop one (Thermo Scientific \u2013 M\u1ef9).\n", "T\u00ecnh tr\u1ea1ng \u0111\u1ed9t bi\u1ebfn gen EGFR \u0111\u01b0\u1ee3c x\u00e1c \u0111\u1ecbnh b\u1eb1ng kit\n", "AmoyDx EGFR 29 Mutations Detection Kit.\n", "K\u1ef9 thu\u1eadt realtime PCR x\u00e1c \u0111\u1ecbnh \u0111\u1ed9t bi\u1ebfn gen\n", "EGFR \u0111\u01b0\u1ee3c th\u1ef1c hi\u1ec7n tr\u00ean h\u1ec7 th\u1ed1ng SLAN-96S (Amoy \u2013 \u0110\u00e0i Loan).\n", "C\u00e1c m\u1eabu \u0111\u01b0\u1ee3c coi c\u00f3 \u0111\u1ed9t bi\u1ebfn gen \u0111\u01b0\u1ee3c \u0111\u00e1nh gi\u00e1 th\u00f4ng qua gi\u00e1 tr\u1ecb Ct c\u1ee7a ph\u1ea3n \u1ee9ng ph\u00e1t hi\u1ec7n \u0111\u1ed9t bi\u1ebfn theo h\u01b0\u1edbng d\u1eabn c\u1ee7a nh\u00e0 s\u1ea3n xu\u1ea5t.\n", "2.3.\n", "Ph\u00e2n t\u00edch s\u1ed1 li\u1ec7u\n", "S\u1ed1 li\u1ec7u \u0111\u01b0\u1ee3c nh\u1eadp v\u00e0 qu\u1ea3n l\u00fd b\u1eb1ng excel 2010 v\u00e0 \u0111\u01b0\u1ee3c ph\u00e2n t\u00edch b\u1eb1ng ph\u1ea7n m\u1ec1m SPSS v.20.\n", "M\u1ed1i t\u01b0\u01a1ng quan gi\u1eefa \u0111\u1eb7c \u0111i\u1ec3m c\u1ee7a \u0111\u1ed1i t\u01b0\u1ee3ng nghi\u00ean c\u1ee9u v\u00e0 t\u00ecnh tr\u1ea1ng \u0111\u1ed9t bi\u1ebfn gen\n", "EGFR \u0111\u01b0\u1ee3c x\u00e1c \u0111\u1ecbnh b\u1eb1ng chi-b\u00ecnh ph\u01b0\u01a1ng.\n", "Ph\u00e2n t\u00edch \u0111a bi\u1ebfn t\u01b0\u01a1ng quan gi\u1eefa \u0111\u1eb7c \u0111i\u1ec3m c\u1ee7a b\u1ec7nh nh\u00e2n v\u00e0 t\u00ecnh tr\u1ea1ng \u0111\u1ed9t bi\u1ebfn gen EGFR.\n", "S\u1ef1 kh\u00e1c bi\u1ec7t c\u00f3 \u00fd ngh\u0129a th\u1ed1ng k\u00ea khi p < 0,05.\n"], "3": ["3.\n", "K\u1ebft qu\u1ea3 nghi\u00ean c\u1ee9u 3.1.\n", "\u0110\u1eb7c \u0111i\u1ec3m chung c\u1ee7a \u0111\u1ed1i t\u01b0\u1ee3ng nghi\u00ean c\u1ee9u\n", "B\u1ea3ng 1.\n", "\u0110\u1eb7c \u0111i\u1ec3m chung c\u1ee7a \u0111\u1ed1i t\u01b0\u1ee3ng nghi\u00ean c\u1ee9u\n", "\u0110\u1eb7c \u0111i\u1ec3m tu\u1ed5i v\u00e0 gi\u1edbi t\u00ednh \u0110\u1eb7c \u0111i\u1ec3m m\u1eabu m\u00f4 FFPE\n", "Tu\u1ed5i S\u1ed1 l\u01b0\u1ee3ng (%) V\u1ecb tr\u00ed l\u1ea5y m\u1eabu S\u1ed1 l\u01b0\u1ee3ng (%) <50 44 (7,9) U ph\u1ed5i nguy\u00ean ph\u00e1t 491 (87,8) 50-64 249 (44,5) H\u1ea1ch 62 (11,1) \u226565 266 (47,6) D\u1ecbch m\u00e0ng ph\u1ed5i 4 (0,7)\n", "Trung b\u00ecnh 63,4 \u00b1 10,4 V\u1ecb tr\u00ed di c\u0103n kh\u00e1c 2 (0,4)\n", "Gi\u1edbi t\u00ednh S\u1ed1 l\u01b0\u1ee3ng (%) Ph\u01b0\u01a1ng ph\u00e1p l\u1ea5y m\u1eabu S\u1ed1 l\u01b0\u1ee3ng (%)\n", "Nam 508 (90,9) Sinh thi\u1ebft 539 (96,4)\n", "N\u1eef 51 (9,1) Ph\u1eabu thu\u1eadt 16 (2,9)\n", "Ch\u1ecdc th\u00e1o d\u1ecbch 4 (0,7)\n", "Nh\u1eadn x\u00e9t: h\u1ea7u h\u1ebft m\u1eabu b\u1ec7nh ph\u1ea9m l\u00e0 c\u1ee7a nam gi\u1edbi (90,9%), v\u1ecb tr\u00ed l\u1ea5y m\u1eabu l\u00e0 t\u1ea1i kh\u1ed1i u nguy\u00ean ph\u00e1t (87,8%) v\u00e0 ph\u01b0\u01a1ng ph\u00e1p l\u1ea5y m\u1eabu l\u00e0 sinh thi\u1ebft kh\u1ed1i u.\n", "M\u1eabu b\u1ec7nh ph\u1ea9m c\u00f3 \u00edt nh\u1ea5t 30% ch\u1ee9a t\u1ebf b\u00e0o ung th\u01b0.\n", "Ch\u1ea5t l\u01b0\u1ee3ng DNA \u0111\u1ea3m b\u1ea3o \u0111\u1ed9 tinh s\u1ea1ch v\u1edbi gi\u00e1 tr\u1ecb A260/A280 n\u1eb1m trong kho\u1ea3ng 1,8-2 v\u00e0 gi\u00e1 tr\u1ecb A260/A230 n\u1eb1m trong kho\u1ea3ng 2- 2,3.\n", "N\u1ed3ng \u0111\u1ed9 DNA th\u00edch h\u1ee3p s\u1eed d\u1ee5ng cho quy tr\u00ecnh ph\u00e1t hi\u1ec7n \u0111\u1ed9t bi\u1ebfn gen EGFR tr\u00ean m\u1eabu\n", "FFPE l\u00e0 2 ng/ml \u0111\u1ed1i v\u1edbi m\u1eabu b\u1ec7nh ph\u1ea9m \u0111\u01b0\u1ee3c l\u01b0u tr\u1eef d\u01b0\u1edbi 3 n\u0103m v\u00e0 3 ng/ml \u0111\u1ed1i v\u1edbi m\u1eabu b\u1ec7nh ph\u1ea9m \u0111\u01b0\u1ee3c l\u01b0u tr\u1eef \u2265 3 n\u0103m (B\u1ea3ng 1).\n", "3.2.\n", "T\u00ecnh tr\u1ea1ng \u0111\u1ed9t bi\u1ebfn gen EGFR tr\u00ean \u0111\u1ed1i t\u01b0\u1ee3ng nghi\u00ean c\u1ee9u\n", "Nghi\u00ean c\u1ee9u s\u1eed d\u1ee5ng b\u1ed9 kit ph\u00e1t hi\u1ec7n 29 lo\u1ea1i \u0111\u1ed9t bi\u1ebfn gen EGFR tr\u00ean exon 19 \u0111\u1ebfn exon 21, bao g\u1ed3m: \u0111\u1ed9t bi\u1ebfn \u0111i\u1ec3m G719X tr\u00ean exon 19 (3 \u0111\u1ed9t bi\u1ebfn); xo\u00e1 \u0111o\u1ea1n tr\u00ean exon 19 (19 \u0111\u1ed9t bi\u1ebfn); \u0111\u1ed9t bi\u1ebfn \u0111i\u1ec3m T790M, S768I v\u00e0 th\u00eam \u0111o\u1ea1n (3 \u0111\u1ed9t bi\u1ebfn) tr\u00ean exon 20; \u0111\u1ed9t bi\u1ebfn \u0111i\u1ec3m L858R v\u00e0\n", "L861Q tr\u00ean exon 21.\n", "K\u1ebft qu\u1ea3 ph\u00e1t hi\u1ec7n \u0111\u1ec1u t\u00ecm \u0111\u01b0\u1ee3c t\u1ea5t c\u1ea3 c\u00e1c \u0111\u1ed9t bi\u1ebfn tr\u00ean trong nghi\u00ean c\u1ee9u c\u1ee7a ch\u00fang t\u00f4i.\n", "Nh\u1eadn x\u00e9t: t\u1ec9 l\u1ec7 \u0111\u1ed9t bi\u1ebfn gen EGFR th\u1ea5p (8,4%) trong \u0111\u00f3 ch\u1ee7 y\u1ebfu l\u00e0 \u0111\u1ed9t bi\u1ebfn xo\u00e1 \u0111o\u1ea1n tr\u00ean exon 19 (51,1%) (H\u00ecnh 1).\n", "H\u00ecnh 1.\n", "T\u1ef7 l\u1ec7 \u0111\u1ed9t bi\u1ebfn gen EGFR tr\u00ean \u0111\u1ed1i t\u01b0\u1ee3ng nghi\u00ean c\u1ee9u.\n", "H\u00ecnh 2.\n", "K\u1ebft qu\u1ea3 ch\u1ea1y realtime PCR ph\u00e1t hi\u1ec7n \u0111\u1ed9t bi\u1ebfn gen EGFR c\u1ee7a m\u1eabu NC-350.\n", "M\u1eabu NC-350 c\u00f3 \u0111\u1ed9t bi\u1ebfn xo\u00e1 \u0111o\u1ea1n tr\u00ean exon 19 (Ct: 16,30).\n", "B\u1ea3ng 2.\n", "M\u1ed1i li\u00ean quan gi\u1eefa t\u00ecnh tr\u1ea1ng \u0111\u1ed9t bi\u1ebfn gen EGFR v\u1edbi \u0111\u1eb7c \u0111i\u1ec3m c\u1ee7a \u0111\u1ed1i t\u01b0\u1ee3ng nghi\u00ean c\u1ee9u\n", "\u0110\u1eb7c \u0111i\u1ec3m\n", "\u0110\u1ed9t bi\u1ebfn gen\n", "EGFR p (ph\u00e2n t\u00edch \u0111\u01a1n bi\u1ebfn) p (ph\u00e2n t\u00edch \u0111a bi\u1ebfn)\n", "\u0110\u1eb7c \u0111i\u1ec3m\n", "\u0110\u1ed9t bi\u1ebfn gen\n", "EGFR p (ph\u00e2n t\u00edch \u0111\u01a1n bi\u1ebfn) p (ph\u00e2n t\u00edch \u0111a bi\u1ebfn)\n", "S\u1ed1 l\u01b0\u1ee3ng\n", "T\u1ef7 l\u1ec7 %\n", "S\u1ed1 l\u01b0\u1ee3ng\n", "T\u1ef7 l\u1ec7 %\n", "Tu\u1ed5i 0,152 0,404 V\u1ecb tr\u00ed l\u1ea5y m\u1eabu 0,437 0,710 <50 7 14,9\n", "U ph\u1ed5i nguy\u00ean ph\u00e1t 43 91,5 50-64 21 44,7 H\u1ea1ch 3 6,4 \u226565 19 40,4\n", "D\u1ecbch m\u00e0ng ph\u1ed5i 1 2,1\n", "Gi\u1edbi t\u00ednh <0,0001 <0,0001 V\u1ecb tr\u00ed kh\u00e1c 0 0\n", "Nam 26 55,3 Ph\u01b0\u01a1ng ph\u00e1p l\u1ea5y m\u1eabu 0,233 0,705\n", "N\u1eef 21 44,7 Sinh thi\u1ebft 46 97,9\n", "Ph\u1eabu thu\u1eadt 0 0\n", "Ch\u1ecdc th\u00e1o d\u1ecbch 1 2,1 3.3.\n", "M\u1ed1i li\u00ean quan gi\u1eefa t\u00ecnh tr\u1ea1ng \u0111\u1ed9t bi\u1ebfn gen\n", "EGFR v\u1edbi \u0111\u1eb7c \u0111i\u1ec3m c\u1ee7a \u0111\u1ed1i t\u01b0\u1ee3ng nghi\u00ean c\u1ee9u\n", "Nh\u1eadn x\u00e9t: m\u1ed1i li\u00ean quan gi\u1eefa \u0111\u1ed9t bi\u1ebfn gen\n", "EGFR v\u00e0 gi\u1edbi t\u00ednh c\u00f3 \u00fd ngh\u0129a th\u1ed1ng k\u00ea (p<0,0001).\n", "T\u1ef7 l\u1ec7 \u0111\u1ed9t bi\u1ebfn gen EGFR \u1edf nh\u1eefng b\u1ec7nh nh\u00e2n n\u1eef cao h\u01a1n so v\u1edbi nh\u00f3m b\u1ec7nh nh\u00e2n nam.\n", "Tu\u1ed5i, v\u1ecb tr\u00ed l\u1ea5y m\u1eabu v\u00e0 ph\u01b0\u01a1ng ph\u00e1p l\u1ea5y m\u1eabu \u0111\u1ec1u kh\u00f4ng c\u00f3 li\u00ean quan c\u00f3 \u00fd ngh\u0129a v\u1edbi \u0111\u1ed9t bi\u1ebfn gen EGFR (B\u1ea3ng 2).\n"], "4": ["4.\n", "B\u00e0n lu\u1eadn\n", "Trong nh\u1eefng n\u0103m g\u1ea7n \u0111\u00e2y c\u00f3 nhi\u1ec1u ti\u1ebfn b\u1ed9 trong ch\u1ea9n \u0111o\u00e1n v\u00e0 \u0111i\u1ec1u tr\u1ecb ung th\u01b0 ph\u1ed5i kh\u00f4ng t\u1ebf b\u00e0o nh\u1ecf; \u0111\u1eb7c bi\u1ec7t l\u00e0 c\u00e1c x\u00e9t nghi\u1ec7m sinh h\u1ecdc ph\u00e2n t\u1eed t\u00ecm \u0111\u1ed9t bi\u1ebfn gen EGFR, ALK hi\u1ec7n \u0111\u01b0\u1ee3c s\u1eed d\u1ee5ng th\u01b0\u1eddng xuy\u00ean \u0111\u1ec3 d\u1ef1 \u0111o\u00e1n \u0111\u00e1p \u1ee9ng \u0111i\u1ec1u tr\u1ecb c\u1ee7a b\u1ec7nh nh\u00e2n.\n", "Vi\u1ec7c \u0111i\u1ec1u tr\u1ecb c\u00e1 th\u1ec3 ho\u00e1 tu\u1ef3 thu\u1ed9c c\u00e1c x\u00e9t nghi\u1ec7m sinh h\u1ecdc ph\u00e2n t\u1eed ng\u00e0y c\u00e0ng \u0111\u01b0\u1ee3c \u1ee9ng d\u1ee5ng v\u00e0 nghi\u00ean c\u1ee9u nhi\u1ec1u.\n", "Hi\u1ec7n nay, v\u1edbi ph\u00e2n lo\u1ea1i m\u00f4 b\u1ec7nh h\u1ecdc lo\u1ea1i ung th\u01b0 bi\u1ec3u m\u00f4 tuy\u1ebfn c\u1ee7a ph\u1ed5i l\u00e0 d\u1ea1ng th\u01b0\u1eddng g\u1eb7p v\u00e0 c\u00f3 t\u1ec9 l\u1ec7 \u0111\u01b0\u1ee3c l\u00e0m x\u00e9t nghi\u1ec7m \u0111\u1ed9t bi\u1ebfn gen EGFR cao.\n", "Ph\u00e2n lo\u1ea1i ung th\u01b0 bi\u1ec3u m\u00f4 t\u1ebf b\u00e0o v\u1ea3y l\u00e0 d\u1ea1ng hi\u1ebfm g\u1eb7p v\u00e0 c\u00f3 \u00edt nghi\u00ean c\u1ee9u \u0111\u00e1nh gi\u00e1 v\u1ec1 t\u1ec9 l\u1ec7 \u0111\u1ed9t bi\u1ebfn gen EGFR.\n", "Nghi\u00ean c\u1ee9u n\u00e0y kh\u1ea3o s\u00e1t \u0111\u1ed9t bi\u1ebfn gen EGFR tr\u00ean 559 m\u1eabu b\u1ec7nh ph\u1ea9m kh\u1ed1i n\u1ebfn ch\u1ee9a t\u1ed5 ch\u1ee9c ung th\u01b0 c\u1ee7a b\u1ec7nh nh\u00e2n ung th\u01b0 ph\u1ed5i lo\u1ea1i bi\u1ec3u m\u00f4 v\u1ea3y giai \u0111o\u1ea1n ti\u1ebfn tri\u1ec3n, di c\u0103n.\n", "\u0110\u1eb7c \u0111i\u1ec3m chung c\u1ee7a \u0111\u1ed1i t\u01b0\u1ee3ng nghi\u00ean c\u1ee9u \u0111\u01b0\u1ee3c th\u1ec3 hi\u1ec7n trong b\u1ea3ng 1.\n", "Ph\u1ea7n l\u1edbn \u0111\u1ed1i t\u01b0\u1ee3ng nghi\u00ean c\u1ee9u tr\u00ean 50 tu\u1ed5i (92,1%); tu\u1ed5i trung b\u00ecnh l\u00e0 63,4 \u00b1 10,4.\n", "\u0110a s\u1ed1 b\u1ec7nh nh\u00e2n trong nghi\u00ean c\u1ee9u l\u00e0 nam gi\u1edbi (90,9%), g\u1ea5p kho\u1ea3ng 10 l\u1ea7n v\u1edbi b\u1ec7nh nh\u00e2n n\u1eef gi\u1edbi.\n", "Trong nghi\u00ean c\u1ee9u c\u1ee7a Amit Joshi v\u00e0 cs (2017), ph\u1ea7n l\u1edbn \u0111\u1ed1i t\u01b0\u1ee3ng nghi\u00ean c\u1ee9u l\u00e0 nam gi\u1edbi, g\u1ea5p kho\u1ea3ng 3 l\u1ea7n so v\u1edbi n\u1eef gi\u1edbi; c\u00f2n nghi\u00ean c\u1ee9u Hsiang-Ling Ho v\u00e0 cs (2019) th\u00ec s\u1ed1 l\u01b0\u1ee3ng nam gi\u1edbi v\u00e0 n\u1eef gi\u1edbi t\u01b0\u01a1ng \u0111\u01b0\u01a1ng nhau [8, 9].\n", "V\u1edbi m\u1eabu m\u00f4 FFPE, c\u00e1c m\u1eabu ch\u1ee7 y\u1ebfu \u0111\u01b0\u1ee3c l\u1ea5y b\u1eb1ng ph\u01b0\u01a1ng ph\u00e1p sinh thi\u1ebft (96,4%) v\u00e0 t\u1ea1i v\u1ecb tr\u00ed u ph\u1ed5i nguy\u00ean ph\u00e1t (87,8%).\n", "Nghi\u00ean c\u1ee9u \u0111\u01b0\u1ee3c b\u00e1o c\u00e1o b\u1edfi Hsiang-Ling Ho v\u00e0 cs (2019) cho th\u1ea5y 8,8% (13/148) t\u1ed5ng s\u1ed1 b\u1ec7nh nh\u00e2n ung th\u01b0 bi\u1ec3u m\u00f4 tuy\u1ebfn v\u1ea3y v\u00e0 ung th\u01b0 bi\u1ec3u m\u00f4 v\u1ea3y c\u00f3 \u0111\u1ed9t bi\u1ebfn gen EGFR, trong \u0111\u00f3 53,8% \u0111\u1ed9t bi\u1ebfn L858R tr\u00ean exon 21, 30,8% l\u00e0 \u0111\u1ed9t bi\u1ebfn xo\u00e1 \u0111o\u1ea1n tr\u00ean exon 19 v\u00e0 15,4% l\u00e0 \u0111\u1ed9t bi\u1ebfn k\u00e9p L858R tr\u00ean exon 21 v\u00e0 T790M tr\u00ean exon 20 [9].\n", "M\u1ed9t nghi\u00ean c\u1ee9u kh\u00e1c c\u1ee7a Amit Joshi v\u00e0 cs (2017) b\u00e1o c\u00e1o r\u1eb1ng t\u1ef7 l\u1ec7 \u0111\u1ed9t bi\u1ebfn gen EGFR \u1edf b\u1ec7nh nh\u00e2n\n", "UTBMV l\u00e0 4,5% (29/639).\n", "\u0110\u1ed9t bi\u1ebfn xo\u00e1 \u0111o\u1ea1n tr\u00ean exon 19 nhi\u1ec1u nh\u1ea5t 51,7%, ti\u1ebfp theo l\u00e0 \u0111\u1ed9t bi\u1ebfn tr\u00ean exon 21 (44,8%) v\u00e0 tr\u00ean exon 20 (1%) [8].\n", "Trong nghi\u00ean c\u1ee9u n\u00e0y, ch\u00fang t\u00f4i nh\u1eadn th\u1ea5y t\u1ef7 l\u1ec7 \u0111\u1ed9t bi\u1ebfn gen EGFR \u0111\u01b0\u1ee3c ph\u00e1t hi\u1ec7n \u1edf 8,4% so v\u1edbi t\u1ed5ng s\u1ed1 b\u1ec7nh nh\u00e2n ung th\u01b0 bi\u1ec3u m\u00f4 t\u1ebf b\u00e0o v\u1ea3y, ph\u1ea7n l\u1edbn \u0111\u1ed9t bi\u1ebfn gen EGFR l\u00e0 xo\u00e1 \u0111o\u1ea1n tr\u00ean exon 19 (51,1%), sau \u0111\u00f3 l\u00e0 \u0111\u1ed9t bi\u1ebfn \u0111i\u1ec3m (L858R, L861Q) tr\u00ean exon 21 (38,3%), \u0111\u1ed9t bi\u1ebfn tr\u00ean exon 20 (\u0111\u1ed9t bi\u1ebfn ch\u00e8n \u0111o\u1ea1n, S768I) (21,3%), v\u00e0 \u0111\u1ed9t bi\u1ebfn G719X tr\u00ean exon 18 (6,4%).\n", "Trong c\u00e1c \u0111\u1ed1i t\u01b0\u1ee3ng nghi\u00ean c\u1ee9u mang \u0111\u1ed9t bi\u1ebfn gen EGFR, c\u00f3 m\u1ed9t s\u1ed1 tr\u01b0\u1eddng h\u1ee3p mang nhi\u1ec1u h\u01a1n m\u1ed9t lo\u1ea1i \u0111\u1ed9t bi\u1ebfn (7/47).\n", "T\u1ea7n su\u1ea5t \u0111\u1ed9t bi\u1ebfn gen EGFR trong c\u00e1c tr\u01b0\u1eddng h\u1ee3p c\u1ee7a ch\u00fang t\u00f4i kh\u00e1 t\u01b0\u01a1ng \u0111\u1ed3ng so v\u1edbi t\u1ea7n su\u1ea5t \u0111\u01b0\u1ee3c b\u00e1o c\u00e1o v\u1ec1 ung th\u01b0 bi\u1ec3u m\u00f4 t\u1ebf b\u00e0o v\u1ea3y c\u1ee7a c\u00e1c t\u00e1c gi\u1ea3 tr\u00ean th\u1ebf gi\u1edbi [8, 9].\n", "C\u00e1c ph\u00e2n t\u00edch \u0111\u01a1n bi\u1ebfn v\u00e0 \u0111a bi\u1ebfn trong nghi\u00ean c\u1ee9u n\u00e0y cho th\u1ea5y c\u00f3 m\u1ed1i li\u00ean quan c\u00f3 \u00fd ngh\u0129a th\u1ed1ng k\u00ea gi\u1eefa t\u00ecnh tr\u1ea1ng \u0111\u1ed9t bi\u1ebfn gen\n", "EGFR v\u00e0 gi\u1edbi t\u00ednh; tuy nhi\u00ean tu\u1ed5i, v\u1ecb tr\u00ed l\u1ea5y m\u1eabu v\u00e0 ph\u01b0\u01a1ng ph\u00e1p l\u1ea5y m\u1eabu kh\u00f4ng li\u00ean quan v\u1edbi c\u00e1c \u0111\u1ed9t bi\u1ebfn gen EGFR.\n", "Nghi\u00ean c\u1ee9u c\u1ee7a Hisang-\n", "Ling Ho v\u00e0 cs (2019) ph\u00e2n t\u00edch \u0111\u01a1n bi\u1ebfn cho th\u1ea5y \u0111\u1ed9t bi\u1ebfn gen EGFR th\u01b0\u1eddng g\u1eb7p \u1edf n\u1eef gi\u1edbi (p = 0,039), ng\u01b0\u1eddi ch\u01b0a t\u1eebng h\u00fat thu\u1ed1c (p < 0,0001); trong khi \u0111\u00f3 tu\u1ed5i v\u00e0 ph\u01b0\u01a1ng ph\u00e1p sinh thi\u1ebft kh\u00f4ng li\u00ean quan t\u1edbi t\u00ecnh tr\u1ea1ng \u0111\u1ed9t bi\u1ebfn gen EGFR [9].\n", "Ph\u00e2n t\u00edch \u0111a bi\u1ebfn ch\u1ec9 ra r\u1eb1ng \u0111\u1ed9t bi\u1ebfn gen\n", "EGFR ch\u1ec9 li\u00ean quan c\u00f3 \u00fd ngh\u0129a v\u1edbi ng\u01b0\u1eddi ch\u01b0a t\u1eebng h\u00fat thu\u1ed1c (p = 0,006) [8, 9].\n", "Nghi\u00ean c\u1ee9u n\u00e0y c\u1ee7a ch\u00fang t\u00f4i c\u1ea7n m\u1edf r\u1ed9ng th\u00eam \u0111\u1eb7c \u0111i\u1ec3m c\u1ee7a b\u1ec7nh nh\u00e2n nh\u01b0 ti\u1ec1n s\u1eed h\u00fat thu\u1ed1c l\u00e1, giai \u0111o\u1ea1n b\u1ec7nh, qu\u00e1 tr\u00ecnh \u0111i\u1ec1u tr\u1ecb TKIs \u0111\u1ec3 cung c\u1ea5p nhi\u1ec1u th\u00f4ng tin v\u00e0 m\u1ed1i li\u00ean quan s\u00e2u h\u01a1n.\n", "M\u1eb7c d\u00f9 c\u00f2n c\u00f3 m\u1ed9t s\u1ed1 \u0111i\u1ec3m kh\u00f3 kh\u0103n, nghi\u00ean c\u1ee9u \u0111\u00e3 \u0111\u01b0a ra th\u00f4ng tin kh\u1ea3o s\u00e1t v\u1ec1 t\u1ef7 l\u1ec7 \u0111\u1ed9t bi\u1ebfn gen EGFR tr\u00ean b\u1ec7nh nh\u00e2n ung th\u01b0 ph\u1ed5i bi\u1ec3u m\u00f4 t\u1ebf b\u00e0o v\u1ea3y ti\u1ebfn tri\u1ec3n t\u1ea1i Vi\u1ec7t Nam.\n"], "5": ["5.\n", "K\u1ebft lu\u1eadn\n", "T\u1ef7 l\u1ec7 \u0111\u1ed9t bi\u1ebfn gen EGFR tr\u00ean b\u1ec7nh nh\u00e2n ung th\u01b0 ph\u1ed5i lo\u1ea1i bi\u1ec3u m\u00f4 t\u1ebf b\u00e0o v\u1ea3y, chi\u1ebfm 8,4% trong \u0111\u00f3 51,1% \u0111\u1ed9t bi\u1ebfn gen EGFR l\u00e0 \u0111\u1ed9t bi\u1ebfn xo\u00e1 \u0111o\u1ea1n tr\u00ean exon 19, \u0111\u1ed9t bi\u1ebfn \u0111i\u1ec3m tr\u00ean exon 21 v\u00e0 exon 20 l\u1ea7n l\u01b0\u1ee3t kho\u1ea3ng 38,3% v\u00e0 21,3%, \u0111\u1ed9t bi\u1ebfn tr\u00ean exon 18 chi\u1ebfm t\u1ef7 l\u1ec7 th\u1ea5p nh\u1ea5t (6,4%).\n", "K\u1ebft qu\u1ea3 ph\u00e2n t\u00edch \u0111a bi\u1ebfn cho th\u1ea5y m\u1ed1i li\u00ean quan c\u00f3 \u00fd ngh\u0129a gi\u1eefa t\u00ecnh tr\u1ea1ng \u0111\u1ed9t bi\u1ebfn gen\n", "EGFR v\u00e0 gi\u1edbi t\u00ednh.\n"]}, "Word count": 2369}