{"title": "K\u1ebft qu\u1ea3 \u0111i\u1ec1u tra ngu\u1ed3n t\u00e0i nguy\u00ean c\u00e2y thu\u1ed1c c\u1ee7a t\u1ec9nh H\u00e0 Giang\n", "content": {"0": ["T\u00f3m t\u1eaft\n", "H\u00e0 Giang l\u00e0 m\u1ed9t t\u1ec9nh n\u1eb1m \u1edf ph\u00eda \u0110\u00f4ng B\u1eafc c\u1ee7a n\u01b0\u1edbc ta.\n", "V\u1edbi nh\u1eefng \u0111\u1eb7c tr\u01b0ng v\u1ec1 \u0111\u1ecba h\u00ecnh, \u0111\u1ecba ch\u1ea5t v\u00e0 kh\u00ed h\u1eadu, H\u00e0 Giang c\u00f3 th\u1ea3m th\u1ef1c v\u1eadt t\u1ef1 nhi\u00ean phong ph\u00fa v\u00e0 \u0111a d\u1ea1ng, trong \u0111\u00f3 c\u00f3 nhi\u1ec1u lo\u00e0i th\u1ef1c v\u1eadt c\u00f3 gi\u00e1 tr\u1ecb.\n", "Trong th\u1eddi gian t\u1eeb 2013 - 2015, nh\u00f3m nghi\u00ean c\u1ee9u c\u1ee7a Vi\u1ec7n D\u01b0\u1ee3c li\u1ec7u \u0111\u00e3 ti\u1ebfn h\u00e0nh \u0111i\u1ec1u tra t\u1ea1i 84 x\u00e3 thu\u1ed9c 11 huy\u1ec7n v\u00e0 th\u00e0nh ph\u1ed1 c\u1ee7a t\u1ec9nh H\u00e0 Giang, g\u1ed3m: X\u00edn M\u1ea7n, Ho\u00e0ng Su Ph\u00ec, B\u1eafc Quang, V\u1ecb Xuy\u00ean, B\u1eafc M\u00ea, Tp.\n", "H\u00e0 Giang,\n", "\u0110\u1ed3ng V\u0103n, Qu\u1ea3n B\u1ea1, Y\u00ean Minh, M\u00e8o V\u1ea1c.\n", "K\u1ebft qu\u1ea3 \u0111\u00e3 ghi nh\u1eadn \u0111\u01b0\u1ee3c \u1edf H\u00e0 Giang hi\u1ec7n c\u00f3 1565 lo\u00e0i thu\u1ed9c 824 chi, 202 h\u1ecd v\u00e0 6 ng\u00e0nh, 2 gi\u1edbi Th\u1ef1c v\u1eadt v\u00e0 N\u1ea5m c\u00f3 c\u00f4ng d\u1ee5ng l\u00e0m thu\u1ed1c.\n", "\u0110\u1ed3ng th\u1eddi ph\u00e1t hi\u1ec7n th\u00eam \u0111\u01b0\u1ee3c 4 lo\u00e0i c\u00e2y thu\u1ed1c m\u1edbi b\u1ed5 sung cho h\u1ec7 th\u1ef1c v\u1eadt Vi\u1ec7t Nam.\n", "Ngu\u1ed3n t\u00e0i nguy\u00ean c\u00e2y thu\u1ed1c c\u1ee7a H\u00e0 Giang kh\u00f4ng ch\u1ec9 c\u00f3 s\u1ef1 \u0111a d\u1ea1ng v\u1ec1 d\u1ea1ng s\u1ed1ng, s\u1ef1 phong ph\u00fa \u1edf c\u00e1c b\u1eadc taxon m\u00e0 c\u00f2n c\u00f3 gi\u00e1 tr\u1ecb l\u1edbn v\u1ec1 m\u1eb7t b\u1ea3o t\u1ed3n.\n", "T\u1eeb kho\u00e1: T\u00e0i nguy\u00ean, c\u00e2y thu\u1ed1c, d\u01b0\u1ee3c li\u1ec7u, H\u00e0 Giang.\n"], "1": ["1.\n", "\u0110\u1eb7t v\u1ea5n \u0111\u1ec1\n", "H\u00e0 Giang l\u00e0 t\u1ec9nh mi\u1ec1n n\u00fai n\u1eb1m \u1edf ph\u00eda \u0110\u00f4ng\n", "B\u1eafc c\u1ee7a Vi\u1ec7t Nam.\n", "V\u1edbi \u0111i\u1ec1u ki\u1ec7n t\u1ef1 nhi\u00ean v\u00e0 kh\u00ed h\u1eadu t\u01b0\u01a1ng \u0111\u1ed1i \u0111a d\u1ea1ng \u0111\u00e3 t\u1ea1o ra \u1edf \u0111\u00e2y ngu\u1ed3n t\u00e0i nguy\u00ean \u0111\u1ed9ng - th\u1ef1c v\u1eadt \u0111\u1ed9c \u0111\u00e1o, trong \u0111\u00f3 c\u00f3 nhi\u1ec1u lo\u00e0i c\u00e2y \u0111\u01b0\u1ee3c d\u00f9ng l\u00e0m thu\u1ed1c.\n", "T\u1ec9nh\n", "H\u00e0 Giang c\u00f3 t\u1edbi 22 c\u1ed9ng \u0111\u1ed3ng c\u00e1c d\u00e2n t\u1ed9c kh\u00e1c nhau c\u00f9ng c\u01b0 tr\u00fa v\u00e0 sinh s\u1ed1ng.\n", "B\u1edfi v\u1eady, v\u1ed1n tri th\u1ee9c b\u1ea3n \u0111\u1ecba v\u1ec1 s\u1eed d\u1ee5ng c\u00e2y thu\u1ed1c, \u0111\u1ed9ng v\u1eadt l\u00e0m thu\u1ed1c trong nh\u00e2n d\u00e2n v\u00f4 c\u00f9ng phong ph\u00fa.\n", "V\u1edbi \u0111\u1eb7c \u0111i\u1ec3m \u0111\u1ecba h\u00ecnh, \u0111\u1ecba ch\u1ea5t th\u1ed5 nh\u01b0\u1ee1ng, kh\u00ed h\u1eadu \u0111\u1eb7c tr\u01b0ng n\u00ean H\u00e0 Giang c\u00f3 th\u1ea3m th\u1ef1c v\u1eadt t\u1ef1 nhi\u00ean phong ph\u00fa, \u0111a d\u1ea1ng, trong \u0111\u00f3 c\u00f3 nhi\u1ec1u lo\u00e0i d\u01b0\u1ee3c li\u1ec7u qu\u00fd [1- 4].\n", "C\u00f4ng t\u00e1c \u0111i\u1ec1u tra \u0111\u00e1nh gi\u00e1 ti\u1ec1m n\u0103ng v\u00e0 hi\u1ec7n tr\u1ea1ng ngu\u1ed3n t\u00e0i nguy\u00ean d\u01b0\u1ee3c li\u1ec7u \u1edf H\u00e0\n", "Giang nh\u1eefng n\u0103m tr\u01b0\u1edbc \u0111\u00e2y \u0111\u00e3 c\u00f3 nh\u1eefng k\u1ebft qu\u1ea3 \u0111\u00e1ng ghi nh\u1eadn, tuy nhi\u00ean v\u1eabn c\u00f2n nh\u1eefng m\u1eb7t h\u1ea1n ch\u1ebf do m\u1edbi ch\u1ec9 \u0111i\u1ec1u tra \u0111\u01b0\u1ee3c \u1edf 4 huy\u1ec7n v\u00f9ng cao n\u00fai \u0111\u00e1 (\u0110\u1ed3ng V\u0103n, M\u00e8o V\u1ea1c, Qu\u1ea3n B\u1ea1 v\u00e0 Y\u00ean Minh); c\u00f2n 7 huy\u1ec7n/th\u1ecb (V\u1ecb Xuy\u00ean, B\u1eafc\n", "M\u00ea, B\u1eafc Quang, Quang B\u00ecnh, Ho\u00e0ng Su Ph\u00ec,\n", "X\u00edn M\u1ea7n v\u00e0 th\u00e0nh ph\u1ed1 H\u00e0 Giang) v\u1eabn ch\u01b0a \u0111\u01b0\u1ee3c \u0111i\u1ec1u tra [5, 6].\n", "Do v\u1eady ch\u01b0a c\u00f3 \u0111\u01b0\u1ee3c c\u00e1c d\u1eef li\u1ec7u \u0111\u1ea7y \u0111\u1ee7 v\u1ec1 ti\u1ec1m n\u0103ng v\u00e0 hi\u1ec7n tr\u1ea1ng ngu\u1ed3n c\u00e2y thu\u1ed1c tr\u00ean to\u00e0n t\u1ec9nh H\u00e0 Giang.\n", "Ch\u00ednh v\u00ec v\u1eady , trong giai \u0111o\u1ea1n 2013 - 2015,\n", "Giang ph\u00ea duy\u1ec7t \u0111\u1ec1 t\u00e0i Nghi\u00ean c\u1ee9u, \u0111i\u1ec1u tra, kh\u1ea3o s\u00e1t v\u00e0 x\u00e2y d\u1ef1ng chi\u1ebfn l\u01b0\u1ee3c ph\u00e1t tri\u1ec3n c\u00e2y d\u01b0\u1ee3c li\u1ec7u t\u1ec9nh H\u00e0 Giang.\n", "M\u1ee5c ti\u00eau c\u1ee7a \u0111\u1ec1 t\u00e0i l\u00e0 n\u1eafm \u0111\u01b0\u1ee3c v\u1ec1 ti\u1ec1m n\u0103ng, hi\u1ec7n tr\u1ea1ng v\u00e0 \u0111\u1ec1 xu\u1ea5t c\u00e1c gi\u1ea3i ph\u00e1p qu\u1ea3n l\u00fd, khai th\u00e1c v\u00e0 s\u1eed d\u1ee5ng b\u1ec1n v\u1eefng ngu\u1ed3n t\u00e0i nguy\u00ean c\u00e2y d\u01b0\u1ee3c li\u1ec7u t\u1ec9nh H\u00e0 Giang.\n"], "2": ["2.\n", "\u0110\u1ed1i t\u01b0\u1ee3ng, \u0111\u1ecba \u0111i\u1ec3m v\u00e0 ph\u01b0\u01a1ng ph\u00e1p nghi\u00ean c\u1ee9u 2.1.\n", "\u0110\u1ed1i t\u01b0\u1ee3ng\n", "C\u00e1c lo\u00e0i th\u1ef1c v\u1eadt v\u00e0 n\u1ea5m c\u00f3 c\u00f4ng d\u1ee5ng l\u00e0m thu\u1ed1c.\n", "2.2.\n", "\u0110\u1ecba \u0111i\u1ec3m \u0111i\u1ec1u tra nghi\u00ean c\u1ee9u\n", "\u0110i\u1ec1u tra, kh\u1ea3o s\u00e1t ngu\u1ed3n t\u00e0i nguy\u00ean c\u00e2y thu\u1ed1c \u1edf 7 huy\u1ec7n v\u00e0 th\u00e0nh ph\u1ed1 ch\u01b0a \u0111\u01b0\u1ee3c \u0111i\u1ec1u tra (X\u00edn M\u1ea7n, Ho\u00e0ng Su Ph\u00ec, Quang B\u00ecnh, B\u1eafc\n", "Quang, V\u1ecb Xuy\u00ean, B\u1eafc M\u00ea, Th\u00e0nh ph\u1ed1 H\u00e0\n", "Giang) v\u00e0 t\u00e1i \u0111i\u1ec1u tra 4 huy\u1ec7n \u0111\u00e3 \u0111\u01b0\u1ee3c \u0111i\u1ec1u tra tr\u01b0\u1edbc \u0111\u00e2y \u0111\u1ec3 c\u1eadp nh\u1eadt s\u1ed1 li\u1ec7u (Qu\u1ea3n B\u1ea1, Y\u00ean\n", "Minh, \u0110\u1ed3ng V\u0103n, M\u00e8o V\u1ea1c).\n", "T\u1ea1i c\u00e1c huy\u1ec7n, l\u1ef1a ch\u1ecdn nh\u1eefng v\u00f9ng r\u1eebng ti\u00eau bi\u1ec3u \u0111\u1ec3 ti\u1ebfn h\u00e0nh \u0111i\u1ec1u tra.\n", "T\u1ed5ng s\u1ed1 \u0111\u00e3 \u0111i\u1ec1u tra 84 x\u00e3 v\u00e0 th\u1ecb tr\u1ea5n thu\u1ed9c 11 huy\u1ec7n tr\u00ean to\u00e0n t\u1ec9nh, c\u1ee5 th\u1ec3 nh\u01b0 sau: - Huy\u1ec7n X\u00edn M\u1ea7n: 10 x\u00e3, 1 th\u1ecb tr\u1ea5n: N\u1ea5m\n", "D\u1ea9n, Khu\u00f4n L\u00f9ng, Qu\u1ea3ng Nguy\u00ean, N\u00e0 Ch\u00ec, Ch\u00ed\n", "C\u00e0, Thu T\u00e0, X\u00edn M\u1ea7n, Ch\u1ebf L\u00e0, B\u1ea3n Ng\u00f2, Ng\u00e1n\n", "Chi\u00ean, th\u1ecb tr\u1ea5n C\u1ed1c B\u00e0i.\n", "- Huy\u1ec7n Ho\u00e0ng Su Ph\u00ec: 11 x\u00e3, 1 th\u1ecb tr\u1ea5n:\n", "N\u00e0ng \u0110\u00f4n, P\u1edd Ly Ng\u00e0i, S\u00e1n X\u1ea3 H\u1ed3, H\u1ed3 Th\u1ea7u,\n", "N\u1eadm Ty, Th\u00f4ng Nguy\u00ean, N\u1eadm D\u1ecbch, N\u1eadm\n", "Kho\u00e0, N\u1eadm Ty, Nam S\u01a1n, T\u1ea3 S\u1eed Cho\u00f3ng, th\u1ecb tr\u1ea5n Vinh Quang.\n", "- Huy\u1ec7n Quang B\u00ecnh: 7 x\u00e3 v\u00e0 1 th\u1ecb tr\u1ea5n:\n", "Ti\u00ean Nguy\u00ean, N\u00e0 Kh\u01b0\u01a1ng, B\u1eb1ng Lang, Xu\u00e2n\n", "Giang, B\u1ea3n R\u1ecba, T\u00e2n Trinh, T\u00e2n B\u1eafc, th\u1ecb tr\u1ea5n\n", "Y\u00ean B\u00ecnh.\n", "- Huy\u1ec7n B\u1eafc Quang: 7 x\u00e3 v\u00e0 1 th\u1ecb tr\u1ea5n:\n", "Quang Minh, Li\u00ean Hi\u1ec7p, \u0110\u1ee9c Xu\u00e2n, Kim\n", "Ng\u1ecdc, B\u1eb1ng H\u00e0nh, \u0110\u1ed3ng T\u00e2m, \u0110\u1ed3ng Ti\u1ebfn, th\u1ecb tr\u1ea5n T\u00e2n Quang.\n", "- Huy\u1ec7n V\u1ecb Xuy\u00ean: 15 x\u00e3 v\u00e0 2 th\u1ecb tr\u1ea5n:\n", "Th\u01b0\u1ee3ng S\u01a1n, Cao B\u1ed3, Qu\u1ea3ng Ng\u1ea7n, Trung\n", "Th\u00e0nh, Vi\u1ec7t L\u00e2m, Thanh Thu\u1ef7, Thanh \u0110\u1ee9c,\n", "Lao Ch\u1ea3i, X\u00edn Ch\u1ea3i; Khu b\u1ea3o t\u1ed3n thi\u00ean nhi\u00ean\n", "T\u00e2y C\u00f4n L\u0129nh: x\u00e3 Qu\u1ea3ng Ng\u1ea7n, Cao B\u1ed3; Khu b\u1ea3o t\u1ed3n thi\u00ean nhi\u00ean Phong Quang: x\u00e3 Phong\n", "Quang, Thu\u1eadn Ho\u00e0, Minh T\u00e2n; Khu b\u1ea3o t\u1ed3n vo\u1ecdc Khau Ca: x\u00e3 T\u00f9ng B\u00e1; th\u1ecb tr\u1ea5n V\u1ecb Xuy\u00ean, th\u1ecb tr\u1ea5n n\u00f4ng tr\u01b0\u1eddng Vi\u1ec7t L\u00e2m.\n", "- Huy\u1ec7n B\u1eafc M\u00ea: 8 x\u00e3 v\u00e0 1 th\u1ecb tr\u1ea5n: Khu b\u1ea3o t\u1ed3n thi\u00ean nhi\u00ean B\u1eafc M\u00ea: x\u00e3 L\u1ea1c N\u00f4ng, Minh\n", "Ng\u1ecdc, Phi\u00eang Lu\u00f4ng, Th\u01b0\u1ee3ng T\u00e2n; Khu b\u1ea3o t\u1ed3n vo\u1ecdc Khau Ca: x\u00e3 Minh S\u01a1n, Y\u00ean \u0110\u1ecbnh, Y\u00ean\n", "C\u01b0\u1eddng, Y\u00ean Phong; th\u1ecb tr\u1ea5n Y\u00ean Ph\u00fa.\n", "- Th\u00e0nh ph\u1ed1 H\u00e0 Giang: 4 x\u00e3: Ph\u01b0\u01a1ng Thi\u1ec7n,\n", "Ph\u01b0\u01a1ng \u0110\u1ed9, Ng\u1ecdc \u0110\u01b0\u1eddng, Phong Quang.\n", "\u0110i\u1ec1u tra nhanh ngu\u1ed3n t\u00e0i nguy\u00ean c\u00e2y thu\u1ed1c \u1edf 4 huy\u1ec7n v\u00f9ng cao n\u00fai \u0111\u00e1 \u0111\u00e3 \u0111i\u1ec1u tra tr\u01b0\u1edbc \u0111\u00e2y \u0111\u1ec3 c\u1eadp nh\u1eadt s\u1ed1 li\u1ec7u \u0111i\u1ec1u tra : - Huy\u1ec7n Qu\u1ea3n B\u1ea1: 5 x\u00e3: B\u00e1t \u0110\u1ea1i S\u01a1n, C\u00e1n\n", "T\u1ef7, Quy\u1ebft Ti\u1ebfn, Tam S\u01a1n v\u00e0 Qu\u1ea3n B\u1ea1.\n", "- Huy\u1ec7n Y\u00ean Minh: 2 x\u00e3 thu\u1ed9c Khu b\u1ea3o t\u1ed3n thi\u00ean nhi\u00ean Du Gi\u00e0: x\u00e3 Du Gi\u00e0, Du Ti\u1ebfn.\n", "- Huy\u1ec7n \u0110\u1ed3ng V\u0103n: 5 x\u00e3: Ph\u00f3 B\u1ea3ng, L\u0169ng\n", "Th\u1ea7u, Ph\u1ed1 C\u00e1o, Ph\u1ed1 L\u00e0 v\u00e0 V\u1ea7n Ch\u1ea3i.\n", "- Huy\u1ec7n M\u00e8o V\u1ea1c: th\u1ecb tr\u1ea5n M\u00e8o V\u1ea1c v\u00e0 2 x\u00e3: T\u1ea3 L\u1ee7ng, N\u1eadm Ban.\n", "2.3.\n", "Ph\u01b0\u01a1ng ph\u00e1p - Ph\u01b0\u01a1ng ph\u00e1p chung \u0111\u1ec3 \u0111i\u1ec1u tra c\u00e2y thu\u1ed1c \u00e1p d\u1ee5ng theo Quy tr\u00ecnh \u0111i\u1ec1u tra d\u01b0\u1ee3c li\u1ec7u c\u1ee7a\n", "B\u1ed9 Y t\u1ebf, 1973 v\u00e0 2006 c\u00f3 s\u1eeda ch\u1eefa, b\u1ed5 sung.\n", "- \u0110i\u1ec1u tra theo tuy\u1ebfn: Tr\u00ean th\u1ef1c \u0111\u1ecba \u0111\u1ec3 x\u00e1c \u0111\u1ecbnh v\u00e0 thu th\u1eadp \u0111\u01b0\u1ee3c \u0111\u1ea7y \u0111\u1ee7 nh\u1ea5t s\u1ed1 lo\u00e0i c\u00e2y thu\u1ed1c hi\u1ec7n c\u00f3 \u1edf khu v\u1ef1c nghi\u00ean c\u1ee9u: t\u1ea1i m\u1ed7i \u0111i\u1ec3m \u0111i\u1ec1u tra, l\u1eadp tuy\u1ebfn \u0111i qua c\u00e1c ki\u1ec3u \u0111\u1ecba h\u00ecnh v\u00e0 d\u1ea1ng sinh th\u00e1i \u0111\u1eb7c tr\u01b0ng \u0111\u1ec3 thu th\u1eadp s\u1ed1 li\u1ec7u v\u1ec1 c\u00e1c lo\u00e0i theo y\u00eau c\u1ea7u.\n", "- S\u1eed d\u1ee5ng b\u1ea3n \u0111\u1ed3 v\u00e0 m\u00e1y \u0111\u1ecbnh v\u1ecb v\u1ec7 tinh (GPS) \u0111\u1ec3 x\u00e1c \u0111\u1ecbnh c\u00e1c tuy\u1ebfn v\u00e0 \u0111i\u1ec3m \u0111i\u1ec1u tra.\n", "- X\u00e1c \u0111\u1ecbnh t\u00ean khoa h\u1ecdc c\u00e1c lo\u00e0i c\u00e2y thu\u1ed1c theo ph\u01b0\u01a1ng ph\u00e1p so s\u00e1nh h\u00ecnh th\u00e1i c\u1ed5 \u0111i\u1ec3n v\u00e0 s\u1eed d\u1ee5ng kho\u00e1 ph\u00e2n lo\u1ea1i trong c\u00e1c b\u1ed9 th\u1ef1c v\u1eadt ch\u00ed hi\u1ec7n c\u00f3.\n", "- C\u00e1c ti\u00eau b\u1ea3n c\u00e2y thu\u1ed1c \u0111\u01b0\u1ee3c l\u00e0m theo ph\u01b0\u01a1ng ph\u00e1p l\u00e0m m\u1eabu th\u1ef1c v\u1eadt kh\u00f4, v\u00e0 \u0111\u01b0\u1ee3c l\u01b0u gi\u1eef t\u1ea1i ph\u00f2ng ti\u00eau b\u1ea3n khoa T\u00e0i nguy\u00ean\n", "D\u01b0\u1ee3c li\u1ec7u, Vi\u1ec7n D\u01b0\u1ee3c li\u1ec7u.\n"], "3": ["3.\n", "K\u1ebft qu\u1ea3 \u0111i\u1ec1u tra 3.1.\n", "T\u1ed5ng s\u1ed1 lo\u00e0i c\u00e2y thu\u1ed1c ghi nh\u1eadn \u0111\u01b0\u1ee3c\n", "T\u1ed5ng h\u1ee3p c\u00e1c k\u1ebft qu\u1ea3 nghi\u00ean c\u1ee9u \u0111\u00e3 \u0111\u01b0\u1ee3c c\u00f4ng b\u1ed1 v\u00e0 c\u00e1c k\u1ebft qu\u1ea3 \u0111i\u1ec1u tra trong giai \u0111o\u1ea1n 2013 - 2015, \u0111\u00e3 ghi nh\u1eadn \u0111\u01b0\u1ee3c \u1edf H\u00e0 Giang c\u00f3 t\u1ed5ng s\u1ed1 1565 lo\u00e0i c\u00e2y thu\u1ed1c thu\u1ed9c 824 chi, 202 h\u1ecd v\u00e0 6 ng\u00e0nh c\u1ee7a 2 gi\u1edbi Th\u1ef1c v\u1eadt v\u00e0 N\u1ea5m.\n", "Trong ng\u00e0nh Ng\u1ecdc lan ph\u1ea7n l\u1edbn c\u00e1c lo\u00e0i thu\u1ed9c l\u1edbp Ng\u1ecdc lan - Hai l\u00e1 m\u1ea7m v\u00e0 m\u1ed9t s\u1ed1 \u00edt thu\u1ed9c l\u1edbp H\u00e0nh - M\u1ed9t l\u00e1 m\u1ea7m.\n", "K\u1ebft qu\u1ea3 cho th\u1ea5y, v\u1edbi t\u1ed5ng s\u1ed1 1565 lo\u00e0i th\u1ef1c v\u1eadt v\u00e0 N\u1ea5m l\u00e0m thu\u1ed1c m\u1ecdc t\u1ef1 nhi\u00ean v\u00e0 tr\u1ed3ng \u0111\u00e3 ghi nh\u1eadn \u0111\u01b0\u1ee3c, \u0111em so s\u00e1nh v\u1edbi t\u1ed5ng s\u1ed1 665 lo\u00e0i c\u00e2y thu\u1ed1c \u0111\u00e3 ghi nh\u1eadn \u0111\u01b0\u1ee3c trong c\u00e1c giai \u0111o\u1ea1n \u0111i\u1ec1u tra tr\u01b0\u1edbc \u0111\u00e2y (1968 - 1975 v\u00e0 1999 - 2000) th\u00ec s\u1ed1 lo\u00e0i c\u00e2y thu\u1ed1c ghi nh\u1eadn trong cu\u1ed9c \u0111i\u1ec1u tra l\u1ea7n n\u00e0y (2013-2015) l\u00e0 nhi\u1ec1u h\u01a1n \u0111\u00e1ng k\u1ec3 [2, 5, 6, 7, 8].\n", "C\u00f3 th\u1ec3 th\u1ea5y r\u1eb1ng, H\u00e0 Giang l\u00e0 m\u1ed9t trong nh\u1eefng t\u1ec9nh c\u00f3 ngu\u1ed3n t\u00e0i nguy\u00ean th\u1ef1c v\u1eadt n\u00f3i chung v\u00e0 ngu\u1ed3n t\u00e0i nguy\u00ean c\u00e2y thu\u1ed1c n\u00f3i ri\u00eang phong ph\u00fa v\u00e0o d\u1ea1ng b\u1eadc nh\u1ea5t n\u01b0\u1edbc ta.\n", "B\u1ea3ng 1.\n", "K\u1ebft qu\u1ea3 \u0111i\u1ec1u tra v\u1ec1 th\u00e0nh ph\u1ea7n lo\u00e0i th\u1ef1c v\u1eadt v\u00e0 n\u1ea5m l\u00e0m thu\u1ed1c \u1edf t\u1ec9nh H\u00e0 Giang\n", "STT Gi\u1edbi, Ng\u00e0nh v\u00e0 L\u1edbp S\u1ed1 h\u1ecd S\u1ed1 chi S\u1ed1 lo\u00e0i\n", "M\u1ecdc t\u1ef1 nhi\u00ean\n", "Tr\u1ed3ng\n", "I Gi\u1edbi N\u1ea5m (Fungi) 2 2 2 2 0 1 Ng\u00e0nh N\u1ea5m \u0111\u1ea3m (Basidiomycota) 2 2 2 2 0 1.1 L\u1edbp N\u1ea5m \u0111\u1ea3m (Basidiomycetes) 1 1 1 1 0 1.2 L\u1edbp N\u1ea5m t\u00e1n (Agaricomycetes) 1 1 1 1 0\n", "II Gi\u1edbi Th\u1ef1c v\u1eadt 200 822 1563 1432 131\n", "Ng\u00e0nh M\u1ed9c t\u1eb7c/Th\u00e1p b\u00fat (Equisetophyta) 1 1 2 2 0\n", "Ng\u00e0nh Th\u00f4ng \u0111\u1ea5t/Th\u1ea1ch t\u00f9ng (Lycopodiophyta) 2 5 8 8 0 3 Ng\u00e0nh D\u01b0\u01a1ng x\u1ec9 (Polypodiophyta) 14 22 31 31 0\n", "Ng\u00e0nh Th\u00f4ng/H\u1ea1t tr\u1ea7n (Pinophyta/Gymnospermae) 7 15 20 20 0\n", "Ng\u00e0nh Ng\u1ecdc lan/H\u1ea1t k\u00edn (Magnoliophyta/Angiospermae) 176 779 1502 1371 131\n", "L\u1edbp Ng\u1ecdc lan/l\u1edbp Hai l\u00e1 m\u1ea7m (Magnoliopsida/Dicotyledon) 147 663 1277\n", "L\u1edbp H\u00e0nh/l\u1edbp M\u1ed9t l\u00e1 m\u1ea7m (Liliopsida/Monocotyledon) 29 116 225\n", "T\u1ed5ng s\u1ed1 202 824 1565 1434 131\n", "K * S\u1ef1 phong ph\u00fa v\u1ec1 d\u1ea1ng s\u1ed1ng:\n", "Ngo\u00e0i c\u00e1c \u0111\u1ea1i di\u1ec7n thu\u1ed9c nh\u00f3m N\u1ea5m, ng\u00e0nh\n", "D\u01b0\u01a1ng x\u1ec9 kh\u00f4ng ph\u00e2n chia v\u1ec1 d\u1ea1ng s\u1ed1ng, s\u1ed1 c\u00f2n l\u1ea1i l\u00e0 1522 lo\u00e0i bao g\u1ed3m c\u00e1c d\u1ea1ng s\u1ed1ng: - Th\u00e2n c\u1ecf/th\u1ea3o (T): 604 lo\u00e0i ( 39,68 %) - C\u00e2y b\u1ee5i v\u00e0 c\u00e2y b\u1ee5i tr\u01b0\u1eddn (B): 366 lo\u00e0i ( 24,05 %) - Th\u00e2n leo (th\u1ea3o v\u00e0 g\u1ed7) - (L): 214 lo\u00e0i ( 14,06 %) - Th\u00e2n g\u1ed7 (G): 331 lo\u00e0i ( 21,75 %) - Th\u00e2n c\u1ed9t (C): 7 lo\u00e0i ( 0,46 % ch\u1ee7 y\u1ebfu thu\u1ed9c h\u1ecd Arecaceae).\n", "Nh\u01b0 v\u1eady, c\u00e2y thu\u1ed1c t\u1ec9nh H\u00e0 Giang ch\u1ee7 y\u1ebfu l\u00e0 c\u00e2y th\u00e2n c\u1ecf (39,68 %); nh\u00f3m c\u00e2y b\u1ee5i (24,05 %).\n", "C\u00e2y thu\u1ed1c l\u00e0 d\u00e2y leo, th\u00e2n g\u1ed7 v\u00e0 th\u00e2n c\u1ed9t chi\u1ebfm t\u1ef7 l\u1ec7 kh\u00f4ng nhi\u1ec1u.\n", "T\u1ed5ng h\u1ee3p v\u1edbi c\u00e1c \u0111\u1ea1i di\u1ec7n thu\u1ed9c gi\u1edbi N\u1ea5m, ng\u00e0nh M\u1ed9c t\u1eb7c, ng\u00e0nh Th\u00f4ng \u0111\u1ea5t v\u00e0 ng\u00e0nh D\u01b0\u01a1ng x\u1ec9 cho th\u1ea5y, ngu\u1ed3n c\u00e2y thu\u1ed1c t\u1ec9nh H\u00e0 Giang phong ph\u00fa v\u1ec1 c\u00e1c d\u1ea1ng s\u1ed1ng t\u1ef1 nhi\u00ean.\n", "* S\u1ef1 phong ph\u00fa v\u00e0 \u0111a d\u1ea1ng \u1edf c\u00e1c b\u1eadc taxon\n", "Nh\u01b0 tr\u00ean \u0111\u00e3 \u0111\u1ec1 c\u1eadp, t\u1ed5ng s\u1ed1 1565 lo\u00e0i th\u1ef1c v\u1eadt v\u00e0 n\u1ea5m l\u00e0m thu\u1ed1c \u0111\u00e3 ghi nh\u1eadn t\u1ea1i H\u00e0 Giang thu\u1ed9c 824 chi v\u00e0 202 h\u1ecd, trong \u0111\u00f3 c\u00f3 10 h\u1ecd gi\u00e0u lo\u00e0i, c\u00f3 t\u1eeb 20 \u0111\u1ebfn 109 lo\u00e0i.\n", "B\u1ea3ng 2.\n", "C\u00e1c h\u1ecd th\u1ef1c v\u1eadt c\u00f3 nhi\u1ec1u lo\u00e0i c\u00e2y thu\u1ed1c t\u1ea1i H\u00e0 Giang\n", "STT H\u1ecd th\u1ef1c v\u1eadt S\u1ed1 lo\u00e0i 1 Asteraceae 109 2 Rubiaceae 63 3 Orchidaceae 45 4 Lamiaceae 39 5 Moraceae 34 6 Rutaceae 33 7 Apocynaceae 25 8 Araceae 24 9 Solanaceae 23 10 Acanthaceae 20\n", "T\u1ed5ng s\u1ed1 413\n", "Trong s\u1ed1 10 h\u1ecd c\u00f3 s\u1ed1 lo\u00e0i nhi\u1ec1u nh\u1ea5t chi\u1ebfm t\u1edbi 26,4% t\u1ed5ng s\u1ed1 lo\u00e0i ghi nh\u1eadn \u0111\u01b0\u1ee3c.\n", "Trong \u0111\u00f3 h\u1ecd C\u00fac (Asteraceae) c\u00f3 s\u1ed1 lo\u00e0i nhi\u1ec1u nh\u1ea5t, nhi\u1ec1u lo\u00e0i trong h\u1ecd n\u00e0y l\u00e0 nh\u1eefng c\u00e2y thu\u1ed1c ph\u00e2n b\u1ed1 kh\u00e1 ph\u1ed5 bi\u1ebfn v\u00e0 c\u00f3 kh\u1ea3 n\u0103ng khai th\u00e1c l\u1edbn nh\u01b0 Hy thi\u00eam (Siegesbeckia orientalis),\n", "Ng\u1ea3i c\u1ee9u d\u1ea1i (Artemisia indica), C\u1ecf c\u1ee9t l\u1ee3n (Ageratum conyzoides)....\n", "hay l\u00e0 c\u00e2y tr\u1ed3ng c\u00f3 gi\u00e1 tr\u1ecb kinh t\u1ebf nh\u01b0 Actis\u00f4: Cynara cardunculus\n", "L..\n", "H\u1ecd C\u00e0 ph\u00ea (Rubiaceae) \u0111\u1ee9ng th\u1ee9 hai v\u1edbi \u0111a ph\u1ea7n l\u00e0 c\u00e1c lo\u00e0i c\u00e2y th\u1ea3o v\u00e0 c\u00e2y b\u1ee5i l\u00e0m thu\u1ed1c ph\u1ed5 bi\u1ebfn nh\u01b0: c\u00e1c lo\u00e0i B\u01b0\u1edbm b\u1ea1c (Mussaenda spp.), C\u00e2u \u0111\u1eb1ng (Uncaria spp.), D\u1ea1 c\u1ea9m (Hedyotis spp.)...\n", "M\u1ed9t s\u1ed1 h\u1ecd gi\u00e0u lo\u00e0i c\u00f3 c\u00e1c c\u00e2y thu\u1ed1c v\u1eeba c\u00f3 gi\u00e1 tr\u1ecb khai th\u00e1c s\u1eed d\u1ee5ng l\u1ea1i v\u1eeba c\u00f3 gi\u00e1 tr\u1ecb v\u1ec1 m\u1eb7t b\u1ea3o t\u1ed3n nh\u01b0 h\u1ecd Phong lan (Orchidaceae) c\u00f3 9 lo\u00e0i n\u1eb1m trong di\u1ec7n b\u1ea3o t\u1ed3n.\n", "\u0110\u00f3 l\u00e0 3 lo\u00e0i lan\n", "Kim tuy\u1ebfn (Anoectochilus roxburghii (Wall.)\n", "Lindl.; A.\n", "Calcareous Aver., Anoectochilus elwesii King & Pantl.); 4 lo\u00e0i Th\u1ea1ch h\u1ed9c (Dendrobium nobile Lindl., Dendrobium longicornu Lindl., Dendrobium chrysanthum\n", "Lindl., Dendrobium fimbriatum Hook.) v\u00e0 2 lo\u00e0i lan M\u1ed9t l\u00e1 (Nervilia aragoana Gaudich.;\n", "Nervilia fordii (Hance) Schltr.); H\u1ecd B\u1ea1c h\u00e0 (Lamiaceae) v\u1edbi nhi\u1ec1u lo\u00e0i c\u00e2y tr\u1ed3ng ph\u1ed5 bi\u1ebfn v\u1eeba \u0111\u01b0\u1ee3c d\u00f9ng l\u00e0m gia v\u1ecb l\u1ea1i v\u1eeba c\u00f3 t\u00e1c d\u1ee5ng l\u00e0m thu\u1ed1c nh\u01b0 H\u01b0\u01a1ng nhu t\u00eda (Ocimum tenuiflorum L.), H\u00fang (Ocimum basilicum L.),\n", "Kinh gi\u1edbi (Elsholtzia ciliata (Thunb.) Hyl.), T\u00eda t\u00f4 (Perilla frutescens (L.) Britton); b\u00ean c\u1ea1nh \u0111\u00f3 nhi\u1ec1u lo\u00e0i m\u1ecdc t\u1ef1 nhi\u00ean c\u00f3 gi\u00e1 tr\u1ecb khai th\u00e1c nh\u01b0\n", "H\u1ea1 kh\u00f4 th\u1ea3o (Prunella vulgaris L.) l\u00e0 v\u1ecb thu\u1ed1c ph\u1ed5 bi\u1ebfn trong Y h\u1ecdc c\u1ed5 truy\u1ec1n, m\u1ed9t s\u1ed1 lo\u00e0i\n", "B\u1ea1c h\u00e0 m\u1ecdc t\u1ef1 nhi\u00ean (Agastache spp.,\n", "Elsholtzia spp.;...) l\u00e0 ngu\u1ed3n th\u1ee9c \u0103n (ph\u1ea5n hoa) cho ong m\u1eadt t\u1ea1o n\u00ean th\u01b0\u01a1ng hi\u1ec7u m\u1eadt ong b\u1ea1c h\u00e0 n\u1ed5i ti\u1ebfng c\u1ee7a H\u00e0 Giang...\n", "ngo\u00e0i ra c\u00f2n c\u00f3 1 lo\u00e0i thu\u1ed9c di\u1ec7n b\u1ea3o t\u1ed3n l\u00e0 Ch\u00f9a d\u00f9 (Elsholtzia penduliflora W.W.\n", "Sm.).\n", "S\u1ed1 c\u00f2n l\u1ea1i 192 h\u1ecd, m\u1ed7i h\u1ecd m\u1edbi ch\u1ec9 ghi nh\u1eadn \u0111\u01b0\u1ee3c t\u1eeb 1 \u0111\u1ebfn 19 lo\u00e0i c\u00e2y thu\u1ed1c.\n", "Trong s\u1ed1 n\u00e0y, m\u1ed9t s\u1ed1 h\u1ecd m\u1eb7c d\u00f9 ch\u1ec9 c\u00f3 v\u00e0i lo\u00e0i, nh\u01b0ng l\u1ea1i l\u00e0 nh\u1eefng c\u00e2y thu\u1ed1c r\u1ea5t c\u00f3 gi\u00e1 tr\u1ecb.\n", "V\u00ed d\u1ee5 h\u1ecd Tr\u1ea1ch t\u1ea3 (Alismataceae): 1 lo\u00e0i l\u00e0 Tr\u1ea1ch t\u1ea3 (Alisma plantago-aquatica); h\u1ecd C\u1ea9u t\u00edch (Dicksoniaceae) c\u00f3 1 lo\u00e0i l\u00e0 C\u1ea9u t\u00edch (Dicksonia barometz); h\u1ecd\n", "B\u00e1ch b\u1ed9 (Stemonaceae) c\u00f3 1 lo\u00e0i l\u00e0 c\u00e2y B\u00e1ch b\u1ed9 (Stemona tuberosa); h\u1ecd M\u00e3 \u0111\u1ec1 (Plantaginaceae) c\u00f3 2 lo\u00e0i M\u00e3 \u0111\u1ec1 (Plantago major) v\u00e0 M\u00e3 \u0111\u1ec1 \u00e1 (Plantago asiatica); h\u1ecd B\u1ea7u b\u00ed (Cucurbitaceae): trong s\u1ed1 c\u00e1c lo\u00e0i \u0111\u00e3 bi\u1ebft \u0111\u00e1ng ch\u00fa \u00fd nh\u1ea5t l\u00e0 lo\u00e0i\n", "D\u1ec1n to\u00f2ng/Gi\u1ea3o c\u1ed5 lam (Gynostemma pentaphyllum (Thunb.) Makino)...\n", "\u0110\u00e2y l\u00e0 nh\u1eefng c\u00e2y thu\u1ed1c c\u00f3 gi\u00e1 tr\u1ecb s\u1eed d\u1ee5ng, kinh t\u1ebf cao v\u00e0 r\u1ea5t c\u00f3 ti\u1ec1m n\u0103ng ph\u00e1t tri\u1ec3n \u1edf t\u1ec9nh H\u00e0 Giang.\n", "Ri\u00eang h\u1ecd\n", "Taxaceae: c\u00f3 3 lo\u00e0i trong \u0111\u00f3 2 lo\u00e0i thu\u1ed9c di\u1ec7n b\u1ea3o t\u1ed3n l\u00e0 D\u1ebb t\u00f9ng s\u1ecdc tr\u1eafng v\u00e2n nam (Amentotaxus yunnanensis H.L.Li) v\u00e0 Th\u00f4ng \u0111\u1ecf b\u1eafc (Taxus wallichiana var.\n", "chinensis (Pilg.) Florin.), lo\u00e0i c\u00f2n l\u1ea1i l\u00e0 D\u1ebb t\u00f9ng s\u1ecdc tr\u1eafng (Amentotaxus argotaenia (Hance) Pilg.) c\u0169ng l\u00e0 lo\u00e0i hi\u1ebfm g\u1eb7p.\n", "\u1ede b\u1eadc chi, c\u00e1c chi \u0111\u00e3 bi\u1ebft c\u00f3 nhi\u1ec1u c\u00e2y thu\u1ed1c bao g\u1ed3m: Chi Ficus (Moraceae) c\u00f3 24 lo\u00e0i; chi\n", "Ardisia (Myrsinaceae) c\u00f3 13 lo\u00e0i; chi Polygonum (Polygonaceae) c\u00f3 12 lo\u00e0i; chi Smilax (Smilacaceae) c\u00f3 12 lo\u00e0i; chi Piper (Piperaceae) c\u00f3 11 lo\u00e0i, chi Solanum (Solanaceae) c\u00f3 10 lo\u00e0i.\n", "C\u00e1c chi Alpinia (Zingiberaceae), Clematis (Ranunculaceae), Desmodium (Fabaceae),\n", "Dendrobium (Orchidaceae), Cinnamomum (Lauraceae) v\u00e0 \u0111\u1ec1u c\u00f3 9 lo\u00e0i/chi.\n", "M\u1ed9t v\u00e0i h\u1ecd ch\u1ec9 c\u00f3 1 chi nh\u01b0ng c\u00e1c lo\u00e0i \u0111\u00e3 bi\u1ebft c\u00f3 \u1edf H\u00e0\n", "Giang \u0111\u1ec1u c\u00f3 \u00fd ngh\u0129a v\u1ec1 m\u1eb7t \u0111a d\u1ea1ng sinh h\u1ecdc v\u00e0 gi\u00e1 tr\u1ecb s\u1eed d\u1ee5ng, nh\u01b0: h\u1ecd Taccaceae ch\u1ec9 c\u00f3 1 chi Tacca v\u1edbi 2 lo\u00e0i l\u00e0 R\u00e2u h\u00f9m (Tacca chantrieri Andr\u00e9), H\u1ed3i \u0111\u1ea7u th\u1ea3o (T.\n", "Plantaginea\n", "Drenth) v\u00e0 Ph\u00e1 l\u1ee7a (Tacca subflabellata\n", "P.P.Ling & C.T.Ting); h\u1ecd Costaceae ch\u1ec9 c\u00f3 1 chi Costus v\u1edbi 2 lo\u00e0i M\u00eda d\u00f2 (Costus speciosus (J.Koenig) Sm.) v\u00e0 M\u00eda d\u00f2 hoa g\u1ed1c (C.tonkinensis Gagnep.), hay h\u1ecd Trilliaceae ch\u1ec9 c\u00f3 1 chi Paris g\u1ed3m 5 lo\u00e0i c\u00e2y thu\u1ed1c r\u1ea5t c\u00f3 gi\u00e1 tr\u1ecb.\n", "M\u1ed9t s\u1ed1 chi ch\u1ec9 c\u00f3 2-3 lo\u00e0i nh\u01b0ng \u0111\u1ec1u l\u00e0 nh\u1eefng c\u00e2y thu\u1ed1c c\u00f3 kh\u1ea3 n\u0103ng khai th\u00e1c v\u00e0 c\u00f3 gi\u00e1 tr\u1ecb b\u1ea3o t\u1ed3n cao: Chi Gynostemma (Cucurbitaceae) c\u00f3 3 lo\u00e0i \u0111\u1ec1u c\u00f3 c\u00f4ng d\u1ee5ng l\u00e0m thu\u1ed1c nh\u01b0 Gi\u1ea3o c\u1ed5 lam (Gynostemma pentaphyllum (Thunb.) Makino, G.\n", "Laxum (Wall.) Cogn.), Chi Acanthopanax v\u1edbi 2 lo\u00e0i l\u00e0\n", "Ng\u0169 gia b\u00ec gai (A.\n", "Gracilistylus W.W.Sm.) v\u00e0\n", "Ng\u0169 gia b\u00ec h\u01b0\u01a1ng (Acanthopanax trifoliatus (L.) Voss) v\u1eeba c\u00f3 gi\u00e1 tr\u1ecb l\u00e0m thu\u1ed1c l\u1ea1i v\u1eeba thu\u1ed9c di\u1ec7n b\u1ea3o t\u1ed3n; Chi Panax v\u1edbi 3 lo\u00e0i \u0111\u1ec1u c\u00f3 gi\u00e1 tr\u1ecb l\u00e0m thu\u1ed1c cao trong \u0111\u00f3 ngo\u1ea1i tr\u1eeb lo\u00e0i\n", "Tam th\u1ea5t (Panax notoginseng (Burkill) F.\n", "H.\n", "Chen) l\u00e0 c\u00e2y thu\u1ed1c tr\u1ed3ng, 2 lo\u00e0i Tam th\u1ea5t hoang (Panax stipuleanatus H.T.Tsai & K.M.Feng) v\u00e0\n", "S\u00e2m v\u0169 di\u1ec7p (Panax bipinnatifidus Seem.) l\u00e0 nh\u1eefng c\u00e2y thu\u1ed1c qu\u00ed hi\u1ebfm c\u1ea7n b\u1ea3o v\u1ec7.\n", "* M\u1ed9t s\u1ed1 ph\u00e1t hi\u1ec7n m\u1edbi, ghi nh\u1eadn b\u1ed5 sung cho h\u1ec7 th\u1ef1c v\u1eadt Vi\u1ec7t Nam:\n", "Trong c\u00e1c \u0111\u1ee3t \u0111i\u1ec1u tra t\u1ea1i H\u00e0 Giang, nh\u00f3m nghi\u00ean c\u1ee9u \u0111\u00e3 ph\u00e1t hi\u1ec7n th\u00eam \u0111\u01b0\u1ee3c 4 lo\u00e0i c\u00e2y thu\u1ed1c, l\u00e0 nh\u1eefng lo\u00e0i ghi nh\u1eadn m\u1edbi cho h\u1ec7 th\u1ef1c v\u1eadt Vi\u1ec7t Nam, g\u1ed3m c\u00f3: - Tr\u1ecdng l\u00e2u th\u00eca - Paris xichouensis (H.\n", "Li)\n", "Y.\n", "H.\n", "Ji, H.\n", "Li & Z.\n", "K.\n", "Zhou ph\u00e2n b\u1ed1 t\u1ea1i x\u00e3 S\u1ee7ng\n", "L\u00e0 huy\u1ec7n \u0110\u1ed3ng V\u0103n [9].\n", "- Tr\u1ecdng l\u00e2u l\u00e1 \u0111\u1ed1m - Paris cronquistii (Takht.)\n", "H.\n", "Li \u0111\u01b0\u1ee3c t\u00ecm th\u1ea5y t\u1ea1i S\u1ee7ng L\u00e0 huy\u1ec7n \u0110\u1ed3ng\n", "V\u0103n [10].\n", "- Kim ng\u00e2n c\u1ef1a - Lonicera calcarata Hemsley ph\u00e1t hi\u1ec7n th\u1ea5y t\u1ea1i Ph\u00f3 B\u1ea3ng huy\u1ec7n \u0110\u1ed3ng V\u0103n [11].\n", "- Qua l\u00e2u l\u00e1 nguy\u00ean - Trichosanthes truncata C.\n", "B.\n", "Clarke in J.\n", "D.\n", "Hooker \u0111\u01b0\u1ee3c t\u00ecm th\u1ea5y t\u1ea1i Ph\u00f3 B\u1ea3ng, \u0110\u1ed3ng V\u0103n [12].\n", "- \u0110\u00e1ng l\u01b0u \u00fd r\u1eb1ng, c\u1ea3 4 lo\u00e0i ghi nh\u1eadn m\u1edbi n\u00e0y \u0111\u1ec1u l\u00e0 nh\u1eefng lo\u00e0i c\u00f3 v\u00f9ng ph\u00e2n b\u1ed1 h\u1eb9p, m\u1edbi ch\u1ec9 ghi nh\u1eadn \u0111\u01b0\u1ee3c t\u1eeb 1 \u0111\u1ebfn 2 \u0111i\u1ec3m ph\u00e2n b\u1ed1 tr\u00ean c\u1ea3 n\u01b0\u1edbc.\n", "\u0110\u00e2y l\u00e0 nh\u1eefng lo\u00e0i c\u00e2y thu\u1ed1c c\u00f3 gi\u00e1 tr\u1ecb cao v\u00e0 l\u00e0 nh\u1eefng \u0111\u1ed1i t\u01b0\u1ee3ng n\u1eb1m trong di\u1ec7n b\u1ea3o t\u1ed3n \u1edf n\u01b0\u1edbc ta.\n", "Ph\u00e1t hi\u1ec7n m\u1edbi n\u00e0y cho th\u1ea5y r\u1eb1ng\n", "H\u00e0 Giang c\u00f3 ngu\u1ed3n t\u00e0i nguy\u00ean th\u1ef1c v\u1eadt phong ph\u00fa v\u00e0 hi\u1ec7n c\u00f2n \u1ea9n ch\u1ee9a nhi\u1ec1u ti\u1ec1m n\u0103ng sinh v\u1eadt c\u00f3 \u00fd ngh\u0129a cho khoa h\u1ecdc.\n", "3.2.\n", "\u0110a d\u1ea1ng c\u00e1c lo\u00e0i c\u00e2y thu\u1ed1c theo \u0111\u1ed9 cao v\u00e0 c\u00e1c v\u00f9ng r\u1eebng t\u1eadp trung nhi\u1ec1u lo\u00e0i c\u00e2y thu\u1ed1c t\u1ea1i H\u00e0 Giang * Ph\u00e2n b\u1ed1 c\u00e1c lo\u00e0i theo \u0111\u1ed9 cao:\n", "H\u00e0 Giang l\u00e0 \u0111i\u1ec3m c\u1ef1c B\u1eafc c\u1ee7a Vi\u1ec7t Nam, v\u1edbi v\u1ecb tr\u00ed \u0111\u1ecba l\u00fd v\u00e0 \u0111i\u1ec1u ki\u1ec7n t\u1ef1 nhi\u00ean \u0111\u1eb7c bi\u1ec7t \u0111\u00e3 t\u1ea1o n\u00ean \u1edf \u0111\u00e2y m\u1ed9t khu h\u1ec7 th\u1ef1c v\u1eadt m\u00e0 trong \u0111\u00f3 kh\u00f4ng ch\u1ec9 c\u00f3 nh\u1eefng lo\u00e0i c\u00e2y thu\u1ed1c nhi\u1ec7t \u0111\u1edbi m\u00e0 c\u00f2n c\u00f3 nhi\u1ec1u lo\u00e0i c\u1ee7a v\u00f9ng \u00f4n \u0111\u1edbi \u1ea5m v\u00e0 \u00e1 nhi\u1ec7t \u0111\u1edbi n\u00fai cao.\n", "Nhi\u1ec1u lo\u00e0i c\u00f3 ph\u00e2n b\u1ed1 \u1edf H\u00e0 Giang c\u0169ng \u0111\u01b0\u1ee3c t\u00ecm th\u1ea5y \u1edf nhi\u1ec1u v\u00f9ng kh\u00e1c \u1edf Vi\u1ec7t\n", "Nam nh\u01b0ng \u1edf \u0111\u1ed9 cao l\u1edbn h\u01a1n nh\u01b0 B\u00e1ch xanh (Calocedrus macrolepis Kurz.), Th\u00f4ng \u0111\u1ecf (Taxus wallichiana var.\n", "chinensis Florin.)...\n", "M\u1ed9t s\u1ed1 lo\u00e0i m\u1edbi ch\u1ec9 c\u00f3 ghi nh\u1eadn \u1edf H\u00e0 Giang nh\u01b0 lo\u00e0i Ho\u00e0ng li\u00ean \u00f4 r\u00f4 (Mahonia bealei (Fortune) Pynaert)...\n", "Kh\u00f4ng nh\u1eefng th\u1ebf, hai lo\u00e0i thu\u1ed9c chi Panax l\u00e0 Tam th\u1ea5t hoang (P.\n", "stipuleanatus H.T.Tsai & K.M.Feng) v\u00e0\n", "S\u00e2m v\u0169 di\u1ec7p (P.\n", "bipinnatifidus Seem.) v\u1ed1n c\u00f3 ph\u00e2n b\u1ed1 h\u1eb9p (Ho\u00e0ng Li\u00ean S\u01a1n - L\u00e0o Cai) c\u0169ng \u0111\u01b0\u1ee3c ghi nh\u1eadn c\u00f3 t\u1ea1i H\u00e0 Giang trong \u0111\u1ee3t \u0111i\u1ec1u tra kh\u1ea3o s\u00e1t l\u1ea7n n\u00e0y.\n", "- \u1ede \u0111\u1ed9 cao t\u1eeb 1.000m tr\u1edf l\u00ean: b\u1eaft g\u1eb7p nhi\u1ec1u lo\u00e0i c\u00e2y thu\u1ed1c \u0111\u1eb7c tr\u01b0ng cho v\u00f9ng n\u00fai cao thu\u1ed9c m\u1ed9t s\u1ed1 h\u1ecd nh\u01b0: H\u1ecd Ng\u0169 gia b\u00ec (Araliaceae):\n", "Ng\u0169 gia b\u00ec h\u01b0\u01a1ng (Acanthopanax gracilistylus),\n", "Th\u00f4ng th\u1ea3o (Tetrapanax papyriferus), \u0110u \u0111\u1ee7 r\u1eebng (Trevesia palmata), D\u00e2y th\u01b0\u1eddng xu\u00e2n (Hedera nepalensis)...; H\u1ecd Ho\u00e0ng li\u00ean gai (Berberidaceae): Ho\u00e0ng li\u00ean \u00f4 r\u00f4 (Mahonia nepalensis), Ho\u00e0ng li\u00ean \u00f4 r\u00f4 l\u00e1 d\u00e0y (M.\n", "bealei)...; H\u1ecd Mao l\u01b0\u01a1ng (Ranunculaceae):\n", "Ho\u00e0ng li\u00ean b\u1eafc (Coptis chinensis), Th\u1ed5 ho\u00e0ng li\u00ean (Thalictrum foliolosum)...; H\u1ecd N\u1eef lang (Valerianaceae): N\u1eef lang (Valeriana hardwicki), S\u00ec to (V.\n", "jatamansi)...; H\u1ecd B\u00e1ch h\u1ee3p (Liliaceae): B\u00e1ch h\u1ee3p (Lilium brownii var.\n", "colchesteri)...; H\u1ecd \u0110\u1ed7 quy\u00ean (Ericaceae): Ch\u00e2u th\u1ee5 (Gaultheria fragrantissima)...; H\u1ecd H\u1ed3i (Illiciaceae): H\u1ed3i tsai (Illicium tsaii); H\u1ecd Lan (Orchidaceae): Lan kim tuy\u1ebfn (Anoectochilus roxburghii), Kim tuy\u1ebfn \u0111\u00e1 v\u00f4i (Anoectochilus calcareus);...\n", "\u0110\u1eb7c bi\u1ec7t trong qu\u1ea7n h\u1ec7 r\u1eebng tr\u00ean \u0111\u1ec9nh n\u00fai \u0111\u00e1 v\u00f4i \u1edf Phi\u00eang Lu\u00f4ng (B\u1eafc M\u00ea), Th\u00e1i An v\u00e0\n", "B\u00e1t \u0110\u1ea1i S\u01a1n (Qu\u1ea3n B\u1ea1) m\u1ecdc t\u1eadp trung nhi\u1ec1u lo\u00e0i thu\u1ed9c Ng\u00e0nh Th\u00f4ng - H\u1ea1t tr\u1ea7n.\n", "Trong \u0111\u00f3 c\u00f3 c\u00e1c lo\u00e0i \u0111\u00e1ng ch\u00fa \u00fd nh\u01b0: Th\u00f4ng tre l\u00e1 d\u00e0i (Podocarpus neriifolius D.\n", "Don), Th\u00f4ng tre l\u00e1 ng\u1eafn (Podocarpus pilgeri Foxw.); B\u00e1ch xanh (Calocedrus macrolepis); B\u00e1ch v\u00e0ng (Cupressus vietnamensis); Thi\u1ebft sam \u0111\u00f4ng b\u1eafc (Tsuga chinensis); Th\u00f4ng \u0111\u1ecf (Taxus chinensis)...\n", "C\u00f3 th\u1ec3 n\u00f3i, hi\u1ebfm c\u00f3 n\u01a1i n\u00e0o \u1edf Vi\u1ec7t\n", "Nam c\u00f3 s\u1ed1 lo\u00e0i H\u1ea1t tr\u1ea7n t\u1eadp trung nh\u01b0 \u1edf c\u00e1c \u0111i\u1ec3m n\u00e0y.\n", "Tuy nhi\u00ean, h\u1ea7u h\u1ebft c\u00e1c lo\u00e0i k\u1ec3 tr\u00ean do ph\u1ea1m vi ph\u00e2n b\u1ed1 h\u1eb9p, s\u1ed1 l\u01b0\u1ee3ng c\u00e1 th\u1ec3 \u00edt n\u00ean kh\u1ea3 n\u0103ng khai th\u00e1c h\u1ea1n ch\u1ebf.\n", "Th\u1eadm ch\u00ed c\u00f3 th\u1ec3 coi l\u00e0 nh\u1eefng lo\u00e0i c\u00e2y thu\u1ed1c qu\u00ed hi\u1ebfm, c\u1ea7n b\u1ea3o v\u1ec7 v\u00e0 ph\u00e1t tri\u1ec3n th\u00eam \u1edf Vi\u1ec7t Nam.\n", "- \u1ede \u0111\u1ed9 cao t\u1eeb 700m tr\u1edf l\u00ean: \u1ede v\u00e0nh \u0111ai th\u1ea5p h\u01a1n t\u1eadp trung nhi\u1ec1u c\u00e2y thu\u1ed1c \u00e1 nhi\u1ec7t \u0111\u1edbi v\u00e0 nhi\u1ec7t \u0111\u1edbi.\n", "Trong s\u1ed1 n\u00e0y, nh\u1eefng lo\u00e0i c\u00f3 th\u1ec3 ti\u1ebfp t\u1ee5c khai th\u00e1c nh\u01b0: Ch\u00e8 d\u00e2y (Ampelopsis cantoniensis); H\u1ea1 kh\u00f4 th\u1ea3o (Prunella vulgaris);\n", "B\u00e1ch b\u1ed9 (Stemona tuberosa), Ng\u0169 gia b\u00ec ch\u00e2n chim (Schefflera spp.); Nga tru\u1eadt (Curcuma spp.); Ng\u1ea3i c\u1ee9u d\u1ea1i (Artemisia indica), Th\u1ea3o \u0111\u1eadu kh\u1ea5u nam (Alpinia spp.), Gi\u1ea3o c\u1ed5 lam (Gynostemma spp.).\n", "- \u1ede \u0111\u1ed9 cao d\u01b0\u1edbi 700m b\u1eaft g\u1eb7p nhi\u1ec1u lo\u00e0i c\u00e2y thu\u1ed1c ph\u1ed5 bi\u1ebfn c\u00f3 kh\u1ea3 n\u0103ng khai th\u00e1c nh\u01b0\n", "Hy thi\u00eam (Sigesbeckia orientalis), Th\u1ea3o quy\u1ebft minh (Senna tora), C\u1ecf c\u1ee9t l\u1ee3n (Ageratum conyzoides), C\u00e2u \u0111\u1eb1ng (Uncaria spp.), Nh\u00e2n tr\u1ea7n (Adenosma caeruleum)...\n", "* C\u00e1c v\u00f9ng r\u1eebng t\u1eadp trung nhi\u1ec1u lo\u00e0i c\u00e2y thu\u1ed1c\n", "C\u00f9ng v\u1edbi s\u1ef1 ph\u00e2n b\u1ed1 c\u00e1c lo\u00e0i c\u00e2y thu\u1ed1c theo \u0111\u1ed9 cao th\u00ec \u1edf m\u1ed7i v\u00f9ng r\u1eebng kh\u00e1c nhau c\u0169ng c\u00f3 nh\u1eefng \u0111\u1eb7c tr\u01b0ng ri\u00eang v\u1edbi s\u1ef1 kh\u00e1c nhau v\u1ec1 th\u00e0nh ph\u1ea7n c\u00e1c lo\u00e0i, trong \u0111\u00f3 bao g\u1ed3m c\u1ea3 c\u00e1c lo\u00e0i c\u00f3 ti\u1ec1m n\u0103ng khai th\u00e1c v\u00e0 nh\u1eefng lo\u00e0i qu\u00fd hi\u1ebfm c\u1ea7n \u0111\u01b0\u1ee3c b\u1ea3o v\u1ec7.\n", "C\u00e1c v\u00f9ng r\u1eebng t\u1eadp trung nhi\u1ec1u lo\u00e0i c\u00e2y thu\u1ed1c nh\u01b0: (1) Huy\u1ec7n V\u1ecb Xuy\u00ean: v\u00f9ng r\u1eebng thu\u1ed9c 2 x\u00e3\n", "Cao B\u1ed3 v\u00e0 Th\u01b0\u1ee3ng S\u01a1n (2) Huy\u1ec7n Ho\u00e0ng Su Ph\u00ec: v\u00f9ng r\u1eebng thu\u1ed9c x\u00e3 P\u1edd Ly Ng\u00e0i v\u00e0 x\u00e3 H\u1ed3 Th\u1ea7u.\n", "(3) Huy\u1ec7n B\u1eafc Quang: v\u00f9ng r\u1eebng t\u1ea1i th\u1ecb tr\u1ea5n Vi\u1ec7t Quang, x\u00e3 \u0110\u1ee9c Xu\u00e2n.\n", "(4) Huy\u1ec7n X\u00edn M\u1ea7n: v\u00f9ng r\u1eebng t\u1ea1i 4 x\u00e3 N\u1ea5m\n", "D\u1ea9n, Khu\u00f4n L\u00f9ng, Qu\u1ea3ng Nguy\u00ean, Thu T\u00e0.\n", "(5) Huy\u1ec7n Quang B\u00ecnh: v\u00f9ng r\u1eebng t\u1ea1i 4 B\u1eb1ng\n", "Lang, N\u00e0 Kh\u01b0\u01a1ng, T\u00e2n Nam, Xu\u00e2n Giang.\n", "(6) Huy\u1ec7n B\u1eafc M\u00ea: v\u00f9ng r\u1eebng t\u1ea1i th\u1ecb tr\u1ea5n\n", "Y\u00ean Ph\u00fa, x\u00e3 Phi\u00eang Lu\u00f4ng v\u00e0 x\u00e3 Minh S\u01a1n.\n", "(7) Huy\u1ec7n Qu\u1ea3n B\u1ea1\n", "V\u00f9ng B\u00e1t \u0110\u1ea1i S\u01a1n: N\u1eb1m tr\u00ean kh\u1ed1i n\u00fai B\u00e1t\n", "\u0110\u1ea1i S\u01a1n thu\u1ed9c \u0111\u1ecba ph\u1eadn 3 x\u00e3 B\u00e1t \u0110\u1ea1i S\u01a1n, C\u00e1n\n", "T\u1ef7 v\u00e0 Thanh V\u00e2n.\n", "V\u00f9ng n\u00fai Ba ti\u00ean: Thu\u1ed9c th\u00f4n L\u00f4 Th\u00e0ng 2, x\u00e3 Th\u00e1i An, huy\u1ec7n Qu\u1ea3n B\u1ea1.\n", "V\u00f9ng r\u1eebng n\u00e0y c\u00f3 li\u00ean quan t\u1edbi v\u00f9ng Du Gi\u00e0 (Y\u00ean Minh).\n", "V\u00f9ng r\u1eebng thu\u1ed9c \u0111\u1ecba ph\u1eadn th\u00f4n L\u00f4 Th\u00e0ng 1 - x\u00e3 Th\u00e1i An v\u00e0 x\u00e3 L\u00f9ng T\u00e1m, huy\u1ec7n Qu\u1ea3n B\u1ea1.\n", "Hi\u1ec7n t\u1ea1i r\u1eebng ch\u1ec9 c\u00f2n \u1edf ph\u1ea7n \u0111\u1ec9nh n\u00fai.\n", "(8) Huy\u1ec7n Y\u00ean Minh: v\u00f9ng r\u1eebng Du Gi\u00e0 thu\u1ed9c x\u00e3 Du Gi\u00e0.\n", "(9) Huy\u1ec7n M\u00e8o V\u1ea1c: Thu\u1ed9c x\u00e3 M\u00e8o V\u1ea1c, k\u00e9o d\u00e0i sang \u0111\u1ebfn x\u00e3 L\u0169ng P\u00f9 (10) Huy\u1ec7n \u0110\u1ed3ng V\u0103n: v\u00f9ng r\u1eebng th\u1ee9 sinh thu\u1ed9c x\u00e3 Ph\u1ed1 L\u00e0.\n", "3.3.\n", "X\u00e1c \u0111\u1ecbnh c\u00e1c lo\u00e0i c\u00e2y thu\u1ed1c qu\u00ed hi\u1ebfm c\u00f3 nguy c\u01a1 b\u1ecb tuy\u1ec7t ch\u1ee7ng v\u00e0 c\u00e1c lo\u00e0i c\u00f3 ti\u1ec1m n\u0103ng khai th\u00e1c t\u1ea1i t\u1ec9nh H\u00e0 Giang\n", "K\u1ebft qu\u1ea3 \u0111i\u1ec1u tra \u0111\u00e3 x\u00e1c \u0111\u1ecbnh \u0111\u01b0\u1ee3c 97 lo\u00e0i c\u00e2y thu\u1ed1c thu\u1ed9c 70 chi v\u00e0 48 h\u1ecd - l\u00e0 nh\u1eefng c\u00e2y thu\u1ed1c thu\u1ed9c di\u1ec7n b\u1ea3o t\u1ed3n \u1edf Vi\u1ec7t Nam hi\u1ec7n nay [13-16].\n", "Trong \u0111\u00f3 \u0111\u00e1ng ch\u00fa \u00fd c\u00f3 5 lo\u00e0i \u0111ang \u1edf m\u1ee9c c\u1ef1c k\u1ef3 nguy c\u1ea5p - CR (S\u00e1ch \u0110\u1ecf Vi\u1ec7t Nam - 2007) g\u1ed3m c\u00e1c lo\u00e0i: Ho\u00e0ng li\u00ean (Coptis chinensis Franch.), S\u00e2m v\u0169 di\u1ec7p (Panax bipinnatifidus Seem.), Tam th\u1ea5t hoang (Panax stipuleanatus Tsai & Feng), B\u00e1ch v\u00e0ng (Cupressus vietnamensis (Farjon &\n", "T.H.Nguy\u00ean) Silba), Re h\u01b0\u01a1ng (Cinnamomum parthenoxylon Meisn.).\n", "V\u00e0 c\u00f3 t\u1edbi 37 lo\u00e0i qu\u00fd hi\u1ebfm \u0111ang \u1edf m\u1ee9c nguy c\u1ea5p - EN (S\u00e1ch \u0110\u1ecf Vi\u1ec7t\n", "Nam, 2007) nh\u01b0: Ba g\u1ea1c v\u00f2ng (Rauvolfia verticillata), B\u00e1t gi\u00e1c li\u00ean (Podophyllum tonkinense), B\u1ea3y l\u00e1 m\u1ed9t hoa (Paris chinensis),\n", "Lan m\u1ed9t l\u00e1 (Nervilia fordii Schlechter), Lan kim tuy\u1ebfn (Anoectochilus calcareus Aver.),\n", "Ho\u00e0ng tinh v\u00f2ng (Polygonatum kingianum\n", "Coll.\n", "ex Hemsl.), Ho\u00e0ng th\u1ea3o (Dendrobium nobile var.\n", "alboluteum Huyen & Aver), Nghi\u1ebfn (Excentrodendron tonkinense (Gagnep.) Chang & Miau), Tr\u1ea7m h\u01b0\u01a1ng (Aquilaria crassna\n", "Pierre ex Lecomte), Ho\u00e0ng li\u00ean \u00f4 r\u00f4 (Mahonia bealii Pynaert)...\n", "Nh\u01b0 v\u1eady ngu\u1ed3n t\u00e0i nguy\u00ean c\u00e2y thu\u1ed1c c\u1ee7a t\u1ec9nh H\u00e0 Giang c\u00f2n c\u00f3 \u00fd ngh\u0129a r\u1ea5t l\u1edbn v\u1ec1 \u0111a d\u1ea1ng sinh h\u1ecdc.\n", "\u0110\u00e3 ghi nh\u1eadn \u0111\u01b0\u1ee3c \u1edf H\u00e0 Giang c\u00f3 40 lo\u00e0i/nh\u00f3m lo\u00e0i c\u00e2y thu\u1ed1c \u0111ang \u0111\u01b0\u1ee3c khai th\u00e1c thu mua ph\u1ed5 bi\u1ebfn.\n", "Trong \u0111\u00f3 c\u00f3 \u0111\u1ebfn 15 lo\u00e0i l\u00e0 nh\u1eefng c\u00e2y thu\u1ed1c thu\u1ed9c di\u1ec7n b\u1ea3o t\u1ed3n (c\u00f3 t\u00ean trong S\u00e1ch \u0110\u1ecf Vi\u1ec7t Nam (2007), Danh l\u1ee5c \u0111\u1ecf c\u00e2y thu\u1ed1c Vi\u1ec7t Nam (2006), Ngh\u1ecb \u0111\u1ecbnh 32 c\u1ee7a\n", "Ch\u00ednh ph\u1ee7 v\u1ec1 h\u1ea1n ch\u1ebf khai th\u00e1c, bu\u00f4n b\u00e1n v\u00ec m\u1ee5c \u0111\u00edch th\u01b0\u01a1ng m\u1ea1i, Danh l\u1ee5c \u0111\u1ecf IUCN...).\n", "\u0110\u1ec3 tr\u00e1nh t\u00ecnh tr\u1ea1ng c\u00e1c ngu\u1ed3n gen qu\u00ed c\u1ee7a t\u1ec9nh b\u1ecb suy gi\u1ea3m v\u00e0 th\u1ea5t tho\u00e1t qua bi\u00ean gi\u1edbi, c\u1ea7n c\u00f3 s\u1ef1 ki\u1ec3m so\u00e1t ch\u1eb7t ch\u1ebd c\u1ee7a c\u00e1c c\u01a1 quan qu\u1ea3n l\u00fd v\u00e0 nhi\u1ec1u ban ng\u00e0nh c\u00f3 li\u00ean quan.\n", "Trong s\u1ed1 40 lo\u00e0i/nh\u00f3m lo\u00e0i \u0111\u01b0\u1ee3c khai th\u00e1c ph\u1ed5 bi\u1ebfn k\u1ec3 tr\u00ean th\u00ec c\u00f3 26 lo\u00e0i/nh\u00f3m lo\u00e0i \u0111\u01b0\u1ee3c coi l\u00e0 c\u00f3 ti\u1ec1m n\u0103ng khai th\u00e1c, v\u1edbi kh\u1ed1i l\u01b0\u1ee3ng \u01b0\u1edbc t\u00ednh t\u1eeb 10 t\u1ea5n/n\u0103m tr\u1edf l\u00ean.\n", "Trong \u0111\u00f3 \u0111\u00e1ng ch\u00fa \u00fd c\u00f3 th\u1ec3 k\u1ec3 \u0111\u1ebfn C\u1ecf ng\u0169 s\u1eafc (Ageratum conyzoides L.) 100 - 150 t\u1ea5n, C\u1ea9u t\u00edch (Cibotium barometz (L.) J.Smith) 50 - 70 t\u1ea5n, hay Ngh\u1ec7 v\u00e0ng (Curcuma longa L.) 50 - 60 t\u1ea5n.\n", "C\u00f3 th\u1ec3 th\u1ea5y r\u1eb1ng, nhi\u1ec1u lo\u00e0i tr\u01b0\u1edbc \u0111\u00e2y c\u00f3 kh\u1ea3 n\u0103ng khai th\u00e1c \u1edf 4 huy\u1ec7n v\u00f9ng cao n\u00fai \u0111\u00e1 v\u1edbi kh\u1ed1i l\u01b0\u1ee3ng l\u1edbn nh\u01b0 B\u1ed5 c\u1ed1t to\u00e1i, B\u00ecnh v\u00f4i,\n", "H\u00e0 th\u1ee7 \u00f4 \u0111\u1ecf, Th\u1ea1ch h\u1ed9c, Ho\u00e0ng tinh, Kim ng\u00e2n...\n", "[17] th\u00ec \u0111\u1ebfn nay \u0111\u00e3 kh\u00f4ng c\u00f2n n\u1eb1m trong danh s\u00e1ch c\u00e2y thu\u1ed1c c\u00f3 kh\u1ea3 n\u0103ng khai th\u00e1c c\u1ee7a to\u00e0n t\u1ec9nh.\n", "Th\u1eadm ch\u00ed m\u1ed9t s\u1ed1 lo\u00e0i c\u00f2n \u0111\u01b0\u1ee3c \u0111\u01b0a v\u00e0o di\u1ec7n b\u1ea3o t\u1ed3n nh\u01b0 H\u00e0 th\u1ee7 \u00f4 \u0111\u1ecf (Fallopia multiflora), Th\u1ea1ch h\u1ed9c (Dendrobium nobile),\n", "B\u1ed5 c\u1ed1t to\u00e1i (D.\n", "bonii).\n", "M\u1ed9t s\u1ed1 lo\u00e0i tr\u01b0\u1edbc \u0111\u00e2y c\u00f3 kh\u1ea3 n\u0103ng khai th\u00e1c v\u1edbi kh\u1ed1i l\u01b0\u1ee3ng l\u1edbn \u1edf 4 huy\u1ec7n v\u00f9ng cao (1999-2000), \u0111\u1ebfn nay \u0111\u00e3 suy gi\u1ea3m v\u1ec1 kh\u1ed1i l\u01b0\u1ee3ng khai th\u00e1c tr\u00ean to\u00e0n t\u1ec9nh nh\u01b0\n", "K\u00ea huy\u1ebft \u0111\u1eb1ng (200-300 t\u1ea5n/n\u0103m gi\u1ea3m xu\u1ed1ng c\u00f2n 50-60 t\u1ea5n/n\u0103m), Ng\u0169 gia b\u00ec ch\u00e2n chim (300-500 t\u1ea5n/n\u0103m gi\u1ea3m xu\u1ed1ng c\u00f2n 5-10 t\u1ea5n/n\u0103m)...\n", "Nh\u1eefng lo\u00e0i v\u1eabn duy tr\u00ec kh\u1ea3 n\u0103ng khai th\u00e1c qua nhi\u1ec1u n\u0103m ph\u1ea7n l\u1edbn l\u00e0 nh\u1eefng c\u00e2y th\u1ea3o c\u00f3 ph\u00e2n b\u1ed1 r\u1ed9ng, kh\u1ea3 n\u0103ng t\u00e1i sinh v\u00e0 ph\u1ee5c h\u1ed3i sau khai th\u00e1c t\u1ed1t nh\u01b0:\n", "C\u1ecf c\u1ee9t l\u1ee3n, Ch\u00e8 d\u00e2y, Hy thi\u00eam, Long nha th\u1ea3o,\n", "Nga tru\u1eadt, Ngh\u1ec7 v\u00e0ng...\n"], "4": ["4.\n", "K\u1ebft lu\u1eadn\n", "Qua \u0111i\u1ec1u tra nghi\u00ean c\u1ee9u t\u1ea1i 84 x\u00e3 v\u00e0 th\u1ecb tr\u1ea5n thu\u1ed9c 11 huy\u1ec7n v\u00e0 th\u00e0nh ph\u1ed1 c\u1ee7a t\u1ec9nh H\u00e0 Giang trong giai \u0111o\u1ea1n 2013 - 2015, c\u00f9ng v\u1edbi t\u1ed5ng h\u1ee3p t\u01b0 li\u1ec7u t\u1eeb c\u00e1c t\u00e0i li\u1ec7u \u0111\u00e3 c\u00f4ng b\u1ed1, ghi nh\u1eadn \u0111\u01b0\u1ee3c \u1edf H\u00e0 Giang c\u00f3 1565 lo\u00e0i c\u00e2y thu\u1ed1c m\u1ecdc t\u1ef1 nhi\u00ean v\u00e0 tr\u1ed3ng, thu\u1ed9c 824 chi, 202 h\u1ecd c\u1ee7a 6 ng\u00e0nh, 2 gi\u1edbi Th\u1ef1c v\u1eadt v\u00e0 N\u1ea5m.\n", "C\u00f9ng v\u1edbi \u0111\u00f3 \u0111\u00e3 ghi nh\u1eadn \u0111\u01b0\u1ee3c 4 lo\u00e0i m\u1edbi, b\u1ed5 sung cho h\u1ec7 th\u1ef1c v\u1eadt Vi\u1ec7t Nam.\n", "\u0110i\u1ec1u n\u00e0y cho th\u1ea5y H\u00e0 Giang l\u00e0 m\u1ed9t t\u1ec9nh c\u00f3 s\u1ef1 \u0111a d\u1ea1ng v\u1ec1 t\u00e0i nguy\u00ean c\u00e2y thu\u1ed1c b\u1eadc nh\u1ea5t \u1edf Vi\u1ec7t Nam.\n", "\u0110\u00e3 x\u00e1c \u0111\u1ecbnh \u0111\u01b0\u1ee3c \u0111\u1eb7c \u0111i\u1ec3m ph\u00e2n b\u1ed1 c\u00e1c lo\u00e0i c\u00e2y thu\u1ed1c theo \u0111\u1ed9 cao v\u00e0 c\u00e1c v\u00f9ng r\u1eebng t\u1eadp trung nhi\u1ec1u lo\u00e0i c\u00e2y thu\u1ed1c tr\u00ean \u0111\u1ecba b\u00e0n t\u1ec9nh.\n", "\u0110\u1ed3ng th\u1eddi qua \u0111i\u1ec1u tra c\u0169ng x\u00e1c \u0111\u1ecbnh \u0111\u01b0\u1ee3c 26 lo\u00e0i c\u00f3 ti\u1ec1m n\u0103ng khai th\u00e1c v\u00e0 97 lo\u00e0i c\u00e2y thu\u1ed1c qu\u00ed hi\u1ebfm thu\u1ed9c di\u1ec7n b\u1ea3o t\u1ed3n t\u1ea1i t\u1ec9nh H\u00e0 Giang.\n", "\u0110\u00e2y l\u00e0 c\u01a1 s\u1edf \u0111\u1ec3 \u0111\u1ecbnh h\u01b0\u1edbng cho c\u00f4ng t\u00e1c b\u1ea3o t\u1ed3n v\u00e0 ph\u00e1t tri\u1ec3n b\u1ec1n v\u1eefng ngu\u1ed3n t\u00e0i nguy\u00ean c\u00e2y thu\u1ed1c \u1edf t\u1ec9nh H\u00e0 Giang.\n", "L\u1eddi c\u1ea3m \u01a1n\n", "Nh\u00f3m t\u00e1c gi\u1ea3 xin ch\u00e2n th\u00e0nh c\u1ea3m \u01a1n s\u1ef1 t\u00e0i tr\u1ee3 kinh ph\u00ed c\u1ee7a S\u1edf Khoa h\u1ecdc v\u00e0 C\u00f4ng ngh\u1ec7 t\u1ec9nh H\u00e0 Giang \u0111\u1ec3 th\u1ef1c hi\u1ec7n \u0111\u1ec1 t\u00e0i: Nghi\u00ean c\u1ee9u, \u0111i\u1ec1u tra, kh\u1ea3o s\u00e1t v\u00e0 x\u00e2y d\u1ef1ng chi\u1ebfn l\u01b0\u1ee3c ph\u00e1t tri\u1ec3n d\u01b0\u1ee3c li\u1ec7u t\u1ec9nh H\u00e0 Giang.\n", "Trong qu\u00e1 tr\u00ecnh th\u1ef1c hi\u1ec7n \u0111\u1ec1 t\u00e0i, xin tr\u00e2n tr\u1ecdng c\u1ea3m \u01a1n s\u1ef1 h\u1ed7 tr\u1ee3 v\u00e0 t\u01b0 v\u1ea5n v\u1ec1 chuy\u00ean m\u00f4n c\u1ee7a 2 chuy\u00ean gia l\u00e0 PGS.TS.\n", "Nguy\u1ec5n\n", "V\u0103n T\u1eadp v\u00e0 GS.TS.\n", "Phan K\u1ebf L\u1ed9c.\n"]}, "Word count": 4655}