{"title": "X\u00e2y d\u1ef1ng m\u00f4 h\u00ecnh li\u00ean quan \u0111\u1ecbnh l\u01b0\u1ee3ng gi\u1eefa c\u1ea5u tr\u00fac v\u00e0 t\u00e1c d\u1ee5ng \u1ee9ng d\u1ee5ng trong s\u00e0ng l\u1ecdc t\u00ecm ki\u1ebfm ch\u1ea5t \u1ee9c ch\u1ebf histon deacetylase\n", "content": {"0": ["T\u00f3m t\u1eaft\n", "Ung th\u01b0 hi\u1ec7n nay l\u00e0 m\u1ed1i quan t\u00e2m h\u00e0ng \u0111\u1ea7u tr\u00ean th\u1ebf gi\u1edbi v\u1edbi r\u1ea5t nhi\u1ec1u nghi\u00ean c\u1ee9u \u0111\u00e3 \u0111\u01b0\u1ee3c th\u1ef1c hi\u1ec7n nh\u1eb1m t\u00ecm ki\u1ebfm h\u1ee3p ch\u1ea5t c\u00f3 kh\u1ea3 n\u0103ng \u0111i\u1ec1u tr\u1ecb tr\u00fang \u0111\u00edch.\n", "Enzyme histon deacetylase (HDAC) \u0111\u01b0\u1ee3c \u0111\u00e1nh gi\u00e1 l\u00e0 m\u1ed9t trong nh\u1eefng \u0111\u00edch ph\u00e2n t\u1eed quan tr\u1ecdng nh\u1ea5t.\n", "Trong nghi\u00ean c\u1ee9u n\u00e0y, ch\u00fang t\u00f4i \u0111\u00e3 ph\u00e1t tri\u1ec3n v\u00e0 \u0111\u00e1nh gi\u00e1 m\u00f4 h\u00ecnh\n", "QSAR \u0111\u1ec3 x\u00e1c \u0111\u1ecbnh ho\u1ea1t t\u00ednh c\u1ee7a c\u00e1c h\u1ee3p ch\u1ea5t c\u00f3 kh\u1ea3 n\u0103ng \u1ee9c ch\u1ebf HDAC2 ch\u1ec9 d\u1ef1a tr\u00ean c\u1ea5u tr\u00fac ph\u00e2n t\u1eed.\n", "Nghi\u00ean c\u1ee9u s\u1eed d\u1ee5ng m\u00f4 t\u1ea3 ph\u00e2n t\u1eed DRAGON, k\u1ef9 thu\u1eadt LDA v\u1edbi ph\u1ea7n m\u1ec1m STATISTICA 10.0 \u0111\u1ec3 x\u00e2y d\u1ef1ng m\u00f4 h\u00ecnh.\n", "M\u00f4 h\u00ecnh n\u00e0y \u0111\u01b0\u1ee3c \u0111\u00e1nh gi\u00e1 v\u1edbi \u0111\u1ed9 ch\u00ednh x\u00e1c h\u01a1n 86% v\u00e0 \u0111\u1ea3m b\u1ea3o c\u00e1c nguy\u00ean t\u1eafc OECD.\n", "Ph\u01b0\u01a1ng ph\u00e1p n\u00e0y gi\u00fap cho qu\u00e1 tr\u00ecnh nghi\u00ean c\u1ee9u ph\u00e2n lo\u1ea1i, s\u00e0ng l\u1ecdc \u0111\u01b0\u1ee3c nhanh, gi\u1ea3m chi ph\u00ed v\u00e0 t\u0103ng hi\u1ec7u qu\u1ea3.\n", "Ngo\u00e0i ra, c\u00e1c k\u1ebft qu\u1ea3 \u0111\u1ea1t \u0111\u01b0\u1ee3c t\u1ea1o c\u01a1 s\u1edf cho vi\u1ec7c ph\u00e1t hi\u1ec7n v\u00e0 thi\u1ebft k\u1ebf h\u1ee3p ch\u1ea5t m\u1edbi \u1ee9c ch\u1ebf HDAC2, h\u01b0\u1edbng t\u1edbi ph\u00e1t tri\u1ec3n th\u00e0nh thu\u1ed1c \u0111i\u1ec1u tr\u1ecb ung th\u01b0 nh\u1eafm \u0111\u00edch.\n", "T\u1eeb kho\u00e1: Histone deacetylase 2; \u0111\u1ecbnh l\u01b0\u1ee3ng m\u1ed1i quan h\u1ec7 gi\u1eefa c\u1ea5u tr\u00fac v\u00e0 ho\u1ea1t t\u00ednh; m\u00f4 t\u1ea3 ph\u00e2n t\u1eed DRAGON;\n", "LDA; STATISTICA.\n"], "1": ["1.\n", "\u0110\u1eb7t v\u1ea5n \u0111\u1ec1\n", "Tr\u00ean th\u1ebf gi\u1edbi hi\u1ec7n nay, \u0111\u1ea9y l\u00f9i c\u0103n b\u1ec7nh ung th\u01b0 lu\u00f4n l\u00e0 v\u1ea5n \u0111\u1ec1 \u0111\u01b0\u1ee3c \u0111\u1eb7t l\u00ean h\u00e0ng \u0111\u1ea7u.\n", "\u0110\u00e3 c\u00f3 r\u1ea5t nhi\u1ec1u nghi\u00ean c\u1ee9u tr\u01b0\u1edbc \u0111\u00e2y nh\u1eb1m t\u00ecm ki\u1ebfm c\u00e1c h\u1ee3p ch\u1ea5t \u0111i\u1ec1u tr\u1ecb nh\u1eafm \u0111\u00edch ph\u00e2n t\u1eed.\n", "Trong nghi\u00ean c\u1ee9u n\u00e0y, ch\u00fang t\u00f4i \u0111\u00e3 x\u00e1c \u0111\u1ecbnh v\u00e0 l\u1ef1a ch\u1ecdn \u0111\u00edch ph\u00e2n t\u1eed l\u00e0 enzyme histone deacetylase 2 (HDAC2), m\u1ed9t enzyme quan tr\u1ecdng thu\u1ed9c h\u1ecd HDAC c\u00f3 ch\u1ee9c n\u0103ng lo\u1ea1i b\u1ecf nh\u00f3m nh\u00f3m acetyl t\u1eeb -N-acetyl lysin amino acid c\u1ee7a ph\u1ea7n histon trong c\u1ea5u tr\u00fac c\u1ee7a gen [1].\n", "Vi\u1ec7c \u1ee9c ch\u1ebf enzyme HDAC2 s\u1ebd gi\u00fap ng\u0103n ch\u1eb7n qu\u00e1 tr\u00ecnh t\u1ed5ng h\u1ee3p ADN t\u1eeb \u0111\u00f3 ng\u0103n ch\u1eb7n t\u1ebf b\u00e0o ung th\u01b0 ph\u00e1t tri\u1ec3n [2].\n", "T\u1ea1i Vi\u1ec7t Nam, \u0111\u00e3 c\u00f3 m\u1ed9t s\u1ed1 nghi\u00ean c\u1ee9u t\u00ecm ki\u1ebfm c\u00e1c h\u1ee3p ch\u1ea5t m\u1edbi c\u00f3 kh\u1ea3 n\u0103ng \u1ee9c ch\u1ebf HDAC2 v\u00e0 \u0111\u01b0a ra m\u1ed9t h\u01b0\u1edbng m\u1edbi trong t\u00ecm ki\u1ebfm c\u00e1c thu\u1ed1c \u0111i\u1ec1u tr\u1ecb ung th\u01b0 [3-7].\n", "Tuy nhi\u00ean, c\u00e1c ph\u01b0\u01a1ng ph\u00e1p n\u00e0y c\u00f2n t\u1ed1n nhi\u1ec1u th\u1eddi gian v\u00e0 kinh ph\u00ed.\n", "V\u00ec v\u1eady, \u0111\u1ec3 ti\u1ebft ki\u1ec7m v\u00e0 n\u00e2ng cao hi\u1ec7u qu\u1ea3 nghi\u00ean c\u1ee9u, ch\u00fang t\u00f4i \u0111\u00e3 t\u00ednh to\u00e1n c\u00e1c tham s\u1ed1 ph\u00e2n t\u1eed d\u1ef1a v\u00e0o \u0111\u1eb7c \u0111i\u1ec3m c\u1ea5u tr\u00fac v\u00e0 t\u1eeb \u0111\u00f3 x\u00e2y d\u1ef1ng th\u00e0nh c\u00f4ng m\u00f4 h\u00ecnh \u0111\u1ecbnh l\u01b0\u1ee3ng gi\u1eefa c\u1ea5u tr\u00fac v\u00e0 ho\u1ea1t t\u00ednh sinh h\u1ecdc (QSAR - quantitive structure activity relationship).\n", "Tr\u00ean c\u01a1 s\u1edf \u0111\u00f3, vi\u1ec7c s\u00e0ng l\u1ecdc v\u00e0 \u0111\u1ecbnh h\u01b0\u1edbng ph\u00e1t tri\u1ec3n h\u1ee3p ch\u1ea5t \u1ee9c ch\u1ebf\n", "HDAC2 tr\u1edf n\u00ean d\u1ec5 d\u00e0ng v\u00e0 hi\u1ec7u qu\u1ea3 h\u01a1n, t\u1ea1o ti\u1ec1n \u0111\u1ec1 cho b\u01b0\u1edbc nghi\u00ean c\u1ee9u h\u1ee3p ch\u1ea5t ch\u1eefa ung th\u01b0 nh\u1eafm \u0111\u00edch ti\u1ebfp theo.\n"], "2": ["2.\n", "Nguy\u00ean li\u1ec7u v\u00e0 ph\u01b0\u01a1ng ph\u00e1p nghi\u00ean c\u1ee9u 2.1.\n", "Nguy\u00ean li\u1ec7u\n", "C\u01a1 s\u1edf d\u1eef li\u1ec7u ChemBL v\u00e0 th\u00f4ng tin t\u1eeb c\u00e1c b\u00e0i b\u00e1o c\u00e1o khoa h\u1ecdc c\u00f3 li\u00ean quan tr\u01b0\u1edbc \u0111\u00e2y \u0111\u01b0\u1ee3c khai th\u00e1c v\u00e0 ki\u1ec3m tra \u0111\u1ec3 chu\u1ea9n b\u1ecb c\u01a1 s\u1edf d\u1eef li\u1ec7u (CSDL) \u0111\u1ee7 l\u1edbn v\u00e0 \u0111a d\u1ea1ng c\u00e1c ch\u1ea5t c\u00f3 ho\u1ea1t t\u00ednh \u1ee9c ch\u1ebf HDAC2.\n", "CSDL \u0111\u1ea7u ti\u00ean g\u1ed3m 1181 h\u1ee3p ch\u1ea5t c\u00f3 ho\u1ea1t t\u00ednh sinh h\u1ecdc \u0111\u01b0\u1ee3c x\u00e1c \u0111\u1ecbnh qua n\u1ed3ng \u0111\u1ed9 \u1ee9c ch\u1ebf 50% \u0111\u1ed1i t\u01b0\u1ee3ng th\u1eed (IC50 - inhibitor concentration 50%), h\u1eb1ng s\u1ed1 \u1ee9c ch\u1ebf (Ki) ho\u1eb7c th\u00f4ng s\u1ed1 kh\u00e1c.\n", "Sau \u0111\u00f3, 184 h\u1ee3p ch\u1ea5t \u0111\u01b0\u1ee3c th\u00eam v\u00e0o c\u00f3 ho\u1ea1t t\u00ednh \u1ee9c ch\u1ebf c\u1ea3 HDAC1 v\u00e0 HDAC2.\n", "Cu\u1ed1i c\u00f9ng, CSDL \u0111\u01b0\u1ee3c x\u00e2y d\u1ef1ng bao g\u1ed3m 1471 h\u1ee3p ch\u1ea5t trong \u0111\u00f3 715 h\u1ee3p ch\u1ea5t c\u00f3 ho\u1ea1t t\u00ednh \u1ee9c ch\u1ebf HDAC2 v\u00e0 756 h\u1ee3p ch\u1ea5t gi\u1ed1ng thu\u1ed1c [8] nh\u01b0ng kh\u00f4ng c\u00f3 ho\u1ea1t t\u00ednh \u1ee9c ch\u1ebf.\n", "2.2.\n", "Ph\u01b0\u01a1ng ph\u00e1p\n", "M\u00f4 h\u00ecnh QSAR bi\u1ec3u di\u1ec5n m\u1ed1i li\u00ean h\u1ec7 gi\u1eefa c\u1ea5u tr\u00fac v\u00e0 t\u00e1c d\u1ee5ng sinh h\u1ecdc c\u1ee7a c\u00e1c ch\u1ea5t d\u01b0\u1edbi bi\u1ec3u th\u1ee9c to\u00e1n h\u1ecdc.\n", "\u0110\u1ec3 x\u00e2y d\u1ef1ng \u0111\u01b0\u1ee3c c\u00e1c m\u00f4 h\u00ecnh n\u00e0y th\u00ec c\u1ea3 c\u1ea5u tr\u00fac v\u00e0 t\u00e1c d\u1ee5ng sinh h\u1ecdc \u0111\u1ec1u ph\u1ea3i \u0111\u01b0\u1ee3c \u0111\u1ecbnh l\u01b0\u1ee3ng ho\u00e1.\n", "M\u00f4 h\u00ecnh\n", "QSARc\u00f3 d\u1ea1ng: Y = a1(x1) + a2(x2)+...+ an(xn).\n", "Trong \u0111\u00f3, Y l\u00e0 bi\u1ebfn \u0111\u00e1p \u1ee9ng (mang 2 gi\u00e1 tr\u1ecb: +1 \u0111\u1ed1i v\u1edbi c\u00e1c h\u1ee3p ch\u1ea5t c\u00f3 t\u00e1c d\u1ee5ng \u1ee9c ch\u1ebf\n", "HDAC2 v\u00e0 -1 \u0111\u1ed1i v\u1edbi c\u00e1c h\u1ee3p ch\u1ea5t kh\u00f4ng c\u00f3 t\u00e1c d\u1ee5ng \u1ee9c ch\u1ebf HDAC2); x1, x2..., xn l\u00e0 c\u00e1c tham s\u1ed1 ph\u00e2n t\u1eed \u0111\u1eb7c tr\u01b0ng cho c\u1ea5u tr\u00fac; a1, a2,...an l\u00e0 c\u00e1c h\u1eb1ng s\u1ed1 th\u1ec3 hi\u1ec7n tr\u1ecdng s\u1ed1 c\u1ee7a t\u1eebng tham s\u1ed1 ph\u00e2n t\u1eed xi \u0111\u1ed1i v\u1edbi t\u00e1c d\u1ee5ng sinh h\u1ecdc.\n", "2.2.1.\n", "T\u00ednh to\u00e1n tham s\u1ed1 m\u00f4 t\u1ea3 ph\u00e2n t\u1eed\n", "Tham s\u1ed1 m\u00f4 t\u1ea3 ph\u00e2n t\u1eed l\u00e0 k\u1ebft qu\u1ea3 c\u1ee7a m\u1ed9t qu\u00e1 tr\u00ecnh to\u00e1n h\u1ecdc v\u00e0 logic chuy\u1ec3n \u0111\u1ed5i th\u00f4ng tin \u0111\u01b0\u1ee3c m\u00e3 ho\u00e1 trong c\u1ea5u tr\u00fac ho\u00e1 h\u1ecdc th\u00e0nh m\u1ed9t s\u1ed1 c\u00f3 kh\u1ea3 n\u0103ng \u0111\u1eb7c tr\u01b0ng cho ph\u00e2n t\u1eed \u0111\u1ea5y [9].\n", "\u0110\u1ec3 th\u1ef1c hi\u1ec7n t\u00ednh to\u00e1n, t\u1ea5t c\u1ea3 c\u00e1c c\u1ea5u tr\u00fac c\u1ee7a\n", "CSDL \u0111\u01b0\u1ee3c chuy\u1ec3n \u0111\u1ed5i th\u00e0nh h\u1ec7 th\u1ed1ng \u0111\u01a1n gi\u1ea3n ho\u00e1 v\u1edbi \u0111\u1ea7u v\u00e0o \u0111\u01b0\u1ee3c bi\u1ec3u di\u1ec5n d\u01b0\u1edbi d\u1ea1ng d\u00f2ng SMILES (Simplified Molecular Input Line\n", "Entry System) b\u1eb1ng vi\u1ec7c s\u1eed d\u1ee5ng ph\u1ea7n m\u1ec1m\n", "ChemDraw v.10.0 [10].\n", "C\u0103n c\u1ee9 v\u00e0o c\u00e1c m\u00e3 code, h\u01a1n 2000 m\u00f4 t\u1ea3 ph\u00e2n t\u1eed thu\u1ed9c h\u1ecd 0D, 1D v\u00e0 2D \u0111\u01b0\u1ee3c t\u00ednh to\u00e1n b\u1eb1ng ph\u1ea7n m\u1ec1m Dragon v.6.0 [11].\n", "\u0110\u1ec3 t\u00ednh to\u00e1n m\u00f4 t\u1ea3 ph\u00e2n t\u1eed, t\u1ed1i \u01b0u ho\u00e1 c\u1ea5u tr\u00fac b\u00e1n th\u1ef1c nghi\u1ec7m \u0111\u00e3 \u0111\u01b0\u1ee3c th\u1ef1c hi\u1ec7n cho m\u1ed7i h\u1ee3p ch\u1ea5t.\n", "Quy tr\u00ecnh n\u00e0y \u0111\u01b0\u1ee3c th\u1ef1c hi\u1ec7n d\u1ef1a tr\u00ean c\u00e1c thu\u1eadt to\u00e1n Polak - Ribiere s\u1eed d\u1ee5ng trong HyperChemv.8.0 [12].\n", "Thu\u1eadt to\u00e1n t\u1ed1i thi\u1ec3u ho\u00e1 n\u0103ng l\u01b0\u1ee3ng th\u00f4ng qua vi\u1ec7c thay \u0111\u1ed5i c\u1ea5u tr\u00fac kh\u00f4ng gian ph\u00e2n t\u1eed \u0111\u1ec3 \u0111\u1ea1t n\u0103ng l\u01b0\u1ee3ng th\u1ea5p nh\u1ea5t, t\u0103ng \u0111\u1ed9 b\u1ec1n cho h\u1ee3p ch\u1ea5t [13].\n", "2.2.2.\n", "Thi\u1ebft k\u1ebf t\u1eadp hu\u1ea5n luy\u1ec7n v\u00e0 t\u1eadp ki\u1ec3m tra\n", "Sau khi t\u00ednh to\u00e1n m\u00f4 t\u1ea3 ph\u00e2n t\u1eed, CSDL \u0111\u01b0\u1ee3c chia th\u00e0nh t\u1eadp hu\u1ea5n luy\u1ec7n (TS - training set) v\u00e0 t\u1eadp ki\u1ec3m tra (PS - prediction set), s\u1eed d\u1ee5ng ph\u01b0\u01a1ng ph\u00e1p ph\u00e2n t\u00edch c\u1ee5m k-MCA (k- mean cluster analysis) v\u1edbi ph\u1ea7n m\u1ec1m\n", "STATISTICA 10.0 [14].\n", "T\u1eadp hu\u1ea5n luy\u1ec7n (chi\u1ebfm 75% CSDL) \u0111\u01b0\u1ee3c s\u1eed d\u1ee5ng cho vi\u1ec7c x\u00e2y d\u1ef1ng (hu\u1ea5n luy\u1ec7n) m\u00f4 h\u00ecnh.\n", "T\u1eadp hu\u1ea5n luy\u1ec7n cho ph\u00e9p ph\u00e1t hi\u1ec7n m\u1ed1i quan h\u1ec7 c\u00f3 kh\u1ea3 n\u0103ng d\u1ef1 \u0111o\u00e1n.\n", "C\u00f2n t\u1eadp ki\u1ec3m tra bao g\u1ed3m c\u00e1c ph\u00e2n t\u1eed m\u00e0 m\u00f4 h\u00ecnh ch\u01b0a bao gi\u1edd g\u1eb7p \u0111\u01b0\u1ee3c s\u1eed d\u1ee5ng \u0111\u1ec3 \u0111\u00e1nh gi\u00e1 \u0111\u1ed9 m\u1ea1nh v\u00e0 kh\u1ea3 n\u0103ng ngo\u1ea1i suy c\u1ee7a c\u00e1c c\u00e1c m\u00f4 h\u00ecnh x\u00e2y d\u1ef1ng \u0111\u01b0\u1ee3c.\n", "2.2.3.\n", "Ph\u00e1t tri\u1ec3n m\u00f4 h\u00ecnh\n", "Nghi\u00ean c\u1ee9u s\u1eed d\u1ee5ng k\u1ef9 thu\u1eadt ph\u00e2n t\u00edch s\u1ef1 kh\u00e1c bi\u1ec7t tuy\u1ebfn t\u00ednh (LDA - linear discriminant analysis) \u0111\u1ec3 x\u00e1c \u0111\u1ecbnh m\u1ed1i quan h\u1ec7 gi\u1eefa tham s\u1ed1 ph\u00e2n t\u1eed v\u00e0 ho\u1ea1t t\u00ednh \u1ee9c ch\u1ebf.\n", "L\u1ef1a ch\u1ecdn tham s\u1ed1 ph\u00e2n t\u1eed: K\u1ef9 thu\u1eadt \u0111\u01b0a v\u00e0o d\u1ea7n t\u1eebng b\u01b0\u1edbc c\u00e1c bi\u1ebfn (FS - Forward stepwise) \u0111\u01b0\u1ee3c s\u1eed d\u1ee5ng \u0111\u1ec3 l\u1ef1a ch\u1ecdn b\u01b0\u1edbc \u0111\u1ea7u t\u1eadp h\u1ee3p c\u00e1c tham s\u1ed1 ph\u00e2n t\u1eed.\n", "\u0110\u00e2y l\u00e0 thu\u1eadt to\u00e1n k\u1ebft h\u1ee3p d\u1ea7n d\u1ea7n v\u1edbi m\u1ed9t bi\u1ebfn m\u1edbi d\u1ef1a tr\u00ean tr\u1ecb s\u1ed1 p v\u00e0 t\u1ef7 l\u1ec7 ph\u00e2n ph\u1ed1i Fisher (F).\n", "Sau \u0111\u00f3, nghi\u00ean c\u1ee9u \u0111\u00e3 d\u00f9ng ph\u01b0\u01a1ng ph\u00e1p t\u1eadp h\u1ee3p con t\u1ed1t nh\u1ea5t (BS - best subset), t\u00ednh gi\u00e1 tr\u1ecb lambda\n", "Wilks () \u0111\u1ec3 l\u1ef1a ch\u1ecdn c\u00e1c tham s\u1ed1 ph\u00e2n t\u1eed c\u00f3 kh\u1ea3 n\u0103ng d\u1ef1 \u0111o\u00e1n ho\u1ea1t t\u00ednh t\u1ed1t.\n", "Ph\u00e1t tri\u1ec3n m\u00f4 h\u00ecnh: M\u00f4 h\u00ecnh LDA \u0111\u01b0\u1ee3c t\u1ed1i \u01b0u ho\u00e1 v\u00e0 ph\u00e1t tri\u1ec3n b\u1eb1ng ph\u01b0\u01a1ng ph\u00e1p ph\u00e2n t\u00edch s\u1ef1 kh\u00e1c bi\u1ec7t tuy\u1ebfn t\u00ednh t\u1ed5ng qu\u00e1t (GLDA -\n", "General Linear Discriminant Analysis) trong\n", "STATISTICA 10.0 d\u1ef1a tr\u00ean l\u00fd thuy\u1ebft x\u00e1c su\u1ea5t th\u1ed1ng k\u00ea.\n", "\u1ede \u0111\u00e2y, ph\u01b0\u01a1ng ph\u00e1p ph\u00e2n b\u1ed1 tuy\u1ebfn t\u00ednh Fisher \u0111\u01b0\u1ee3c s\u1eed d\u1ee5ng \u0111\u1ec3 gi\u1ea3i quy\u1ebft v\u1ea5n \u0111\u1ec1 ph\u00e2n lo\u1ea1i.\n", "M\u00f4 h\u00ecnh t\u1ed1t nh\u1ea5t \u0111\u1ed1i v\u1edbi m\u1ed7i k\u1ef9 thu\u1eadt \u0111\u01b0\u1ee3c l\u1ef1a ch\u1ecdn d\u1ef1a v\u00e0o c\u00e1c th\u00f4ng s\u1ed1 th\u1ed1ng k\u00ea khi \u0111\u00e1nh gi\u00e1 tr\u00ean TS v\u00e0 PS l\u00e0: \u0111\u1ed9 ch\u00ednh x\u00e1c hay t\u1ec9 l\u1ec7 ph\u1ea7n tr\u0103m c\u00e1c ch\u1ea9n \u0111o\u00e1n ch\u00ednh x\u00e1c (Ac -\n", "Accuracy), \u0111\u1ed9 nh\u1ea1y (Se - Sentivity), \u0111\u1ed9 \u0111\u1eb7c hi\u1ec7u (Sp - Specificity), h\u1ec7 s\u1ed1 t\u01b0\u01a1ng quan Matthews (MCC- matthews correlation coefficient), t\u1ec9 l\u1ec7 d\u01b0\u01a1ng t\u00ednh gi\u1ea3 (FPrate- False Positive Rate), \u0111\u01b0\u1eddng cong \u0111\u1eb7c tr\u01b0ng ROC (Receiver operating characteristic) [15] th\u00f4ng qua th\u00f4ng s\u1ed1 v\u1ec1 gi\u00e1 tr\u1ecb di\u1ec7n t\u00edch d\u01b0\u1edbi \u0111\u01b0\u1eddng cong (AURC- area under the ROC curve).\n", "Trong \u0111\u00f3:\n", "Ac = (Tp + Tn)/(Tp + Tn + Fp + Fn)\n", "Se = Tp/(Tp + Fn)\n", "Sp = Tn/(Tn + Fp)\n", "MCC = (Tp Tn \u2013 Fn Fp)/[((Tp + Fn)(Tp + Fp)(Tn + Fn)(Tn + Fp))1/2]\n", "ROC = ((Su\u2013 br * Se)/ ( 1- br); Se);\n", "\u1ede \u0111\u00e2y: Su = (Tp + Fn)/(Tp + Tn + Fp+ Fn); br = (Tp + Fp)/(Tp + Tn + Fp + Fn)\n", "Tp: S\u1ed1 d\u01b0\u01a1ng t\u00ednh th\u1eadt; Tn: s\u1ed1 d\u01b0\u01a1ng t\u00ednh gi\u1ea3; Fp: s\u1ed1 \u00e2m t\u00ednh th\u1eadt; Fn: s\u1ed1 \u00e2m t\u00ednh gi\u1ea3.\n", "2.2.4 \u0110\u00e1nh gi\u00e1 m\u00f4 h\u00ecnh\n", "M\u00f4 h\u00ecnh QSAR \u0111\u01b0\u1ee3c \u0111\u00e1nh gi\u00e1 theo 5 nguy\u00ean t\u1eafc c\u1ee7a OECD nh\u01b0 sau: (1) C\u00f3 \u0111\u00edch x\u00e1c \u0111\u1ecbnh.\n", "(2) C\u00e1c thu\u1eadt to\u00e1n \u0111\u01b0\u1ee3c s\u1eed d\u1ee5ng \u0111\u1ec3 x\u00e2y d\u1ef1ng m\u00f4 h\u00ecnh r\u00f5 r\u00e0ng (m\u00f4 h\u00ecnh c\u00f3 th\u1ec3 \u0111\u01b0\u1ee3c t\u00e1i x\u00e2y d\u1ef1ng l\u1ea1i nh\u1eefng h\u1ee3p ch\u1ea5t m\u1edbi).\n", "(3) C\u00f3 mi\u1ec1n c\u1ea5u tr\u00fac \u1ee9ng d\u1ee5ng (AD - applicability domain) \u0111\u01b0\u1ee3c x\u00e1c \u0111\u1ecbnh (s\u1eed d\u1ee5ng ph\u01b0\u01a1ng ph\u00e1p \u0111\u00f2n b\u1ea9y).\n", "(4) Tho\u1ea3 m\u00e3n c\u00e1c \u0111\u00e1nh gi\u00e1 n\u1ed9i tr\u00ean t\u1eadp TS \u0111\u1ec3 ki\u1ec3m tra m\u1ee9c \u0111\u1ed9 kh\u1edbp, \u0111\u1ed9 m\u1ea1nh v\u00e0 \u1ed5n \u0111\u1ecbnh c\u1ee7a m\u00f4 h\u00ecnh.\n", "(5) Gi\u1ea3i th\u00edch \u0111\u01b0\u1ee3c c\u01a1 ch\u1ebf (n\u1ebfu c\u00f3 th\u1ec3).\n"], "3": ["3.\n", "K\u1ebft qu\u1ea3 v\u00e0 b\u00e0n lu\u1eadn\n", "\u0110\u1ea7u ti\u00ean, CSDL \u0111\u00e3 \u0111\u01b0\u1ee3c chia ra th\u00e0nh TS v\u00e0 PS.\n", "C\u00e1c h\u1ee3p ch\u1ea5t c\u00f3 ho\u1ea1t t\u00ednh \u0111\u01b0\u1ee3c chia th\u00e0nh 10 c\u1ee5m v\u00e0 c\u00e1c h\u1ee3p ch\u1ea5t kh\u00f4ng c\u00f3 ho\u1ea1t t\u00ednh th\u00e0nh 12 c\u1ee5m.\n", "T\u1eeb m\u1ed7i c\u1ee5m, kho\u1ea3ng 75% c\u00e1c h\u1ee3p ch\u1ea5t \u0111\u01b0\u1ee3c l\u1ef1a ch\u1ecdn \u0111\u1ec3 x\u00e2y d\u1ef1ng th\u00e0nh\n", "TS.\n", "K\u1ebft qu\u1ea3, 536 h\u1ee3p ch\u1ea5t c\u00f3 ho\u1ea1t t\u00ednh v\u00e0 676 h\u1ee3p ch\u1ea5t kh\u00f4ng c\u00f3 ho\u1ea1t t\u00ednh \u0111\u01b0\u1ee3c ch\u1ecdn v\u00e0o TS; 368 h\u1ee3p ch\u1ea5t c\u00f2n l\u1ea1i \u0111\u01b0\u1ee3c x\u1ebfp v\u00e0o PS.\n", "M\u00f4 h\u00ecnh LDA (M1): K\u1ebft qu\u1ea3 \u0111\u00e3 l\u1ef1a ch\u1ecdn \u0111\u01b0\u1ee3c 9 tham s\u1ed1 m\u00f4 t\u1ea3 ph\u00e2n t\u1eed t\u1ed1t nh\u1ea5t.\n", "M\u00f4 h\u00ecnh c\u00f3 d\u1ea1ng:\n", "Class (+/-) = 29.75 \u2013 1.87 \u00d7 GATS2e + 2.19 \u00d7 nRNHO + 2.29 \u00d7 Uc \u2013 8.11 \u00d7 SpMax1_Bh(e) +1.13 \u00d7 C038 \u2013 0.42 \u00d7 N-067 \u2013 0.53 \u00d7 GGI3 \u2013 7.20 \u00d7 Eta_epsi_A + 0.89 \u00d7 nCRX3 (M1)\n", "N = 1103; = 0.41; 2 = 5.77; F = 130.73; p <0.0001\n", "TS: MCC=0.76 Ac =0.88 Se =0.84\n", "Sp =0.86 AURC=0.94\n", "PS: MCC=0.74 Ac =0.86 Se =0.81\n", "Sp =0.84 AURC=0.91\n", "T\u1eeb k\u1ebft qu\u1ea3 \u0111\u00e1nh gi\u00e1 tr\u00ean c\u00f3 th\u1ec3 th\u1ea5y m\u00f4 h\u00ecnh M1 c\u00f3 gi\u00e1 tr\u1ecb F l\u1edbn, p nh\u1ecf c\u00f9ng v\u1edbi Wilks th\u1ea5p c\u00f3 \u00fd ngh\u0129a trong th\u1ed1ng k\u00ea.\n", "H\u01a1n n\u1eefa, m\u00f4 h\u00ecnh M1 cho k\u1ebft qu\u1ea3 th\u1ef1c hi\u1ec7n ph\u00e2n lo\u1ea1i v\u1edbi gi\u00e1 tr\u1ecb Ac l\u00e0 88.1% v\u00e0 86.7% t\u01b0\u01a1ng \u1ee9ng tr\u00ean t\u1eadp TS v\u00e0 PS; h\u1ec7 s\u1ed1 MCC tr\u00ean c\u1ea3 2 t\u1eadp ~ 75% ch\u1ee9ng t\u1ecf m\u1ee9c \u0111\u1ed9 cao v\u00e0 c\u00e2n b\u1eb1ng c\u1ee7a t\u1ef7 l\u1ec7 gi\u00e1 tr\u1ecb d\u01b0\u01a1ng t\u00ednh v\u00e0 \u00e2m t\u00ednh th\u1eadt.\n", "Ngo\u00e0i ra, AURC > 0.9 m\u00e0 gi\u00e1 tr\u1ecb AURC c\u00e0ng g\u1ea7n 1 c\u00e0ng t\u1ed1t; do v\u1eady gi\u00e1 tr\u1ecb n\u00e0y c\u0169ng cho th\u1ea5y m\u00f4 h\u00ecnh c\u00f3 \u0111\u1ed9 ch\u00ednh x\u00e1c cao.\n", "T\u00f3m l\u1ea1i, ch\u00fang ta \u0111\u00e3 c\u00f3 th\u1ec3 ch\u1ee9ng minh \u0111\u01b0\u1ee3c r\u1eb1ng m\u00f4 h\u00ecnh LDA - QSAR (M1) \u0111\u01b0\u1ee3c ph\u00e1t tri\u1ec3n t\u1eeb 9 m\u00f4 t\u1ea3 ph\u00e2n t\u1eed \u0111\u01b0\u1ee3c l\u1ef1a ch\u1ecdn c\u00f3 \u0111\u1ed9 m\u1ea1nh, kh\u1ea3 n\u0103ng d\u1ef1 \u0111o\u00e1n v\u00e0 c\u00f3 \u00fd ngh\u0129a th\u1ed1ng [1-22] k\u00ea cao.\n", "\u0110\u00e1nh gi\u00e1 m\u00f4 h\u00ecnh QSAR: d\u1ef1a v\u00e0o 5 nguy\u00ean t\u1eafc c\u1ee7a OECD \u0111\u00e3 n\u00eau \u1edf tr\u00ean\n", "Ti\u00eau ch\u00ed 1.\n", "\u1ede \u0111\u00e2y \u0111\u00edch x\u00e1c \u0111\u1ecbnh l\u00e0 ph\u00e2n lo\u1ea1i c\u00e1c h\u1ee3p ch\u1ea5t th\u00e0nh: nh\u00f3m c\u00f3 ho\u1ea1t t\u00ednh \u1ee9c ch\u1ebf v\u00e0 nh\u00f3m kh\u00f4ng c\u00f3 ho\u1ea1t t\u00ednh \u1ee9c ch\u1ebf HDAC2 d\u1ef1a v\u00e0o nhi\u1ec1u th\u00f4ng s\u1ed1 kh\u00e1c nhau nh\u01b0 IC50, ph\u1ea7n tr\u0103m \u1ee9c ch\u1ebf (I%) hay Ki.\n", "Ti\u00eau ch\u00ed 2.\n", "Thu\u1eadt to\u00e1n \u00e1p d\u1ee5ng r\u00f5 r\u00e0ng: C\u00e1c ph\u01b0\u01a1ng ph\u00e1p x\u00e2y d\u1ef1ng m\u00f4 h\u00ecnh trong nghi\u00ean c\u1ee9u ch\u00fang t\u00f4i \u0111\u00e3 n\u00eau \u1edf ph\u1ea7n 2.\n", "Do t\u00ednh r\u00f5 r\u00e0ng v\u00e0 \u0111\u00fang \u0111\u1eafn c\u1ee7a ph\u01b0\u01a1ng ph\u00e1p m\u00e0 c\u00e1c m\u00f4 h\u00ecnh c\u00f3 th\u1ec3 \u0111\u01b0\u1ee3c s\u1eed d\u1ee5ng l\u1eb7p l\u1ea1i \u0111\u1ec3 ph\u00e1t hi\u1ec7n c\u00e1c h\u1ee3p ch\u1ea5t m\u1edbi \u1ee9c ch\u1ebf HDAC2.\n", "Ti\u00eau ch\u00ed 3.\n", "\u0110\u1ec3 \u0111\u1ea1t \u0111\u01b0\u1ee3c kh\u1ea3 n\u0103ng d\u1ef1 \u0111o\u00e1n t\u1ed1t trong s\u00e0ng l\u1ecdc \u1ea3o, vi\u1ec7c x\u00e1c \u0111\u1ecbnh \u0111\u01b0\u1ee3c AD c\u1ee7a m\u00f4 h\u00ecnh QSAR l\u00e0 v\u00f4 c\u00f9ng c\u1ea7n thi\u1ebft.\n", "AD c\u00f3 th\u1ec3 \u1ee9ng d\u1ee5ng v\u1edbi t\u1ea5t c\u1ea3 c\u00e1c m\u00f4 h\u00ecnh \u0111\u00e3 \u0111\u01b0\u1ee3c \u0111\u00e1nh gi\u00e1 b\u1eb1ng ph\u01b0\u01a1ng ph\u00e1p \u0111i\u1ec3m Williams.\n", "Bi\u1ec3u \u0111\u1ed3 d\u01b0\u1edbi \u0111\u00e2y (H\u00ecnh 1) cho th\u1ea5y m\u1ed1i quan h\u1ec7 gi\u1eefa ph\u1ea7n d\u01b0 chu\u1ea9n (Standardized Residual - x\u00e1c \u0111\u1ecbnh b\u1edfi LDA) v\u00e0 gi\u00e1 tr\u1ecb \u0111\u00f2n b\u1ea9y\n", "Leverage (h).\n", "Ch\u1ec9 s\u1ed1 h cho bi\u1ebft m\u1ed9t ch\u1ea5t c\u00f3 \u1ea3nh h\u01b0\u1edfng t\u1edbi kh\u00f4ng gian c\u1ea5u tr\u00fac c\u1ee7a bi\u1ebfn nh\u01b0 th\u1ebf n\u00e0o v\u00e0 h \u0111\u01b0\u1ee3c \u0111\u1ecbnh ngh\u0129a nh\u01b0 sau: hi = xi\n", "T (XT X)-1 x ; trong \u0111\u00f3 xi l\u00e0 vect\u01a1 m\u00f4 t\u1ea3 ph\u00e2n t\u1eed, tr\u1ecb s\u1ed1 \u0111\u00f2n b\u1ea9y c\u00e0ng cao th\u00ec hi\u1ec7u qu\u1ea3 m\u00f4 h\u00ecnh c\u00e0ng k\u00e9m.\n", "Gi\u00e1 tr\u1ecb \u0111\u00f2n b\u1ea9y c\u1ea3nh b\u00e1o h* l\u00e0 m\u1ed9t ng\u01b0\u1ee1ng quan tr\u1ecdng \u0111\u1ec3 tham chi\u1ebfu c\u00e1c d\u1ef1 \u0111o\u00e1n b\u1edfi m\u00f4 h\u00ecnh QSAR cho h\u1ee3p ch\u1ea5t trong TS v\u00e0 PS; h*= 3\u00d7p'/n trong \u0111\u00f3 n l\u00e0 k\u00edch th\u01b0\u1edbc c\u1ee7a t\u1eadp TS v\u00e0 p' l\u00e0 s\u1ed1 l\u01b0\u1ee3ng c\u00e1c bi\u1ebfn m\u00f4 h\u00ecnh.\n", "H\u00ecnh 1.\n", "Mi\u1ec1n \u1ee9ng d\u1ee5ng c\u1ee7a m\u00f4 h\u00ecnh QSAR x\u00e1c \u0111\u1ecbnh h\u1ee3p ch\u1ea5t c\u00f3 kh\u1ea3 n\u0103ng \u1ee9c ch\u1ebf HDAC2.\n", "Ngu\u1ed3n: K\u1ebft qu\u1ea3 x\u1eed l\u00fd s\u1ed1 li\u1ec7u\n", "Sau khi t\u00ednh to\u00e1n, ta th\u1ea5y ph\u1ea7n l\u1edbn c\u00e1c h\u1ee3p ch\u1ea5t trong TS n\u1eb1m trong mi\u1ec1n \u1ee9ng d\u1ee5ng gi\u1edbi h\u1ea1n b\u1edfi khung vu\u00f4ng \u00b1 3 \u0111\u1ed1i v\u1edbi ph\u1ea7n d\u01b0 chu\u1ea9n v\u00e0 h* b\u1eb1ng 0.0272.\n", "B\u1ea3y h\u1ee3p ch\u1ea5t \u1ee9c ch\u1ebf\n", "HDAC2 c\u00f3 gi\u00e1 tr\u1ecb d\u01b0 chu\u1ea9n l\u1edbn h\u01a1n 3: bao g\u1ed3m b\u1ed1n h\u1ee3p ch\u1ea5t \u0111\u01b0\u1ee3c s\u1ea3n xu\u1ea5t ho\u00e0n to\u00e0n t\u1eeb vi khu\u1ea9n gram \u00e2m C.violaceum [16].\n", "C\u00e1c h\u1ee3p ch\u1ea5t kh\u00e1c c\u00f3 c\u1ea5u tr\u00fac hydroxamate t\u01b0\u01a1ng \u0111\u1ed3ng v\u1edbi nhi\u1ec1u h\u1ee3p ch\u1ea5t kh\u00e1c trong TS.\n", "44 h\u1ee3p ch\u1ea5t (g\u1ed3m 13 h\u1ee3p ch\u1ea5t c\u00f3 ho\u1ea1t t\u00ednh v\u00e0 31 h\u1ee3p ch\u1ea5t kh\u00f4ng c\u00f3 ho\u1ea1t t\u00ednh) \u0111\u01b0\u1ee3c t\u00ecm th\u1ea5y trong v\u00f9ng v\u01b0\u1ee3t qu\u00e1 so v\u1edbi gi\u00e1 tr\u1ecb h*.\n", "C\u00e1c m\u1eabu hu\u1ea5n luy\u1ec7n n\u00e0y c\u00f3 th\u1ec3 khi\u1ebfn m\u00f4 h\u00ecnh th\u1ed1ng k\u00ea c\u00f3 \u00fd ngh\u0129a k\u00e9m v\u00e0 ch\u00fang n\u00ean \u0111\u01b0\u1ee3c xo\u00e1 kh\u1ecfi t\u1eadp hu\u1ea5n luy\u1ec7n.\n", "H\u1ea7u h\u1ebft c\u00e1c h\u1ee3p ch\u1ea5t \u0111\u01b0\u1ee3c ph\u00e2n b\u1ed5 li\u00ean t\u1ee5c v\u1edbi gi\u00e1 tr\u1ecb h trong kho\u1ea3ng 0.0273 \u0111\u1ebfn 0.0529; bao g\u1ed3m c\u1ea5u tr\u00fac c\u00f3 trong ph\u00e2n t\u1eed li\u00ean k\u1ebft amide n\u1ed1i triflouromethyl ketone, \u03b1- aminoanilide, polipeptides v\u00e0 steroids.\n", "Ngo\u00e0i ra, 4 h\u1ee3p ch\u1ea5t c\u00f3 gi\u00e1 tr\u1ecb \u0111\u00f2n b\u1ea5y r\u1ea5t cao bao g\u1ed3m: pyrrole-imidazole polymaide SAHA (h = 0.112), cefpodoxime (h = 0.099), I-Coeleneterazine (h = 0.094) v\u00e0 ticarcillin (h = 0.066).\n", "B\u00ean c\u1ea1nh \u0111\u00f3, nhi\u1ec1u bi\u1ebfn kh\u00f4ng c\u00f3 \u00fd ngh\u0129a \u1edf c\u00e1c m\u00f4 h\u00ecnh d\u1ef1 \u0111o\u00e1n tr\u00ean t\u1eadp PS v\u00e0 14 h\u1ee3p ch\u1ea5t c\u00f3 gi\u00e1 tr\u1ecb \u0111\u00f2n b\u1ea9y cao \u0111\u00e3 b\u1ecb lo\u1ea1i.\n", "Ti\u00eau ch\u00ed 4.\n", "K\u1ebft qu\u1ea3 c\u1ee7a qu\u00e1 tr\u00ecnh \u0111\u00e1nh gi\u00e1 \u0111\u00e3 \u0111\u01b0\u1ee3c tr\u00ecnh b\u00e0y \u1edf tr\u00ean v\u1edbi \u0111\u1ed9 ch\u00ednh x\u00e1c v\u00e0 \u0111\u1ed9 \u1ed5n \u0111\u1ecbnh kh\u00e1 t\u1ed1t tr\u00ean c\u00e1c m\u00f4 h\u00ecnh.\n", "Ti\u00eau ch\u00ed 5.\n", "Gi\u1ea3i th\u00edch c\u01a1 ch\u1ebf: Gi\u1ea3i th\u00edch 9 m\u00f4 t\u1ea3 ph\u00e2n t\u1eed c\u1ee7a m\u00f4 h\u00ecnh M1.\n", "GATS2e: ph\u00e2n b\u1ed1 nguy\u00ean t\u1eed mang \u0111i\u1ec7n \u00e2m c\u1ee7a c\u00e1c c\u1ea7u n\u1ed1i c\u00f3 \u0111\u1ed9 d\u00e0i x\u00e1c \u0111\u1ecbnh (lag =2).\n", "SpMax1_Bh (e): cung c\u1ea5p th\u00f4ng tin m\u00f4i ph\u1ecfng c\u1ea5u tr\u00fac ph\u00e2n t\u1eed m\u00e0 \u0111\u1ec9nh hydro b\u1ecb xo\u00e1.\n", "Eta_epsi_A, GGI3: m\u00f4 t\u1ea3 \u0111\u01b0\u1ee3c \u0111\u1ecbnh ngh\u0129a l\u00e0 i / N trong \u0111\u00f3 i: nguy\u00ean t\u1eed th\u1ee9 i (i = 1,...\n", ",N) \u0111\u01b0\u1ee3c t\u00ednh to\u00e1n d\u1ef1a tr\u00ean ph\u1ea7n l\u00f5i v\u00e0 ho\u00e1 tr\u1ecb electron li\u00ean k\u1ebft \u0111\u1ebfn m\u1ed9t \u0111\u1ec9nh trong m\u00f4 t\u1ea3 c\u1ea5u tr\u00fac c\u00f3 \u0111\u1ec9nh Hydro b\u1ecb xo\u00e1.\n", "C-038 v\u00e0 N-067: l\u00e0 hai d\u1ea1ng m\u00f4 t\u1ea3 ph\u00e2n t\u1eed m\u1ea3nh trung t\u00e2m.\n", "Thu\u1eadt ng\u1eef Al \u0111\u1ec1 c\u1eadp \u0111\u1ebfn nh\u00f3m b\u00e9o (Aliphatic groups) v\u00e0 X l\u00e0 nguy\u00ean t\u1eed c\u00f3 \u0111\u1ed9 \u00e2m \u0111i\u1ec7n cao (O, S).\n", "T\u00ednh to\u00e1n cho th\u1ea5y c\u00e1c y\u1ebfu t\u1ed1 n\u00e0y l\u1ea1i cho hi\u1ec7u qu\u1ea3 ng\u01b0\u1ee3c l\u1ea1i khi g\u00f3p m\u1eb7t trong c\u1ea5u tr\u00fac c\u00e1c ch\u1ea5t \u1ee9c ch\u1ebf HDAC trong khi c\u00e1c nh\u00f3m Cacbonyl ho\u1eb7c cacbothionyl gi\u00fap t\u0103ng ho\u1ea1t t\u00ednh \u1ee9c ch\u1ebf, trong khi \u0111\u00f3 nh\u00f3m ketimine c\u0169ng cho hi\u1ec7u qu\u1ea3 \u0111\u00f3ng g\u00f3p ng\u01b0\u1ee3c v\u1edbi ho\u1ea1t t\u00ednh m\u1ed9t ph\u1ea7n.\n", "nRNHO v\u00e0 nCRX3 li\u00ean quan \u0111\u1ebfn s\u1ed1 l\u01b0\u1ee3ng nh\u00f3m hydroxylamine v\u00e0 nh\u00f3m th\u1ebf halogen (MHSs- multiple halogen substituents), th\u00e0nh ph\u1ea7n c\u1ea5u tr\u00fac \u0111\u00f3ng g\u00f3p kh\u00e1 t\u1ed1t v\u00e0o ho\u1ea1t t\u00ednh \u1ee9c ch\u1ebf.\n", "D\u1ef1a v\u00e0o CSDL c\u00e1c d\u1eabn xu\u1ea5t c\u1ee7a acid hydroxamic v\u1edbi nh\u00f3m quan tr\u1ecdng l\u00e0 hydroxylamine, ph\u00e2n t\u00edch m\u1ed1i quan h\u1ec7 c\u1ea5u tr\u00fac v\u00e0 ho\u1ea1t \u0111\u1ed9ng (SAR \u2013 Structure activity relationship), ch\u00fang t\u00f4i x\u00e1c \u0111\u1ecbnh \u0111\u01b0\u1ee3c c\u01a1 ch\u1ebf t\u1ea1o ph\u1ee9c v\u1edbi Zn2+ c\u1ee7a c\u00e1c d\u1eabn ch\u1ea5t hydroxylamic t\u1ea1i v\u1ecb tr\u00ed ho\u1ea1t \u0111\u1ed9ng [20].\n", "Vi\u1ec7c th\u00eam c\u00e1c nh\u00f3m th\u1ebf halogen (Cl, Br, F, CF3...) c\u0169ng \u0111\u01b0\u1ee3c nghi\u00ean c\u1ee9u k\u1ef9 \u0111\u1ec3 thi\u1ebft k\u1ebf c\u00e1c h\u1ee3p ch\u1ea5t m\u1edbi.\n", "Ngo\u00e0i ra, theo c\u00e1c nghi\u00ean c\u1ee9u th\u00ec nh\u00f3m th\u1ebf ceton trifluoromethyl c\u0169ng \u0111\u01b0\u1ee3c \u0111\u00e1nh gi\u00e1 c\u00f3 ho\u1ea1t t\u00ednh trong c\u1ea5u tr\u00fac acid hydroxamic.\n", "Nh\u01b0 v\u1eady, MHSs c\u1ea7n \u0111\u01b0\u1ee3c l\u01b0u \u00fd trong thi\u1ebft k\u1ebf h\u1ee3p ch\u1ea5t m\u1edbi th\u00f4ng qua \u0111\u00e1nh gi\u00e1 m\u00f4 t\u1ea3 ph\u00e2n t\u1eed n\u00e0y.\n", "Uc l\u00e0 m\u1ed9t trong nh\u1eefng m\u00f4 t\u1ea3 \u1ea3nh h\u01b0\u1edfng nh\u1ea5t, c\u00f3 kh\u1ea3 n\u0103ng \u1ee9c ch\u1ebf HDAC t\u1ed1t v\u1edbi c\u1ea5u tr\u00fac b\u1ea5t b\u00e3o ho\u00e0, \u0111\u01b0\u1ee3c t\u00ednh nh\u01b0 sau Uc = log2 \u00d7 (1 + nDB + nTB + nAB) \u1edf \u0111\u00e2y nDB, nTB v\u00e0 nAB t\u01b0\u01a1ng \u1ee9ng l\u00e0 s\u1ed1 li\u00ean k\u1ebft \u0111\u00f4i, li\u00ean k\u1ebft ba v\u00e0 v\u00f2ng th\u01a1m.\n", "Nh\u01b0 v\u1eady, \u0111\u1ec3 t\u1ed1i \u0111a ho\u00e1 ho\u1ea1t t\u00ednh, ch\u00fang t\u00f4i t\u1eadp trung t\u0103ng c\u00e1c m\u1ea3nh c\u1ea5u tr\u00fac nRNHO, Uc,\n", "C-038 v\u00e0 nCRX3 song song v\u1edbi vi\u1ec7c gi\u1ea3m thi\u1ec3u\n", "GATS2e, SpMax1_Bh (e), N-067, GGI3 v\u00e0\n", "Eta_epsi_A; cu\u1ed1i c\u00f9ng \u0111i\u1ec1u ki\u1ec7n t\u1ed1t nh\u1ea5t cho t\u1eebng m\u00f4 t\u1ea3 \u0111\u00e3 \u0111\u01b0\u1ee3c x\u00e1c \u0111\u1ecbnh nh\u01b0 sau: GATS2e = 0.18, nRNHO = 1 ho\u1eb7c 2, Uc = 5.33,\n", "SpMax1_Bh (e) = 3.80, C-038 = 1 ho\u1eb7c 2, N- 067 = 0, GGI3 = -0.42, Eta_epsi_A = 0.49 v\u00e0 nCRX3 = 1.\n", "Tuy nhi\u00ean th\u1ef1c t\u1ebf kh\u00f3 c\u00f3 th\u1ec3 x\u00e2y d\u1ef1ng \u0111\u01b0\u1ee3c c\u1ea5u tr\u00fac ho\u00e0n to\u00e0n ch\u00ednh x\u00e1c t\u1eeb th\u00f4ng s\u1ed1 tr\u00ean nh\u01b0ng n\u00f3 c\u0169ng \u0111\u00e3 \u0111\u01b0a ra \u0111\u01b0\u1ee3c h\u01b0\u1edbng t\u00ecm ki\u1ebfm v\u00e0 ph\u00e1t tri\u1ec3n c\u00e1c h\u1ee3p ch\u1ea5t \u1ee9c ch\u1ebf HDAC2.\n", "D\u1ef1a tr\u00ean m\u00f4 h\u00ecnh x\u00e2y d\u1ef1ng \u0111\u01b0\u1ee3c v\u00e0 vai tr\u00f2 c\u00e1c m\u1ea3nh c\u1ea5u tr\u00fac \u0111\u00e3 x\u00e1c \u0111\u1ecbnh, trong b\u01b0\u1edbc thi\u1ebft k\u1ebf c\u00e1c h\u1ee3p ch\u1ea5t m\u1edbi ti\u1ebfp theo c\u1ea7n t\u1eadp trung th\u00eam c\u00e1c nh\u00f3m th\u1ebf halogen (Cl, Br, F..), nh\u00f3m ch\u1ee9c cacbothinyl, cacbonyl, hydroxylamin tr\u00ean c\u00e1c s\u01b0\u1eddn c\u1ea5u tr\u00fac, \u0111\u1eb7c bi\u1ec7t l\u00e0 d\u1eabn ch\u1ea5t c\u1ee7a acid hydroxamic.\n", "C\u1ea5u tr\u00fac b\u1ea5t b\u00e3o ho\u00e0 (li\u00ean k\u1ebft \u0111\u00f4i, li\u00ean k\u1ebft ba, v\u00f2ng th\u01a1m) c\u0169ng g\u00f3p ph\u1ea7n t\u0103ng t\u00ednh \u1ee9c ch\u1ebf HDAC2.\n", "\u0110\u00e2y ch\u00ednh l\u00e0 c\u00e1c nh\u00f3m ch\u1ee9c, nh\u00f3m th\u1ebf, ph\u1ea7n c\u1ea5u tr\u00fac ti\u1ec1m n\u0103ng c\u1ed1t l\u00f5i, c\u01a1 s\u1edf \u0111\u1ec3 thi\u1ebft k\u1ebf c\u00e1c ch\u1ea5t c\u00f3 ho\u1ea1t t\u00ednh \u1ee9c ch\u1ebf m\u1edbi c\u1ea7n \u0111\u01b0\u1ee3c ch\u00fa \u00fd.\n"], "4": ["4.\n", "K\u1ebft lu\u1eadn v\u00e0 ki\u1ebfn ngh\u1ecb\n", "Nghi\u00ean c\u1ee9u \u0111\u00e3 x\u00e2y d\u1ef1ng th\u00e0nh c\u00f4ng m\u00f4 h\u00ecnh to\u00e1n h\u1ecdc bi\u1ec3u di\u1ec5n m\u1ed1i quan h\u1ec7 \u0111\u1ecbnh l\u01b0\u1ee3ng gi\u1eefa c\u1ea5u tr\u00fac v\u00e0 t\u00e1c d\u1ee5ng \u1ee9c ch\u1ebf enzyme HDAC2 tho\u1ea3 m\u00e3n c\u1ea3 n\u0103m nguy\u00ean t\u1eafc OECD.\n", "M\u00f4 h\u00ecnh x\u00e2y d\u1ef1ng \u0111\u01b0\u1ee3c gi\u00fap ph\u00e2n lo\u1ea1i c\u00e1c h\u1ee3p ch\u1ea5t c\u00f3 ho\u1ea1t t\u00ednh sinh h\u1ecdc \u0111\u01b0\u1ee3c nhanh ch\u00f3ng v\u00e0 d\u1ec5 d\u00e0ng h\u01a1n.\n", "M\u00f4 h\u00ecnh n\u00e0y c\u00f2n c\u00f3 th\u1ec3 \u0111\u01b0\u1ee3c \u1ee9ng d\u1ee5ng \u0111\u1ec3 s\u00e0ng l\u1ecdc c\u00e1c CSDL l\u1edbn nh\u1eb1m t\u00ecm ki\u1ebfm c\u00e1c h\u1ee3p ch\u1ea5t \u1ee9c ch\u1ebf HDAC2.\n", "Ngo\u00e0i ra, k\u1ebft qu\u1ea3 nghi\u00ean c\u1ee9u c\u0169ng gi\u00fap \u0111\u1ecbnh h\u01b0\u1edbng thi\u1ebft k\u1ebf c\u00e1c h\u1ee3p ch\u1ea5t m\u1edbi c\u00f3 ho\u1ea1t t\u00ednh \u1ee9c ch\u1ebf cao h\u01a1n b\u1eb1ng vi\u1ec7c t\u00ecm ra c\u00e1c m\u1ea3nh c\u1ea5u tr\u00fac ch\u1ecbu tr\u00e1ch nhi\u1ec7m t\u0103ng ho\u1ea1t t\u00ednh.\n", "T\u1ea5t c\u1ea3 h\u01b0\u1edbng \u0111\u1ebfn vi\u1ec7c t\u00ecm ki\u1ebfm c\u00e1c h\u1ee3p ch\u1ea5t d\u1eabn \u0111\u01b0\u1eddng cho qu\u00e1 tr\u00ecnh nghi\u00ean c\u1ee9u v\u00e0 ph\u00e1t tri\u1ec3n c\u00e1c thu\u1ed1c ch\u1ed1ng ung th\u01b0 h\u01b0\u1edbng \u0111\u00edch m\u1edbi.\n", "L\u1eddi c\u1ea3m \u01a1n\n", "Nghi\u00ean c\u1ee9u \u0111\u01b0\u1ee3c th\u1ef1c hi\u1ec7n trong khu\u00f4n kh\u1ed5 \u0111\u1ec1 t\u00e0i \u0110\u1ec1 t\u00e0i khoa h\u1ecdc v\u00e0 c\u00f4ng ngh\u1ec7 c\u1ea5p\n", "\u0110HQGHN, m\u00e3 s\u1ed1 QG.16.24.\n"]}, "Word count": 3314}