{"title": "Original Article\n", "content": {"0": ["T\u00f3m t\u1eaft: M\u1ed9t ph\u01b0\u01a1ng ph\u00e1p HPLC v\u1edbi ch\u1ebf \u0111\u1ed9 r\u1eeda gi\u1ea3i \u0111\u1eb3ng d\u00f2ng \u0111\u01b0\u1ee3c nghi\u00ean c\u1ee9u \u0111\u1ec3 \u0111\u1ecbnh l\u01b0\u1ee3ng cafein v\u00e0 EGCG trong cao l\u00e1 Ch\u00e8 xanh.\n", "\u0110i\u1ec1u ki\u1ec7n s\u1eafc k\u00fd g\u1ed3m c\u1ed9t C18-RP (250 \u00d7 4,6 mm, 5 \u00b5m), pha \u0111\u1ed9ng methanol/phosphoric acid/water (20/0,1/79,9, tt/tt) v\u00e0 detector DAD t\u1ea1i b\u01b0\u1edbc s\u00f3ng 280 nm.\n", "Ph\u01b0\u01a1ng ph\u00e1p x\u00e2y d\u1ef1ng thu\u1eadn l\u1ee3i \u0111\u1ec3 ph\u00e2n t\u00edch nhanh cafein v\u00e0 EGCG trong c\u00e1c m\u1eabu cao l\u00e1 Ch\u00e8 xanh v\u1edbi \u0111\u1ed9 l\u1eb7p l\u1ea1i v\u00e0 \u0111\u1ed9 \u0111\u00fang t\u1ed1t..\n", "T\u1eeb kho\u00e1: HPLC, cafein, EGCG, Ch\u00e8 xanh.\n"], "1": ["1.\n", "M\u1edf \u0111\u1ea7u\n", "Ch\u00e8 (Camellia sinensis L.) l\u00e0 m\u1ed9t trong nh\u1eefng \u0111\u1ed3 u\u1ed1ng ph\u1ed5 bi\u1ebfn nh\u1ea5t \u1edf Vi\u1ec7t Nam v\u00e0 tr\u00ean th\u1ebf gi\u1edbi do h\u01b0\u01a1ng v\u1ecb \u0111\u1eb7c tr\u01b0ng v\u00e0 c\u00e1c t\u00e1c d\u1ee5ng sinh h\u1ecdc quan tr\u1ecdng c\u1ee7a c\u00e1c h\u1ee3p ch\u1ea5t catechin (\u0111i\u1ec3n h\u00ecnh l\u00e0 epigallocatechin gallat - EGCG) trong l\u00e1 nh\u01b0 ch\u1ed1ng oxy ho\u00e1, ch\u1ed1ng vi\u00eam, kh\u00e1ng khu\u1ea9n, kh\u00e1ng virus, ch\u1ed1ng ung th\u01b0 [1-3].\n", "Ngo\u00e0i ra, l\u00e1 Ch\u00e8 xanh ch\u1ee9a 2-5% cafein - m\u1ed9t alcaloid khi s\u1eed d\u1ee5ng th\u01b0\u1eddng xuy\u00ean v\u00e0 qu\u00e1 m\u1ee9c s\u1ebd g\u00e2y k\u00edch \u1ee9ng \u0111\u01b0\u1eddng ti\u00eau ho\u00e1; h\u1ed3i h\u1ed9p, m\u1ea5t ng\u1ee7; nh\u1ecbp tim nhanh, t\u0103ng huy\u1ebft \u00e1p; nguy c\u01a1 d\u1ecb t\u1eadt thai nhi, s\u1ea9y thai v\u00e0 thai ch\u1ebft l\u01b0u [4,5].\n", "Do \u0111\u00f3, hi\u1ec7n nay nhu c\u1ea7u v\u1ec1 c\u00e1c s\u1ea3n ph\u1ea9m ch\u1ee9a h\u00e0m l\u01b0\u1ee3ng cafein th\u1ea5p t\u1eeb c\u00e2y Ch\u00e8 n\u00f3i ri\u00eang v\u00e0 c\u00e1c lo\u1ea1i \u0111\u1ed3 u\u1ed1ng n\u00f3i chung \u0111ang ng\u00e0y c\u00e0ng t\u0103ng.\n", "Trong c\u00f4ng nghi\u1ec7p d\u01b0\u1ee3c ph\u1ea9m, cao chi\u1ebft Ch\u00e8 xanh chu\u1ea9n ho\u00e1 (Polyphenon E, Theaphenon E) \u0111\u00e3 \u0111\u01b0\u1ee3c s\u1ea3n xu\u1ea5t \u0111\u00e3 v\u00e0 \u0111ang tr\u1ea3i qua nhi\u1ec1u th\u1eed nghi\u1ec7m l\u00e2m s\u00e0ng quan tr\u1ecdng [2].\n", "M\u1ed9t trong c\u00e1c thu\u1ed1c \u0111\u00e3 \u0111\u01b0\u1ee3c\n", "FDA ch\u1ea5p nh\u1eadn trong \u0111i\u1ec1u tr\u1ecb m\u1ee5n c\u00f3c sinh d\u1ee5c (Condyloma acuminata) t\u1eeb n\u0103m 2006 d\u01b0\u1edbi t\u00ean _* T\u00e1c gi\u1ea3 li\u00ean h\u1ec7.\n", "th\u01b0\u01a1ng m\u1ea1i Veregen (ho\u1ea1t ch\u1ea5t Sinecatechins) [6].\n", "Cho \u0111\u1ebfn nay, ch\u01b0a c\u00f3 nghi\u00ean c\u1ee9u n\u00e0o trong n\u01b0\u1edbc \u0111\u1ec1 c\u1eadp \u0111\u1ebfn vi\u1ec7c lo\u1ea1i cafein \u0111\u1ed3ng th\u1eddi l\u00e0m gi\u00e0u catechin trong \u0111i\u1ec1u ch\u1ebf cao l\u00e1 Ch\u00e8 xanh lo\u1ea1i cafein \u1ee9ng d\u1ee5ng trong d\u01b0\u1ee3c ph\u1ea9m m\u1eb7c d\u00f9 Vi\u1ec7t\n", "Nam l\u00e0 m\u1ed9t trong nh\u1eefng qu\u1ed1c gia s\u1ea3n xu\u1ea5t v\u00e0 ti\u00eau th\u1ee5 Ch\u00e8 l\u1edbn tr\u00ean th\u1ebf gi\u1edbi v\u00e0 Ch\u00e8 Vi\u1ec7t Nam \u0111\u01b0\u1ee3c \u0111\u00e1nh gi\u00e1 l\u00e0 c\u00f3 ch\u1ea5t l\u01b0\u1ee3ng ngang b\u1eb1ng v\u1edbi\n", "Ch\u00e8 Trung Qu\u1ed1c, Nh\u1eadt B\u1ea3n hay Australia [7].\n", "Hi\u1ec7n t\u1ea1i, ch\u00fang t\u00f4i \u0111ang nghi\u00ean c\u1ee9u \u0111i\u1ec1u ch\u1ebf c\u00e1c s\u1ea3n ph\u1ea9m cao l\u00e1 Ch\u00e8 lo\u1ea1i cafein.\n", "Do \u0111\u00f3, m\u1ed9t ph\u01b0\u01a1ng ph\u00e1p HPLC \u0111\u01a1n gi\u1ea3n \u0111\u00e3 \u0111\u01b0\u1ee3c x\u00e2y d\u1ef1ng v\u00e0 th\u1ea9m \u0111\u1ecbnh nh\u1eb1m \u0111\u1ecbnh l\u01b0\u1ee3ng \u0111\u1ed3ng th\u1eddi cafein v\u00e0\n", "EGCG trong c\u00e1c m\u1eabu cao ph\u1ee5c v\u1ee5 cho nghi\u00ean c\u1ee9u.\n"], "2": ["2.\n", "Nguy\u00ean v\u1eadt li\u1ec7u v\u00e0 ph\u01b0\u01a1ng ph\u00e1p nghi\u00ean c\u1ee9u 2.1.\n", "Nguy\u00ean v\u1eadt li\u1ec7u\n", "M\u1eabu nghi\u00ean c\u1ee9u: C\u00e1c m\u1eabu cao nghi\u00ean c\u1ee9u \u0111\u01b0\u1ee3c chu\u1ea9n b\u1ecb theo quy tr\u00ecnh tham kh\u1ea3o [8], t\u00f3m t\u1eaft nh\u01b0 sau:\n", "Cao th\u00f4 ethanol 50%: l\u00e1 Ch\u00e8 xanh kh\u00f4 thu h\u00e1i t\u1ea1i \u0110\u1ea1i T\u1eeb, Th\u00e1i Nguy\u00ean (k\u00edch th\u01b0\u1edbc 1-2 mm) \u0111\u01b0\u1ee3c chi\u1ebft xu\u1ea5t b\u1eb1ng ph\u01b0\u01a1ng ph\u00e1p ng\u00e2m \u1edf nhi\u1ec7t \u0111\u1ed9 ph\u00f2ng, chi\u1ebft 3 l\u1ea7n \u00d7 12 gi\u1edd v\u1edbi t\u1ef7 l\u1ec7 dung m\u00f4i g\u1ea5p 10 l\u1ea7n nguy\u00ean li\u1ec7u, g\u1ed9p c\u00e1c d\u1ecbch chi\u1ebft v\u00e0 c\u00f4 thu h\u1ed3i dung m\u00f4i d\u01b0\u1edbi \u00e1p su\u1ea5t gi\u1ea3m (500 mbar, 70\u00b0C) \u0111\u1ebfn khi c\u00f2n 1/3 th\u1ec3 t\u00edch v\u00e0 phun s\u1ea5y t\u1ea1o cao kh\u00f4 v\u1edbi c\u00e1c \u0111i\u1ec1u ki\u1ec7n: nhi\u1ec7t \u0111\u1ed9 \u0111\u1ea7u v\u00e0o 140\u00b0C, nhi\u1ec7t \u0111\u1ed9 \u0111\u1ea7u ra 67 - 70\u00b0C, t\u1ed1c \u0111\u1ed9 b\u01a1m 30 - 35%, \u00e1p su\u1ea5t phun d\u1ecbch 100%, \u00e1p su\u1ea5t kh\u00ed n\u00f3ng 400 - 600 mbar, \u00e1p su\u1ea5t kh\u00ed \u00e2m -40 mbar\n", "Cao tinh ch\u1ebf lo\u1ea1i cafein: d\u1ecbch chi\u1ebft l\u00e1 Ch\u00e8 xanh v\u1edbi n\u1ed3ng \u0111\u1ed9 cafein 0,5 mg/mL \u0111\u01b0\u1ee3c \u0111i\u1ec1u ch\u1ec9nh v\u1ec1 pH 4 b\u1eb1ng acid citric khan, th\u00eam ch\u1ea5t h\u1ea5p ph\u1ee5 montmorillonit (t\u1ef7 l\u1ec7 3,5% kl/tt), khu\u1ea5y h\u1ed7n h\u1ee3p trong 20 ph\u00fat v\u1edbi t\u1ed1c \u0111\u1ed9 150 v\u00f2ng/ph\u00fat \u1edf 15-25\u00b0C.\n", "H\u1ed7n h\u1ee3p sau h\u1ea5p ph\u1ee5 \u0111\u01b0\u1ee3c \u0111\u1ec3 l\u1eafng, g\u1ea1n, l\u1ecdc thu l\u1ea5y d\u1ecbch chi\u1ebft \u0111\u00e3 lo\u1ea1i cafein v\u00e0 \u0111\u00f4ng kh\u00f4 (ti\u1ec1n \u0111\u00f4ng -70\u00b0C trong 24 gi\u1edd, th\u0103ng hoa 24 gi\u1edd \u1edf -40\u00b0C, 0,1 mbar).\n", "Cao tinh ch\u1ebf gi\u00e0u EGCG: d\u1ecbch chi\u1ebft l\u00e1 Ch\u00e8 xanh sau lo\u1ea1i cafein \u0111\u01b0\u1ee3c pha lo\u00e3ng \u0111\u1ec3 \u0111\u01b0\u1ee3c n\u1ed3ng \u0111\u1ed9 EGCG l\u00e0 0,5 mg/mL v\u00e0 h\u1ea5p ph\u1ee5 qua c\u1ed9t nh\u1ef1a macroporous HPD826.\n", "R\u1eeda t\u1ea1p ch\u1ea5t b\u1eb1ng n\u01b0\u1edbc v\u00e0 gi\u1ea3i h\u1ea5p ph\u1ee5 b\u1eb1ng ethanol 30%.\n", "D\u1ecbch gi\u1ea3i h\u1ea5p ph\u1ee5 \u0111\u01b0\u1ee3c c\u00f4 thu h\u1ed3i ethanol d\u01b0\u1edbi \u00e1p su\u1ea5t gi\u1ea3m (500 mbar, 70\u00b0C) v\u00e0 \u0111\u00f4ng kh\u00f4 v\u1edbi \u0111i\u1ec1u ki\u1ec7n nh\u01b0 tr\u00ean.\n", "Ch\u1ea5t chu\u1ea9n: cafein chu\u1ea9n (h\u00e0m l\u01b0\u1ee3ng 98,73%, l\u00f4 MUST-17060110) v\u00e0 EGCG chu\u1ea9n (h\u00e0m l\u01b0\u1ee3ng 99,78%, l\u00f4 MUST-17060113) t\u1eeb\n", "Chengdu Must Biological Technology Co., Ltd.\n", "(Trung Qu\u1ed1c).\n", "Thi\u1ebft b\u1ecb: m\u00e1y s\u1eafc k\u00ed l\u1ecfng hi\u1ec7u n\u0103ng cao\n", "Shimadzu (Nh\u1eadt B\u1ea3n) v\u1edbi c\u00e1c b\u1ed9 ph\u1eadn ch\u00ednh: b\u01a1m cao \u00e1p LC-10ADVP, bu\u1ed3ng c\u1ed9t CTO- 10AVP, b\u1ed9 ph\u1eadn \u0111i\u1ec1u khi\u1ec3n SCL-10AVP, detector m\u1ea3ng diod SPD-M10AVP, b\u1ed9 ph\u1eadn \u0111u\u1ed5i kh\u00ed\n", "DGU-14A, ph\u1ea7n m\u1ec1m \u0111i\u1ec1u khi\u1ec3n Class vp 6.14.\n", "2.2.\n", "Ph\u01b0\u01a1ng ph\u00e1p \u0111\u1ecbnh l\u01b0\u1ee3ng cafein v\u00e0 EGCG\n", "Tham kh\u1ea3o c\u00e1c t\u00e0i li\u1ec7u [3,9], c\u00e1c \u0111i\u1ec1u ki\u1ec7n\n", "HPLC \u0111\u01b0\u1ee3c l\u1ef1a ch\u1ecdn g\u1ed3m: C\u1ed9t C18\n", "InertSustain (250 \u00d7 4,6 mm, 5 \u00b5m); pha \u0111\u1ed9ng methanol - n\u01b0\u1edbc - acid phosphoric (20 : 79,9 : 0,1, tt/tt); t\u1ed1c \u0111\u1ed9 d\u00f2ng: 0,8 mL/ph\u00fat; th\u1ec3 t\u00edch ti\u00eam m\u1eabu: 20 \u00b5L; detector DAD t\u1ea1i 280 nm.\n", "M\u1eabu chu\u1ea9n: dung d\u1ecbch chu\u1ea9n h\u1ed7n h\u1ee3p ho\u1eb7c chu\u1ea9n \u0111\u01a1n trong n\u01b0\u1edbc c\u1ea5t c\u00f3 n\u1ed3ng \u0111\u1ed9 n\u1eb1m trong kho\u1ea3ng t\u1eeb 8 \u0111\u1ebfn 200 \u03bcg/mL \u0111\u1ed1i v\u1edbi cafein v\u00e0 t\u1eeb 12 \u0111\u1ebfn 300 \u03bcg/mL \u0111\u1ed1i v\u1edbi EGCG.\n", "M\u1eabu th\u1eed: C\u00e2n ch\u00ednh x\u00e1c kho\u1ea3ng 10 mg cao kh\u00f4 v\u00e0o b\u00ecnh \u0111\u1ecbnh m\u1ee9c 100 mL, ho\u00e0 tan v\u00e0 b\u1ed5 sung n\u01b0\u1edbc c\u1ea5t \u0111\u1ebfn v\u1ea1ch, pha lo\u00e3ng \u0111\u1ebfn n\u1ed3ng \u0111\u1ed9 th\u00edch h\u1ee3p v\u00e0 l\u1ecdc qua m\u00e0ng cellulose acetat 0,45 \u00b5m.\n", "H\u00e0m l\u01b0\u1ee3ng cafein (ho\u1eb7c EGCG) trong m\u1eabu th\u1eed \u0111\u01b0\u1ee3c t\u00ednh theo c\u00f4ng th\u1ee9c:\n", "H\u00e0m l\u01b0\u1ee3ng (%) = ( ) \u00d7 \u00d7 10000 \u00d7 1000 \u00d7 \u00d7 (100 )\n", "Trong \u0111\u00f3, St l\u00e0 di\u1ec7n t\u00edch p\u00edc s\u1eafc k\u00fd c\u1ee7a cafein (ho\u1eb7c EGCG) trong m\u1eabu th\u1eed, a v\u00e0 b l\u00e0 c\u00e1c h\u1ec7 s\u1ed1 c\u1ee7a \u0111\u01b0\u1eddng chu\u1ea9n (y=ax+b) c\u1ee7a cafein (ho\u1eb7c\n", "EGCG), k l\u00e0 h\u1ec7 s\u1ed1 pha lo\u00e3ng c\u1ee7a m\u1eabu th\u1eed, mt l\u00e0 kh\u1ed1i l\u01b0\u1ee3ng m\u1eabu th\u1eed (g), B l\u00e0 h\u00e0m \u1ea9m c\u1ee7a m\u1eabu th\u1eed (%).\n"], "3": ["3.\n", "Th\u1ef1c nghi\u1ec7m v\u00e0 k\u1ebft qu\u1ea3 3.1.\n", "Th\u1ea9m \u0111\u1ecbnh ph\u01b0\u01a1ng ph\u00e1p \u0111\u1ecbnh l\u01b0\u1ee3ng\n", "\u0110\u1ed9 \u0111\u1eb7c hi\u1ec7u: ti\u1ebfn h\u00e0nh s\u1eafc k\u00fd c\u00e1c m\u1eabu sau: m\u1eabu tr\u1eafng (n\u01b0\u1edbc c\u1ea5t), chu\u1ea9n \u0111\u01a1n cafein, chu\u1ea9n \u0111\u01a1n EGCG, chu\u1ea9n h\u1ed7n h\u1ee3p v\u00e0 m\u1eabu th\u1eed thu \u0111\u01b0\u1ee3c c\u00e1c s\u1eafc k\u00fd \u0111\u1ed3 nh\u01b0 H\u00ecnh 1.\n", "Cafein c\u00f3 th\u1eddi gian l\u01b0u kho\u1ea3ng 18 ph\u00fat,\n", "EGCG c\u00f3 th\u1eddi gian l\u01b0u kho\u1ea3ng 21 ph\u00fat.\n", "Tr\u00ean s\u1eafc k\u00fd \u0111\u1ed3 m\u1eabu tr\u1eafng kh\u00f4ng xu\u1ea5t hi\u1ec7n t\u00edn hi\u1ec7u p\u00edc t\u1ea1i c\u00e1c th\u1eddi gian l\u01b0u n\u00e0y v\u00e0 tr\u00ean s\u1eafc k\u00fd \u0111\u1ed3 m\u1eabu chu\u1ea9n h\u1ed7n h\u1ee3p v\u00e0 m\u1eabu th\u1eed c\u00f3 t\u00edn hi\u1ec7u p\u00edc c\u1ee7a 2 ho\u1ea1t ch\u1ea5t t\u1ea1i c\u00e1c th\u1eddi gian l\u01b0u t\u01b0\u01a1ng \u1ee9ng.\n", "Nh\u01b0 v\u1eady, ph\u01b0\u01a1ng ph\u00e1p HPLC c\u00f3 t\u00ednh \u0111\u1eb7c hi\u1ec7u ph\u00f9 h\u1ee3p theo y\u00eau c\u1ea7u.\n", "Ngo\u00e0i ra, \u0111\u1ed9 ph\u00e2n gi\u1ea3i gi\u1eefa 2 p\u00edc cafein v\u00e0 EGCG tr\u00ean s\u1eafc k\u00fd \u0111\u1ed3 m\u1eabu chu\u1ea9n h\u1ed7n h\u1ee3p v\u00e0 m\u1eabu th\u1eed l\u00e0 4,834 v\u00e0 3,662 t\u01b0\u01a1ng \u1ee9ng (\u0111\u1ec1u l\u1edbn h\u01a1n 1,5) ch\u1ee9ng t\u1ecf 2 p\u00edc t\u00e1ch nhau ho\u00e0n to\u00e0n v\u00e0 ch\u01b0\u01a1ng tr\u00ecnh s\u1eafc k\u00fd \u0111\u00e3 ch\u1ecdn c\u00f3 kh\u1ea3 n\u0103ng t\u00e1ch v\u00e0 \u0111\u1ecbnh l\u01b0\u1ee3ng 2 ho\u1ea1t ch\u1ea5t.\n", "\u0110\u1ed9 th\u00edch h\u1ee3p h\u1ec7 th\u1ed1ng: ti\u00eam l\u1eb7p l\u1ea1i 6 l\u1ea7n m\u1ed9t m\u1eabu chu\u1ea9n h\u1ed7n h\u1ee3p c\u00f3 n\u1ed3ng \u0111\u1ed9 cafein v\u00e0 EGCG t\u01b0\u01a1ng \u1ee9ng l\u00e0 40 v\u00e0 60 \u00b5g/mL.\n", "\u0110\u1ed9 ch\u00eanh l\u1ec7ch c\u1ee7a di\u1ec7n t\u00edch p\u00edc v\u00e0 th\u1eddi gian l\u01b0u c\u1ee7a cafein v\u00e0\n", "EGCG \u0111\u1ec1u c\u00f3 RSD < 2%, cho th\u1ea5y c\u00e1c \u0111i\u1ec1u ki\u1ec7n s\u1eafc k\u00fd \u0111\u00e3 l\u1ef1a ch\u1ecdn v\u00e0 h\u1ec7 th\u1ed1ng HPLC l\u00e0 ph\u00f9 h\u1ee3p (B\u1ea3ng 1).\n", "H\u00ecnh 1.\n", "S\u1eafc k\u00fd \u0111\u1ed3 HPLC th\u1ea9m \u0111\u1ecbnh \u0111\u1ed9 \u0111\u1eb7c hi\u1ec7u.\n", "B\u1ea3ng 1.\n", "K\u1ebft qu\u1ea3 th\u1eddi gian l\u01b0u v\u00e0 di\u1ec7n t\u00edch p\u00edc c\u1ee7a dung d\u1ecbch chu\u1ea9n h\u1ed7n h\u1ee3p\n", "S\u1ed1 th\u1ee9 t\u1ef1\n", "Cafein EGCG\n", "Th\u1eddi gian l\u01b0u (ph\u00fat)\n", "Di\u1ec7n t\u00edch p\u00edc (mAU.s)\n", "Th\u1eddi gian l\u01b0u (ph\u00fat)\n", "Di\u1ec7n t\u00edch p\u00edc (mAU.s) 1 18,509 5070086 20,370 2618581 2 18,619 4837789 20,856 2741833 3 18,311 5111284 20,789 2694934 4 18,541 5035115 20,548 2730358 5 18,403 5099846 20,978 2689647 6 17,988 5016688 21,001 2631101\n", "Trung b\u00ecnh 18,395 5028468 20,757 2684409\n", "RSD (%) 1,23 1,99 1,20 1,88\n", "B\u1ea3ng 2.\n", "M\u1ed1i t\u01b0\u01a1ng quan gi\u1eefa di\u1ec7n t\u00edch p\u00edc v\u00e0 n\u1ed3ng \u0111\u1ed9 cafein v\u00e0 EGCG\n", "S\u1ed1 th\u1ee9 t\u1ef1\n", "Cafein EGCG\n", "N\u1ed3ng \u0111\u1ed9 (\u03bcg/mL) Di\u1ec7n t\u00edch p\u00edc (mAU*s)\n", "N\u1ed3ng \u0111\u1ed9 (\u03bcg/mL) Di\u1ec7n t\u00edch p\u00edc (mAU*s) 1 8,08 967556 12,16 696180 2 40,40 4837789 60,80 2741833 3 80,80 9874559 121,60 5744600 4 121,20 13812256 182,40 8170966 5 161,60 18751344 243,20 10645533 6 202,00 23699875 304,00 13480099\n", "Ph\u01b0\u01a1ng tr\u00ecnh h\u1ed3i quy y = 115975x +120868 y = 43557x + 204191\n", "R2 0,9991 0,9992\n", "H\u00ecnh 2.\n", "\u0110\u01b0\u1eddng chu\u1ea9n m\u1ed1i t\u01b0\u01a1ng quan gi\u1eefa di\u1ec7n t\u00edch p\u00edc v\u00e0 n\u1ed3ng \u0111\u1ed9.\n", "Kho\u1ea3ng tuy\u1ebfn t\u00ednh: k\u1ebft qu\u1ea3 kh\u1ea3o s\u00e1t s\u1ef1 t\u01b0\u01a1ng quan gi\u1eefa di\u1ec7n t\u00edch p\u00edc v\u00e0 n\u1ed3ng \u0111\u1ed9 cafein v\u00e0\n", "EGCG \u0111\u01b0\u1ee3c th\u1ec3 hi\u1ec7n trong B\u1ea3ng 2 v\u00e0 H\u00ecnh 2.\n", "\u0110\u01b0\u1eddng chu\u1ea9n c\u1ee7a cafein v\u00e0 EGCG \u0111\u1ec1u cho gi\u00e1 tr\u1ecb R2 > 0,99 th\u1ec3 hi\u1ec7n \u0111\u1ed9 tuy\u1ebfn t\u00ednh cao gi\u1eefa di\u1ec7n t\u00edch v\u00e0 n\u1ed3ng \u0111\u1ed9 ch\u1ea5t ph\u00e2n t\u00edch.\n", "\u0110\u1ed9 l\u1eb7p l\u1ea1i: ti\u00eam l\u1eb7p l\u1ea1i 6 l\u1ea7n m\u1ed9t m\u1eabu th\u1eed cao l\u00e1 Ch\u00e8, k\u1ebft qu\u1ea3 \u0111\u00e1nh gi\u00e1 \u0111\u1ed9 l\u1eb7p l\u1ea1i c\u1ee7a ph\u01b0\u01a1ng ph\u00e1p \u0111\u01b0\u1ee3c th\u1ec3 hi\u1ec7n \u1edf B\u1ea3ng 3.\n", "Tr\u1ecb s\u1ed1 RSD c\u1ee7a th\u1eddi gian l\u01b0u v\u00e0 di\u1ec7n t\u00edch pic c\u1ee7a cafein v\u00e0\n", "EGCG \u0111\u1ec1u nh\u1ecf h\u01a1n 2% cho th\u1ea5y ph\u01b0\u01a1ng ph\u00e1p c\u00f3 \u0111\u1ed9 l\u1eb7p l\u1ea1i t\u1ed1t.\n", "B\u1ea3ng 3.\n", "K\u1ebft qu\u1ea3 kh\u1ea3o s\u00e1t \u0111\u1ed9 l\u1eb7p l\u1ea1i c\u1ee7a ph\u01b0\u01a1ng ph\u00e1p \u0111\u1ecbnh l\u01b0\u1ee3ng\n", "S\u1ed1 th\u1ee9 t\u1ef1\n", "Cafein EGCG\n", "Th\u1eddi gian l\u01b0u (ph\u00fat)\n", "Di\u1ec7n t\u00edch p\u00edc (mAU.s)\n", "Th\u1eddi gian l\u01b0u (ph\u00fat)\n", "Di\u1ec7n t\u00edch p\u00edc (mAU.s) 1 17,809 1073065 21,542 1964324 2 18,241 1087642 21,234 1977534 3 18,442 1056234 20,682 1923276 4 18,354 1103894 20,487 1945273 5 17,706 1063421 20,872 1913028 6 18,202 1085429 21,123 1951203\n", "Trung b\u00ecnh 18,126 1078281 20,990 1945773\n", "RSD (%) 1,65 1,62 1,84 1,25 y = 115975x + 120868\n", "R = 0.9991 0 50 100 150 200 250\n", "D i\u1ec7 n t \u00edc h p \u00edc ( m\n", "A\n", "U s)\n", "N\u1ed3ng \u0111\u1ed9 (\u03bcg/mL)\n", "Cafein y = 43557x + 204191\n", "R = 0,9992 0 100 200 300 400\n", "D i\u1ec7 n t \u00edc h p \u00edc ( m\n", "A\n", "U s)\n", "N\u1ed3ng \u0111\u1ed9 (\u03bcg/mL)\n", "EGCG\n", "\u0110\u1ed9 \u0111\u00fang: trong c\u00e1c b\u00ecnh \u0111\u1ecbnh m\u1ee9c 100 mL, chu\u1ea9n b\u1ecb c\u00e1c dung d\u1ecbch chu\u1ea9n nh\u01b0 sau: + Chu\u1ea9n cafein: 0,0103 g \u00d7 98,73% \u00d7 1000000 \u03bcg/g/100 mL = 101,69 \u03bcg/mL + Chu\u1ea9n EGCG: 0,0192 g \u00d7 99,78% \u00d7 1000000 \u03bcg/g/100 mL = 191,58 \u03bcg/mL\n", "Trong b\u00ecnh \u0111\u1ecbnh m\u1ee9c 100 mL, c\u00e2n ch\u00ednh x\u00e1c kho\u1ea3ng 10 mg cao th\u00f4 (\u0111\u00e3 bi\u1ebft h\u00e0m l\u01b0\u1ee3ng cafein v\u00e0 EGCG t\u01b0\u01a1ng \u1ee9ng l\u00e0 5,0 v\u00e0 19,0%).\n", "D\u00f9ng pipet ch\u00ednh x\u00e1c th\u00eam v\u00e0o b\u00ecnh \u0111\u1ecbnh m\u1ee9c c\u00e1c l\u01b0\u1ee3ng chu\u1ea9n cafein v\u00e0 EGCG t\u01b0\u01a1ng \u1ee9ng v\u1edbi c\u00e1c m\u1ee9c 50, 100 v\u00e0 150% so v\u1edbi l\u01b0\u1ee3ng ch\u1ea5t ph\u00e2n t\u00edch \u0111\u00e3 c\u00f3 trong m\u1eabu th\u1eed, ho\u00e0 tan v\u00e0 pha lo\u00e3ng \u0111\u1ebfn v\u1ea1ch b\u1eb1ng n\u01b0\u1edbc c\u1ea5t, l\u1ecdc qua m\u00e0ng 0,45 \u03bcm.\n", "K\u1ebft qu\u1ea3 kh\u1ea3o s\u00e1t \u0111\u1ed9 \u0111\u00fang \u0111\u01b0\u1ee3c th\u1ec3 hi\u1ec7n \u1edf B\u1ea3ng 4 v\u00e0\n", "B\u1ea3ng 5.\n", "\u1ede 3 m\u1ee9c th\u00eam chu\u1ea9n, % t\u00ecm l\u1ea1i trung b\u00ecnh c\u1ee7a cafein \u0111\u1ec1u n\u1eb1m trong kho\u1ea3ng 97-103% v\u00e0\n", "EGCG \u0111\u1ec1u n\u1eb1m trong kho\u1ea3ng 98-102% ch\u1ee9ng t\u1ecf ph\u01b0\u01a1ng ph\u00e1p \u0111\u1ecbnh l\u01b0\u1ee3ng \u0111\u00e1p \u1ee9ng y\u00eau c\u1ea7u v\u1ec1 \u0111\u1ed9 \u0111\u00fang.\n", "B\u1ea3ng 4.\n", "K\u1ebft qu\u1ea3 kh\u1ea3o s\u00e1t \u0111\u1ed9 \u0111\u00fang c\u1ee7a cafein % chu\u1ea9n th\u00eam v\u00e0o\n", "Kh\u1ed1i l\u01b0\u1ee3ng c\u00e2n (g)\n", "L\u01b0\u1ee3ng c\u00f3 s\u1eb5n (\u00b5g)\n", "L\u01b0\u1ee3ng th\u00eam v\u00e0o (\u00b5g)\n", "Di\u1ec7n t\u00edch p\u00edc (mAu.s)\n", "L\u01b0\u1ee3ng t\u00ecm th\u1ea5y (\u00b5g) % thu h\u1ed3i % t\u00ecm l\u1ea1i trung b\u00ecnh 50% 0,0110 550 254,23 505229 797,67 97,42 98,20 0,0104 520 254,23 488302 770,77 98,64 0,0107 535 254,23 497582 785,52 98,54 100% 0,0105 525 508,46 652564 1031,80 99,67 100,11 0,0104 520 508,46 643245 1016,99 97,74 0,0100 500 508,46 647190 1023,26 102,91 150% 0,0103 515 762,69 799874 1265,88 98,45 98,58 0,0106 530 762,69 812145 1285,38 99,04 0,0104 520 762,69 802084 1269,39 98,26\n", "B\u1ea3ng 5.\n", "K\u1ebft qu\u1ea3 kh\u1ea3o s\u00e1t \u0111\u1ed9 \u0111\u00fang c\u1ee7a EGCG % chu\u1ea9n th\u00eam v\u00e0o\n", "Kh\u1ed1i l\u01b0\u1ee3ng c\u00e2n (g)\n", "L\u01b0\u1ee3ng c\u00f3 s\u1eb5n (\u00b5g)\n", "L\u01b0\u1ee3ng th\u00eam v\u00e0o (\u00b5g)\n", "Di\u1ec7n t\u00edch p\u00edc (mAu.s)\n", "L\u01b0\u1ee3ng t\u00ecm th\u1ea5y (\u00b5g) % thu h\u1ed3i % t\u00ecm l\u1ea1i trung b\u00ecnh 50% 0,0110 2090 957,89 1499783 3029,46 98,08 100,22 0,0104 1976 957,89 1463013 2945,45 101,21 0,0107 2033 957,89 1488723 3004,19 101,39 100% 0,0105 1995 1915,78 1874786 3886,32 98,72 99,87 0,0104 1976 1915,78 1888279 3917,15 101,32 0,0100 1900 1915,78 1840284 3807,49 99,57 150% 0,0103 1957 2873,66 2298364 4854,17 100,82 99,39 0,0106 2014 2873,66 2296098 4848,99 98,65 0,0104 1976 2873,66 2280123 4812,49 98,71\n", "Gi\u1edbi h\u1ea1n ph\u00e1t hi\u1ec7n v\u00e0 gi\u1edbi h\u1ea1n \u0111\u1ecbnh l\u01b0\u1ee3ng:\n", "Gi\u1edbi h\u1ea1n ph\u00e1t hi\u1ec7n (LOD) v\u00e0 gi\u1edbi h\u1ea1n \u0111\u1ecbnh l\u01b0\u1ee3ng (LOQ) \u0111\u01b0\u1ee3c x\u00e1c \u0111\u1ecbnh b\u1eb1ng c\u00e1ch pha lo\u00e3ng d\u1ea7n m\u1ed9t dung d\u1ecbch chu\u1ea9n, ghi l\u1ea1i s\u1eafc k\u00fd \u0111\u1ed3 v\u00e0 x\u00e1c \u0111\u1ecbnh t\u1ef7 l\u1ec7 t\u00edn hi\u1ec7u p\u00edc/nhi\u1ec5u \u0111\u01b0\u1eddng n\u1ec1n (S/N),\n", "LOD \u0111\u01b0\u1ee3c x\u00e1c \u0111\u1ecbnh t\u1ea1i n\u1ed3ng \u0111\u1ed9 c\u00f3 S/N ~ 3 v\u00e0\n", "LOQ \u0111\u01b0\u1ee3c x\u00e1c \u0111\u1ecbnh t\u1ea1i n\u1ed3ng \u0111\u1ed9 c\u00f3 S/N ~ 10.\n", "K\u1ebft qu\u1ea3 cho th\u1ea5y, cafein c\u00f3 LOD = 0,05 \u00b5g/mL,\n", "LOQ = 0,2 \u00b5g/mL.\n", "EGCG c\u00f3 LOD = 0,2 \u00b5g/mL,\n", "LOQ = 0,5 \u00b5g/mL.\n", "3.2.\n", "\u1ee8ng d\u1ee5ng ph\u01b0\u01a1ng ph\u00e1p HPLC \u0111\u1ecbnh l\u01b0\u1ee3ng m\u1ed9t s\u1ed1 m\u1eabu cao\n", "Ph\u01b0\u01a1ng ph\u00e1p HPLC x\u00e2y d\u1ef1ng v\u00e0 th\u1ea9m \u0111\u1ecbnh \u0111\u01b0\u1ee3c \u1ee9ng d\u1ee5ng \u0111\u1ec3 \u0111\u1ecbnh l\u01b0\u1ee3ng h\u00e0m l\u01b0\u1ee3ng EGCG v\u00e0 cafein trong m\u1ed9t s\u1ed1 m\u1eabu l\u00e1 cao, k\u1ebft qu\u1ea3 \u0111\u01b0\u1ee3c tr\u00ecnh b\u00e0y \u1edf B\u1ea3ng 6 v\u00e0 H\u00ecnh 3.\n", "C\u00f3 th\u1ec3 th\u1ea5y, ph\u01b0\u01a1ng ph\u00e1p HPLC cho k\u1ebft qu\u1ea3 c\u00f3 \u0111\u1ed9 l\u1eb7p l\u1ea1i t\u1ed1t.\n", "Ph\u01b0\u01a1ng ph\u00e1p lo\u1ea1i cafein v\u00e0 l\u00e0m gi\u00e0u EGCG \u0111\u00e3 cho th\u1ea5y \u0111\u01b0\u1ee3c m\u1ee9c \u0111\u1ed9 hi\u1ec7u qu\u1ea3, khi so s\u00e1nh h\u00e0m l\u01b0\u1ee3ng cafein v\u00e0 EGCG trong c\u00e1c m\u1eabu cao th\u00f4 v\u00e0 c\u00e1c m\u1eabu cao tinh ch\u1ebf.\n", "B\u1ea3ng 6.\n", "K\u1ebft qu\u1ea3 \u0111\u1ecbnh l\u01b0\u1ee3ng m\u1ed9t s\u1ed1 m\u1eabu cao Ch\u00e8 (n=3)\n", "M\u1eabu\n", "H\u00e0m l\u01b0\u1ee3ng (%)\n", "EGCG Cafein\n", "Cao th\u00f4 ethanol 50% 19,00 \u00b1 0,15 5,00 \u00b1 0,15\n", "Cao tinh ch\u1ebf lo\u1ea1i cafein 22,20 \u00b1 0,83 0,08 \u00b1 0,01\n", "Cao tinh ch\u1ebf gi\u00e0u EGCG 42,12 \u00b1 1,22 0,09 \u00b1 0,01\n", "M\u1eabu cao th\u00f4 ethanol 50%\n", "M\u1eabu cao sau lo\u1ea1i cafein\n", "M\u1eabu cao sau lo\u1ea1i cafein v\u00e0 l\u00e0m gi\u00e0u EGCG\n", "H\u00ecnh 3.\n", "S\u1eafc k\u00fd \u0111\u1ed3 HPLC m\u1ed9t s\u1ed1 m\u1eabu th\u1eed.\n"], "4": ["4.\n", "B\u00e0n lu\u1eadn\n", "\u0110\u1ec3 ki\u1ec3m nghi\u1ec7m c\u00e1c th\u00e0nh ph\u1ea7n trong cao l\u00e1\n", "Ch\u00e8 xanh, m\u1ed9t s\u1ed1 ph\u01b0\u01a1ng ph\u00e1p \u0111\u00e3 \u0111\u01b0\u1ee3c nghi\u00ean c\u1ee9u v\u00e0 \u00e1p d\u1ee5ng.\n", "Trong \u0111\u00f3, ph\u01b0\u01a1ng ph\u00e1p s\u1eafc k\u00fd l\u1ecfng hi\u1ec7u n\u0103ng cao (HPLC) v\u00e0 \u0111i\u1ec7n di mao qu\u1ea3n (CE) l\u00e0 2 ph\u01b0\u01a1ng ph\u00e1p \u0111\u01b0\u1ee3c nghi\u00ean c\u1ee9u nhi\u1ec1u nh\u1ea5t.\n", "Ph\u01b0\u01a1ng ph\u00e1p HPLC v\u1edbi detector UV t\u1ecf ra th\u00f4ng d\u1ee5ng v\u00e0 ph\u1ed5 bi\u1ebfn, ngo\u00e0i ra c\u00e1c detector kh\u00e1c nh\u01b0 kh\u1ed1i ph\u1ed5, \u0111i\u1ec7n ho\u00e1, hu\u1ef3nh quang c\u0169ng \u0111\u01b0\u1ee3c s\u1eed d\u1ee5ng trong nh\u1eefng tr\u01b0\u1eddng h\u1ee3p c\u1ea7n thi\u1ebft.\n", "M\u1ed9t s\u1ed1 ph\u01b0\u01a1ng ph\u00e1p kh\u00e1c nh\u01b0 s\u1eafc k\u00fd kh\u00ed, s\u1eafc k\u00fd l\u1edbp m\u1ecfng, s\u1eafc k\u00fd gi\u1ea5y, quang ph\u1ed5, ph\u1ed5 c\u1ed9ng h\u01b0\u1edfng t\u1eed h\u1ea1t nh\u00e2n c\u0169ng \u0111\u01b0\u1ee3c s\u1eed d\u1ee5ng \u0111\u1ec3 ph\u00e2n t\u00edch \u0111\u1ecbnh t\u00ednh c\u00e1c th\u00e0nh ph\u1ea7n trong Ch\u00e8 xanh [9].\n", "V\u1edbi ph\u01b0\u01a1ng ph\u00e1p HPLC, \u0111a ph\u1ea7n c\u00e1c nghi\u00ean c\u1ee9u x\u00e2y d\u1ef1ng ch\u01b0\u01a1ng tr\u00ecnh r\u1eeda gi\u1ea3i gradient n\u1ed3ng \u0111\u1ed9 dung m\u00f4i kh\u00e1 ph\u1ee9c t\u1ea1p.\n", "Jun X.\n", "et al.\n", "s\u1eed d\u1ee5ng h\u1ec7 pha \u0111\u1ed9ng A (0,05% acid phosphoric 0,05%) v\u00e0\n", "B (acetonitril) v\u1edbi ch\u01b0\u01a1ng tr\u00ecnh thay \u0111\u1ed5i t\u1eeb 90:10 (A:B, %) \u0111\u1ebfn 70:30 (A:B, %) theo ch\u1ebf \u0111\u1ed9 gradient trong 30 ph\u00fat [3].\n", "Shiono T.\n", "et al.\n", "s\u1eed d\u1ee5ng c\u1ed9t C18 (4,6 mm \u00d7 150 mm, 3 mm), h\u1ec7 pha \u0111\u1ed9ng g\u1ed3m A=n\u01b0\u1edbc/acetonitril/acid phosphoric (1000/25/1,0,tt/tt), B=n\u01b0\u1edbc/methanol/acetonitril /acidphosphoric (600/300/15/0,6,tt/tt) v\u00e0\n", "C=methanol/acetonitril/acidphosphoric(800/200 /1,0, tt/tt), r\u1eeda gi\u1ea3i gradient trong 24 ph\u00fat [10].\n", "C\u00f3 th\u1ec3 th\u1ea5y, tu\u1ef3 theo m\u1ee5c \u0111\u00edch c\u1ee7a nghi\u00ean c\u1ee9u v\u00e0 c\u00e1c \u0111i\u1ec1u ki\u1ec7n k\u1ef9 thu\u1eadt s\u1eb5n c\u00f3, c\u00e1c \u0111i\u1ec1u ki\u1ec7n\n", "HPLC \u0111\u01b0\u1ee3c c\u00e1c t\u00e1c gi\u1ea3 s\u1eed d\u1ee5ng kh\u00e1c nhau.\n", "Tr\u00ean c\u01a1 s\u1edf tham kh\u1ea3o c\u00e1c t\u00e0i li\u1ec7u, ph\u01b0\u01a1ng ph\u00e1p HPLC r\u1eeda gi\u1ea3i theo ch\u1ebf \u0111\u1ed9 \u0111\u1eb3ng d\u00f2ng \u0111\u00e3 \u0111\u01b0\u1ee3c x\u00e2y d\u1ef1ng ph\u00f9 h\u1ee3p v\u1edbi \u0111i\u1ec1u ki\u1ec7n ph\u00f2ng th\u00ed nghi\u1ec7m v\u00e0 \u0111\u01b0\u1ee3c th\u1ea9m \u0111\u1ecbnh c\u00e1c ch\u1ec9 ti\u00eau c\u01a1 b\u1ea3n nh\u01b0 \u0111\u1ed9 \u0111\u1eb7c hi\u1ec7u, \u0111\u1ed9 th\u00edch h\u1ee3p h\u1ec7 th\u1ed1ng, kho\u1ea3ng tuy\u1ebfn t\u00ednh, \u0111\u1ed9 l\u1eb7p l\u1ea1i, \u0111\u1ed9 \u0111\u00fang, gi\u1edbi h\u1ea1n ph\u00e1t hi\u1ec7n v\u00e0 gi\u1edbi h\u1ea1n \u0111\u1ecbnh l\u01b0\u1ee3ng.\n", "K\u1ebft qu\u1ea3 th\u1ea9m \u0111\u1ecbnh \u0111\u00e1p \u1ee9ng c\u00e1c y\u00eau c\u1ea7u c\u01a1 b\u1ea3n c\u1ee7a ph\u00e9p \u0111\u1ecbnh l\u01b0\u1ee3ng, cho ph\u00e9p x\u00e1c \u0111\u1ecbnh ch\u00ednh x\u00e1c h\u00e0m l\u01b0\u1ee3ng cafein v\u00e0 EGCG trong c\u00e1c m\u1eabu th\u1eed trong th\u1eddi gian t\u01b0\u01a1ng \u0111\u1ed1i ng\u1eafn v\u1edbi c\u00e1c \u0111i\u1ec1u ki\u1ec7n s\u1eafc k\u00fd \u0111\u01a1n gi\u1ea3n.\n"], "5": ["5.\n", "K\u1ebft lu\u1eadn\n", "Ph\u01b0\u01a1ng ph\u00e1p HPLC v\u1edbi ch\u1ebf \u0111\u1ed9 r\u1eeda gi\u1ea3i \u0111\u1eb3ng d\u00f2ng \u0111\u00e3 \u0111\u01b0\u1ee3c nghi\u00ean c\u1ee9u \u0111\u1ec3 \u0111\u1ecbnh l\u01b0\u1ee3ng cafein v\u00e0 EGCG trong cao l\u00e1 Ch\u00e8 xanh.\n", "\u0110i\u1ec1u ki\u1ec7n s\u1eafc k\u00fd g\u1ed3m c\u1ed9t C18-RP (250 \u00d7 4,6 mm, 5 \u00b5m), pha \u0111\u1ed9ng methanol/phosphoric acid/water (20/0,1/79,9, tt/tt) v\u00e0 detector DAD t\u1ea1i b\u01b0\u1edbc s\u00f3ng 280 nm.\n", "C\u00e1c ch\u1ec9 ti\u00eau th\u00e2m \u0111\u1ecbnh ph\u01b0\u01a1ng ph\u00e1p ph\u00e2n t\u00edch nh\u01b0 \u0111\u1ed9 \u0111\u1eb7c hi\u1ec7u, \u0111\u1ed9 th\u00edch h\u1ee3p h\u1ec7 th\u1ed1ng, kho\u1ea3ng tuy\u1ebfn t\u00ednh, \u0111\u1ed9 l\u1eb7p l\u1ea1i, \u0111\u1ed9 \u0111\u00fang, gi\u1edbi h\u1ea1n ph\u00e1t hi\u1ec7n v\u00e0 gi\u1edbi h\u1ea1n \u0111\u1ecbnh l\u01b0\u1ee3ng \u0111\u1ec1u \u0111\u1ea1t y\u00eau c\u1ea7u.\n", "Ph\u01b0\u01a1ng ph\u00e1p x\u00e2y d\u1ef1ng thu\u1eadn l\u1ee3i \u0111\u1ec3 ph\u00e2n t\u00edch nhanh cafein v\u00e0\n", "EGCG trong cao l\u00e1 Ch\u00e8 xanh.\n"]}, "Word count": 2826}