{"title": "T\u1ed5ng h\u1ee3p v\u00e0 th\u1eed ho\u1ea1t t\u00ednh sinh h\u1ecdc c\u00e1c d\u1eabn xu\u1ea5t c\u1ee7a 3-nitro-2,6-diphenyl-2H-chromene\n", "content": {"0": ["T\u00f3m t\u1eaft\n", "T\u1eeb khung c\u1ea5u tr\u00fac c\u1ee7a h\u1ee3p ch\u1ea5t DHM25 \u0111\u00e3 \u0111\u01b0\u1ee3c t\u1ed5ng h\u1ee3p v\u00e0 th\u1eed nghi\u1ec7m ho\u1ea1t t\u00ednh tr\u00ean c\u00e1c d\u00f2ng t\u1ebf b\u00e0o ung th\u01b0 v\u00fa, b\u1eb1ng vi\u1ec7c \u0111\u01b0a th\u00eam khung phenyl c\u00f3 ch\u1ee9a c\u00e1c nh\u00f3m ch\u1ee9c t\u1ea1i v\u1ecb tr\u00ed para m\u1ed9t h\u1ecd c\u00e1c d\u1eabn xu\u1ea5t m\u1edbi \u0111\u00e3 \u0111\u01b0\u1ee3c t\u1ed5ng h\u1ee3p v\u00e0 th\u1eed nghi\u1ec7m ho\u1ea1t t\u00ednh g\u00e2y \u0111\u1ed9c t\u1ebf b\u00e0o.\n", "Vi\u1ec7c thay \u0111\u1ed5i c\u1ea5u tr\u00fac c\u1ee7a DHM 25 \u0111\u00e3 cho ph\u00e9p thu \u0111\u01b0\u1ee3c c\u00e1c d\u1eabn xu\u1ea5t c\u00f3 ho\u1ea1t t\u00ednh g\u00e2y \u0111\u1ed9c t\u1ebf b\u00e0o t\u1ed1t, c\u00f3 kh\u1ea3 n\u0103ng ph\u00e1t tri\u1ec3n th\u00e0nh c\u00e1c ti\u1ec1n ch\u1ea5t trong vi\u1ec7c t\u00ecm ki\u1ebfm thu\u1ed1c m\u1edbi ch\u1ed1ng ung th\u01b0.\n", "T\u1eeb kho\u00e1: Pichromene, ph\u1ea3n \u1ee9ng Suzuki, ung th\u01b0.\n"], "1": ["1.\n", "T\u1ed5ng quan\n", "C\u1ea5u tr\u00fac c\u1ee7a 2H-chromene \u0111\u01b0\u1ee3c t\u00ecm th\u1ea5y r\u1ea5t nhi\u1ec1u trong c\u00e1c c\u00e2y t\u1ef1 nhi\u00ean [1-4].\n", "H\u01a1n n\u1eefa, nhi\u1ec1u h\u1ee3p ch\u1ea5t c\u00f3 ch\u1ee9a 2H-chromene c\u00f2n \u0111\u01b0\u1ee3c bi\u1ebft t\u1edbi nh\u01b0 l\u00e0 ch\u1ea5t ch\u1ed1ng ung th\u01b0, ch\u1ed1ng u b\u01b0\u1edbu c\u0169ng nh\u01b0 l\u00e0 t\u00e1c nh\u00e2n kh\u00e1ng khu\u1ea9n, v\u00ed d\u1ee5 nh\u01b0 l\u00e0 axit daurichromenic l\u00e0 m\u1ed9t ch\u1ea5t \u0111i\u1ec3n h\u00ecnh trong ch\u1eefa b\u1ec7nh HIV [4].\n", "G\u1ea7n \u0111\u00e2y, pichromene (h\u00ecnh 2) c\u0169ng \u0111\u01b0\u1ee3c ph\u00e1t hi\u1ec7n l\u00e0 m\u1ed9t t\u00e1c nh\u00e2n m\u1edbi trong ph\u00e1p \u0111\u1ed3 \u0111i\u1ec1u tr\u1ecb b\u1ec7nh ung th\u01b0 m\u00e1u [5].\n", "Ng\u01b0\u1eddi ta \u0111\u00e3 ch\u1ee9ng minh \u0111\u01b0\u1ee3c pichromene c\u00f3 th\u1ec3 ng\u0103n ng\u1eeba s\u1ef1 ph\u00e1t tri\u1ec3n c\u00e1c t\u1ebf b\u00e0o u b\u1eb1ng c\u00e1ch ki\u1ec1m ch\u1ebf s\u1ef1 c\u00f3 m\u1eb7t c\u1ee7a cyclin D1 D2 v\u00e0 D3 v\u00e0 tri\u1ec7t ti\u00eau c\u00e1c m\u1ea7m t\u1ebf b\u00e0o g\u00e2y u tu\u1ef7 v\u00e0 b\u1ec7nh b\u1ea1ch t\u1ea1ng.\n", ":.\n", "H\u00ecnh 1.\n", "2-aryl-3-nitro-2H-chromene v\u00e0 c\u00e1c d\u1eabn xu\u1ea5t chromene m\u1ee5c ti\u00eau.\n", "T\u1eeb c\u1ea5u tr\u00fac c\u1ee7a Pichromene, ch\u00fang t\u00f4i \u0111\u00e3 ti\u1ebfn h\u00e0nh t\u1ed5ng h\u1ee3p h\u01a1n 30 h\u1ee3p ch\u1ea5t m\u1edbi v\u00e0 ti\u1ebfn h\u00e0nh th\u1eed ho\u1ea1t t\u00ednh c\u1ee7a ch\u00fang.\n", "B\u1eb1ng vi\u1ec7c thay \u0111\u1ed5i c\u00e1c nh\u00f3m ch\u1ee9c tr\u00ean hai v\u00f2ng phenyl ch\u00fang t\u00f4i \u0111\u00e3 thu \u0111\u01b0\u1ee3c m\u1ed9t h\u1ee3p ch\u1ea5t c\u00f3 ho\u1ea1t t\u00ednh r\u1ea5t t\u1ed1t tr\u00ean c\u00e1c d\u00f2ng t\u1ebf b\u00e0o ung th\u01b0 v\u00fa.\n", "So s\u00e1nh v\u1edbi ho\u1ea1t t\u00ednh c\u1ee7a Pichromene th\u00ec h\u1ee3p ch\u1ea5t m\u1edbi c\u00f3 t\u00ean g\u1ecdi DHM25 n\u00e0y c\u00f3 ho\u1ea1t t\u00ednh g\u1ea5p kho\u1ea3ng 100 l\u1ea7n (IC50= 0.376\u00b5M) [6].\n", "V\u00ec v\u1eady trong \u0111\u1ec1 t\u00e0i n\u00e0y ch\u00fang t\u00f4i h\u01b0\u1edbng t\u1edbi vi\u1ec7c t\u1ed5ng h\u1ee3p c\u00e1c d\u1eabn xu\u1ea5t 3-nitro-2-phenyl- 2H-chromene v\u1edbi vi\u1ec7c g\u1eafn th\u00eam m\u1ed9t nh\u00f3m phenyl v\u00e0o v\u1ecb tr\u00ed s\u1ed1 6 (h\u00ecnh 1), \u0111\u1ec3 kh\u1ea3o s\u00e1t ho\u1ea1t t\u00ednh sinh h\u1ecdc c\u1ee7a ch\u00fang.\n", "G\u1ed1c phenyl \u0111\u01b0\u1ee3c bi\u1ebft \u0111\u1ebfn l\u00e0 g\u1ed1c h\u00fat \u0111i\u1ec7n t\u1eed v\u00e0 ph\u00e2n t\u1eed kh\u1ed1i t\u01b0\u01a1ng \u0111\u01b0\u01a1ng v\u1edbi nguy\u00ean t\u1eed bromo, n\u00ean c\u00f3 th\u1ec3 hi v\u1ecdng ch\u00fang s\u1ebd mang l\u1ea1i nh\u1eefng t\u00edn hi\u1ec7u t\u1ed1t.\n"], "2": ["2.\n", "Ph\u01b0\u01a1ng ph\u00e1p nghi\u00ean c\u1ee9u\n", "Ho\u00e1 ch\u1ea5t tinh khi\u1ebft \u0111\u01b0\u1ee3c mua t\u1eeb Aldrich.\n", "Toluene tinh khi\u1ebft \u0111\u01b0\u1ee3c mua t\u1eeb Aldrich sau \u0111\u00f3 l\u00e0m kh\u00f4 b\u1eb1ng Na tr\u01b0\u1edbc khi s\u1eed d\u1ee5ng.\n", "Ph\u1ed5 c\u1ed9ng h\u01b0\u1edfng t\u1eeb \u0111\u01b0\u1ee3c \u0111o tr\u00ean m\u00e1y Jeol 500MHz v\u1edbi dung m\u00f4i CDCl3.\n", "Quy tr\u00ecnh chung c\u1ee7a ph\u1ea3n \u1ee9ng Suzuki: H\u1ed7n h\u1ee3p c\u1ee7a 5- bromosalicylaldehyde (100 mg, 0,5 mmol), axit boronic (1,2 \u0111\u01b0\u01a1ng l\u01b0\u1ee3ng), Pd(OAc)2 (3,3 mg, 3% mol), PPh3 (20 mg, 15% mol), K2CO3 (172,5 mg, 2,5 \u0111\u01b0\u01a1ng l\u01b0\u1ee3ng), Toluen: H2O (8:2) \u0111\u01b0\u1ee3c khu\u1ea5y trong v\u00f2ng 20h t\u1ea1i 80\u00b0C d\u01b0\u1edbi m\u00f4i tr\u01b0\u1eddng kh\u00ed Nit\u01a1.\n", "Sau khi ph\u1ea3n \u1ee9ng k\u1ebft th\u00fac, h\u1ed7n h\u1ee3p \u0111\u01b0\u1ee3c ho\u00e0 tan b\u1eb1ng ethyl acetate (20ml).\n", "Chi\u1ebft l\u1ea7n l\u01b0\u1ee3t b\u1eb1ng n\u01b0\u1edbc, dung d\u1ecbch n\u01b0\u1edbc mu\u1ed1i b\u00e3o ho\u00e0 r\u1ed3i pha h\u1eefu c\u01a1 \u0111\u01b0\u1ee3c l\u00e0m kh\u00f4 b\u1eb1ng Na2SO4 v\u00e0 l\u00e0m bay h\u01a1i d\u01b0\u1edbi \u00e1p su\u1ea5t th\u1ea5p.\n", "H\u1ed7n h\u1ee3p th\u00f4 c\u1ee7a ph\u1ea3n \u1ee9ng \u0111\u01b0\u1ee3c tinh ch\u1ebf b\u1eb1ng ph\u01b0\u01a1ng ph\u00e1p s\u1eafc k\u00ed c\u1ed9t (ethyl acetate/ n- hexane) \u0111\u1ec3 thu \u0111\u01b0\u1ee3c ch\u1ea5t tinh khi\u1ebft.\n", "B\u1ea3ng 1.\n", "Hi\u1ec7u su\u1ea5t v\u00e0 c\u00e1c d\u1eef li\u1ec7u ph\u1ed5 c\u1ee7a chromene\n", "Ch\u1ea5t R R' H(%) D\u1eef li\u1ec7u ph\u1ed5 1H NMR 5a 4F H 55 1H NMR (500 MHz, CDCl3) 8.10 (s, 1H), 7.48 (dt, J = 8.5, 4.2 Hz, 4H), 7.43 \u2013 7.38 (m, 2H), 7.34 (dd, J = 3.1, 2.4 Hz, 3H), 7.13 (t, J = 8.6 Hz, 2H), 6.94 (d,\n", "J = 8.3 Hz, 1H), 6.62 (s, 1H); 13C NMR (126 MHz, CDCl3) 162.83, 153.27, 141.93, 137.03, 135.88, 135.23, 133.15, 129.89, 129.43, 129.23, 128.84, 128.61, 128.54, 127.37, 118.58, 117.99, 116.26, 116.09, 74.79.\n", "5b 4F F 60 1H NMR (500 MHz, CDCl3) 8.10 (s, 1H), 7.48 (dd, J = 14.5, 9.0 Hz, 4H), 7.38 (dd, J = 8.2, 5.4 Hz, 2H), 7.13 (t, J = 8.6 Hz, 2H), 7.02 (t, J = 8.5 Hz, 2H), 6.93 (d, J = 8.4 Hz, 1H), 6.58 (s, 1H);13C NMR (126 MHz, CDCl3) 162.90, 160.93, 151.65, 140.42, 136.77, 134.06, 133.025, 131.94, 130.25, 128.82, 128.16, 128.03, 127.97, 127.52, 127.27, 127.20, 117.10, 116.67, 115.77, 114.88, 72.73.\n", "5c 4F Cl 62 1H NMR (500 MHz, CDCl3) 8.10 (s, 1H), 7.51 \u2013 7.45 (m, 4H), 7.35 \u2013 7.29 (m, 4H), 7.15 \u2013 7.10 (m, 2H), 6.93 (d, J = 8.4 Hz, 1H), 6.58 (s, 1H).\n", "13C NMR (126 MHz, CDCl3) 163.89, 161.92, 153.00, 141.59, 135.92, 135.80, 135.54, 135.52, 133.37, 129.67, 129.51, 128.94, 128.80, 128.66, 128.59, 118.46, 118.04, 116.32, 116.15, 74.05.\n", "5d 4F Br 65 1H NMR (500 MHz, CDCl3) 8.09 (s, 1H), 7.53 \u2013 7.43 (m, 7H), 7.25 (s, 1H), 7.12 (t, J = 8.6 Hz, 2H), 6.93 (d, J = 8.4 Hz, 1H), 6.55 (s, 1H); 13C NMR (126\n", "MHz, CDCl3) 162.88, 152.96, 141.48, 136.01, 135.76, 135.51, 133.34, 132.44, 129.67, 129.04, 128.93, 128.63, 128.57, 124.12, 118.43, 118.01, 116.30, 116.13, 74.07.\n", "5e 4Cl H 58 1H NMR (500 MHz, CDCl3) 8.11 (s, 1H), 7.47 (dd, J = 26.5, 8.4 Hz, 5H), 7.41 (d, J = 8.6 Hz, 4H), 7.34 (s, 2H), 6.94 (d, J = 8.1 Hz, 1H), 6.62 (s, 1H); 13C NMR (126 MHz, CDCl3) 153.50, 141.95, 138.17, 136.98, 134.94, 133.95, 133.11, 129.92, 129.44, 129.36, 129.25, 128.83, 128.21, 127.38, 118.62, 118.08, 74.83.\n", "5f 4Cl F 68 1H NMR (500 MHz, CDCl3) 8.10 (s, 1H), 7.53 \u2013 7.48 (m, 2H), 7.46 \u2013 7.36 (m, 6H), 7.01 (t, J = 8.5 Hz, 2H), 6.93 (d, J = 8.3 Hz, 1H), 6.58 (s, 1H); 13C\n", "NMR (126 MHz, CDCl3) 163.67, 153.24, 141.80, 138.08, 135.10, 134.02, 133.23, 132.95, 129.46, 129.42, 129.39, 129.32, 128.86, 128.21, 118.50, 118.10, 116.36, 116.19, 74.12.\n", "5g 4Cl Cl 65 1H NMR (500 MHz, CDCl3) 8.10 (s, 1H), 7.53 \u2013 7.48 (m, 2H), 7.45 \u2013 7.39 (m, 4H), 7.35 \u2013 7.29 (m, 4H), 6.94 (d, J = 8.4 Hz, 1H), 6.58 (s, 1H).\n", "13C NMR (126 MHz, CDCl3) 153.23, 141.61, 138.08, 135.94, 135.48, 135.23, 134.07, 133.30, 129.58, 129.51, 129.49, 128.92, 128.79, 128.24, 118.50, 118.11, 74.08.\n", "5h 4Cl Br 63 1H NMR (500 MHz, CDCl3) 8.10 (s, 1H), 7.61 \u2013 7.50 (m, 4H), 7.49 (d, J = 2.1 Hz, 1H), 7.48 \u2013 7.44 (m, 2H), 7.31 \u2013 7.27 (m, 3H), 6.95 (d, J = 8.4 Hz, 1H), 6.56 (s, 1H); 13C NMR (126 MHz, CDCl3) 153.24, 149.13, 141.51, 138.33, 135.94, 135.03, 133.38, 132.45, 129.57, 129.03, 128.34, 124.16, 121.74, 119.79, 118.48, 118.10, 74.10.\n", "5i 4tBu H 56 1H NMR (500 MHz, CDCl3) 8.10 (s, 1H), 7.54 \u2013 7.49 (m, 4H), 7.40 (dd, J = 6.8, 2.9 Hz, 2H), 7.36 \u2013 7.32 (m, 3H), 7.29 (d, J = 8.1 Hz, 2H), 6.95 (d, J = 8.2\n", "Hz, 1H), 6.62 (s, 1H); 13C NMR (126 MHz, CDCl3) 153.59, 142.03, 138.51, 136.99, 134.82, 133.23, 129.95, 129.31, 129.27, 128.97, 128.36, 127.40, 121.76, 118.66, 118.13, 74.86.\n", "5k 4tBu F 60 1H NMR (500 MHz, CDCl3) 8.11 (s, 1H), 7.54 \u2013 7.49 (m, 4H), 7.35 \u2013 7.27 (m, 6H), 6.95 (d, J = 8.4 Hz, 1H), 6.59 (s, 1H).\n", "13C NMR (126 MHz, CDCl3) 153.30, 149.18, 141.65, 138.39, 135.97, 135.47, 135.09, 133.41, 129.53, 129.06, 128.80, 128.38, 121.78, 118.52, 118.15, 74.10.\n", "4tBu Cl 62 1H NMR (500 MHz, CDCl3) 8.12 \u2013 8.09 (m, 1H), 7.54 \u2013 7.49 (m, 4H), 7.40 \u2013 7.36 (m, 2H), 7.29 (d, J = 8.2 Hz, 2H), 7.05 \u2013 6.99 (m, 2H), 6.94 (d, J = 8.4\n", "Hz, 1H), 6.59 (s, 1H); 13C NMR (126 MHz, CDCl3) 164.70, 162.72, 153.32, 149.17, 141.87, 138.42, 134.99, 133.37, 132.95, 132.92, 129.41, 129.40, 129.35, 129.01, 128.37, 121.78, 118.53, 118.15, 116.40, 116.23, 74.15.\n", "5m 4tBu Br 60 1H NMR (500 MHz, CDCl3) 8.10 (s, 1H), 7.54 \u2013 7.45 (m, 7H), 7.29 (d, J = 9.4 Hz, 3H), 6.95 (d, J = 8.4 Hz, 1H), 6.57 (s, 1H);13C NMR (126 MHz,\n", "CDCl3) 153.29, 141.87, 141.59, 138.77, 138.39, 138.06, 135.97, 135.11, 133.42, 132.49, 129.56, 129.07, 128.39, 124.20, 121.78, 119.66, 118.52, 118.15, 74.15.\n"], "3": ["3.\n", "K\u1ebft qu\u1ea3 v\u00e0 th\u1ea3o lu\u1eadn\n", "H\u00ecnh 2.\n", "T\u1ed5ng h\u1ee3p c\u00e1c d\u1eabn xu\u1ea5t 4-hydroxy-[1,1'-biphenyl]-3-carbaldehyde b\u1eb1ng ph\u1ea3n \u1ee9ng Suzuki.\n", "H\u00ecnh 3.\n", "Ph\u1ea3n \u1ee9ng t\u1ed5ng h\u1ee3p c\u00e1c chromene m\u1edbi.\n", "Quy tr\u00ecnh chung c\u1ee7a ph\u1ea3n \u1ee9ng \u0111i\u1ec1u ch\u1ebf chromene 5.\n", "H\u1ed7n h\u1ee3p c\u1ee7a salicylaldehyde, nitrostyrene (1,2 \u0111\u01b0\u01a1ng l\u01b0\u1ee3ng), 1,1,3,3-Trimethylguanidine (TMG) (20% mol), axit p-nitrobenzoic trong 2ml toluene \u0111\u01b0\u1ee3c khu\u1ea5y trong v\u00f2ng 72h t\u1ea1i 80\u00b0C d\u01b0\u1edbi m\u00f4i tr\u01b0\u1eddng kh\u00ed Nit\u01a1.\n", "Sau khi ph\u1ea3n \u1ee9ng k\u1ebft th\u00fac, h\u1ed7n h\u1ee3p \u0111\u01b0\u1ee3c ho\u00e0 tan b\u1eb1ng ethyl acetat (20ml).\n", "Trung ho\u00e0 TMG b\u1eb1ng axit HCl lo\u00e3ng, sau \u0111\u00f3 trung ho\u00e0 l\u1ea1i ph\u1ea7n axit d\u01b0 b\u1eb1ng\n", "NaHCO3.\n", "Chi\u1ebft l\u1ea1i b\u1eb1ng n\u01b0\u1edbc, dung d\u1ecbch n\u01b0\u1edbc mu\u1ed1i b\u00e3o ho\u00e0, pha h\u1eefu c\u01a1 \u0111\u01b0\u1ee3c l\u00e0m kh\u00f4 b\u1eb1ng\n", "Na2SO4 v\u00e0 l\u00e0m bay h\u01a1i d\u01b0\u1edbi \u00e1p su\u1ea5t th\u1ea5p.\n", "H\u1ed7n h\u1ee3p th\u00f4 c\u1ee7a ph\u1ea3n \u1ee9ng \u0111\u01b0\u1ee3c tinh ch\u1ebf b\u1eb1ng ph\u01b0\u01a1ng ph\u00e1p s\u1eafc k\u00ed c\u1ed9t (ethyl acetate/ n-hexane) \u0111\u1ec3 thu \u0111\u01b0\u1ee3c ch\u1ea5t tinh khi\u1ebft.\n", "B\u1eb1ng vi\u1ec7c s\u1eed d\u1ee5ng ph\u1ea3n \u1ee9ng suzuki gi\u1eefa 5-bromo-salicylaldehyde 1 v\u00e0 c\u00e1c d\u1eabn xu\u1ea5t c\u1ee7a axit bronic 2, ch\u00fang t\u00f4i \u0111\u00e3 t\u1ed5ng h\u1ee3p \u0111\u01b0\u1ee3c 4-hydroxy-[1,1'-biphenyl]-3-carbaldehyde 3 v\u1edbi hi\u1ec7u su\u1ea5t cao (h\u00ecnh 2).\n", "D\u1eabn xu\u1ea5t 4-hydroxy- [1,1'-biphenyl]-3-carbaldehyde 3 \u0111i\u1ec1u ch\u1ebf \u0111\u01b0\u1ee3c t\u1eeb ph\u1ea3n \u1ee9ng Suzuki \u0111\u01b0\u1ee3c ng\u01b0ng t\u1ee5 v\u1edbi c\u00e1c nitro styrene kh\u00e1c nhau trong toluene v\u1edbi TMG v\u00e0 p-nitobenzoic l\u00e0m x\u00fac t\u00e1c cho ph\u00e9p t\u1ed5ng h\u1ee3p \u0111\u01b0\u1ee3c 12 chromnene m\u1edbi (h\u00ecnh 3).\n", "V\u1edbi c\u00e1c d\u1eabn xu\u1ea5t chromene m\u1edbi \u0111i\u1ec1u ch\u1ebf \u0111\u01b0\u1ee3c, ch\u00fang t\u00f4i ti\u1ebfn h\u00e0nh th\u1eed ho\u1ea1t t\u00ednh \u0111\u1ed9c t\u00ednh t\u1ebf b\u00e0o c\u1ee7a ch\u00fang tr\u00ean 02 d\u00f2ng t\u1ebf b\u00e0o ung th\u01b0\n", "CEM v\u00e0 H9.\n", "S\u1ef1 c\u00f3 m\u1eb7t c\u1ee7a nh\u00f3m phenyl \u1edf hai ph\u00eda c\u1ee7a c\u1ea5u tr\u00fac chromene \u0111\u00e3 cho nh\u1eefng k\u1ebft qu\u1ea3 t\u1ed1t, (IC50 t\u1eeb 0.22\u00b5M \u0111\u1ebfn 7.34\u00b5M \u0111\u1ed1i v\u1edbi d\u00f2ng CEM v\u00e0 1.06\u00b5M \u0111\u1ebfn 10.12\u00b5M \u0111\u1ed1i v\u1edbi d\u00f2ng H9) t\u01b0\u01a1ng \u0111\u01b0\u01a1ng v\u1edbi ch\u1ea5t DHM25.\n", "S\u1ef1 c\u00f3 m\u1eb7t c\u1ee7a nh\u00f3m Phenyl thay th\u1ebf cho nguy\u00ean t\u1eed brom c\u1ee7a ch\u1ea5t DHM25 \u0111\u00e3 l\u00e0m t\u0103ng c\u00e1c t\u01b0\u01a1ng t\u00e1c - , t\u01b0\u01a1ng t\u00e1c hydro, t\u01b0\u01a1ng t\u00e1c halogen gi\u1eefa c\u00e1c ch\u1ea5t \u0111\u01b0\u1ee3c \u0111i\u1ec1u ch\u1ebf v\u00e0 \u0111\u00edch m\u1ee5c ti\u00eau.\n"], "4": ["4.\n", "K\u1ebft lu\u1eadn\n", "\u0110\u00e3 t\u1ed5ng h\u1ee3p \u0111\u01b0\u1ee3c m\u1ed9t d\u00e3y c\u00e1c d\u1eabn xu\u1ea5t c\u1ee7a 3-nitro-2,6-diphenyl-2H-chromene b\u1eb1ng vi\u1ec7c s\u1eed d\u1ee5ng TMG l\u00e0 baz\u01a1 trong ph\u1ea3n \u1ee9ng ng\u01b0ng t\u1ee5 oxo-Michael.\n", "C\u00e1c d\u1eabn xu\u1ea5t t\u1ed5ng h\u1ee3p \u0111\u01b0\u1ee3c h\u1ee9a h\u1eb9n s\u1ebd mang l\u1ea1i nh\u1eefng k\u1ebft qu\u1ea3 t\u1ed1t h\u01a1n so v\u1edbi ch\u1ea5t chu\u1ea9n Pichromene trong vi\u1ec7c \u1ee9c ch\u1ebf t\u1ebf b\u00e0o ung th\u01b0 nh\u1eb1m t\u00ecm ra khung c\u1ea5u tr\u00fac c\u00f3 th\u1ec3 ph\u00e1t tri\u1ec3n xa h\u01a1n trong vi\u1ec7c t\u00ecm ki\u1ebfm thu\u1ed1c m\u1edbi ch\u1ed1ng ung th\u01b0.\n"]}, "Word count": 1776}