{"title": "T\u1ed9i ph\u1ea1m t\u00ecnh d\u1ee5c t\u1ea1i \u0110\u1ed3ng Nai qua gi\u00e1m \u0111\u1ecbnh y ph\u00e1p trong 3 n\u0103m t\u1eeb 2010 \u0111\u1ebfn 2012\n", "content": {"0": ["T\u00f3m t\u1eaft: T\u1ed9i ph\u1ea1m t\u00ecnh d\u1ee5c hi\u1ec7n \u0111ang t\u0103ng nhanh g\u00e2y \u1ea3nh h\u01b0\u1edfng s\u00e2u s\u1eafc \u0111\u1ebfn s\u1ee9c kho\u1ebb c\u1ee7a n\u1ea1n nh\u00e2n.\n", "Nghi\u00ean c\u1ee9u \u0111\u01b0\u1ee3c th\u1ef1c hi\u1ec7n t\u1ea1i trung t\u00e2m Ph\u00e1p Y \u0110\u1ed3ng Nai trong th\u1eddi gian t\u1eeb 01/01/2010 \u0111\u1ebfn 30/10/2012, ch\u00fang t\u00f4i thu th\u1eadp \u0111\u01b0\u1ee3c 354 n\u1ea1n nh\u00e2n.\n", "S\u1ed1 n\u1ea1n nh\u00e2n \u1edf l\u1ee9a tu\u1ed5i d\u01b0\u1edbi 15 l\u00e0 63,1%; t\u1eeb 16 - 25 l\u00e0 33,3%; hi\u1ebfm g\u1eb7p tr\u00ean 36 tu\u1ed5i.\n", "Trong \u0111\u00f3 4,8 % s\u1ed1 n\u1ea1n nh\u00e2n \u0111\u1ebfn kh\u00e1m ngay sau khi b\u1ecb n\u1ea1n; trong 12h l\u00e0 18,6%; sau 24h l\u00e0 15,1% v\u00e0 13% n\u1ea1n nh\u00e2n \u0111\u1ebfn kh\u00e1m sau 1 th\u00e1ng.\n", "S\u1ed1 n\u1ea1n nh\u00e2n b\u1ecb th\u01b0\u01a1ng t\u00edch \u1edf c\u00e1c v\u1ecb tr\u00ed ngo\u00e0i v\u00f9ng sinh d\u1ee5c chi\u1ebfm 4,9%; ch\u1ee7 y\u1ebfu g\u1eb7p x\u00e2y s\u00e1t da tay, ch\u00e2n.\n", "R\u00e1ch m\u00e0ng trinh chi\u1ebfm t\u1ef7 l\u1ec7 66,9% bao g\u1ed3m r\u00e1ch c\u0169 v\u00e0 m\u1edbi; t\u1ee5 m\u00e1u m\u00e0ng trinh chi\u1ebfm 13,8%.\n", "C\u00f3 33,1% s\u1ed1 n\u1ea1n nh\u00e2n kh\u00f4ng r\u00e1ch m\u00e0ng trinh.\n", "T\u1eeb kho\u00e1: T\u1ed9i ph\u1ea1m t\u00ecnh d\u1ee5c, gi\u00e1m \u0111\u1ecbnh Ph\u00e1p y, v\u00f9ng sinh d\u1ee5c, m\u00e0ng trinh, r\u00e1ch m\u00e0ng trinh c\u0169 v\u00e0 m\u1edbi.\n"], "1": ["1.\n", "\u0110\u1eb7t v\u1ea5n \u0111\u1ec1\n", "Do t\u00e1c \u0111\u1ed9ng nhi\u1ec1u m\u1eb7t c\u1ee7a \u0111\u1eddi s\u1ed1ng x\u00e3 h\u1ed9i, s\u1ed1 v\u1ee5 t\u1ed9i ph\u1ea1m t\u00ecnh d\u1ee5c hi\u1ec7n \u0111ang t\u0103ng nhanh, r\u1ea5t \u0111a d\u1ea1ng v\u00e0 m\u1edf r\u1ed9ng tr\u00ean ph\u1ea1m vi to\u00e0n c\u1ea7u c\u0169ng nh\u01b0 \u1edf Vi\u1ec7t Nam.\n", "B\u1ea1o l\u1ef1c t\u00ecnh d\u1ee5c th\u01b0\u1eddng g\u00e2y ra nh\u1eefng \u1ea3nh h\u01b0\u1edfng s\u00e2u s\u1eafc \u0111\u1ebfn s\u1ee9c kho\u1ebb c\u1ee7a n\u1ea1n nh\u00e2n do b\u1ecb th\u01b0\u01a1ng t\u00edch, v\u1ea5n \u0111\u1ec1 t\u00ecnh d\u1ee5c v\u00e0 sinh s\u1ea3n c\u0169ng nh\u01b0 suy s\u1ee5p v\u1ec1 tinh th\u1ea7n [1].\n", "N\u0103m 2002, T\u1ed5 ch\u1ee9c Y t\u1ebf th\u1ebf gi\u1edbi (W.H.O) \u0111\u01b0a ra B\u00e1o c\u00e1o th\u1ebf gi\u1edbi v\u1ec1 b\u1ea1o l\u1ef1c v\u00e0 s\u1ee9c kho\u1ebb, l\u00e0 b\u00e1o c\u00e1o \u0111\u1ea7u ti\u00ean c\u1ee7a lo\u1ea1i h\u00ecnh n\u00e0y v\u1ec1 v\u1ea5n \u0111\u1ec1 b\u1ea1o l\u1ef1c t\u00ecnh d\u1ee5c, \u0111\u01b0\u1ee3c xem l\u00e0 v\u1ea5n \u0111\u1ec1 nghi\u00eam tr\u1ecdng v\u1edbi s\u1ee9c kho\u1ebb c\u1ee7a c\u1ed9ng \u0111\u1ed3ng.\n", "T\u1eeb nh\u1eefng nh\u1eadn th\u1ee9c v\u1ec1 t\u1ea7m quan tr\u1ecdng c\u1ee7a v\u1ea5n \u0111\u1ec1 n\u00eau tr\u00ean, \u0111\u1ec1 t\u00e0i T\u1ed9i ph\u1ea1m t\u00ecnh d\u1ee5c t\u1ea1i \u0110\u1ed3ng Nai qua gi\u00e1m \u0111\u1ecbnh Y Ph\u00e1p trong 3 n\u0103m 2010 - 2012 \u0111\u01b0\u1ee3c ti\u1ebfn h\u00e0nh nh\u1eb1m t\u00ecm hi\u1ec3u m\u1ed1i li\u00ean quan v\u1ec1 tu\u1ed5i, th\u1eddi gian v\u00e0 h\u00ecnh th\u00e1i t\u1ed5n th\u01b0\u01a1ng b\u1ed9 ph\u1eadn sinh d\u1ee5c \u1edf nh\u1eefng n\u1ea1n nh\u00e2n \u0111\u00e3 \u0111\u01b0\u1ee3c gi\u00e1m \u0111\u1ecbnh t\u1ea1i trung t\u00e2m Ph\u00e1p Y t\u1ec9nh \u0110\u1ed3ng Nai, qua \u0111\u00f3 \u0111\u01b0a ra nh\u1eefng nh\u1eadn x\u00e9t v\u1edbi hy v\u1ecdng g\u00f3p ph\u1ea7n l\u00e0m cho c\u00f4ng t\u00e1c gi\u00e1m \u0111\u1ecbnh Y Ph\u00e1p t\u1eebng b\u01b0\u1edbc \u0111\u01b0\u1ee3c ho\u00e0n ch\u1ec9nh h\u01a1n.\n"], "2": ["2.\n", "\u0110\u1ed1i t\u01b0\u1ee3ng v\u00e0 ph\u01b0\u01a1ng ph\u00e1p nghi\u00ean c\u1ee9u 2.1.\n", "\u0110\u1ed1i t\u01b0\u1ee3ng nghi\u00ean c\u1ee9u\n", "L\u00e0 nh\u1eefng n\u1ea1n nh\u00e2n \u0111\u01b0\u1ee3c Trung t\u00e2m Ph\u00e1p Y t\u1ec9nh \u0110\u1ed3ng Nai gi\u00e1m \u0111\u1ecbnh trong th\u1eddi gian t\u1eeb 01/1/2010 \u0111\u1ebfn 30/10/2012, ch\u00fang t\u00f4i thu th\u1eadp \u0111\u01b0\u1ee3c 354 tr\u01b0\u1eddng h\u1ee3p, to\u00e0n b\u1ed9 s\u1ed1 n\u1ea1n nh\u00e2n \u0111\u1ec1u l\u00e0 n\u1eef gi\u1edbi.\n", "2.2.\n", "Ph\u01b0\u01a1ng ph\u00e1p nghi\u00ean c\u1ee9u\n", "Nghi\u00ean c\u1ee9u m\u00f4 t\u1ea3 bao g\u1ed3m h\u1ed3i c\u1ee9u v\u00e0 ti\u1ebfn c\u1ee9u - H\u1ed3i c\u1ee9u t\u1eeb 01/1/2010 \u0111\u1ebfn 30/10/2011 - Ti\u1ebfn c\u1ee9u t\u1eeb 1/11/2011 \u0111\u1ebfn 30/10/2012 2.3.\n", "X\u1eed l\u00fd s\u1ed1 li\u1ec7u\n", "C\u00e1c \u0111\u1ed1i t\u01b0\u1ee3ng nghi\u00ean c\u1ee9u \u0111\u01b0\u1ee3c khai th\u00e1c \u0111\u1ea7y \u0111\u1ee7 th\u00f4ng tin v\u1ec1: - Tu\u1ed5i: S\u1eafp x\u1ebfp theo b\u1ea3ng ph\u00e2n lo\u1ea1i nh\u00f3m tu\u1ed5i c\u1ee7a WHO - N\u01a1i x\u1ea3y ra tai n\u1ea1n : s\u1eafp x\u1ebfp theo th\u00e0nh ph\u1ed1, th\u1ecb x\u00e3, n\u00f4ng th\u00f4n...\n", "- Kho\u1ea3ng th\u1eddi gian t\u1eeb khi b\u1ecb n\u1ea1n \u0111\u1ebfn khi \u0111\u01b0\u1ee3c \u0111i gi\u00e1m \u0111\u1ecbnh: L\u1eadp b\u1ea3ng theo kho\u1ea3ng th\u1eddi gian k\u1ec3 t\u1eeb khi b\u1ecb n\u1ea1n \u0111\u1ebfn khi \u0111\u01b0\u1ee3c gi\u00e1m \u0111\u1ecbnh - L\u1eadp b\u1ea3ng th\u1ed1ng k\u00ea v\u00e0 ph\u00e2n lo\u1ea1i t\u1ed5n th\u01b0\u01a1ng tr\u00ean th\u00e2n th\u1ec3 n\u1ea1n nh\u00e2n c\u0169ng nh\u01b0 t\u1ea1i v\u00f9ng sinh d\u1ee5c - Ph\u00e2n lo\u1ea1i t\u1ed5n th\u01b0\u01a1ng: T\u1ed5n th\u01b0\u01a1ng t\u1ea1i v\u00f9ng h\u1eadu m\u00f4n sinh d\u1ee5c bao g\u1ed3m t\u1ed5n th\u01b0\u01a1ng t\u1ea1i v\u00f9ng mu, m\u00f4i l\u1edbn, m\u00f4i nh\u1ecf, quanh l\u1ed7 \u0111\u00e1i, \u0111\u00e1y ch\u1eadu v\u00e0 t\u1ed5n th\u01b0\u01a1ng b\u00ean trong t\u1ea1i ti\u1ec1n \u0111\u00ecnh, m\u00e0ng trinh, \u00e2m \u0111\u1ea1o v\u00e0 c\u1ed5 t\u1eed cung, h\u1eadu m\u00f4n - tr\u1ef1c tr\u00e0ng [1, 2, 4].\n", "- S\u1ed1 li\u1ec7u thu th\u1eadp \u0111\u01b0\u1ee3c x\u1eed l\u00fd tr\u00ean ph\u1ea7n m\u1ec1m\n", "Excel 2007.\n"], "3": ["3.\n", "K\u1ebft qu\u1ea3 nghi\u00ean c\u1ee9u 3.1.\n", "Tu\u1ed5i n\u1ea1n nh\u00e2n\n", "B\u1ea3ng 1.\n", "Th\u1ed1ng k\u00ea tu\u1ed5i\n", "Tu\u1ed5i S\u1ed1 l\u01b0\u1ee3ng T\u1ef7 l\u1ec7 (%) 1-15 223 63,1 16-25 118 33,3 26-35 08 2,1 36-60 03 0,9 > 60 02 0,6\n", "T\u1ed5ng 354 100%\n", "Nh\u1eadn x\u00e9t: S\u1ed1 n\u1ea1n nh\u00e2n ch\u1ee7 y\u1ebfu \u1edf l\u1ee9a tu\u1ed5i d\u01b0\u1edbi 15 v\u1edbi t\u1ef7 l\u1ec7 63,1%, s\u1ed1 n\u1ea1n nh\u00e2n t\u1eeb 16 - 25 l\u00e0 33,3%.\n", "hi\u1ebfm g\u1eb7p tr\u00ean 36 tu\u1ed5i.\n", "3.2.\n", "N\u01a1i x\u1ea3y ra\n", "B\u1ea3ng 2.\n", "N\u01a1i x\u1ea3y ra\n", "N\u01a1i x\u1ea3y ra S\u1ed1 l\u01b0\u1ee3ng T\u1ef7 l\u1ec7 %\n", "Th\u00e0nh ph\u1ed1 105 29,7\n", "Huy\u1ec7n - th\u1ecb x\u00e3 80 22,6\n", "V\u00f9ng xa x\u00f4i 152 42,9\n", "Kh\u00f4ng r\u00f5 17 4,8\n", "T\u1ed5ng 354 100%\n", "Nh\u1eadn x\u00e9t: S\u1ed1 v\u1ee5 vi\u1ec7c x\u1ea3y ra \u1edf v\u00f9ng xa x\u00f4i h\u1ebbo l\u00e1nh chi\u1ebfm 42,9% 3.3.\n", "Th\u1eddi gian \u0111\u1ebfn kh\u00e1m\n", "B\u1ea3ng 3.\n", "Th\u1eddi gian \u0111\u1ebfn kh\u00e1m\n", "Lo\u1ea1i S\u1ed1 l\u01b0\u1ee3ng T\u1ed5ng (%)\n", "Trong gi\u1edd \u0111\u1ea7u 17 4,8\n", "Tr\u01b0\u1edbc 12h 66 18,6\n", "Sau 24h 53 15,1\n", "Sau 48h 23 6,5\n", "Sau 72h 45 12,7\n", "Sau 5 ng\u00e0y 21 5,9\n", "Sau 1 tu\u1ea7n 63 17,8\n", "Sau 1 th\u00e1ng 46 13,0\n", "Kh\u00f4ng x\u00e1c \u0111\u1ecbnh 20 5,6\n", "T\u1ed5ng 354 100%\n", "Nh\u1eadn x\u00e9t: C\u00f3 4,8 % s\u1ed1 n\u1ea1n nh\u00e2n \u0111\u1ebfn kh\u00e1m ngay sau khi b\u1ecb n\u1ea1n, trong 12h l\u00e0 18,6%, sau 24h l\u00e0 15,1%.\n", "C\u00f3 13% n\u1ea1n nh\u00e2n \u0111\u1ebfn kh\u00e1m sau 1 th\u00e1ng.\n", "3.4.\n", "T\u1ed5n th\u01b0\u01a1ng \u1edf c\u00e1c v\u00f9ng tr\u00ean th\u00e2n th\u1ec3 n\u1ea1n nh\u00e2n\n", "B\u1ea3ng 4.\n", "T\u1ed5n th\u01b0\u01a1ng \u1edf c\u00e1c v\u00f9ng tr\u00ean th\u00e2n th\u1ec3 n\u1ea1n nh\u00e2n\n", "N\u01a1i t\u1ed5n th\u01b0\u01a1ng S\u1ed1 l\u01b0\u1ee3ng T\u1ed5ng (%)\n", "\u0110\u1ea7u m\u1eb7t 02\n", "C\u1ed5 01\n", "Ng\u1ef1c/B\u1ee5ng 02\n", "L\u01b0ng 02\n", "Tay ch\u00e2n 11 4,9\n", "Kh\u00f4ng c\u00f3 th\u01b0\u01a1ng t\u00edch 336 95,1\n", "T\u1ed5ng 354 100%\n", "Nh\u1eadn x\u00e9t: S\u1ed1 n\u1ea1n nh\u00e2n b\u1ecb th\u01b0\u01a1ng t\u00edch \u1edf c\u00e1c v\u1ecb tr\u00ed ngo\u00e0i v\u00f9ng sinh d\u1ee5c chi\u1ebfm 4,9%, ch\u1ee7 y\u1ebfu g\u1eb7p x\u00e2y s\u00e1t da tay, ch\u00e2n.\n", "3.5.\n", "Ph\u00e2n lo\u1ea1i t\u1ed5n th\u01b0\u01a1ng t\u1ea1i b\u1ed9 ph\u1eadn sinh d\u1ee5c\n", "B\u1ea3ng 5.\n", "Ph\u00e2n lo\u1ea1i t\u1ed5n th\u01b0\u01a1ng t\u1ea1i b\u1ed9 ph\u1eadn sinh d\u1ee5c\n", "Ph\u00e2n lo\u1ea1i t\u1ed5n th\u01b0\u01a1ng\n", "X\u00e2y s\u00e1t\n", "T\u1ef7 l\u1ec7 (%)\n", "B\u1ea7m t\u1ee5 m\u00e1u\n", "T\u1ef7 l\u1ec7 (%)\n", "R\u00e1ch\n", "T\u1ef7 l\u1ec7 (%)\n", "T\u1ed5n th\u01b0\u01a1ng kh\u00e1c\n", "T\u1ef7 l\u1ec7 (%)\n", "V\u00f9ng sinh d\u1ee5c 03 0,9 03 0,9 00 0,0 00 0,0\n", "M\u00f4i l\u1edbn 03 0,9 03 0,9 00 0,0 00 0,0\n", "M\u00f4i nh\u1ecf 02 0,6 30 8,5 00 0,0 00 0,0\n", "M\u00e0ng trinh 00 0,0 49 13,8 237 66,9 00 0,0\n", "\u00c2m \u0111\u1ea1o 02 0,6 03 0,9 02 0,6 07 2,0\n", "T\u1ea7ng sinh m\u00f4n 07 2,0 00 0,0 02 0,6 00 0,0\n", "Kh\u00f4ng t\u1ed5n th\u01b0\u01a1ng 337 95,0 266 75,0 113 31,9 347 98,0\n", "T\u1ed5ng 354 100% 354 100% 354 100% 354 100%\n", "Nh\u1eadn x\u00e9t: R\u00e1ch m\u00e0ng trinh chi\u1ebfm t\u1ef7 l\u1ec7 66,9% bao g\u1ed3m r\u00e1ch c\u0169 v\u00e0 m\u1edbi, t\u1ee5 m\u00e1u m\u00e0ng trinh chi\u1ebfm 13,8%.\n", "3.6.\n", "Ph\u00e2n lo\u1ea1i h\u00ecnh th\u00e1i m\u00e0ng trinh\n", "B\u1ea3ng 6.\n", "Ph\u00e2n lo\u1ea1i h\u00ecnh th\u00e1i m\u00e0ng trinh\n", "Lo\u1ea1i S\u1ed1 ca T\u1ef7 l\u1ec7%\n", "H\u00ecnh hoa kh\u1ebf 42 11,9\n", "H\u00ecnh khe 40 11,3\n", "H\u00ecnh Tr\u00f2n 61 17,2\n", "H\u00ecnh b\u00e1n nguy\u1ec7t 84 23,7\n", "H\u00ecnh ch\u00f3p 110 31,1\n", "Kh\u00f4ng r\u00f5 17 4,8\n", "T\u1ed5ng 354 100%\n", "Nh\u1eadn x\u00e9t: M\u00e0ng trinh h\u00ecnh ch\u00f3p chi\u1ebfm 31,1%, ti\u1ebfp \u0111\u1ebfn l\u00e0 m\u00e0ng trinh h\u00ecnh b\u00e1n nguy\u1ec7t 23,7%.\n", "M\u00e0ng trinh h\u00ecnh tr\u00f2n, hoa kh\u1ebf, b\u00e1n nguy\u1ec7t c\u00f3 t\u1ef7 l\u1ec7 ngang nhau.\n", "3.7.\n", "Ph\u00e2n lo\u1ea1i t\u1ed5n th\u01b0\u01a1ng m\u00e0ng trinh\n", "B\u1ea3ng 7.\n", "Ph\u00e2n lo\u1ea1i t\u1ed5n th\u01b0\u01a1ng m\u00e0ng trinh\n", "Ph\u00e2n lo\u1ea1i t\u1ed5n th\u01b0\u01a1ng m\u00e0ng trinh\n", "S\u1ed1 l\u01b0\u1ee3ng T\u1ed5ng (%)\n", "Kh\u00f4ng r\u00e1ch 117 33,1\n", "R\u00e1ch m\u1edbi 49 13,8\n", "R\u00e1ch c\u0169 188 53,1\n", "T\u1ed5ng 354 100%\n", "Nh\u1eadn x\u00e9t: T\u1ef7 l\u1ec7 r\u00e1ch c\u0169 m\u00e0ng trinh chi\u1ebfm \u0111a s\u1ed1 v\u1edbi 53,1%, r\u00e1ch m\u1edbi l\u00e0 13,8%.\n", "C\u00f3 33,1% s\u1ed1 n\u1ea1n nh\u00e2n kh\u00f4ng r\u00e1ch m\u00e0ng trinh.\n"], "4": ["4.\n", "B\u00e0n lu\u1eadn\n", "Tu\u1ed5i n\u1ea1n nh\u00e2n: S\u1ed1 li\u1ec7u \u1edf b\u1ea3ng 1 cho th\u1ea5y tr\u1ebb em d\u01b0\u1edbi 15 tu\u1ed5i chi\u1ebfm t\u1ef7 l\u1ec7 cao nh\u1ea5t v\u1edbi 63,1%, ti\u1ebfp \u0111\u1ebfn l\u00e0 n\u1ea1n nh\u00e2n trong nh\u00f3m tu\u1ed5i 16-25 v\u1edbi t\u1ef7 l\u1ec7 33,3%.\n", "C\u00e1c nh\u00e0 nghi\u00ean c\u1ee9u x\u00e3 h\u1ed9i h\u1ecdc cho r\u1eb1ng \u1edf l\u1ee9a tu\u1ed5i n\u00e0y do \u00fd th\u1ee9c v\u00e0 s\u1ef1 hi\u1ec3u bi\u1ebft ch\u01b0a \u0111\u1ea7y \u0111\u1ee7 n\u00ean n\u1ea1n nh\u00e2n d\u1ec5 b\u1ecb d\u1ee5 d\u1ed7 ho\u1eb7c v\u00ec s\u1ef1 \u0111ua \u0111\u00f2i theo b\u1ea1n b\u00e8, ho\u1eb7c n\u1ea1n nh\u00e2n c\u00f2n nh\u1ecf kh\u00f4ng c\u00f3 kh\u1ea3 n\u0103ng ch\u1ed1ng \u0111\u1ee1 tr\u01b0\u1edbc hung th\u1ee7.\n", "Trong nghi\u00ean c\u1ee9u ch\u00fang t\u00f4i ghi nh\u1eadn n\u1ea1n nh\u00e2n nh\u1ecf tu\u1ed5i nh\u1ea5t l\u00e0 ch\u00e1u g\u00e1i ch\u01b0a \u0111\u1ea7y 1 tu\u1ed5i (SHS: 1139/G\u0110PY/2011).\n", "Hi\u1ebfp d\u00e2m tr\u1ebb em hi\u1ec7n \u0111ang l\u00e0 v\u1ea5n n\u1ea1n \u1edf nhi\u1ec1u qu\u1ed1c gia tr\u00ean th\u1ebf gi\u1edbi v\u00e0 Vi\u1ec7t Nam [1, 3, 6].\n", "N\u01a1i x\u1ea3y ra: B\u1ea3ng 2 ghi nh\u1eadn s\u1ed1 n\u1ea1n nh\u00e2n \u1edf v\u00f9ng xa x\u00f4i h\u1ebbo l\u00e1nh chi\u1ebfm 42,9%, ti\u1ebfp \u0111\u1ebfn l\u00e0 nh\u00f3m n\u1ea1n nh\u00e2n \u1edf th\u00e0nh ph\u1ed1 v\u1edbi t\u1ef7 l\u1ec7 29,7% v\u00e0 th\u1ecb x\u00e3 - huy\u1ec7n l\u00e0 22,6%.\n", "S\u1ed1 li\u1ec7u trong nghi\u00ean c\u1ee9u c\u1ee7a ch\u00fang t\u00f4i c\u00f3 kh\u00e1c so v\u1edbi s\u1ed1 li\u1ec7u trong c\u00e1c nghi\u00ean c\u1ee9u tr\u01b0\u1edbc \u0111\u00e2y v\u1ec1 t\u00ecnh h\u00ecnh t\u1ed9i ph\u1ea1m t\u00ecnh d\u1ee5c, s\u1ed1 li\u1ec7u trong c\u00e1c c\u00f4ng tr\u00ecnh nghi\u00ean c\u1ee9u tr\u01b0\u1edbc \u0111\u1ec1u ghi nh\u1eadn s\u1ed1 v\u1ee5 vi\u1ec7c x\u1ea3y ra ch\u1ee7 y\u1ebfu t\u1ea1i c\u00e1c \u0111\u1ecba b\u00e0n th\u00e0nh ph\u1ed1, th\u1ecb x\u00e3 ho\u1eb7c khu du l\u1ecbch.\n", "C\u00f3 th\u1ec3 do s\u1ef1 ph\u00e1t tri\u1ec3n kinh t\u1ebf \u0111\u00e3 xo\u00e1 \u0111i s\u1ef1 kh\u00e1c bi\u1ec7t v\u1ec1 kho\u1ea3ng c\u00e1ch v\u00f9ng mi\u1ec1n v\u00e0 \u0111\u1eb7c bi\u1ec7t l\u00e0 s\u1ef1 ph\u00e1t tri\u1ec3n v\u1ec1 internet \u0111\u00e3 g\u00f3p ph\u1ea7n t\u1ea1o n\u00ean s\u1ef1 kh\u00e1c bi\u1ec7t so v\u1edbi tr\u01b0\u1edbc \u0111\u00e2y [1].\n", "Th\u1eddi gian \u0111\u1ebfn kh\u00e1m: C\u00f3 17 n\u1ea1n nh\u00e2n \u0111\u1ebfn gi\u00e1m \u0111\u1ecbnh trong trong v\u00f2ng 1h k\u1ec3 t\u1eeb sau khi b\u1ecb n\u1ea1n (4,8%), ch\u1eadm nh\u1ea5t l\u00e0 sau 1 th\u00e1ng c\u00f3 46 n\u1ea1n nh\u00e2n (5,6%).\n", "Tr\u01b0\u1eddng h\u1ee3p n\u1ea1n nh\u00e2n \u0111\u1ebfn gi\u00e1m \u0111\u1ecbnh s\u1edbm hay mu\u1ed9n ph\u1ee5 thu\u1ed9c v\u00e0o r\u1ea5t nhi\u1ec1u y\u1ebfu t\u1ed1 t\u00e2m l\u00fd nh\u01b0 x\u1ea5u h\u1ed5, s\u1ee3 h\u00e3i, t\u1ee7i th\u00e2n d\u1eabn \u0111\u1ebfn khai b\u00e1o mu\u1ed9n, b\u1ea3ng.3 cho th\u1ea5y s\u1ed1 n\u1ea1n nh\u00e2n \u0111\u1ebfn kh\u00e1m sau 1 tu\u1ea7n l\u00e0 17,8%.\n", "Ch\u00ednh \u0111i\u1ec1u n\u00e0y \u0111\u00e3 l\u00e0m \u1ea3nh h\u01b0\u1edfng \u0111\u1ebfn ch\u1ea5t l\u01b0\u1ee3ng c\u1ee7a k\u1ebft lu\u1eadn gi\u00e1m \u0111\u1ecbnh khi m\u00e0 c\u00e1c d\u1ea5u v\u1ebft sinh h\u1ecdc kh\u00f4ng c\u00f2n, c\u00e1c v\u1ebft th\u01b0\u01a1ng \u0111\u00e3 t\u1ef1 kh\u1ecfi, nhi\u1ec1u th\u1eddi \u0111\u00e3 d\u1eabn \u0111\u1ebfn nh\u1eefng h\u1eadu qu\u1ea3 \u0111\u00e1ng ti\u1ebfc nh\u01b0 b\u1ecb vi\u00eam nhi\u1ec5m \u0111\u01b0\u1eddng sinh d\u1ee5c (b\u1ea3ng 3.5) ho\u1eb7c nhi\u1ec1u n\u1ea1n nh\u00e2n khi \u0111\u1ebfn gi\u00e1m \u0111\u1ecbnh \u0111\u00e3 c\u00f3 thai (SHS: 0271/G\u0110PY/2010, 0578/ G\u0110PY/2010, 1234/G\u0110PY/2010...).\n", "T\u1ed5n th\u01b0\u01a1ng tr\u00ean th\u00e2n th\u1ec3 n\u1ea1n nh\u00e2n (ngo\u00e0i v\u00f9ng sinh d\u1ee5c): Trong t\u1ed5ng s\u1ed1 354 n\u1ea1n nh\u00e2n, s\u1ed1 n\u1ea1n nh\u00e2n b\u1ecb th\u01b0\u01a1ng t\u00edch \u1edf c\u00e1c v\u00f9ng tr\u00ean th\u00e2n th\u1ec3 ch\u1ee7 y\u1ebfu l\u00e0 nh\u1eefng t\u1ed5n th\u01b0\u01a1ng b\u00ean ngo\u00e0i nh\u01b0 x\u00e2y s\u00e1t da, b\u1ea7m t\u1ee5 r\u00e1ch da...\n", "kh\u00f4ng g\u1eb7p tr\u01b0\u1eddng h\u1ee3p n\u00e0o c\u00f3 ch\u1ea5n th\u01b0\u01a1ng n\u1ed9i t\u1ea1ng, ngo\u1ea1i tr\u1eeb 1 gi\u00e1m \u0111\u1ecbnh c\u00f3 b\u1ecb g\u00e3y \u0111\u1ea7u d\u01b0\u1edbi x\u01b0\u01a1ng quay \u0111\u00e3 \u0111\u01b0\u1ee3c n\u1eb9p b\u1ed9t c\u1ed1 \u0111\u1ecbnh (SHS: 0988/G\u0110PY/2010), trong h\u1ed3 s\u01a1 gi\u00e1m \u0111\u1ecbnh kh\u00f4ng th\u1ea5y x\u00e1c \u0111\u1ecbnh t\u1ed5n th\u01b0\u01a1ng n\u00e0y l\u00e0 h\u1eadu qu\u1ea3 tr\u1ef1c ti\u1ebfp c\u1ee7a h\u00e0nh vi x\u00e2m h\u1ea1i t\u00ecnh d\u1ee5c hay n\u1ea1n nh\u00e2n b\u1ecb th\u01b0\u01a1ng t\u1eeb tr\u01b0\u1edbc khi s\u1ef1 vi\u1ec7c x\u1ea3y ra.\n", "K\u1ebft qu\u1ea3 nghi\u00ean c\u1ee9u c\u1ee7a ch\u00fang t\u00f4i ph\u00f9 h\u1ee3p v\u1edbi s\u1ed1 li\u1ec7u b\u00e1o c\u00e1o c\u1ee7a nhi\u1ec1u t\u00e1c gi\u1ea3 trong v\u00e0 ngo\u00e0i n\u01b0\u1edbc khi nghi\u00ean c\u1ee9u v\u1ec1 ph\u00e2n lo\u1ea1i v\u00e0 m\u1ee9c \u0111\u1ed9 th\u01b0\u01a1ng t\u00edch tr\u00ean th\u00e2n th\u1ec3 n\u1ea1n nh\u00e2n b\u1ecb c\u01b0\u1ee1ng b\u1ee9c t\u00ecnh d\u1ee5c [1, 2].\n", "T\u1ed5n th\u01b0\u01a1ng t\u1ea1i c\u01a1 quan sinh d\u1ee5c: Theo ph\u00e2n lo\u1ea1i c\u1ee7a Sommers (2006) v\u00e0 Slaughter &\n", "Brown (1992) ch\u1ea5n th\u01b0\u01a1ng b\u1ed9 ph\u1eadn sinh d\u1ee5c l\u00e0 b\u1ea5t k\u1ef3 t\u1ed5n th\u01b0\u01a1ng n\u00e0o x\u1ea3y ra t\u1ea1i v\u00f9ng h\u1eadu m\u00f4n sinh d\u1ee5c bao g\u1ed3m t\u1ed5n th\u01b0\u01a1ng b\u00ean ngo\u00e0i nh\u01b0 v\u00f9ng mu, m\u00f4i l\u1edbn, m\u00f4i nh\u1ecf, quanh l\u1ed7 \u0111\u00e1i, \u0111\u00e1y ch\u1eadu v\u00e0 t\u1ed5n th\u01b0\u01a1ng b\u00ean trong nh\u01b0 h\u1ed1 ti\u1ec1n \u0111\u00ecnh, m\u00e0ng trinh, \u00e2m \u0111\u1ea1o v\u00e0 c\u1ed5 t\u1eed cung, h\u1eadu m\u00f4n - tr\u1ef1c tr\u00e0ng [6].\n", "Trong nghi\u00ean c\u1ee9u, ch\u00fang t\u00f4i ghi nh\u1eadn t\u1ed5n th\u01b0\u01a1ng n\u1eb7ng nh\u1ea5t m\u00e0 n\u1ea1n nh\u00e2n ph\u1ea3i g\u00e1nh ch\u1ecbu l\u00e0 r\u00e1ch t\u1ea7ng sinh m\u00f4n, trong \u0111\u00f3 1 0649/G\u0110PY 2010).\n", "T\u1ed5n th\u01b0\u01a1ng hay g\u1eb7p nh\u1ea5t l\u00e0 r\u00e1ch m\u00e0ng trinh trong \u0111\u00f3 r\u00e1ch m\u1edbi l\u00e0 49 v\u00e0 r\u00e1ch c\u0169 l\u00e0 188 (b\u1ea3ng 7), ti\u1ebfp \u0111\u1ebfn l\u00e0 b\u1ea7m t\u1ee5 m\u00e1u m\u00f4i nh\u1ecf v\u1edbi t\u1ef7 l\u1ec7 8,5%.\n", "T\u1ed5n th\u01b0\u01a1ng x\u00e2y s\u00e1t da b\u1ea7m t\u1ee5 m\u00e1u \u1edf m\u00f4i l\u1edbn, \u00e2m \u0111\u1ea1o, t\u1ea7ng sinh m\u00f4n ch\u1ec9 xu\u1ea5t hi\u1ec7n v\u1edbi t\u1ef7 l\u1ec7 r\u1ea5t nh\u1ecf, c\u00f3 th\u1ec3 do n\u1ea1n nh\u00e2n \u0111\u1ebfn kh\u00e1m mu\u1ed9n ho\u1eb7c do t\u1ed5n th\u01b0\u01a1ng nh\u1eb9 n\u00ean kh\u00f4ng \u0111\u1ec3 l\u1ea1i d\u1ea5u v\u1ebft sau m\u1ed9t v\u00e0i ng\u00e0y.\n", "S\u1ed1 li\u1ec7u trong nghi\u00ean c\u1ee9u c\u1ee7a ch\u00fang t\u00f4i ph\u00f9 h\u1ee3p v\u1edbi k\u1ebft qu\u1ea3 nghi\u00ean c\u1ee9u c\u1ee7a nhi\u1ec1u t\u00e1c gi\u1ea3 n\u01b0\u1edbc ngo\u00e0i v\u1ec1 m\u1ee9c \u0111\u1ed9 v\u00e0 t\u1ef7 l\u1ec7 t\u1ed5n th\u01b0\u01a1ng b\u1ed9 ph\u1eadn sinh d\u1ee5c \u1edf nh\u1eefng n\u1ea1n nh\u00e2n b\u1ecb t\u1ea5n c\u00f4ng t\u00ecnh d\u1ee5c.\n", "Theo c\u00e1c t\u00e1c gi\u1ea3 n\u01b0\u1edbc ngo\u00e0i, s\u1ed1 li\u1ec7u kh\u00e1c nhau tu\u1ef3 theo c\u00e1ch kh\u00e1m v\u1edbi ph\u1ea1m vi t\u1eeb 5% b\u1eb1ng ph\u01b0\u01a1ng ph\u00e1p quan s\u00e1t tr\u1ef1c ti\u1ebfp b\u1eb1ng m\u1eaft th\u01b0\u1eddng (Massey et al, 1971) \u0111\u1ebfn 87% v\u1edbi k\u1ef9 thu\u1eadt soi c\u1ed5 t\u1eed cung (Slaughter &\n", "Brown, 1992) [5].\n", "Trong m\u1ed9t nghi\u00ean c\u1ee9u tr\u00ean 480 n\u1ea1n nh\u00e2n b\u1ecb c\u01b0\u1ee1ng/ hi\u1ebfp d\u00e2m, Massey v\u00e0 c\u1ed9ng s\u1ef1 (1971) ghi nh\u1eadn ch\u1ec9 c\u00f3 5,2% s\u1ed1 n\u1ea1n nh\u00e2n b\u1ecb t\u1ed5n th\u01b0\u01a1ng b\u1ed9 ph\u1eadn sinh d\u1ee5c khi kh\u00e1m b\u1eb1ng m\u1eaft th\u01b0\u1eddng.\n", "C\u0169ng theo ph\u01b0\u01a1ng ph\u00e1p n\u00e0y Hayman v\u00e0 c\u1ed9ng s\u1ef1 (1972) khi th\u0103m kh\u00e1m cho 1233 ph\u1ee5 n\u1eef v\u00e0 tr\u1ebb em b\u1ecb c\u01b0\u1ee1ng hi\u1ebfp d\u00e2m ghi nh\u1eadn c\u00f3 20 n\u1ea1n nh\u00e2n b\u1ecb r\u00e1ch \u00e2m \u0111\u1ea1o v\u00e0 t\u00fai c\u00f9ng h\u1eadu m\u00f4n \u00e2m \u0111\u1ea1o v\u00e0 199 n\u1ea1n nh\u00e2n b\u1ecb th\u01b0\u01a1ng nh\u1eb9 \u1edf b\u1ed9 ph\u1eadn sinh d\u1ee5c [5].\n", "Tr\u00ean to\u00e0n b\u1ed9 s\u1ed1 n\u1ea1n nh\u00e2n nghi\u00ean c\u1ee9u ch\u00fang t\u00f4i kh\u00f4ng g\u1eb7p tr\u01b0\u1eddng h\u1ee3p n\u00e0o c\u00f3 t\u1ed5n th\u01b0\u01a1ng \u1edf h\u1eadu m\u00f4n - tr\u1ef1c tr\u00e0ng, c\u00f3 th\u1ec3 \u0111\u00f3 l\u00e0 d\u1ea5u hi\u1ec7u kh\u00e1c bi\u1ec7t so v\u1edbi t\u1ed9i ph\u1ea1m t\u00ecnh d\u1ee5c \u1edf n\u01b0\u1edbc ngo\u00e0i cho \u0111\u1ebfn th\u1eddi \u0111i\u1ec3m hi\u1ec7n t\u1ea1i.\n", "Ph\u00e2n lo\u1ea1i m\u00e0ng trinh: C\u00f3 nhi\u1ec1u c\u00e1ch ph\u00e2n lo\u1ea1i m\u00e0ng trinh nh\u01b0 d\u1ef1a v\u00e0o \u0111\u1eb7c \u0111i\u1ec3m c\u1ea5u tr\u00fac gi\u1ea3i ph\u1eabu (m\u00e0ng trinh b\u1ecbt, m\u00e0ng trinh c\u00f3 nhi\u1ec1u l\u1ed7 nh\u1ecf, b\u1ec1 m\u1eb7t c\u00f3 l\u00f4ng, kh\u00f4ng c\u00f3 m\u00e0ng trinh ho\u1eb7c m\u00e0ng trinh chun c\u00f3 \u0111\u1ed9 \u0111\u00e0n h\u1ed3i t\u1ed1t, kh\u00f4ng b\u1ecb t\u1ed5n th\u01b0\u01a1ng khi quan h\u1ec7 t\u00ecnh d\u1ee5c).\n", "Trong gi\u00e1m \u0111\u1ecbnh\n", "Ph\u00e1p Y, nhi\u1ec1u t\u00e1c gi\u1ea3 d\u1ef1a tr\u00ean h\u00ecnh th\u00e1i l\u1ed7 m\u00e0ng trinh \u0111\u1ec3 \u0111\u1eb7t t\u00ean cho lo\u1ea1i h\u00ecnh m\u00e0ng trinh nh\u01b0 h\u00ecnh tr\u00f2n hay h\u00ecnh v\u00e0nh kh\u0103n, h\u00ecnh \u0111\u00e0i hoa hay h\u00ecnh hoa kh\u1ebf, h\u00ecnh b\u00e1n nguy\u1ec7t, h\u00ecnh s\u00e0ng [2, 4].\n", "S\u1ed1 li\u1ec7u \u1edf b\u1ea3ng 6 cho th\u1ea5y m\u1ed9t s\u1ed1 lo\u1ea1i h\u00ecnh m\u00e0ng trinh hay g\u1eb7p nh\u01b0 m\u00e0ng trinh h\u00ecnh ch\u00f3p (31,1%), h\u00ecnh tr\u00f2n (17,2%), h\u00ecnh \u0111\u00e0i hoa (11,9%)...\n", "Theo ch\u00fang t\u00f4i, c\u00e1ch ph\u00e2n lo\u1ea1i v\u00e0 \u0111\u1eb7t t\u00ean cho m\u00e0ng trinh l\u00e0 tu\u1ef3 thu\u1ed9c \u1edf m\u1ed7i ng\u01b0\u1eddi, nh\u01b0ng quan tr\u1ecdng h\u01a1n l\u00e0 nh\u1eadn bi\u1ebft \u0111\u00fang lo\u1ea1i h\u00ecnh m\u00e0ng trinh \u0111\u1ec3 c\u00f3 th\u1ec3 ph\u00e2n bi\u1ec7t \u0111\u01b0\u1ee3c t\u1ed5n th\u01b0\u01a1ng r\u00e1ch m\u00e0ng trinh th\u1eadt hay gi\u1ea3.\n", "Nhi\u1ec1u t\u00e1c gi\u1ea3 trong v\u00e0 ngo\u00e0i n\u01b0\u1edbc \u0111\u00e3 ghi nh\u1eadn tr\u00ean b\u1ec1 m\u1eb7t m\u00e0ng trinh h\u00ecnh \u0111\u00e0i hoa c\u00f3 nhi\u1ec1u n\u1ebfp g\u1ea5p n\u00ean r\u1ea5t d\u1ec5 b\u1ecb nh\u1ea7m v\u1edbi v\u1ebft r\u00e1ch m\u00e0ng trinh n\u1ebfu gi\u00e1m \u0111\u1ecbnh vi\u00ean kh\u00f4ng c\u00f3 kinh nghi\u1ec7m [1, 4].\n", "Trong nghi\u00ean c\u1ee9u ch\u00fang t\u00f4i g\u1eb7p m\u1ed9t tr\u01b0\u1eddng h\u1ee3p m\u00e0ng trinh h\u00ecnh ch\u00f3p c\u00f3 l\u01b0\u1ee1i, c\u00f3 n\u1ebfp g\u1ea5p r\u1ea5t gi\u1ed1ng v\u1edbi v\u1ebft r\u00e1ch m\u00e0ng trinh nh\u01b0ng gi\u00e1m \u0111\u1ecbnh vi\u00ean \u0111\u00e3 ph\u00e1t hi\u1ec7n v\u00e0 k\u1ebft lu\u1eadn kh\u00f4ng c\u00f3 r\u00e1ch m\u00e0ng trinh.\n", "\u0110i\u1ec1u c\u1ea7n thi\u1ebft l\u00e0 ph\u1ea3i cung c\u1ea5p th\u00f4ng tin \u0111\u1ec3 c\u00e1c b\u00e1c s\u1ef9 khoa S\u1ea3n khi kh\u00e1m m\u00e0ng trinh ph\u1ea3i h\u1ebft s\u1ee9c ch\u00fa \u00fd v\u00e0 \u0111\u1eb7c bi\u1ec7t l\u00e0 kh\u00f4ng n\u00ean v\u1ed9i k\u1ebft lu\u1eadn c\u00f3 r\u00e1ch m\u00e0ng trinh, tr\u00e1nh g\u00e2y hi\u1ec3u l\u1ea7m cho n\u1ea1n nh\u00e2n v\u00e0 ng\u01b0\u1eddi nh\u00e0 c\u0169ng nh\u01b0 c\u01a1 quan ti\u1ebfn h\u00e0nh t\u1ed1 t\u1ee5ng.\n", "T\u1ed5n th\u01b0\u01a1ng r\u00e1ch m\u00e0ng trinh: S\u1ed1 li\u1ec7u \u1edf b\u1ea3ng 7 cho th\u1ea5y t\u1ef7 l\u1ec7 r\u00e1ch m\u00e0ng trinh l\u00e0 66,9% trong \u0111\u00f3 r\u00e1ch m\u1edbi l\u00e0 49 v\u00e0 r\u00e1ch c\u0169 l\u00e0 188 (53,1%).\n", "Theo ch\u00fang t\u00f4i, trong s\u1ed1 n\u1ea1n nh\u00e2n \u0111\u01b0\u1ee3c k\u1ebft lu\u1eadn c\u00f3 r\u00e1ch m\u00e0ng trinh c\u0169 c\u1ea7n ph\u1ea3i h\u1ebft s\u1ee9c th\u1eadn tr\u1ecdng v\u00ec khi n\u1ea1n nh\u00e2n \u0111\u1ebfn mu\u1ed9n, v\u1ebft r\u00e1ch m\u00e0ng trinh \u0111\u00e3 li\u1ec1n s\u1eb9o n\u00ean c\u00f3 th\u1ec3 l\u00e0m cho gi\u00e1m \u0111\u1ecbnh vi\u00ean d\u1ec5 nh\u1ea7m l\u1eabn trong k\u1ebft lu\u1eadn gi\u00e1m \u0111\u1ecbnh.\n", "Do ph\u1ea1m vi c\u1ee7a b\u00e0i b\u00e1o v\u00e0 nhi\u1ec1u l\u00fd do kh\u00e1ch quan n\u00ean ch\u00fang t\u00f4i ch\u01b0a th\u1ec3 ti\u1ebfn h\u00e0nh \u0111\u00e1nh gi\u00e1 m\u1ed1i li\u00ean quan gi\u1eefa v\u1ecb tr\u00ed t\u1ed5n th\u01b0\u01a1ng r\u00e1ch m\u00e0ng trinh v\u00e0 lo\u1ea1i h\u00ecnh m\u00e0ng trinh 5.\n", "K\u1ebft lu\u1eadn\n", "Qua nghi\u00ean c\u1ee9u h\u1ed3 s\u01a1 c\u1ee7a 354 n\u1ea1n nh\u00e2n \u0111\u01b0\u1ee3c gi\u00e1m \u0111\u1ecbnh ph\u00e1p y trong th\u1eddi gian t\u1eeb 01/1/2010 \u0111\u1ebfn 30/10/2012 ch\u00fang t\u00f4i \u0111i \u0111\u1ebfn k\u1ebft lu\u1eadn: - N\u1ea1n nh\u00e2n c\u1ee7a t\u1ed9i ph\u1ea1m t\u00ecnh d\u1ee5c ch\u1ee7 y\u1ebfu l\u00e0 d\u01b0\u1edbi 15 tu\u1ed5i (63,1%) v\u00e0 trong \u0111\u1ed9 tu\u1ed5i 16 - 25 (33,3%).\n", "- N\u01a1i x\u1ea3y ra t\u1eadp trung ch\u1ee7 y\u1ebfu \u1edf v\u00f9ng xa x\u00f4i h\u1ebbo l\u00e1nh v\u00e0 th\u00e0nh ph\u1ed1.\n", "- Tr\u00ean 50% s\u1ed1 v\u1ee5 vi\u1ec7c \u0111\u1ebfn kh\u00e1m mu\u1ed9n (sau 72h \u0111\u00ean 1 th\u00e1ng) - T\u1ed5n th\u01b0\u01a1ng b\u1ed9 ph\u1eadn sinh d\u1ee5c ch\u1ee7 y\u1ebfu l\u00e0 r\u00e1ch m\u00e0ng trinh c\u0169 v\u00e0 m\u1edbi, m\u1ee9c \u0111\u1ed9 nh\u1eb9 nh\u01b0ng c\u0169ng c\u00f3 tr\u01b0\u1eddng h\u1ee3p ph\u1ea3i c\u00f3 ch\u0103m s\u00f3c y t\u1ebf.\n"]}, "Word count": 2750}