{"title": "Original Article\n", "content": {"0": ["T\u00f3m t\u1eaft: T\u01b0\u01a1ng t\u00e1c thu\u1ed1c (TTT) b\u1ea5t l\u1ee3i l\u00e0 m\u1ed9t trong nh\u1eefng nguy\u00ean nh\u00e2n g\u00e2y ra c\u00e1c bi\u1ebfn c\u1ed1 b\u1ea5t l\u1ee3i c\u1ee7a thu\u1ed1c, g\u00e2y gi\u1ea3m hi\u1ec7u qu\u1ea3 \u0111i\u1ec1u tr\u1ecb, k\u00e9o d\u00e0i th\u1eddi gian n\u1eb1m vi\u1ec7n, t\u0103ng chi ph\u00ed \u0111i\u1ec1u tr\u1ecb, v\u00e0 th\u1eadm ch\u00ed c\u00f3 th\u1ec3 g\u00e2y t\u1eed vong cho b\u1ec7nh nh\u00e2n.\n", "Trong th\u1ef1c h\u00e0nh l\u00e2m s\u00e0ng, vi\u1ec7c ph\u00e1t hi\u1ec7n, \u0111\u00e1nh gi\u00e1, x\u1eed tr\u00ed v\u00e0 qu\u1ea3n l\u00fd nguy c\u01a1 t\u01b0\u01a1ng t\u00e1c thu\u1ed1c c\u00f3 vai tr\u00f2 quan tr\u1ecdng trong vi\u1ec7c h\u1ea1n ch\u1ebf t\u1ed1i \u0111a t\u01b0\u01a1ng t\u00e1c thu\u1ed1c.\n", "M\u1ee5c \u0111\u00edch c\u1ee7a nghi\u00ean c\u1ee9u n\u00e0y nh\u1eb1m x\u00e2y d\u1ef1ng danh m\u1ee5c t\u01b0\u01a1ng t\u00e1c thu\u1ed1c c\u1ea7n ch\u00fa \u00fd trong th\u1ef1c h\u00e0nh l\u00e2m s\u00e0ng t\u1ea1i Khoa N\u1ed9i, B\u1ec7nh vi\u1ec7n Ki\u1ebfn An H\u1ea3i Ph\u00f2ng.\n", "\u0110\u1ed1i t\u01b0\u1ee3ng v\u00e0 ph\u01b0\u01a1ng ph\u00e1p nghi\u00ean c\u1ee9u:\n", "Nghi\u00ean c\u1ee9u \u0111\u01b0\u1ee3c th\u1ef1c hi\u1ec7n qua 3 giai \u0111o\u1ea1n: (1) X\u00e2y d\u1ef1ng danh m\u1ee5c t\u01b0\u01a1ng t\u00e1c thu\u1ed1c l\u00fd thuy\u1ebft c\u1ea7n ch\u00fa \u00fd th\u00f4ng qua s\u1ef1 \u0111\u1ed3ng thu\u1eadn c\u1ee7a c\u00e1c c\u01a1 s\u1edf d\u1eef li\u1ec7u t\u1eeb danh m\u1ee5c thu\u1ed1c s\u1eed d\u1ee5ng t\u1ea1i b\u1ec7nh vi\u1ec7n:\n", "Micromedex 2.0, t\u1edd h\u01b0\u1edbng d\u1eabn s\u1eed d\u1ee5ng thu\u1ed1c v\u00e0 s\u00e1ch Drug Interaction Fact 2014.\n", "(2) Nh\u00f3m nghi\u00ean c\u1ee9u ti\u1ebfn h\u00e0nh r\u00e0 so\u00e1t t\u01b0\u01a1ng t\u00e1c t\u1eeb b\u1ec7nh \u00e1n n\u1ed9i tr\u00fa v\u00e0 l\u1ef1a ch\u1ecdn c\u00e1c c\u1eb7p t\u01b0\u01a1ng t\u00e1c c\u00f3 t\u1ea7n su\u1ea5t cao (\u22651% t\u1ed5ng s\u1ed1 b\u1ec7nh \u00e1n).\n", "(3) X\u00e2y d\u1ef1ng danh m\u1ee5c t\u01b0\u01a1ng t\u00e1c thu\u1ed1c cu\u1ed1i c\u00f9ng th\u00f4ng qua kh\u1ea3o s\u00e1t \u00fd ki\u1ebfn nh\u00f3m chuy\u00ean m\u00f4n v\u1ec1 danh m\u1ee5c t\u01b0\u01a1ng t\u00e1c \u1edf giai \u0111o\u1ea1n 1 v\u00e0 2.\n", "K\u1ebft qu\u1ea3: D\u1ef1a v\u00e0o c\u00e1c c\u01a1 s\u1edf d\u1eef li\u1ec7u, nh\u00f3m nghi\u00ean c\u1ee9u \u0111\u00e3 x\u00e2y d\u1ef1ng \u0111\u01b0\u1ee3c danh m\u1ee5c t\u01b0\u01a1ng t\u00e1c g\u1ed3m 27 c\u1eb7p t\u01b0\u01a1ng t\u00e1c c\u1ea7n ch\u00fa \u00fd trong th\u1ef1c h\u00e0nh l\u00e2m s\u00e0ng.\n", "K\u1ebft lu\u1eadn: Danh m\u1ee5c n\u00e0y c\u00f3 th\u1ec3 \u0111\u01b0\u1ee3c ph\u1ed5 bi\u1ebfn t\u1ea1i c\u00e1c khoa l\u00e2m s\u00e0ng, \u0111\u1ed3ng th\u1eddi t\u00edch h\u1ee3p v\u00e0o ph\u1ea7n m\u1ec1m h\u1ed7 tr\u1ee3 k\u00ea \u0111\u01a1n t\u1ea1i b\u1ec7nh vi\u1ec7n.\n", "T\u1eeb kho\u00e1: B\u1ec7nh vi\u1ec7n Ki\u1ebfn An, t\u01b0\u01a1ng t\u00e1c thu\u1ed1c, Micromedex 2.0, t\u1ea7n su\u1ea5t cao.\n", "_T\u00e1c gi\u1ea3 li\u00ean h\u1ec7.\n"], "1": ["1.\n", "\u0110\u1eb7t v\u1ea5n \u0111\u1ec1\n", "T\u01b0\u01a1ng t\u00e1c thu\u1ed1c (TTT) b\u1ea5t l\u1ee3i l\u00e0 m\u1ed9t trong nh\u1eefng nguy\u00ean nh\u00e2n g\u00e2y ra c\u00e1c bi\u1ebfn c\u1ed1 b\u1ea5t l\u1ee3i c\u1ee7a thu\u1ed1c, g\u00e2y gi\u1ea3m hi\u1ec7u qu\u1ea3 \u0111i\u1ec1u tr\u1ecb, k\u00e9o d\u00e0i th\u1eddi gian n\u1eb1m vi\u1ec7n, t\u0103ng chi ph\u00ed \u0111i\u1ec1u tr\u1ecb, v\u00e0 th\u1eadm ch\u00ed c\u00f3 th\u1ec3 g\u00e2y t\u1eed vong cho b\u1ec7nh nh\u00e2n [1].\n", "Hi\u1ec7n nay, c\u00e1c c\u01a1 s\u1edf d\u1eef li\u1ec7u tra c\u1ee9u t\u01b0\u01a1ng t\u00e1c thu\u1ed1c r\u1ea5t phong ph\u00fa, \u0111a d\u1ea1ng bao g\u1ed3m c\u1ea3 s\u00e1ch chuy\u00ean kh\u1ea3o l\u1eabn ph\u1ea7n m\u1ec1m duy\u1ec7t t\u01b0\u01a1ng t\u00e1c tr\u1ef1c tuy\u1ebfn.\n", "Tuy nhi\u00ean, do c\u01a1 s\u1edf d\u1eef li\u1ec7u s\u1eed d\u1ee5ng trong c\u00e1c ph\u1ea7n m\u1ec1m kh\u00e1c nhau n\u00ean k\u1ebft qu\u1ea3 duy\u1ec7t t\u01b0\u01a1ng t\u00e1c c\u00f3 s\u1ef1 kh\u00e1c bi\u1ec7t v\u1ec1 m\u1ee9c \u0111\u1ed9 nghi\u00eam tr\u1ecdng v\u00e0 khuy\u1ebfn c\u00e1o x\u1eed tr\u00ed [2].\n", "\u0110i\u1ec1u n\u00e0y g\u00e2y nhi\u1ec1u kh\u00f3 kh\u0103n cho b\u00e1c s\u1ef9, d\u01b0\u1ee3c s\u1ef9 trong vi\u1ec7c ch\u1ecdn l\u1ef1a ngu\u1ed3n th\u00f4ng tin ph\u00f9 h\u1ee3p v\u00e0 ch\u00ednh x\u00e1c.\n", "\u0110\u1ec3 kh\u1eafc ph\u1ee5c nh\u1eefng kh\u00f3 kh\u0103n tr\u00ean v\u00e0 thu\u1eadn ti\u1ec7n tra c\u1ee9u th\u00f4ng tin, \u0111\u00e3 c\u00f3 nhi\u1ec1u b\u1ec7nh vi\u1ec7n v\u00e0 c\u01a1 s\u1edf kh\u00e1m ch\u1eefa b\u1ec7nh tr\u00ean th\u1ebf gi\u1edbi v\u00e0 Vi\u1ec7t Nam \u0111\u00e3 x\u00e2y d\u1ef1ng b\u1ea3ng danh m\u1ee5c c\u00e1c t\u01b0\u01a1ng t\u00e1c thu\u1ed1c b\u1ea5t l\u1ee3i ri\u00eang trong th\u1ef1c h\u00e0nh l\u00e2m s\u00e0ng.\n", "B\u1ec7nh vi\u1ec7n Ki\u1ebfn An l\u00e0 n\u0103m, b\u1ec7nh vi\u1ec7n Ki\u1ebfn An ti\u1ebfp nh\u1eadn s\u1ed1 l\u01b0\u1ee3ng l\u1edbn b\u1ec7nh nh\u00e2n \u0111i\u1ec1u tr\u1ecb kh\u00f4ng th\u00e0nh c\u00f4ng \u1edf c\u00e1c b\u1ec7nh \u0111\u1ebfn.\n", "T\u00ecnh tr\u1ea1ng b\u1ec7nh l\u00fd ph\u1ee9c t\u1ea1p c\u1ee7a b\u1ec7nh nh\u00e2n n\u1ed9i tr\u00fa d\u1eabn \u0111\u1ebfn ph\u1ed1i h\u1ee3p nhi\u1ec1u thu\u1ed1c.\n", "Nghi\u00ean c\u1ee9u n\u00e0y \u0111\u01b0\u1ee3c th\u1ef1c hi\u1ec7n v\u1edbi m\u1ee5c ti\u00eau x\u00e2y d\u1ef1ng danh m\u1ee5c t\u01b0\u01a1ng t\u00e1c thu\u1ed1c c\u1ea7n ch\u00fa \u00fd trong th\u1ef1c h\u00e0nh l\u00e2m s\u00e0ng t\u1ea1i b\u1ec7nh vi\u1ec7n Ki\u1ebfn An H\u1ea3i Ph\u00f2ng.\n"], "2": ["2.\n", "\u0110\u1ed1i t\u01b0\u1ee3ng v\u00e0 ph\u01b0\u01a1ng ph\u00e1p nghi\u00ean c\u1ee9u 2.1.\n", "\u0110\u1ed1i t\u01b0\u1ee3ng nghi\u00ean c\u1ee9u\n", "Giai \u0111o\u1ea1n 1: X\u00e2y d\u1ef1ng danh m\u1ee5c t\u01b0\u01a1ng t\u00e1c thu\u1ed1c l\u00fd thuy\u1ebft c\u1ea7n ch\u00fa \u00fd\n", "\u0110\u1ed1i t\u01b0\u1ee3ng nghi\u00ean c\u1ee9u: Danh m\u1ee5c thu\u1ed1c s\u1eed d\u1ee5ng t\u1ea1i b\u1ec7nh vi\u1ec7n Ki\u1ebfn An n\u0103m 2019.\n", "- Ti\u00eau chu\u1ea9n l\u1ef1a ch\u1ecdn: ho\u1ea1t ch\u1ea5t n\u1eb1m trong danh m\u1ee5c thu\u1ed1c s\u1eed d\u1ee5ng t\u1ea1i B\u1ec7nh vi\u1ec7n Ki\u1ebfn An n\u0103m 2019.\n", "- Ti\u00eau chu\u1ea9n lo\u1ea1i tr\u1eeb: thu\u1ed1c ph\u1ed1i h\u1ee3p vitamin v\u00e0 kho\u00e1ng ch\u1ea5t, d\u1ecbch truy\u1ec1n NaCl, glucose, dung d\u1ecbch th\u1ea9m ph\u00e2n, m\u00e1u v\u00e0 ch\u1ebf ph\u1ea9m t\u1eeb m\u00e1u, vi khu\u1ea9n \u0111\u00f4ng kh\u00f4 v\u00e0 thu\u1ed1c c\u00f3 ngu\u1ed3n g\u1ed1c d\u01b0\u1ee3c li\u1ec7u.\n", "Giai \u0111o\u1ea1n 2: X\u00e2y d\u1ef1ng danh m\u1ee5c t\u01b0\u01a1ng t\u00e1c thu\u1ed1c th\u1ef1c t\u1ebf c\u1ea7n ch\u00fa \u00fd d\u1ef1a tr\u00ean b\u1ec7nh \u00e1n n\u1ed9i tr\u00fa\n", "\u0110\u1ed1i t\u01b0\u1ee3ng nghi\u00ean c\u1ee9u: B\u1ec7nh \u00e1n n\u1ed9i tr\u00fa - Ti\u00eau chu\u1ea9n l\u1ef1a ch\u1ecdn: t\u1ea5t c\u1ea3 c\u00e1c b\u1ec7nh \u00e1n c\u1ee7a b\u1ec7nh nh\u00e2n \u0111i\u1ec1u tr\u1ecb t\u1ea1i khoa N\u1ed9i t\u1ed5ng h\u1ee3p v\u00e0 N\u1ed9i tim m\u1ea1ch \u0111\u01b0\u1ee3c l\u01b0u tr\u1eef t\u1ea1i ph\u00f2ng K\u1ebf ho\u1ea1ch t\u1ed5ng h\u1ee3p, b\u1ec7nh vi\u1ec7n Ki\u1ebfn An c\u00f3 ng\u00e0y xu\u1ea5t vi\u1ec7n ghi trong b\u1ec7nh \u00e1n t\u1eeb 01/07/2019 \u0111\u1ebfn 31/07/2019.\n", "- Ti\u00eau chu\u1ea9n lo\u1ea1i tr\u1eeb: b\u1ec7nh \u00e1n s\u1eed d\u1ee5ng nh\u1ecf h\u01a1n 2 thu\u1ed1c.\n", "Giai \u0111o\u1ea1n 3: X\u00e2y d\u1ef1ng danh m\u1ee5c t\u01b0\u01a1ng t\u00e1c thu\u1ed1c c\u1ea7n ch\u00fa \u00fd trong th\u1ef1c h\u00e0nh l\u00e2m s\u00e0ng qua kh\u1ea3o s\u00e1t \u00fd ki\u1ebfn nh\u00f3m chuy\u00ean m\u00f4n v\u1ec1 danh m\u1ee5c t\u01b0\u01a1ng t\u00e1c \u1edf giai \u0111o\u1ea1n 1 v\u00e0 2\n", "\u0110\u1ed1i t\u01b0\u1ee3ng nghi\u00ean c\u1ee9u: Hai danh m\u1ee5c t\u01b0\u01a1ng t\u00e1c x\u00e2y d\u1ef1ng \u1edf giai \u0111o\u1ea1n 1 v\u00e0 2, g\u1ed3m: - Danh m\u1ee5c t\u01b0\u01a1ng t\u00e1c thu\u1ed1c l\u00fd thuy\u1ebft c\u1ea7n ch\u00fa \u00fd.\n", "- Danh m\u1ee5c t\u01b0\u01a1ng t\u00e1c thu\u1ed1c th\u1ef1c t\u1ebf c\u1ea7n ch\u00fa \u00fd d\u1ef1a tr\u00ean b\u1ec7nh \u00e1n n\u1ed9i tr\u00fa.\n", "2.2.\n", "Ph\u01b0\u01a1ng ph\u00e1p nghi\u00ean c\u1ee9u\n", "Giai \u0111o\u1ea1n 1: X\u00e2y d\u1ef1ng danh m\u1ee5c t\u01b0\u01a1ng t\u00e1c thu\u1ed1c l\u00fd thuy\u1ebft c\u1ea7n ch\u00fa \u00fd\n", "C\u00e1c c\u01a1 s\u1edf d\u1eef li\u1ec7u (CSDL) tra c\u1ee9u bao g\u1ed3m: - Ph\u1ea7n m\u1ec1m tra c\u1ee9u t\u01b0\u01a1ng t\u00e1c Drug interactions- Micromedex 2.0 - S\u00e1ch Drug Interaction Facts (DIF) 2014.\n", "- C\u00e1c t\u1edd h\u01b0\u1edbng d\u1eabn s\u1eed d\u1ee5ng (HDSD) thu\u1ed1c \u0111\u01b0\u1ee3c tra c\u1ee9u \u01b0u ti\u00ean: t\u1eeb t\u1edd HDSD thu\u1ed1c t\u1ea1i b\u1ec7nh ch\u1ed1ng ch\u1ec9 \u0111\u1ecbnh (CC\u0110) th\u00ec c\u1ea7n tra c\u1ee9u ti\u1ebfp t\u01b0\u01a1ng t\u00e1c CC\u0110 tr\u00ean t\u1edd th\u00f4ng tin s\u1ea3n ph\u1ea9m c\u1ee7a bi\u1ec7t d\u01b0\u1ee3c g\u1ed1c tr\u00ean trang (trang c\u1ee7a C\u1ee5c qu\u1ea3n l\u00fd D\u01b0\u1ee3c, Vi\u1ec7t Nam) v\u00e0/ho\u1eb7c (trang c\u1ee7a C\u01a1 quan qu\u1ea3n l\u00fd thu\u1ed1c, Anh).\n", "N\u1ebfu \u00edt nh\u1ea5t m\u1ed9t trong ba t\u1edd\n", "HDSD c\u00f3 khuy\u1ebfn c\u00e1o c\u1eb7p t\u01b0\u01a1ng t\u00e1c CC\u0110 th\u00ec s\u1ebd \u0111\u01b0\u1ee3c l\u1ef1a ch\u1ecdn.\n", "Nh\u00f3m nghi\u00ean c\u1ee9u ti\u1ebfn h\u00e0nh quy tr\u00ecnh nh\u01b0 sau: L\u1ea7n l\u01b0\u1ee3t nh\u1eadp t\u1ea5t c\u1ea3 c\u00e1c ho\u1ea1t ch\u1ea5t t\u1eeb danh m\u1ee5c thu\u1ed1c b\u1ec7nh vi\u1ec7n (tho\u1ea3 m\u00e3n ti\u00eau chu\u1ea9n l\u1ef1a ch\u1ecdn v\u00e0 ti\u00eau chu\u1ea9n lo\u1ea1i tr\u1eeb) v\u00e0o ph\u1ea7n m\u1ec1m tra c\u1ee9u t\u01b0\u01a1ng t\u00e1c Micromedex 2.0 (MM 2.0).\n", "Trong c\u00e1c t\u01b0\u01a1ng t\u00e1c xu\u1ea5t t\u1eeb MM 2.0, l\u1ecdc c\u00e1c t\u01b0\u01a1ng t\u00e1c c\u00f3 m\u1ee9c \u0111\u1ed9 ch\u1ed1ng ch\u1ec9 \u0111\u1ecbnh v\u00e0 nghi\u00eam tr\u1ecdng.\n", "Sau \u0111\u00f3, x\u00e2y d\u1ef1ng danh m\u1ee5c t\u01b0\u01a1ng t\u00e1c thu\u1ed1c l\u00fd thuy\u1ebft c\u1ea7n ch\u00fa \u00fd th\u00f4ng qua s\u1ef1 \u0111\u1ed3ng thu\u1eadn c\u1ee7a c\u00e1c CSDL b\u1eb1ng c\u00e1ch l\u1ea7n l\u01b0\u1ee3t ki\u1ec3m tra c\u00e1c t\u01b0\u01a1ng t\u00e1c \u0111\u01b0\u1ee3c l\u1ecdc ra t\u1eeb MM 2.0 v\u1edbi c\u00e1c t\u1edd HDSD thu\u1ed1c v\u00e0 s\u00e1ch DIF.\n", "C\u00e1c t\u01b0\u01a1ng t\u00e1c \u0111\u01b0\u1ee3c ch\u1ecdn v\u00e0o danh m\u1ee5c theo hai m\u1ee9c \u0111\u1ed9: - M\u1ee9c \u0111\u1ed9 ch\u1ed1ng ch\u1ec9 \u0111\u1ecbnh (\u00dd ngh\u0129a: Ch\u1ed1ng ch\u1ec9 \u0111\u1ecbnh d\u00f9ng \u0111\u1ed3ng th\u1eddi c\u00e1c thu\u1ed1c): C\u00e1c t\u01b0\u01a1ng t\u00e1c c\u00f3 th\u00f4ng tin l\u00e0 ch\u1ed1ng ch\u1ec9 \u0111\u1ecbnh tr\u00ean t\u1edd HDSD (c\u1ee7a m\u1ed9t ho\u1eb7c c\u1ea3 hai ho\u1ea1t ch\u1ea5t trong m\u1ed9t c\u1eb7p t\u01b0\u01a1ng t\u00e1c) ho\u1eb7c c\u00e1c t\u01b0\u01a1ng t\u00e1c \u0111\u1ed3ng th\u1eddi c\u00f3 m\u1ee9c \u0111\u1ed9 ch\u1ed1ng ch\u1ec9 \u0111\u1ecbnh trong MM 2.0 v\u00e0 m\u1ee9c \u0111\u1ed9 nghi\u00eam tr\u1ecdng trong DIF.\n", "- M\u1ee9c \u0111\u1ed9 nghi\u00eam tr\u1ecdng (\u00dd ngh\u0129a: T\u01b0\u01a1ng t\u00e1c g\u00e2y h\u1eadu qu\u1ea3 \u0111e do\u1ea1 t\u00ednh m\u1ea1ng v\u00e0/ho\u1eb7c c\u1ea7n can thi\u1ec7p y khoa \u0111\u1ec3 h\u1ea1n ch\u1ebf t\u1ed1i thi\u1ec3u ph\u1ea3n \u1ee9ng c\u00f3 h\u1ea1i nghi\u00eam tr\u1ecdng x\u1ea3y ra): C\u00e1c t\u01b0\u01a1ng t\u00e1c c\u00f3 m\u1ee9c \u0111\u1ed9 nghi\u00eam tr\u1ecdng \u0111\u1ed3ng th\u1eddi trong MM 2.0 v\u00e0 DIF.\n", "Giai \u0111o\u1ea1n 2: X\u00e2y d\u1ef1ng danh m\u1ee5c t\u01b0\u01a1ng t\u00e1c thu\u1ed1c th\u1ef1c t\u1ebf c\u1ea7n ch\u00fa \u00fd d\u1ef1a tr\u00ean b\u1ec7nh \u00e1n n\u1ed9i tr\u00fa\n", "\u00c1p d\u1ee5ng ph\u01b0\u01a1ng ph\u00e1p m\u00f4 t\u1ea3 c\u1eaft ngang tr\u00ean h\u1ed3i c\u1ee9u b\u1ec7nh \u00e1n, nh\u00f3m nghi\u00ean c\u1ee9u l\u1ef1a ch\u1ecdn b\u1ec7nh \u00e1n c\u00f3 ng\u00e0y xu\u1ea5t vi\u1ec7n ghi trong b\u1ec7nh \u00e1n c\u1ee7a b\u1ec7nh nh\u00e2n \u0111i\u1ec1u tr\u1ecb t\u1ea1i khoa N\u1ed9i t\u1ed5ng h\u1ee3p, N\u1ed9i tim m\u1ea1ch \u0111\u01b0\u1ee3c l\u01b0u tr\u1eef t\u1ea1i ph\u00f2ng K\u1ebf ho\u1ea1ch t\u1ed5ng h\u1ee3p t\u1eeb ng\u00e0y 01/07/2019 \u0111\u1ebfn 31/07/2019 \u0111\u1ec3 \u0111\u01b0a v\u00e0o r\u00e0 so\u00e1t.\n", "V\u1edbi m\u1ed7i b\u1ec7nh \u00e1n, nh\u1eadp t\u1ea5t c\u1ea3 c\u00e1c thu\u1ed1c xu\u1ea5t hi\u1ec7n trong b\u1ec7nh \u00e1n v\u00e0o MM 2.0 v\u00e0 \u0111\u1ed3ng th\u1eddi ti\u1ebfn h\u00e0nh ki\u1ec3m tra th\u1eddi gian s\u1eed d\u1ee5ng c\u1ee7a t\u1eebngthu\u1ed1c trong m\u1ed7i c\u1eb7p t\u01b0\u01a1ng t\u00e1c, n\u1ebfu hai thu\u1ed1c c\u1ee7a m\u1ed9t c\u1eb7p t\u01b0\u01a1ng t\u00e1c \u0111\u01b0\u1ee3c s\u1eed d\u1ee5ng trong c\u00f9ng m\u1ed9t ng\u00e0y th\u00ec ghi nh\u1eadn t\u01b0\u01a1ng t\u00e1c x\u1ea3y ra.\n", "Trong c\u00e1c t\u01b0\u01a1ng t\u00e1c xu\u1ea5t ra t\u1eeb MM 2.0, l\u1ecdc ra c\u00e1c t\u01b0\u01a1ng t\u00e1c c\u00f3 m\u1ee9c \u0111\u1ed9 nghi\u00eam tr\u1ecdng v\u00e0 ch\u1ed1ng ch\u1ec9 \u0111\u1ecbnh.\n", "T\u1eeb \u0111\u00f3, l\u1ef1a ch\u1ecdn c\u00e1c t\u01b0\u01a1ng t\u00e1c c\u00f3 t\u1ea7n su\u1ea5t cao tr\u00ean l\u00e2m s\u00e0ng (\u22651% t\u1ed5ng s\u1ed1 b\u1ec7nh \u00e1n).\n", "C\u00e1c t\u01b0\u01a1ng t\u00e1c \u0111\u01b0\u1ee3c ch\u1ecdn bao g\u1ed3m: c\u00e1c t\u01b0\u01a1ng t\u00e1c c\u00f3 t\u1ea7n su\u1ea5t cao c\u00f3 trong danh m\u1ee5c giai \u0111o\u1ea1n 1 v\u00e0 c\u00e1c t\u01b0\u01a1ng t\u00e1c c\u00f3 t\u1ea7n su\u1ea5t cao kh\u00f4ng c\u00f3 trong danh m\u1ee5c giai \u0111o\u1ea1n 1 (do giai \u0111o\u1ea1n n\u00e0y kh\u00f4ng \u0111\u1ed3ng thu\u1eadn v\u1edbi c\u00e1c CSDL: c\u00e1c t\u1edd HDSD v\u00e0 s\u00e1ch DIF).\n", "Giai \u0111o\u1ea1n 3: X\u00e2y d\u1ef1ng danh m\u1ee5c t\u01b0\u01a1ng t\u00e1c thu\u1ed1c c\u1ea7n ch\u00fa \u00fd trong th\u1ef1c h\u00e0nh l\u00e2m s\u00e0ng qua kh\u1ea3o s\u00e1t \u00fd ki\u1ebfn nh\u00f3m chuy\u00ean m\u00f4n v\u1ec1 danh m\u1ee5c t\u01b0\u01a1ng t\u00e1c \u1edf giai \u0111o\u1ea1n 1 v\u00e0 2.\n", "\u00c1p d\u1ee5ng quy tr\u00ecnh Delphi s\u1eeda \u0111\u1ed5i [3] \u0111\u1ec3 th\u1ef1c hi\u1ec7n vi\u1ec7c xin \u00fd ki\u1ebfn c\u1ee7a nh\u00f3m chuy\u00ean m\u00f4n.\n", "Nh\u00f3m chuy\u00ean m\u00f4n bao g\u1ed3m: 04 b\u00e1c s\u0129 c\u00f4ng t\u00e1c t\u1ea1i Khoa N\u1ed9i v\u00e0 02 d\u01b0\u1ee3c s\u0129 l\u00e0m nhi\u1ec7m v\u1ee5 d\u01b0\u1ee3c l\u00e2m s\u00e0ng t\u1ea1i Khoa D\u01b0\u1ee3c, b\u1ec7nh vi\u1ec7n Ki\u1ebfn An.\n", "M\u1ed7i th\u00e0nh vi\u00ean trong nh\u00f3m chuy\u00ean m\u00f4n \u0111\u00e1nh gi\u00e1 t\u1eebng c\u1eb7p t\u01b0\u01a1ng t\u00e1c m\u1ed9t c\u00e1ch \u0111\u1ed9c l\u1eadp theo 06 ti\u00eau ch\u00ed (B\u1ea3ng 1) tr\u00ean thang \u0111i\u1ec3m t\u1eeb 1 \u0111\u1ebfn 5 (1 \u0111i\u1ec3m: Ho\u00e0n to\u00e0n ph\u1ea3n \u0111\u1ed1i, 2 \u0111i\u1ec1m: Ph\u1ea3n \u0111\u1ed1i, 3 \u0111i\u1ec3m: Trung l\u1eadp, 4 \u0111i\u1ec3m: \u0110\u1ed3ng \u00fd, 5 \u0111i\u1ec3m: Ho\u00e0n to\u00e0n \u0111\u1ed3ng \u00fd).\n", "B\u1ea3ng 1.\n", "S\u00e1u ti\u00eau ch\u00ed \u0111\u00e1nh gi\u00e1 t\u01b0\u01a1ng t\u00e1c thu\u1ed1c c\u1ee7a nh\u00f3m chuy\u00ean m\u00f4n\n", "STT Ti\u00eau ch\u00ed \u0111\u00e1nh gi\u00e1 \u00dd ngh\u0129a c\u1ee7a ti\u00eau ch\u00ed\n", "M\u1ee9c \u0111\u1ed9 ph\u1ed5 bi\u1ebfn c\u1ee7a t\u01b0\u01a1ng t\u00e1c\n", "T\u01b0\u01a1ng t\u00e1c th\u01b0\u1eddng g\u1eb7p tr\u00ean l\u00e2m s\u00e0ng, quan tr\u1ecdng v\u00e0 c\u00f3 th\u1ec3 g\u00e2y h\u1eadu qu\u1ea3 b\u1ea5t l\u1ee3i cho b\u1ec7nh nh\u00e2n\n", "M\u1ee9c \u0111\u1ed9 nghi\u00eam tr\u1ecdng c\u1ee7a t\u01b0\u01a1ng t\u00e1c\n", "Khi x\u1ea3y ra t\u01b0\u01a1ng t\u00e1c, c\u00f3 th\u1ec3 \u0111e do\u1ea1 t\u00ednh m\u1ea1ng hay \u0111\u1ec3 l\u1ea1i nh\u1eefng h\u1eadu qu\u1ea3 nghi\u00eam tr\u1ecdng kh\u00f4ng h\u1ed3i ph\u1ee5c cho b\u1ec7nh nh\u00e2n 3 Ki\u1ec3m so\u00e1t t\u01b0\u01a1ng t\u00e1c\n", "Khi t\u01b0\u01a1ng t\u00e1c x\u1ea3y ra \u0111\u00f2i h\u1ecfi b\u00e1c s\u0129 ph\u1ea3i \u0111\u00e1nh gi\u00e1 nhanh v\u00e0 can thi\u1ec7p k\u1ecbp th\u1eddi \u0111\u1ec3 x\u1eed tr\u00ed t\u01b0\u01a1ng t\u00e1c\n", "\u0110\u1ed1i t\u01b0\u1ee3ng b\u1ec7nh nh\u00e2n \u0111\u1eb7c bi\u1ec7t\n", "Kh\u1ea3 n\u0103ng x\u1ea3y ra t\u01b0\u01a1ng t\u00e1c cao \u1edf nh\u1eefng \u0111\u1ed1i t\u01b0\u1ee3ng b\u1ec7nh nh\u00e2n \u0111\u1eb7c bi\u1ec7t nh\u01b0: ch\u1ee9c n\u0103ng c\u00e1c c\u01a1 quan suy gi\u1ea3m (h\u1ea5p thu, ph\u00e2n b\u1ed1, chuy\u1ec3n ho\u00e1, th\u1ea3i tr\u1eeb thu\u1ed1c), \u0111ang d\u00f9ng c\u00e1c thu\u1ed1c kh\u00e1c \u0111\u1ec3 \u0111i\u1ec1u tr\u1ecb c\u00e1c b\u1ec7nh m\u1eafc k\u00e8m.\n", "5 Nh\u1eadn th\u1ee9c v\u1ec1 t\u01b0\u01a1ng t\u00e1c B\u00e1c s\u0129 \u0111\u00e3 n\u1eafm r\u00f5 v\u1ec1 kh\u1ea3 n\u0103ng x\u1ea3y ra t\u01b0\u01a1ng t\u00e1c trong \u0111i\u1ec1u tr\u1ecb 6 D\u1eef li\u1ec7u m\u00f4 t\u1ea3\n", "S\u1ef1 xu\u1ea5t hi\u1ec7n c\u1ee7a t\u01b0\u01a1ng t\u00e1c \u0111\u01b0\u1ee3c m\u00f4 t\u1ea3 b\u1edfi nh\u1eefng b\u1eb1ng ch\u1ee9ng l\u00e2m s\u00e0ng \u0111\u00e1ng tin c\u1eady\n", "H\u1ec7 s\u1ed1 t\u01b0\u01a1ng quan trong nh\u00f3m (Intraclass\n", "Correlation Coefficient- ICC) c\u1ee7a t\u1eebng ti\u00eau ch\u00ed \u0111\u00e1nh gi\u00e1 \u0111\u01b0\u1ee3c t\u00ednh b\u1eb1ng ph\u1ea7n m\u1ec1m SPSS 20.0, d\u1ef1a tr\u00ean ph\u01b0\u01a1ng ph\u00e1p \u0111\u1ec1 xu\u1ea5t b\u1edfi Shrout v\u00e0\n", "Fleiss [4].\n", "Nh\u00f3m nghi\u00ean c\u1ee9u l\u1ef1a ch\u1ecdn nh\u1eefng c\u1eb7p t\u01b0\u01a1ng t\u00e1c \u0111\u01b0a v\u00e0o danh m\u1ee5c cu\u1ed1i c\u00f9ng l\u00e0 nh\u1eefng c\u1eb7p t\u01b0\u01a1ng t\u00e1c c\u00f3 t\u1ed5ng \u0111i\u1ec3m 6 ti\u00eau ch\u00ed l\u1edbn h\u01a1n ho\u1eb7c b\u1eb1ng gi\u00e1 tr\u1ecb trung b\u00ecnh c\u1ee7a t\u1ed5ng \u0111i\u1ec3m 6 ti\u00eau ch\u00ed c\u1ee7a t\u1ea5t c\u1ea3 c\u00e1c t\u01b0\u01a1ng t\u00e1c \u0111\u01b0a v\u00e0o \u0111\u00e1nh gi\u00e1.\n", "Danh m\u1ee5c n\u00e0y s\u1ebd \u0111\u01b0\u1ee3c nh\u00f3m nghi\u00ean c\u1ee9u xin tr\u00ecnh v\u00e0 th\u00f4ng qua H\u1ed9i \u0111\u1ed3ng thu\u1ed1c v\u00e0 \u0111i\u1ec1u tr\u1ecb\n", "C\u00e1c k\u1ebft qu\u1ea3 \u0111\u01b0\u1ee3c x\u1eed l\u00fd th\u1ed1ng k\u00ea b\u1eb1ng ph\u1ea7n m\u1ec1m SPSS 20.0.\n"], "3": ["3.\n", "K\u1ebft qu\u1ea3 nghi\u00ean c\u1ee9u 3.1.\n", "X\u00e2y d\u1ef1ng danh m\u1ee5c t\u01b0\u01a1ng t\u00e1c thu\u1ed1c l\u00fd thuy\u1ebft c\u1ea7n ch\u00fa \u00fd\n", "B\u1ea3ng 2.\n", "Danh m\u1ee5c t\u01b0\u01a1ng t\u00e1c thu\u1ed1c l\u00fd thuy\u1ebft c\u1ea7n ch\u00fa \u00fd\n", "TT C\u1eb7p t\u01b0\u01a1ng t\u00e1c\n", "M\u1ee9c \u0111\u1ed9 nghi\u00eam tr\u1ecdng c\u1ee7a t\u01b0\u01a1ng t\u00e1c\n", "M\u1ee9c \u0111\u1ed9 nghi\u00eam tr\u1ecdng \u0111\u1ed3ng thu\u1eadn\n", "MM\n", "T\u1edd\n", "HDSD\n", "DIF 1 Amiodaron Moxifloxacin CC\u0110 CC\u0110 CC\u0110 2 Amiodaron\n", "Sulfamethoxazol/Trimethopri m\n", "CC\u0110 NT CC\u0110 3 Ceftriaxon Canxi clorid CC\u0110 CC\u0110 CC\u0110 4 Itraconazol Midazolam CC\u0110 CC\u0110 CC\u0110 5 Itraconazol Methylergometrin CC\u0110 CC\u0110 CC\u0110 6 Linezolid\n", "Thu\u1ed1c k\u00edch th\u00edch giao c\u1ea3m (Adrenalin, Noradrenalin,\n", "Ephedrin, Dopamin,\n", "Dobutamin)\n", "CC\u0110 CC\u0110 CC\u0110 7 Linezolid Pethidin CC\u0110 CC\u0110 CC\u0110 8 Nimodipin Phenobarbital CC\u0110 CC\u0110 CC\u0110 9 Colchicin Clarithromycin NT NT NT 10 Amiodaron\n", "Macrolids (Azithromycin,\n", "Clarithromycin)\n", "NT\n", "NT NT 11 Amiodaron Ciprofloxacin NT NT NT 12 Amiodaron Digoxin NT NT NT 13 Amiodaron\n", "Thu\u1ed1c \u0111\u1ed1i kh\u00e1ng th\u1ee5 th\u1ec3 5-\n", "HT3 (Granisetron,\n", "Ondansetron)\n", "NT\n", "NT NT 14 Amiodaron Lidocain NT NT NT 15 Amiodaron Metronidazol NT NT NT 16 Aspirin Heparin NT NT NT 17 Aspirin\n", "NSAIDs (Ketoprofen,\n", "Piroxicam)\n", "NT\n", "NT NT 18 Atorvastatin Clarithromycin NT NT NT 19 Atorvastatin Colchicin NT NT NT\n", "Statins (Atorvastatin,\n", "Fenofibrat)\n", "Fenofibrat NT\n", "NT NT 21 Atorvastatin Itraconazol NT NT NT 22 Ciprofloxacin Gliclazid NT NT NT 23 Ciprofloxacin Glyburid NT NT NT 24 Ciprofloxacin Theophyllin NT NT NT\n", "Macrolids (Clarithromycin,\n", "Azithromycin)\n", "Quinolons (Ciprofloxacin,\n", "Moxifloxacin)\n", "NT\n", "NT NT\n", "Macrolids (Clarithromycin,\n", "Azithromycin)\n", "Digoxin NT\n", "NT NT 27 Clarithromycin Fentanyl NT NT NT 28 Clarithromycin Midazolam NT NT NT 29 Clopidogrel Enoxaparin NT NT NT 30 Clopidogrel\n", "Heparin v\u00e0 Heparin ph\u00e2n t\u1eed l\u01b0\u1ee3ng th\u1ea5p (Enoxaparin)\n", "NT\n", "NT NT 31 Clopidogrel\n", "Aspirin v\u00e0 NSAIDs (Ketoprofen, Piroxicam)\n", "NT\n", "NT NT 32 Clopidogrel\n", "PPIs (Esomeprazol,\n", "Lansoprazol)\n", "NT\n", "NT NT 33 Digoxin Hydrochlorothiazid NT NT NT 34 Digoxin Itraconazol NT NT NT 35 Digoxin\n", "Sulfamethoxazol/\n", "Trimethoprim\n", "NT\n", "NT NT 36 Enoxaparin Heparin NT NT NT\n", "Heparin v\u00e0 Heparin ph\u00e2n t\u1eed l\u01b0\u1ee3ng th\u1ea5p (Enoxaparin)\n", "NSAIDs (Ketoprofen,\n", "Piroxicam)\n", "NT\n", "NT NT 38 Fentanyl Itraconazol NT NT NT 39 Furosemid\n", "Aminosids (Gentamicin,\n", "Netilmicin)\n", "NT\n", "NT NT\n", "Corticosteroids (Methylprednisolon,\n", "Hydrocortison)\n", "NSAIDs (Ketoprofen,\n", "Piroxicam)\n", "NT\n", "NT NT 41 Ketoprofen Piroxicam NT NT NT 42 Spironolacton\n", "\u1ee8c ch\u1ebf men chuy\u1ec3n (Lisinopril, Perindopril,\n", "Ramipril)\n", "NT\n", "NT NT 43 Ch\u1ebf ph\u1ea9m ch\u1ee9a kali Spironolacton NT NT NT 44 Ch\u1ebf ph\u1ea9m ch\u1ee9a kali\n", "\u1ee8c ch\u1ebf men chuy\u1ec3n (Lisinopril, Perindopril,\n", "Ramipril)\n", "NT\n", "NT NT 45 Amiodaron Fentanyl NT NT NT\n", "Trong s\u1ed1 273 thu\u1ed1c s\u1eed d\u1ee5ng t\u1ea1i b\u1ec7nh vi\u1ec7n n\u0103m 2019, 147 ho\u1ea1t ch\u1ea5t tho\u1ea3 m\u00e3n ti\u00eau chu\u1ea9n l\u1ef1a ch\u1ecdn \u0111\u01b0\u1ee3c \u0111\u01b0a v\u00e0o duy\u1ec7t t\u01b0\u01a1ng t\u00e1c b\u1eb1ng ph\u1ea7n m\u1ec1m MM 2.0.\n", "K\u1ebft qu\u1ea3 thu \u0111\u01b0\u1ee3c 501 c\u1eb7p t\u01b0\u01a1ng t\u00e1c, trong \u0111\u00f3, l\u1ecdc ra 332 c\u1eb7p t\u01b0\u01a1ng t\u00e1c c\u1ea7n ch\u00fa \u00fd bao g\u1ed3m: 23 c\u1eb7p m\u1ee9c \u0111\u1ed9 ch\u1ed1ng ch\u1ec9 \u0111\u1ecbnh (CC\u0110) v\u00e0 309 c\u1eb7p m\u1ee9c \u0111\u1ed9 nghi\u00eam tr\u1ecdng (NT).\n", "Nh\u00f3m nghi\u00ean c\u1ee9u ti\u1ebfp t\u1ee5c tra c\u1ee9u l\u1ea7n l\u01b0\u1ee3t 332 c\u1eb7p t\u01b0\u01a1ng t\u00e1c n\u00e0y trong c\u00e1c t\u1edd HDSD v\u00e0 trong s\u00e1ch DIF 2014 \u0111\u1ec3 l\u1ea5y s\u1ef1 \u0111\u1ed3ng thu\u1eadn.\n", "K\u1ebft qu\u1ea3 thu \u0111\u01b0\u1ee3c danh m\u1ee5c c\u00f3 45 c\u1eb7p t\u01b0\u01a1ng t\u00e1c l\u00fd thuy\u1ebft c\u1ea7n ch\u00fa \u00fd (b\u1ea3ng 2) d\u1ef1a tr\u00ean tra c\u1ee9u c\u00e1c ngu\u1ed3n th\u00f4ng tin, trong \u0111\u00f3 c\u00f3 7 c\u1eb7p t\u01b0\u01a1ng t\u00e1c\n", "CC\u0110 \u0111\u1ed3ng thu\u1eadn gi\u1eefa MM 2.0 v\u1edbi \u00edt nh\u1ea5t m\u1ed9t trong c\u00e1c t\u1edd HDSD, 1 c\u1eb7p t\u01b0\u01a1ng t\u00e1c CC\u0110 tr\u00ean\n", "MM 2.0 v\u00e0 NT tr\u00ean DIF, c\u00f2n l\u1ea1i 37 c\u1eb7p t\u01b0\u01a1ng t\u00e1c \u0111\u1ed3ng thu\u1eadn tr\u00ean MM 2.0 v\u00e0 DIF \u1edf m\u1ee9c \u0111\u1ed9 NT.\n", "3.2.\n", "X\u00e2y d\u1ef1ng danh m\u1ee5c t\u01b0\u01a1ng t\u00e1c thu\u1ed1c th\u1ef1c t\u1ebf c\u1ea7n ch\u00fa \u00fd d\u1ef1a tr\u00ean b\u1ec7nh \u00e1n n\u1ed9i tr\u00fa\n", "Qua kh\u1ea3o s\u00e1t 424 b\u1ec7nh \u00e1n, c\u00f3 203 b\u1ec7nh \u00e1n c\u00f3 t\u01b0\u01a1ng t\u00e1c (48%).\n", "S\u1ed1 b\u1ec7nh \u00e1n c\u00f3 1 c\u1eb7p t\u01b0\u01a1ng t\u00e1c, 2 c\u1eb7p t\u01b0\u01a1ng t\u00e1c v\u00e0 3 c\u1eb7p t\u01b0\u01a1ng t\u00e1c tr\u1edf l\u00ean chi\u1ebfm t\u1ef7 l\u1ec7 t\u01b0\u01a1ng \u1ee9ng l\u00e0 19,8%, 6,4% v\u00e0 21,7%.\n", "27 c\u1eb7p t\u01b0\u01a1ng t\u00e1c c\u00f3 t\u1ea7n su\u1ea5t ghi nh\u1eadn \u2265 1% t\u1ed5ng s\u1ed1 b\u1ec7nh \u00e1n \u0111\u01b0\u1ee3c \u0111\u01b0a v\u00e0o danh m\u1ee5c t\u01b0\u01a1ng t\u00e1c thu\u1ed1c th\u1ef1c t\u1ebf c\u1ea7n ch\u00fa \u00fd d\u1ef1a tr\u00ean b\u1ec7nh \u00e1n n\u1ed9i tr\u00fa \u0111\u01b0\u1ee3c tr\u00ecnh b\u00e0y trong b\u1ea3ng 3.\n", "Trong \u0111\u00f3, c\u00e1c c\u1eb7p t\u01b0\u01a1ng t\u00e1c th\u01b0\u1eddng g\u1eb7p trong m\u1eabu nghi\u00ean c\u1ee9u bao g\u1ed3m t\u01b0\u01a1ng t\u00e1c l\u00e0m t\u0103ng kali m\u00e1u (chi\u1ebfm 46,46%) khi ph\u1ed1i h\u1ee3p thu\u1ed1c \u1ee9c ch\u1ebf men chuy\u1ec3n v\u1edbi mu\u1ed1i kali ho\u1eb7c thu\u1ed1c l\u1ee3i ti\u1ec3u ti\u1ebft ki\u1ec7m kali (spironolacton), t\u01b0\u01a1ng t\u00e1c gi\u1eefa aspirin v\u00e0 NSAIDs v\u1edbi c\u00e1c thu\u1ed1c l\u1ee3i ti\u1ec3u (chi\u1ebfm 41,98%).\n", "B\u1ea3ng 3.\n", "Danh m\u1ee5c t\u01b0\u01a1ng t\u00e1c thu\u1ed1c th\u1ef1c t\u1ebf c\u1ea7n ch\u00fa \u00fd d\u1ef1a tr\u00ean b\u1ec7nh \u00e1n n\u1ed9i tr\u00fa\n", "STT C\u1eb7p t\u01b0\u01a1ng t\u00e1c S\u1ed1 b\u1ec7nh \u00e1n T\u1ea7n su\u1ea5t (%) (N=424) 1 Ch\u1ebf ph\u1ea9m ch\u1ee9a Kali Spironolacton 88 20,75 2 Aspirin Hydrochlorothiazid 52 12,26 3 Aspirin Spironolacton 51 12,03 4 Lisinopril Spironolacton 41 9,67 5 Lisinopril Ch\u1ebf ph\u1ea9m ch\u1ee9a kali 36 8,49 6 Aspirin Furosemid 30 7,08 7 Piroxicam Spironolacton 21 4,95 8 Aspirin Piroxicam 20 4,72 9 Perindopril Spironolacton 19 4,48 10 Aspirin Metformin 15 3,54 11 Aspirin Clopidogrel 15 3,54 12 Piroxicam Hydrochlorothiazid 14 3,30 13 Ch\u1ebf ph\u1ea9m ch\u1ee9a Kali Perindopril 13 3,07 14 Kali clorid Atropin 10 2,36 15 Esomeprazol Clopidogrel 10 2,36 16 Piroxicam Furosemid 10 2,36 17 Digoxin Spironolacton 9 2,12 18 Lansomeprazol Clopidogrel 7 1,65 19 Piroxicam Methylprednisolon 7 1,65 20 Felodipin Clopidogrel 6 1,42 21 Enoxaparin Clopidogrel 6 1,42 22 Digoxin Hydrochlorothiazid 5 1,18 23 Digoxin Telmisartan 5 1,18 24 Aspirin Piracetam 5 1,18 25 Ciprofloxacin Methylprednisolon 5 1,18 26 Moxifloxacin Methylprednisolon 5 1,18 27 Lisinopril Telmisartan 5 1,18 3.3.\n", "X\u00e2y d\u1ef1ng danh m\u1ee5c t\u01b0\u01a1ng t\u00e1c thu\u1ed1c c\u1ea7n ch\u00fa \u00fd trong th\u1ef1c h\u00e0nh l\u00e2m s\u00e0ng qua kh\u1ea3o s\u00e1t \u00fd ki\u1ebfn nh\u00f3m chuy\u00ean m\u00f4n v\u1ec1 danh m\u1ee5c t\u01b0\u01a1ng t\u00e1c \u1edf giai \u0111o\u1ea1n 1 v\u00e0 2\n", "Sau giai \u0111o\u1ea1n 1 v\u00e0 2, thu \u0111\u01b0\u1ee3c danh m\u1ee5c 1 g\u1ed3m 45 c\u1eb7p t\u01b0\u01a1ng t\u00e1c thu\u1ed1c c\u1ea7n ch\u00fa \u00fd d\u1ef1a tr\u00ean l\u00fd thuy\u1ebft v\u00e0 danh m\u1ee5c 2 g\u1ed3m 27 c\u1eb7p t\u01b0\u01a1ng t\u00e1c thu\u1ed1c t\u1ea7n su\u1ea5t cao.\n", "Sau khi g\u1ed9p c\u00e1c c\u1eb7p t\u01b0\u01a1ng t\u00e1c tr\u00f9ng nhau trong hai danh m\u1ee5c, g\u1ed9p chung c\u00e1c c\u1eb7p t\u01b0\u01a1ng t\u00e1c li\u00ean quan \u0111\u1ebfn c\u00e1c thu\u1ed1c thu\u1ed9c c\u00f9ng m\u1ed9t nh\u00f3m v\u1edbi c\u01a1 ch\u1ebf v\u00e0 h\u1eadu qu\u1ea3 c\u1ee7a t\u01b0\u01a1ng t\u00e1c gi\u1ed1ng nhau, thu \u0111\u01b0\u1ee3c danh m\u1ee5c 51 c\u1eb7p t\u01b0\u01a1ng t\u00e1c \u0111\u01b0a v\u00e0o kh\u1ea3o s\u00e1t \u00fd ki\u1ebfn nh\u00f3m chuy\u00ean m\u00f4n.\n", "K\u1ebft qu\u1ea3 \u0111\u00e1nh gi\u00e1 c\u1ee7a nh\u00f3m chuy\u00ean m\u00f4n theo t\u1eebng ti\u00eau ch\u00ed \u0111\u01b0\u1ee3c tr\u00ecnh b\u00e0y trong b\u1ea3ng 4.\n", "T\u1ed5ng \u0111i\u1ec3m s\u00e1u ti\u00eau ch\u00ed c\u1ee7a c\u00e1c c\u1eb7p t\u01b0\u01a1ng t\u00e1c n\u1eb1m trong kho\u1ea3ng 19,3 \u0111\u00ean 25,5 tr\u00ean t\u1ed5ng \u0111i\u1ec3m t\u1ed1i \u0111a l\u00e0 30 \u0111i\u1ec3m.\n", "Trong s\u00e1u ti\u00eau ch\u00ed \u0111\u00e1nh gi\u00e1, ti\u00eau ch\u00ed 4 (\u0111\u1ed1i t\u01b0\u1ee3ng b\u1ec7nh nh\u00e2n \u0111\u1eb7c bi\u1ec7t) c\u00f3 gi\u00e1 tr\u1ecb trung b\u00ecnh cao nh\u1ea5t (4,6 \u0111i\u1ec3m), c\u00f2n ti\u00eau ch\u00ed 6 (d\u1eef li\u1ec7u m\u00f4 t\u1ea3 t\u01b0\u01a1ng t\u00e1c) c\u00f3 kho\u1ea3ng bi\u1ebfn thi\u1ebfn thi\u00ean l\u1edbn nh\u1ea5t t\u1eeb 1,5 \u0111\u1ebfn 5,0 v\u1edbi gi\u00e1 tr\u1ecb trung b\u00ecnh l\u00e0 3,3 \u00b1 1,1\n", "M\u1ee9c \u0111\u1ed9 \u0111\u1ed3ng thu\u1eadn c\u1ee7a nh\u00f3m chuy\u00ean m\u00f4n theo t\u1eebng ti\u00eau ch\u00ed t\u01b0\u01a1ng \u0111\u1ed1i kh\u00e1c nhau.\n", "Trong \u0111\u00f3, ti\u00eau ch\u00ed 6 (d\u1eef li\u1ec7u m\u00f4 t\u1ea3 t\u01b0\u01a1ng t\u00e1c) c\u00f3 gi\u00e1 tr\u1ecb\n", "ICC cao nh\u1ea5t (0,910), ti\u1ebfp \u0111\u1ebfn ti\u00eau ch\u00ed 1 (m\u1ee9c \u0111\u1ed9 ph\u1ed5 bi\u1ebfn c\u1ee7a t\u01b0\u01a1ng t\u00e1c) l\u00e0 0,860 cho th\u1ea5y m\u1ee9c \u0111\u1ed9 \u0111\u1ed3ng thu\u1eadn cao.\n", "Trong \u0111\u00f3, ti\u00eau ch\u00ed 3 (m\u1ee9c \u0111\u1ed9 ki\u1ec3m so\u00e1t t\u01b0\u01a1ng t\u00e1c) c\u00f3 gi\u00e1 tr\u1ecb ICC nh\u1ecf h\u01a1n 0,4 (0,358) th\u1ec3 hi\u1ec7n m\u1ee9c \u0111\u1ed9 \u0111\u1ed3ng thu\u1eadn th\u1ea5p.\n", "C\u00e1c ti\u00eau ch\u00ed c\u00f2n l\u1ea1i c\u00f3 m\u1ee9c \u0111\u1ed9 \u0111\u1ed3ng thu\u1eadn trung b\u00ecnh.\n", "B\u1ea3ng 4.\n", "K\u1ebft qu\u1ea3 \u0111\u00e1nh gi\u00e1 \u0111i\u1ec3m c\u00e1c ti\u00eau ch\u00ed c\u1ee7a nh\u00f3m chuy\u00ean m\u00f4n v\u1ec1 51 c\u1eb7p t\u01b0\u01a1ng t\u00e1c\n", "TT\n", "C\u00e1c gi\u00e1 tr\u1ecb kh\u1ea3o s\u00e1t\n", "M\u1ee9c \u0111\u1ed9 ph\u1ed5 bi\u1ebfn\n", "M\u1ee9c \u0111\u1ed9 nghi\u00eam tr\u1ecdng\n", "M\u1ee9c \u0111\u1ed9 ki\u1ec3m so\u00e1t\n", "\u0110\u1ed1i t\u01b0\u1ee3ng \u0111\u1eb7c bi\u1ec7t\n", "Nh\u1eadn th\u1ee9c v\u1ec1 t\u01b0\u01a1ng t\u00e1c\n", "D\u1eef li\u1ec7u m\u00f4 t\u1ea3\n", "T\u1ed5ng \u0111i\u1ec3m 6 ti\u00eau ch\u00ed 1 TB \u00b1 SD 1,5 \u00b1 0,8 4,3 \u00b1 0,3 4,4 \u00b1 0,2 4,6 \u00b1 0,3 4,5 \u00b1 0,4 3,3 \u00b1 1,1 22,6 \u00b1 1,7\n", "Gi\u00e1 tr\u1ecb nh\u1ecf nh\u1ea5t 1,0 3,7 3,8 3,7 3,8 1,5 19,3\n", "Gi\u00e1 tr\u1ecb l\u1edbn nh\u1ea5t 3,8 4,8 4,8 5,0 5,0 5,0 25,5 4 ICC 0,860 0,451 0,358 0,558 0,431 0,910 25 c\u1eb7p t\u01b0\u01a1ng t\u00e1c \u0111\u01b0\u1ee3c l\u1ef1a ch\u1ecdn v\u00e0o danh m\u1ee5c cu\u1ed1i c\u00f9ng l\u00e0 nh\u1eefng c\u1eb7p t\u01b0\u01a1ng t\u00e1c c\u00f3 t\u1ed5ng \u0111i\u1ec3m 6 ti\u00eau ch\u00ed \u2265 22,6 (gi\u00e1 tr\u1ecb trung b\u00ecnh t\u1ed5ng \u0111i\u1ec3m 6 ti\u00eau ch\u00ed c\u1ee7a 51 c\u1eb7p t\u01b0\u01a1ng t\u00e1c).\n", "Ngo\u00e0i ra, 2 d\u01b0\u1ee3c s\u0129 trong nh\u00f3m chuy\u00ean m\u00f4n sau khi \u0111\u00e3 r\u00e0 so\u00e1t c\u00e1c c\u1eb7p t\u01b0\u01a1ng t\u00e1c CC\u0110 trong danh m\u1ee5c 51 c\u1eb7p t\u01b0\u01a1ng t\u00e1c, \u0111\u00e3 th\u1ea3o lu\u1eadn v\u00e0 th\u1ed1ng nh\u1ea5t b\u1ed5 sung v\u00e0o danh s\u00e1ch 2 c\u1eb7p t\u01b0\u01a1ng t\u00e1c: amiodaron \u2013 moxifloxacin, amiodaron \u2013 sulfamethoxazol/trimethoprim (c\u00e1c thu\u1ed1c c\u00f3 nguy c\u01a1 k\u00e9o d\u00e0i kho\u1ea3ng QT).\n", "Nh\u01b0 v\u1eady, nh\u00f3m nghi\u00ean c\u1ee9u thu \u0111\u01b0\u1ee3c danh m\u1ee5c TTT c\u1ea7n ch\u00fa \u00fd t\u1ea1i khoa N\u1ed9i, b\u1ec7nh vi\u1ec7n Ki\u1ebfn An bao g\u1ed3m 27 c\u1eb7p t\u01b0\u01a1ng t\u00e1c c\u00f9ng c\u01a1 ch\u1ebf-h\u1eadu qu\u1ea3 v\u00e0 bi\u1ec7n ph\u00e1p qu\u1ea3n l\u00fd c\u1ee7a m\u1ed7i c\u1eb7p t\u01b0\u01a1ng t\u00e1c \u0111\u01b0\u1ee3c tr\u00ecnh b\u00e0y trong b\u1ea3ng 5.\n", "B\u1ea3ng 5.\n", "Danh m\u1ee5c 27 c\u1eb7p t\u01b0\u01a1ng t\u00e1c thu\u1ed1c c\u1ea7n ch\u00fa \u00fd trong th\u1ef1c h\u00e0nh l\u00e2m s\u00e0ng\n", "TT C\u1eb7p t\u01b0\u01a1ng t\u00e1c C\u01a1 ch\u1ebf- H\u1eadu qu\u1ea3 Bi\u1ec7n ph\u00e1p qu\u1ea3n l\u00fd 1 Itraconazol Midazolam\n", "Itraconazol \u1ee9c ch\u1ebf m\u1ea1nh\n", "CYP3A4 l\u00e0m t\u0103ng n\u1ed3ng \u0111\u1ed9 midazolam trong m\u00e1u, t\u0103ng \u0111\u1ed9c t\u00ednh midazolam (suy h\u00f4 h\u1ea5p, t\u0103ng k\u00e9o d\u00e0i t\u00e1c d\u1ee5ng \u1ee9c ch\u1ebf th\u1ea7n kinh trung \u01b0\u01a1ng, r\u1ed1i lo\u1ea1n t\u00e2m th\u1ea7n v\u1eadn \u0111\u1ed9ng).\n", "Tr\u00e1nh ph\u1ed1i h\u1ee3p.\n", "Ng\u1eebng itraconazol \u00edt nh\u1ea5t 2 tu\u1ea7n tr\u01b0\u1edbc khi d\u00f9ng midazolam 2 Nimodipin Phenobarbital\n", "Phenobarbital c\u1ea3m \u1ee9ng m\u1ea1nh CYP3A4, l\u00e0m gi\u1ea3m \u0111\u00e1ng k\u1ec3 n\u1ed3ng \u0111\u1ed9 nimodipin trong m\u00e1u, gi\u1ea3m t\u00e1c d\u1ee5ng c\u1ee7a nimodipin\n", "Tr\u00e1nh ph\u1ed1i h\u1ee3p\n", "Aspirin\n", "Clopidogrel\n", "Hi\u1ec7p \u0111\u1ed3ng c\u1ed9ng t\u00e1c d\u1ee5ng tr\u00ean \u0111\u00f4ng m\u00e1u, c\u00f3 th\u1ec3 l\u00e0m t\u0103ng nguy c\u01a1 xu\u1ea5t huy\u1ebft.\n", "- N\u1ebfu ph\u1ed1i h\u1ee3p: + Theo d\u00f5i ch\u1eb7t ch\u1ebd c\u00e1c d\u1ea5u hi\u1ec7u ch\u1ea3y m\u00e1u v\u00e0 c\u00e1c x\u00e9t nghi\u1ec7m huy\u1ebft h\u1ecdc.\n", "+ Li\u1ec1u aspirin kh\u00f4ng qu\u00e1 100mg/ ng\u00e0y\n", "NSAIDs (Ketoprofen,\n", "Piroxicam)\n", "Hi\u1ec7p \u0111\u1ed3ng c\u1ed9ng t\u00e1c d\u1ee5ng ph\u1ee5, t\u0103ng nguy c\u01a1 xu\u1ea5t huy\u1ebft/lo\u00e9t ti\u00eau ho\u00e1.\n", "N\u1ebfu ph\u1ed1i h\u1ee3p: + Theo d\u00f5i ch\u1eb7t c\u00e1c d\u1ea5u hi\u1ec7u ch\u1ea3y m\u00e1u.\n", "+ C\u00f3 th\u1ec3 d\u00f9ng k\u00e8m v\u1edbi thu\u1ed1c b\u1ea3o v\u1ec7 d\u1ea1 d\u00e0y.\n", "+ C\u00f3 th\u1ec3 thay NSAIDs b\u1eb1ng paracetamol.\n", "Aspirin v\u00e0\n", "NSAIDs (Ketoprofen,\n", "Piroxicam)\n", "Heparin\n", "Hi\u1ec7p \u0111\u1ed3ng c\u1ed9ng t\u00e1c d\u1ee5ng tr\u00ean \u0111\u00f4ng m\u00e1u, c\u00f3 th\u1ec3 l\u00e0m t\u0103ng nguy c\u01a1 xu\u1ea5t huy\u1ebft.\n", "N\u1ebfu ph\u1ed1i h\u1ee3p: theo d\u00f5i c\u00e1c d\u1ea5u hi\u1ec7u ch\u1ea3y m\u00e1u v\u00e0 c\u00e1c x\u00e9t nghi\u1ec7m huy\u1ebft h\u1ecdc.\n", "Clopidogrel\n", "Heparin v\u00e0 Heparin ph\u00e2n t\u1eed l\u01b0\u1ee3ng th\u1ea5p (Enoxaparin)\n", "NSAIDs (Ketoprofen,\n", "Piroxicam)\n", "Heparin v\u00e0\n", "Heparin tr\u1ecdng l\u01b0\u1ee3ng ph\u00e2n t\u1eed th\u1ea5p (Enoxaparin)\n", "NSAIDs (Ketoprofen,\n", "Piroxicam)\n", "Corticosteroids (Methylpredniso lon,\n", "Hydrocortison)\n", "NSAIDs (Ketoprofen,\n", "Piroxicam)\n", "Hi\u1ec7p \u0111\u1ed3ng c\u1ed9ng t\u00e1c d\u1ee5ng ph\u1ee5, t\u0103ng nguy c\u01a1 xu\u1ea5t huy\u1ebft/lo\u00e9t ti\u00eau ho\u00e1.\n", "- Tr\u00e1nh ph\u1ed1i h\u1ee3p.\n", "- N\u1ebfu b\u1eaft bu\u1ed9c ph\u1ed1i h\u1ee3p, d\u00f9ng k\u00e8m v\u1edbi thu\u1ed1c b\u1ea3o v\u1ec7 d\u1ea1 d\u00e0y.\n", "Atorvastatin\n", "Clarithromycin\n", "Clarithromycin \u1ee9c ch\u1ebf qu\u00e1 tr\u00ecnh chuy\u1ec3n ho\u00e1 atorvastatin qua CYP3A4, l\u00e0m t\u0103ng n\u1ed3ng \u0111\u1ed9 atorvastatin trong m\u00e1u, g\u00e2y t\u0103ng nguy c\u01a1 \u0111\u1ed9c t\u00ednh tr\u00ean c\u01a1 v\u00e0 ti\u00eau c\u01a1 v\u00e2n c\u1ea5p.\n", "N\u1ebfu b\u1eaft bu\u1ed9c ph\u1ed1i h\u1ee3p: + Theo d\u00f5i \u0111\u1ed9c t\u00ednh tr\u00ean c\u01a1 (\u0111au, m\u1ecfi, y\u1ebfu c\u01a1), n\u1ed3ng \u0111\u1ed9 creatinin kinase (CK), ng\u1eebng d\u00f9ng statin n\u1ebfu n\u1ed3ng \u0111\u1ed9 CK t\u0103ng l\u00ean r\u00f5 r\u1ec7t, ho\u1eb7c nghi ng\u1edd ti\u00eau c\u01a1 v\u00e2n c\u1ea5p.\n", "+ Kh\u1edfi \u0111\u1ea7u d\u00f9ng statin b\u1eb1ng li\u1ec1u th\u1ea5p nh\u1ea5t c\u00f3 hi\u1ec7u qu\u1ea3.\n", "C\u00f3 thay atorvastatin b\u1eb1ng rosuvastatin ho\u1eb7c thay clarithromycin b\u1eb1ng azithromycin.\n", "11 Colchicin\n", "Atorvastatin \u1ee9c ch\u1ebf colchicin qua P-gp \u1edf gan v\u00e0 th\u1eadn, l\u00e0m t\u0103ng n\u1ed3ng \u0111\u1ed9 colchicin v\u00e0 c\u00f3 th\u1ec3 l\u00e0m t\u0103ng nguy c\u01a1 \u0111\u1ed9c t\u00ednh tr\u00ean c\u01a1 v\u00e0 ti\u00eau c\u01a1 v\u00e2n c\u1ea5p.\n", "N\u1ebfu b\u1eaft bu\u1ed9c ph\u1ed1i h\u1ee3p: + Theo d\u00f5i \u0111\u1ed9c t\u00ednh tr\u00ean c\u01a1 (\u0111au, m\u1ecfi, y\u1ebfu c\u01a1), n\u1ed3ng \u0111\u1ed9 creatinin kinase (CK), ng\u1eebng s\u1eed d\u1ee5ng statin n\u1ebfu n\u1ed3ng \u0111\u1ed9 CK t\u0103ng l\u00ean r\u00f5 r\u1ec7t, ho\u1eb7c nghi ng\u1edd ti\u00eau c\u01a1 v\u00e2n c\u1ea5p.\n", "+ Kh\u1edfi \u0111\u1ea7u d\u00f9ng statin b\u1eb1ng li\u1ec1u th\u1ea5p nh\u1ea5t c\u00f3 hi\u1ec7u qu\u1ea3.\n", "C\u00f3 th\u1ec3 chuy\u1ec3n sang d\u00f9ng rosuvastatin.\n", "12 Itraconazol\n", "Itraconazol \u1ee9c ch\u1ebf qu\u00e1 tr\u00ecnh chuy\u1ec3n ho\u00e1 atorvastatin qua CYP3A4, l\u00e0m t\u0103ng n\u1ed3ng \u0111\u1ed9 atorvastatin trong m\u00e1u, t\u0103ng nguy c\u01a1 \u0111\u1ed9c t\u00ednh tr\u00ean c\u01a1 v\u00e0 ti\u00eau c\u01a1 v\u00e2n c\u1ea5p 13 Clarithromycin Midazolam\n", "Clarithromycin \u1ee9c ch\u1ebf\n", "CYP 3A4, l\u00e0m t\u0103ng n\u1ed3ng \u0111\u1ed9 midazolam trong m\u00e1u, t\u0103ng \u0111\u1ed9c t\u00ednh midazolam (suy h\u00f4 h\u1ea5p, t\u0103ng k\u00e9o d\u00e0i t\u00e1c d\u1ee5ng \u1ee9c ch\u1ebf th\u1ea7n kinh trung \u01b0\u01a1ng, r\u1ed1i lo\u1ea1n t\u00e2m th\u1ea7n v\u1eadn \u0111\u1ed9ng).\n", "N\u1ebfu b\u1eaft bu\u1ed9c ph\u1ed1i h\u1ee3p: + Theo d\u00f5i th\u1eddi gian an th\u1ea7n c\u1ee7a b\u1ec7nh nh\u00e2n.\n", "+ Gi\u1ea3m 50-75% li\u1ec1u midazolam.\n", "\u0110\u1eb7c bi\u1ec7t, truy\u1ec1n t\u0129nh m\u1ea1ch midazolam k\u00e9o d\u00e0i, c\u1ea7n gi\u1ea3m 50% li\u1ec1u ban \u0111\u1ea7u.\n", "+ C\u00f3 th\u1ec3 thay clarithromycin b\u1eb1ng azithromycin.\n", "14 Clopidogrel\n", "PPIs (Esomeprazol,\n", "Lansoprazol)\n", "PPIs \u1ee9c ch\u1ebf chuy\u1ec3n ho\u00e1 clopidogrel th\u00e0nh ch\u1ea5t chuy\u1ec3n ho\u00e1 c\u00f3 ho\u1ea1t t\u00ednh qua\n", "CYP2C19, l\u00e0m gi\u1ea3m t\u00e1c d\u1ee5ng c\u1ee7a clopidogrel d\u1eabn \u0111\u1ebfn nguy c\u01a1 huy\u1ebft kh\u1ed1i - Tr\u00e1nh ph\u1ed1i h\u1ee3p.\n", "- N\u1ebfu b\u1eaft bu\u1ed9c ph\u1ed1i h\u1ee3p: + D\u00f9ng PPIs sau khi d\u00f9ng clopidogrel 4 gi\u1edd.\n", "+ C\u00f3 th\u1ec3 chuy\u1ec3n sang d\u00f9ng pantoprazol.\n", "Digoxin\n", "Amiodaron\n", "Amiodaron \u1ee9c ch\u1ebf P-gp \u1edf \u1ed1ng th\u1eadn, d\u1eabn \u0111\u1ebfn gi\u1ea3m th\u1ea3i tr\u1eeb digoxin, t\u0103ng \u0111\u1ed9c t\u00ednh digoxin (bu\u1ed3n n\u00f4n, n\u00f4n, lo\u1ea1n nh\u1ecbp tim).\n", "- N\u1ebfu ph\u1ed1i h\u1ee3p: + Gi\u1ea3m 30-50% (\u0111\u01b0\u1eddng u\u1ed1ng), 15%-30% (\u0111\u01b0\u1eddng ti\u00eam) li\u1ec1u kh\u1edfi \u0111\u1ea7u digoxin; c\u00f3 th\u1ec3 ti\u1ebfp t\u1ee5c gi\u1ea3m li\u1ec1u 1,2 tu\u1ea7n sau \u0111\u00f3.\n", "+ Theo d\u00f5i ch\u1eb7t ch\u1ebd c\u00e1c tri\u1ec7u ch\u1ee9ng ng\u1ed9 \u0111\u1ed9c digoxin.\n", "+ Amiodaron c\u00f3 th\u1eddi gian b\u00e1n th\u1ea3i d\u00e0i (50 ng\u00e0y), t\u01b0\u01a1ng t\u00e1c c\u00f3 th\u1ec3 v\u1eabn t\u1ed3n t\u1ea1i m\u1ed9t v\u00e0i tu\u1ea7n sau khi ng\u1eebng thu\u1ed1c.\n", "Hydrochlorothiazid\n", "T\u0103ng \u0111\u1ed9c t\u00ednh digoxin (bu\u1ed3n n\u00f4n, n\u00f4n, lo\u1ea1n nh\u1ecbp tim) do h\u1ea1 kali m\u00e1u.\n", "N\u1ebfu ph\u1ed1i h\u1ee3p: + Gi\u00e1m s\u00e1t n\u1ed3ng \u0111\u1ed9 kali, magie v\u00e0 theo d\u00f5i c\u00e1c bi\u1ec3u hi\u1ec7n ng\u1ed9 \u0111\u1ed9c digoxin.\n", "+ Ph\u00f2ng t\u00ecnh tr\u1ea1ng m\u1ea5t kali nghi\u00eam tr\u1ecdng b\u1eb1ng c\u00e1ch s\u1eed d\u1ee5ng ch\u1ebf ph\u1ea9m b\u1ed5 sung kali/ d\u00f9ng thu\u1ed1c l\u1ee3i ti\u1ec3u gi\u1eef kali.\n", "16 Furosemid\n", "Aminosids (Gentamicin,\n", "Netilmicin)\n", "Hi\u1ec7p \u0111\u1ed3ng c\u1ed9ng t\u00e1c d\u1ee5ng ph\u1ee5, t\u0103ng \u0111\u1ed9c t\u00ednh tr\u00ean th\u00ednh gi\u00e1c v\u00e0/ho\u1eb7c tr\u00ean th\u1eadn.\n", "- Tr\u00e1nh ph\u1ed1i h\u1ee3p.\n", "- N\u1ebfu b\u1eaft bu\u1ed9c ph\u1ed1i h\u1ee3p: + Ki\u1ec3m tra ch\u1ee9c n\u0103ng th\u00ednh gi\u00e1c, ch\u1ee9c n\u0103ng th\u1eadn tr\u01b0\u1edbc khi d\u00f9ng thu\u1ed1c, \u0111\u1ecbnh k\u00ec theo d\u00f5i.\n", "+ B\u1ec7nh nh\u00e2n suy th\u1eadn: gi\u1ea3m li\u1ec1u 1 ho\u1eb7c c\u1ea3 2 thu\u1ed1c.\n", "17 Lidocain Amiodaron\n", "Amiodaron \u1ee9c ch\u1ebf\n", "CYP3A4, l\u00e0m t\u0103ng n\u1ed3ng \u0111\u1ed9 lidocain, c\u00f3 th\u1ec3 d\u1eabn \u0111\u1ebfn ng\u1ed9 \u0111\u1ed9c lidocain (r\u1ed1i lo\u1ea1n nh\u1ecbp tim, co gi\u1eadt, h\u00f4n m\u00ea)\n", "N\u1ebfu b\u1eaft bu\u1ed9c ph\u1ed1i h\u01a1p: + Gi\u00e1m s\u00e1t ch\u1eb7t ch\u1ebd v\u00e0 theo d\u00f5i \u0111i\u1ec7n t\u00e2m \u0111\u1ed3, \u0111\u1eb7c bi\u1ec7t khi d\u00f9ng lidocain li\u1ec1u cao.\n", "+ T\u01b0\u01a1ng t\u00e1c thu\u1ed1c c\u00f3 th\u1ec3 t\u1ed3n t\u1ea1i trong v\u00e0i tu\u1ea7n \u0111\u1ebfn v\u00e0i th\u00e1ng sau khi ng\u1eebng amiodaron.\n", "18 Digoxin\n", "\u1ee8c ch\u1ebf th\u1ee5 th\u1ec3 angiotensin-II (Telmisartan,\n", "Losartan)\n", "T\u0103ng \u0111\u1ed9c t\u00ednh digoxin (bu\u1ed3n n\u00f4n, n\u00f4n, lo\u1ea1n nh\u1ecbp tim).\n", "- N\u1ebfu ph\u1ed1i h\u1ee3p: + Gi\u1ea3m li\u1ec1u digoxin: gi\u1ea3m 15- 30% li\u1ec1u digoxin \u0111\u01b0\u1eddng ti\u00eam ho\u1eb7c gi\u1ea3m t\u1ea7n su\u1ea5t s\u1eed d\u1ee5ng.\n", "+ Theo d\u00f5i ch\u1eb7t ch\u1ebd c\u00e1c tri\u1ec7u ch\u1ee9ng ng\u1ed9 \u0111\u1ed9c digoxin.\n", "19 Spironolacton\n", "\u1ee8c ch\u1ebf men chuy\u1ec3n (Lisinopril,\n", "Perindopril,\n", "Ramipril)\n", "T\u0103ng kali m\u00e1u do gi\u1ea3m n\u1ed3ng \u0111\u1ed9 aldosteron - Tr\u00e1nh ph\u1ed1i h\u1ee3p, \u0111\u1eb7c bi\u1ec7t tr\u00ean b\u1ec7nh nh\u00e2n c\u00f3 m\u1ee9c l\u1ecdc c\u1ea7u th\u1eadn <30ml/ph\u00fat.\n", "- N\u1ebfu b\u1eaft bu\u1ed9c ph\u1ed1i h\u1ee3p: Theo d\u00f5i ch\u1eb7t ch\u1ebd n\u1ed3ng \u0111\u1ed9 kali m\u00e1u v\u00e0 ch\u1ee9c n\u0103ng th\u1eadn, \u0111\u1eb7c bi\u1ec7t b\u1ec7nh nh\u00e2n c\u00f3 r\u1ed1i lo\u1ea1n ch\u1ee9c n\u0103ng th\u1eadn ho\u1eb7c \u0111\u00e1i th\u00e1o \u0111\u01b0\u1eddng, b\u1ec7nh nh\u00e2n s\u1eed d\u1ee5ng spironolacton v\u1edbi li\u1ec1u >25mg/ng\u00e0y.\n", "Ch\u1ebf ph\u1ea9m ch\u1ee9a kali\n", "\u1ee8c ch\u1ebf men chuy\u1ec3n (Lisinopril,\n", "Perindopril,\n", "Ramipril)\n", "T\u0103ng kali m\u00e1u do gi\u1ea3m n\u1ed3ng \u0111\u1ed9 aldosteron - Tr\u00e1nh ph\u1ed1i h\u1ee3p.\n", "- N\u1ebfu b\u1eaft bu\u1ed9c ph\u1ed1i h\u1ee3p: + Gi\u00e1m s\u00e1t ch\u1eb7t ch\u1ebd n\u1ed3ng \u0111\u1ed9 kali m\u00e1u.\n", "+ T\u01b0 v\u1ea5n v\u1ec1 ch\u1ebf \u0111\u1ed9 \u0103n cho b\u1ec7nh nh\u00e2n.\n", "Ch\u1ebf ph\u1ea9m ch\u1ee9a kali\n", "Spironolacton\n", "T\u0103ng kali m\u00e1u do gi\u1ea3m \u0111\u1ed9 thanh th\u1ea3i th\u1eadn.\n", "- \u1ede b\u1ec7nh nh\u00e2n suy tim, n\u00ean ng\u1eebng b\u1ed5 sung kali khi b\u1eaft \u0111\u1ea7u d\u00f9ng spironolacton.\n", "- N\u1ebfu b\u1eaft bu\u1ed9c ph\u1ed1i h\u1ee3p: + Gi\u00e1m s\u00e1t ch\u1eb7t ch\u1ebd n\u1ed3ng \u0111\u1ed9 kali m\u00e1u.\n", "+ T\u01b0 v\u1ea5n v\u1ec1 ch\u1ebf \u0111\u1ed9 \u0103n cho b\u1ec7nh nh\u00e2n.\n", "22 Ciprofloxacin Theophyllin\n", "Gi\u1ea3m \u0111\u1ed9 thanh th\u1ea3i c\u1ee7a theophyllin, n\u00ean l\u00e0m t\u0103ng n\u1ed3ng \u0111\u1ed9 theophyllin m\u00e1u, k\u00e9o d\u00e0i th\u1eddi gian b\u00e1n th\u1ea3i v\u00e0 \u0111\u1ed9c t\u00ednh c\u1ee7a theophyllin (bu\u1ed3n n\u00f4n, n\u00f4n, \u0111\u00e1nh tr\u1ed1ng ng\u1ef1c, co gi\u1eadt)\n", "N\u1ebfu ph\u1ed1i h\u1ee3p: + Gi\u1ea3m 30-50% li\u1ec1u theophyllin khi b\u1eaft \u0111\u1ea7u d\u00f9ng ciprofloxacin.\n", "+ Theo d\u00f5i c\u00e1c d\u1ea5u hi\u1ec7u \u0111\u1ed9c t\u00ednh c\u1ee7a theophyllin.\n", "+ C\u00f3 th\u1ec3 xem x\u00e9t thay ciprofloxacin b\u1eb1ng moxifloxacin.\n", "Asprin v\u00e0\n", "NSAIDs (Ketoprofen,\n", "Piroxicam)\n", "Thu\u1ed1c l\u1ee3i ti\u1ec3u (Hydrochlorothiazi d, Indapamid,\n", "Furosemid,\n", "Spironolacton)\n", "Do l\u00e0m gi\u1ea3m s\u1ea3n xu\u1ea5t prostaglandin th\u1eadn, l\u00e0m gi\u1ea3m t\u00e1c d\u1ee5ng b\u00e0i ti\u1ebft natri v\u00e0 n\u01b0\u1edbc, n\u00ean l\u00e0m gi\u1ea3m hi\u1ec7u qu\u1ea3 l\u1ee3i ti\u1ec3u, gi\u1ea3m hi\u1ec7u qu\u1ea3 h\u1ea1 \u00e1p, g\u00e2y nguy c\u01a1 \u0111\u1ed9c th\u1eadn.\n", "N\u1ebfu s\u1eed d\u1ee5ng \u0111\u1ed3ng th\u1eddi, c\u1ea7n theo d\u00f5i ch\u1ee9c n\u0103ng th\u1eadn, huy\u1ebft \u00e1p v\u00e0 \u0111\u1ea3m b\u1ea3o hi\u1ec7u qu\u1ea3 l\u1ee3i ti\u1ec3u, \u0111i\u1ec1u tr\u1ecb t\u0103ng huy\u1ebft \u00e1p.\n", "Quinolons (Ciprofloxacin,\n", "Moxifloxacin)\n", "Corticoids (Methylprednisonlo n, Hydrocortison)\n", "Hi\u1ec7p \u0111\u1ed3ng t\u00e1c d\u1ee5ng ph\u1ee5, t\u0103ng nguy c\u01a1 vi\u00eam g\u00e2n v\u00e0 \u0111\u1ee9t g\u00e2n - Th\u1eadn tr\u1ecdng \u1edf nh\u1eefng b\u1ec7nh nh\u00e2n tr\u00ean 60 tu\u1ed5i, b\u1ec7nh nh\u00e2n gh\u00e9p th\u1eadn, tim, ph\u1ed5i.\n", "- Ng\u1eebng quinlolons ngay l\u1eadp t\u1ee9c n\u1ebfu b\u1ec7nh nh\u00e2n c\u00f3 bi\u1ec3u hi\u1ec7n \u0111au, s\u01b0ng, vi\u00eam ho\u1eb7c \u0111\u1ee9t g\u00e2n.\n", "25 Digoxin Spironolacton\n", "T\u0103ng \u0111\u1ed9c t\u00ednh digoxin (bu\u1ed3n n\u00f4n, n\u00f4n, lo\u1ea1n nh\u1ecbp tim).\n", "- N\u1ebfu ph\u1ed1i h\u1ee3p: + Gi\u1ea3m li\u1ec1u digoxin: gi\u1ea3m 15- 30% li\u1ec1u digoxin \u0111\u01b0\u1eddng ti\u00eam ho\u1eb7c gi\u1ea3m t\u1ea7n su\u1ea5t s\u1eed d\u1ee5ng.\n", "+ Theo d\u00f5i ch\u1eb7t ch\u1ebd c\u00e1c tri\u1ec7u ch\u1ee9ng ng\u1ed9 \u0111\u1ed9c digoxin.\n", "Amiodaron\n", "Moxifloxacin\n", "T\u0103ng nguy c\u01a1 k\u00e9o d\u00e0i kho\u1ea3ng QT, xo\u1eafn \u0111\u1ec9nh, lo\u1ea1n nh\u1ecbp th\u1ea5t nghi\u00eam tr\u1ecdng v\u00e0 c\u00f3 th\u1ec3 g\u00e2y t\u1eed vong\n", "Tr\u00e1nh ph\u1ed1i h\u1ee3p\n", "Sulfamethoxazol/\n", "Trimethoprim\n", "B\u00e0n lu\u1eadn\n", "M\u1ed9t trong nh\u1eefng kh\u00f3 kh\u0103n khi x\u00e2y d\u1ef1ng danh m\u1ee5c t\u01b0\u01a1ng t\u00e1c thu\u1ed1c c\u1ea7n ch\u00fa \u00fd trong th\u1ef1c h\u00e0nh l\u00e2m s\u00e0ng l\u00e0 t\u00ednh kh\u00f4ng t\u01b0\u01a1ng \u0111\u1ed3ng c\u1ee7a c\u00e1c ngu\u1ed3n th\u00f4ng tin tra c\u1ee9u, d\u1eabn \u0111\u1ebfn vi\u1ec7c b\u1ecf s\u00f3t ho\u1eb7c \u0111\u01b0a ra c\u1ea3nh b\u00e1o gi\u1ea3.\n", "\u0110\u1ec3 kh\u1eafc ph\u1ee5c nh\u01b0\u1ee3c \u0111i\u1ec3m n\u00e0y nhi\u1ec1u ph\u01b0\u01a1ng ph\u00e1p kh\u00e1c nhau \u0111\u00e3 \u0111\u01b0\u1ee3c \u0111\u1ec1 xu\u1ea5t s\u1eed d\u1ee5ng trong c\u00e1c nghi\u00ean c\u1ee9u x\u00e2y d\u1ef1ng danh m\u1ee5c TTT tr\u00ean th\u1ebf gi\u1edbi c\u0169ng nh\u01b0 Vi\u1ec7t Nam.\n", "Trong nghi\u00ean c\u1ee9u n\u00e0y, ch\u00fang t\u00f4i l\u1ef1a ch\u1ecdn ph\u01b0\u01a1ng ph\u00e1p t\u1eeb nh\u1eefng g\u1ee3i \u00fd trong ph\u01b0\u01a1ng ph\u00e1p \u0111\u01b0\u1ee3c \u0111\u1ec1 xu\u1ea5t b\u1edfi Malone v\u00e0 c\u1ed9ng s\u1ef1 (2004) [1].\n", "\u01afu \u0111i\u1ec3m c\u1ee7a ph\u01b0\u01a1ng ph\u00e1p n\u00e0y l\u00e0 cho ph\u00e9p s\u1eed d\u1ee5ng danh m\u1ee5c thu\u1ed1c t\u1ea1i b\u1ec7nh vi\u1ec7n \u0111\u1ec3 x\u00e2y d\u1ef1ng danh s\u00e1ch TTT c\u1ea7n ch\u00fa \u00fd.\n", "Trong giai \u0111o\u1ea1n 1 \u0111\u1ec3 x\u00e2y d\u1ef1ng danh m\u1ee5c TTT l\u00fd thuy\u1ebft, ch\u00fang t\u00f4i ch\u1ecdn 2 CSDL l\u00e0 ph\u1ea7n m\u1ec1m MM 2.0 v\u00e0 s\u00e1ch DIF 2014, trong \u0111\u00f3 MM 2.0 l\u00e0 ngu\u1ed3n th\u00f4ng tin tra c\u1ee9u ban \u0111\u1ea7u \u0111\u1ec3 s\u00e0ng l\u1ecdc c\u00e1c TTT nghi\u00eam tr\u1ecdng c\u1ea7n ch\u00fa \u00fd v\u00ec \u0111\u00e2y l\u00e0 m\u1ed9t trong nh\u1eefng ph\u1ea7n m\u1ec1m tra c\u1ee9u TTT \u0111\u01b0\u1ee3c s\u1eed d\u1ee5ng ph\u1ed5 bi\u1ebfn nh\u1ea5t hi\u1ec7n nay do c\u00f3 \u0111\u1ed9 tin c\u1eady v\u00e0 ti\u1ec7n d\u1ee5ng cao, cho ph\u00e9p nh\u1eadp t\u1ea5t c\u1ea3 c\u00e1c thu\u1ed1c trong danh m\u1ee5c thu\u1ed1c \u0111\u1ec3 tra c\u1ee9u.\n", "Th\u00eam v\u00e0o \u0111\u00f3, ch\u00fang t\u00f4i s\u1eed d\u1ee5ng th\u00eam c\u00e1c t\u1edd\n", "HDSD thu\u1ed1c l\u00e0m CSDL tra c\u1ee9u t\u01b0\u01a1ng t\u00e1c CC\u0110, v\u00ec \u0111\u00e2y l\u00e0 nh\u1eefng ngu\u1ed3n th\u00f4ng tin mang t\u00ednh ph\u00e1p l\u00fd, th\u01b0\u1eddng \u0111\u01b0\u1ee3c c\u00e1c b\u00e1c s\u1ef9, d\u01b0\u1ee3c s\u0129 c\u1ee7a b\u1ec7nh d\u1ef1ng danh m\u1ee5c TTT th\u1ef1c t\u1ebf d\u1ef1a tr\u00ean b\u1ec7nh \u00e1n n\u1ed9i tr\u00fa, ch\u00fang t\u00f4i \u0111\u00e3 l\u1ef1a ch\u1ecdn nh\u1eefng c\u1eb7p t\u01b0\u01a1ng t\u00e1c c\u00f3 t\u1ea7n su\u1ea5t xu\u1ea5t hi\u1ec7n \u22651% tr\u00ean t\u1ed5ng s\u1ed1 b\u1ec7nh \u00e1n n\u1ed9i tr\u00fa.\n", "Cu\u1ed1i c\u00f9ng, danh m\u1ee5c TTT c\u1ea7n ch\u00fa \u00fd trong th\u1ef1c h\u00e0nh l\u00e2m s\u00e0ng \u0111\u01b0\u1ee3c x\u00e2y d\u1ef1ng t\u1eeb danh m\u1ee5c TTT l\u00fd thuy\u1ebft d\u1ef1a tr\u00ean tra c\u1ee9u c\u00e1c ngu\u1ed3n th\u00f4ng tin v\u00e0 r\u00e0 so\u00e1t \u0111\u01a1n k\u00ea th\u1ef1c t\u1ebf.\n", "\u0110i\u1ec1u n\u00e0y gi\u00fap t\u0103ng t\u00ednh tin c\u1eady, m\u1ee9c \u0111\u1ed9 ph\u00f9 h\u1ee3p v\u00e0 b\u00e1m s\u00e1t th\u1ef1c t\u1ebf c\u1ee7a danh m\u1ee5c do c\u00e1c t\u01b0\u01a1ng t\u00e1c \u0111\u01b0\u1ee3c l\u1ef1a ch\u1ecdn t\u1eeb b\u1eb1ng ch\u1ee9ng trong y v\u0103n, r\u00e0 so\u00e1t \u0111\u01a1n k\u00ea th\u1ef1c t\u1ebf \u0111\u1ed3ng th\u1eddi c\u00f3 s\u1ef1 \u0111\u00e1nh gi\u00e1 \u0111\u1ed3ng thu\u1eadn c\u1ee7a c\u00e1c b\u00e1c s\u0129 v\u00e0 d\u01b0\u1ee3c s\u0129.\n", "Nh\u1eefng c\u1eb7p TTT cu\u1ed1i c\u00f9ng \u0111\u01b0\u1ee3c ch\u1ecdn ra s\u1ebd c\u00f3 \u00fd ngh\u0129a th\u1ef1c s\u1ef1 trong vi\u1ec7c k\u00ea \u0111\u01a1n, gi\u00fap c\u00e1c b\u00e1c s\u0129 qu\u1ea3n l\u00fd t\u01b0\u01a1ng t\u00e1c v\u00e0 gi\u1ea3m thi\u1ec3u c\u00e1c bi\u1ebfn c\u1ed1 b\u1ea5t l\u1ee3i cho b\u1ec7nh nh\u00e2n khi th\u1ef1c hi\u1ec7n y l\u1ec7nh.\n", "\u1ede giai \u0111o\u1ea1n 1, trong danh m\u1ee5c 45 c\u1eb7p t\u01b0\u01a1ng t\u00e1c l\u00fd thuy\u1ebft c\u1ea7n ch\u00fa \u00fd, c\u00e1c nh\u00f3m thu\u1ed1c tim m\u1ea1ch, NSAIDs, kh\u00e1ng sinh l\u00e0 c\u00e1c thu\u1ed1c c\u00f3 li\u00ean quan \u0111\u1ebfn nhi\u1ec1u c\u1eb7p t\u01b0\u01a1ng t\u00e1c thu\u1ed1c nh\u1ea5t.\n", "Trong \u0111\u00f3, clarithromycin xu\u1ea5t hi\u1ec7n nhi\u1ec1u nh\u1ea5t (11 c\u1eb7p t\u01b0\u01a1ng t\u00e1c \u2013 chi\u1ebfm 13%) v\u00e0 ti\u1ebfp \u0111\u1ebfn l\u00e0 amiodaron xu\u1ea5t hi\u1ec7n trong 10 c\u1eb7p t\u01b0\u01a1ng t\u00e1c (chi\u1ebfm t\u1ef7 l\u1ec7 11,5%).\n", "Clarithromycin v\u00e0 amiodaron \u0111\u1ec1u l\u00e0 ch\u1ea5t \u1ee9c ch\u1ebf CYP3A4, \u0111\u1ed3ng th\u1eddi, c\u00f2n \u1ee9c ch\u1ebf P- glycoprotein l\u00e0m t\u0103ng nguy c\u01a1 x\u1ea3y ra t\u01b0\u01a1ng t\u00e1c thu\u1ed1c [5].\n", "C\u00e1c t\u01b0\u01a1ng t\u00e1c n\u00e0y th\u01b0\u1eddng l\u00e0m t\u0103ng n\u1ed3ng \u0111\u1ed9/ \u0111\u1ed9c t\u00ednh c\u1ee7a thu\u1ed1c d\u00f9ng ph\u1ed1i h\u1ee3p.\n", "V\u00ed d\u1ee5, clarithromycin l\u00e0m t\u0103ng n\u1ed3ng \u0111\u1ed9 v\u00e0 \u0111\u1ed9c t\u00ednh c\u1ee7a digoxin, g\u00e2y bu\u1ed3n n\u00f4n, n\u00f4n hay lo\u1ea1n nh\u1ecbp tim [5]; hay amiodaron v\u1edbi c\u1ea3 c\u01a1 ch\u1ebf d\u01b0\u1ee3c \u0111\u1ed9ng h\u1ecdc v\u00e0 t\u00e1c d\u1ee5ng d\u01b0\u1ee3c l\u1ef1c h\u1ecdc g\u00e2y c\u1ed9ng h\u01b0\u1edfng \u0111\u1ed9c t\u00ednh tr\u00ean tim, k\u00e9o d\u00e0i QT, g\u00e2y xo\u1eafn \u0111\u1ec9nh khi ph\u1ed1i h\u1ee3p v\u1edbi c\u00e1c thu\u1ed1c kh\u00e1c c\u00f3 c\u00f9ng nguy c\u01a1 [6].\n", "\u1ede giai \u0111o\u1ea1n 2, t\u1ef7 l\u1ec7 b\u1ec7nh \u00e1n g\u1eb7p t\u01b0\u01a1ng t\u00e1c trong nghi\u00ean c\u1ee9u c\u1ee7a ch\u00fang t\u00f4i l\u00e0 48%, cao h\u01a1n so v\u1edbi nghi\u00ean c\u1ee9u c\u1ee7a Nguy\u1ec5n Thu\u00fd H\u1eb1ng (2016) [7] t\u1ea1i b\u1ec7nh vi\u1ec7n Nhi Trung \u01b0\u01a1ng l\u00e0 37%.\n", "Trong 27 c\u1eb7p t\u01b0\u01a1ng t\u00e1c c\u1ea7n th\u1ef1c t\u1ebf c\u1ea7n ch\u00fa \u00fd d\u1ef1a tr\u00ean b\u1ec7nh \u00e1n n\u1ed9i tr\u00fa, t\u01b0\u01a1ng t\u00e1c gi\u1eefa spironolacton \u2013 ch\u1ebf ph\u1ea9m ch\u1ee9a kali, spironolacton \u2013 nh\u00f3m \u1ee9c ch\u1ebf men chuy\u1ec3n (lisinopril, perindopril), nh\u00f3m \u1ee9c ch\u1ebf men chuy\u1ec3n \u2013 ch\u1ebf ph\u1ea9m ch\u1ee9a kali l\u00e0 3 c\u1eb7p t\u01b0\u01a1ng t\u00e1c xu\u1ea5t hi\u1ec7n nhi\u1ec1u nh\u1ea5t (chi\u1ebfm t\u1ef7 l\u1ec7 46,46%).\n", "\u0110\u00e2y \u0111\u1ec1u l\u00e0 nh\u1eefng c\u1eb7p thu\u1ed1c khi ph\u1ed1i h\u1ee3p d\u1eabn \u0111\u1ebfn nguy c\u01a1 t\u0103ng n\u1ed3ng \u0111\u1ed9 kali m\u00e1u, c\u00f3 th\u1ec3 g\u00e2y r\u1ed1i lo\u1ea1n nh\u1ecbp tim.\n", "Theo d\u00f5i n\u1ed3ng \u0111\u1ed9 kali m\u00e1u v\u00e0 ch\u1ee9c n\u0103ng n\u0103ng th\u1eadn tr\u01b0\u1edbc \u0111i\u1ec1u \u0111\u1ed3ng th\u1eddi theo d\u00f5i n\u1ed3ng \u0111\u1ed9 kali m\u00e1u trong qu\u00e1 tr\u00ecnh \u0111i\u1ec1u tr\u1ecb l\u00e0 nh\u1eefng bi\u1ec7n ph\u00e1p \u0111\u01b0\u1ee3c khuy\u1ebfn c\u00e1o \u0111\u1ec3 ki\u1ec3m so\u00e1t c\u00e1c t\u01b0\u01a1ng t\u00e1c thu\u1ed1c n\u00e0y [5].\n", "\u0110\u1eb7c bi\u1ec7t tr\u00ean b\u1ec7nh nh\u00e2n c\u00f3 y\u1ebfu t\u1ed1 nguy c\u01a1 cao (suy th\u1eadn, \u0111\u00e1i th\u00e1o \u0111\u01b0\u1eddng, cao tu\u1ed5i, s\u1eed d\u1ee5ng ch\u1ebf ph\u1ea9m b\u1ed5 sung kali, l\u1ee3i ti\u1ec3u gi\u1eef kali, \u1ee9c ch\u1ebf men chuy\u1ec3n) [8].\n", "Trong qu\u00e1 tr\u00ecnh h\u1ed3i c\u1ee9u b\u1ec7nh \u00e1n, nh\u00f3m nghi\u00ean c\u1ee9u c\u0169ng ch\u01b0a ph\u00e1t hi\u1ec7n th\u1ea5y tr\u01b0\u1eddng h\u1ee3p n\u00e0o c\u00f3 gi\u00e1 tr\u1ecb kali trong m\u00e1u v\u01b0\u1ee3t qu\u00e1 m\u1ee9c cho ph\u00e9p.\n", "Tuy nhi\u00ean, do vi\u1ec7c k\u1ebft h\u1ee3p n\u00e0y xu\u1ea5t hi\u1ec7n kh\u00e1 nhi\u1ec1u trong c\u00e1c \u0111\u01a1n thu\u1ed1c t\u1ea1i khoa, n\u00ean c\u1eb7p t\u01b0\u01a1ng t\u00e1c n\u00e0y c\u0169ng c\u1ea7n c\u1ea3nh b\u00e1o c\u00e1c b\u00e1c s\u1ef9 khi k\u00ea \u0111\u01a1n.\n", "Ngo\u00e0i c\u00e1c t\u01b0\u01a1ng t\u00e1c l\u00e0m t\u0103ng n\u1ed3ng \u0111\u1ed9 kali m\u00e1u, c\u00e1c c\u1eb7p t\u01b0\u01a1ng t\u00e1c aspirin v\u00e0 NSAIDs (piroxicam) v\u1edbi nh\u00f3m thu\u1ed1c l\u1ee3i ti\u1ec3u (hydrochlorothiazid, furosemid, spironolacton) kh\u00e1 ph\u1ed5 bi\u1ebfn (chi\u1ebfm t\u1ef7 l\u1ec7 41,98%).\n", "Aspirin v\u00e0\n", "NSAIDs \u0111\u1ec1u \u1ee9c ch\u1ebf gi\u00e3n m\u1ea1ch qua trung gian prostaglandin v\u00e0 l\u00e0m t\u0103ng gi\u1eef mu\u1ed1i v\u00e0 n\u01b0\u1edbc trong c\u01a1 th\u1ec3 [5].\n", "M\u1eb7c d\u00f9 m\u1ee9c t\u0103ng tuy\u1ec7t \u0111\u1ed1i c\u1ee7a huy\u1ebft \u00e1p khi d\u00f9ng \u0111\u1ed3ng th\u1eddi NSAIDs v\u00e0 thu\u1ed1c \u0111i\u1ec1u tr\u1ecb t\u0103ng huy\u1ebft \u00e1p ch\u1ec9 gi\u1edbi h\u1ea1n \u1edf m\u1ee9c 10mmHg, nh\u01b0ng \u0111i\u1ec1u n\u00e0y c\u0169ng c\u00f3 th\u1ec3 l\u00e0m gi\u1ea3m 50% hi\u1ec7u qu\u1ea3 \u0111i\u1ec1u tr\u1ecb c\u1ee7a c\u00e1c thu\u1ed1c h\u1ea1 \u00e1p, l\u00e0m gi\u1ea3m hi\u1ec7u qu\u1ea3 d\u1ef1 ph\u00f2ng c\u00e1c bi\u1ebfn c\u1ed1 tim m\u1ea1ch v\u00e0 c\u1ea7n thi\u1ebft c\u00f3 s\u1ef1 ki\u1ec3m so\u00e1t huy\u1ebft \u00e1p tr\u00ean b\u1ec7nh nh\u00e2n [8].\n", "Vi\u1ec7c qu\u1ea3n l\u00fd t\u01b0\u01a1ng t\u00e1c NSAIDs v\u00e0 thu\u1ed1c l\u1ee3i ti\u1ec3u s\u1ebd tr\u00e1nh \u0111\u01b0\u1ee3c nguy c\u01a1 gi\u1ea3m hi\u1ec7u qu\u1ea3 c\u1ee7a c\u00e1c thu\u1ed1c \u0111i\u1ec1u tr\u1ecb t\u0103ng huy\u1ebft \u00e1p, suy th\u1eadn c\u1ea5p v\u00e0 suy tim sung huy\u1ebft.\n", "Ngo\u00e0i ra c\u00f2n c\u00f3 c\u00e1c t\u01b0\u01a1ng t\u00e1c l\u00e0m t\u0103ng nguy c\u01a1 ch\u1ea3y m\u00e1u, t\u01b0\u01a1ng t\u00e1c gi\u1eefa clopidogrel- nh\u00f3m PPIs (esomeprazol, lansoprazol), t\u01b0\u01a1ng t\u00e1c l\u00e0m ch\u1eadm h\u1ea5p thu kali clorid c\u00f3 th\u1ec3 d\u1eabn \u0111\u1ebfn lo\u00e9t ti\u00eau ho\u00e1 do atropin.\n", "\u1ede giai \u0111o\u1ea1n 3, m\u1ee9c \u0111\u1ed9 \u0111\u1ed3ng thu\u1eadn c\u1ee7a nh\u00f3m chuy\u00ean m\u00f4n theo t\u1eebng ti\u00eau ch\u00ed t\u01b0\u01a1ng \u0111\u1ed1i kh\u00e1c nhau.\n", "Trong \u0111\u00f3, ti\u00eau ch\u00ed 6 (d\u1eef li\u1ec7u m\u00f4 t\u1ea3 t\u01b0\u01a1ng t\u00e1c) c\u00f3 gi\u00e1 tr\u1ecb ICC cao nh\u1ea5t (0,910), ti\u1ebfp \u0111\u1ebfn ti\u00eau ch\u00ed 1 (m\u1ee9c \u0111\u1ed9 ph\u1ed5 bi\u1ebfn c\u1ee7a t\u01b0\u01a1ng t\u00e1c) l\u00e0 0,860 cho th\u1ea5y m\u1ee9c \u0111\u1ed9 \u0111\u1ed3ng thu\u1eadn cao.\n", "Trong \u0111\u00f3, ti\u00eau ch\u00ed 3 (m\u1ee9c \u0111\u1ed9 ki\u1ec3m so\u00e1t t\u01b0\u01a1ng t\u00e1c) c\u00f3 gi\u00e1 tr\u1ecb ICC nh\u1ecf h\u01a1n 0,4 (0,358) th\u1ec3 hi\u1ec7n m\u1ee9c \u0111\u1ed9 \u0111\u1ed3ng thu\u1eadn th\u1ea5p.\n", "Qua kh\u1ea3o s\u00e1t \u00fd ki\u1ebfn nh\u00f3m chuy\u00ean m\u00f4n, nh\u00f3m nghi\u00ean c\u1ee9u thu \u0111\u01b0\u1ee3c 25 c\u1eb7p t\u01b0\u01a1ng t\u00e1c c\u00f3 t\u1ed5ng \u0111i\u1ec3m c\u1ee7a 6 ti\u00eau ch\u00ed cao h\u01a1n gi\u00e1 tr\u1ecb trung b\u00ecnh t\u1ed5ng \u0111i\u1ec3m 6 ti\u00eau ch\u00ed c\u1ee7a t\u1ea5t c\u1ea3 51 c\u1eb7p t\u01b0\u01a1ng t\u00e1c (\u2265 22,6).\n", "Ngo\u00e0i ra, nh\u00f3m nghi\u00ean c\u1ee9u th\u1ea3o lu\u1eadn l\u1ea5y \u00fd ki\u1ebfn nh\u00f3m chuy\u00ean m\u00f4n v\u00e0 th\u1ed1ng nh\u1ea5t b\u1ed5 sung 2 c\u1eb7p t\u01b0\u01a1ng t\u00e1c: amiodaron \u2013 moxifloxacin v\u00e0 amiodaron \u2013 sulfamethoxazol/trimethoprim.\n", "Hai c\u1eb7p t\u01b0\u01a1ng t\u00e1c n\u00e0y \u0111\u1ec1u l\u00e0 c\u00e1c c\u1eb7p t\u01b0\u01a1ng t\u00e1c ch\u1ed1ng ch\u1ec9 \u0111\u1ecbnh, g\u00e2y h\u1eadu qu\u1ea3 t\u0103ng nguy c\u01a1 k\u00e9o d\u00e0i kho\u1ea3ng QT, xo\u1eafn \u0111\u1ec9nh, lo\u1ea1n nh\u1ecbp th\u1ea5t nghi\u00eam tr\u1ecdng v\u00e0 c\u00f3 th\u1ec3 g\u00e2y t\u1eed vong.\n", "Trong 27 c\u1eb7p t\u01b0\u01a1ng t\u00e1c c\u1ea7n ch\u00fa \u00fd cu\u1ed1i c\u00f9ng, h\u1eadu qu\u1ea3 c\u1ee7a c\u00e1c c\u1eb7p t\u01b0\u01a1ng t\u00e1c n\u00e0y ph\u1ea7n l\u1edbn g\u00e2y ra tr\u00ean h\u1ec7 tim m\u1ea1ch (chi\u1ebfm t\u1ef7 l\u1ec7 h\u01a1n 40% h\u1eadu qu\u1ea3 trong 27 c\u1eb7p t\u01b0\u01a1ng t\u00e1c) v\u1edbi tri\u1ec7u ch\u1ee9ng kh\u00e1c nhau nh\u01b0 \u0111\u00e1nh tr\u1ed1ng ng\u1ef1c, lo\u1ea1n nh\u1ecbp, h\u1ea1 huy\u1ebft \u00e1p, k\u00e9o d\u00e0i QT, xo\u1eafn \u0111\u1ec9nh...\n", "H\u1eadu qu\u1ea3 th\u01b0\u1eddng g\u1eb7p th\u1ee9 hai l\u00e0 t\u0103ng nguy c\u01a1 ch\u1ea3y m\u00e1u (chi\u1ebfm t\u1ef7 l\u1ec7 26% h\u1eadu qu\u1ea3 trong 27 c\u1eb7p t\u01b0\u01a1ng t\u00e1c) v\u1edbi c\u00e1c bi\u1ec3u hi\u1ec7n l\u00e2m s\u00e0ng: ch\u1ea3y m\u00e1u ch\u00e2n r\u0103ng, ch\u1ea3y m\u00e1u cam, v\u1ebft b\u1ea7m t\u00edm d\u01b0\u1edbi da, \u0111i ngo\u00e0i ph\u00e2n \u0111en, ph\u00e2n c\u00f3 m\u00e1u t\u01b0\u01a1i v\u00e0 \u0111\u1eb7c bi\u1ec7t l\u00e0 lo\u00e9t d\u1ea1 d\u00e0y, xu\u1ea5t huy\u1ebft ti\u00eau ho\u00e1, th\u1eadm ch\u00ed th\u1ee7ng \u0111\u01b0\u1eddng ti\u00eau ho\u00e1.\n", "C\u00e1c c\u1eb7p t\u01b0\u01a1ng t\u00e1c c\u00f2n l\u1ea1i \u1ea3nh h\u01b0\u1edfng tr\u00ean m\u1ed9t s\u1ed1 c\u01a1 quan kh\u00e1c nh\u01b0: c\u01a1, th\u1ea7n kinh trung \u01b0\u01a1ng, h\u00f4 h\u1ea5p v\u00e0 to\u00e0n th\u00e2n.\n", "K\u1ebft lu\u1eadn\n", "Nh\u00f3m nghi\u00ean c\u1ee9u \u0111\u00e3 x\u00e2y d\u1ef1ng \u0111\u01b0\u1ee3c c\u1eb7p t\u01b0\u01a1ng t\u00e1c c\u1ea7n ch\u00fa \u00fd trong th\u1ef1c h\u00e0nh l\u00e2m s\u00e0ng t\u1ea1i v\u1edbi nh\u1eefng th\u00f4ng tin v\u1ec1 c\u01a1 ch\u1ebf- h\u1eadu qu\u1ea3 v\u00e0 bi\u1ec7n ph\u00e1p qu\u1ea3n l\u00fd c\u1ee7a c\u00e1c c\u1eb7p t\u01b0\u01a1ng t\u00e1c n\u00e0y.\n", "Danh m\u1ee5c n\u00e0y c\u00f3 th\u1ec3 \u0111\u01b0\u1ee3c ph\u1ed5 bi\u1ebfn t\u1ea1i c\u00e1c khoa l\u00e2m s\u00e0ng, \u0111\u1ed3ng th\u1eddi t\u00edch h\u1ee3p v\u00e0o ph\u1ea7n m\u1ec1m h\u1ed7 tr\u1ee3 k\u00ea \u0111\u01a1n t\u1ea1i b\u1ec7nh vi\u1ec7n.\n"]}, "Word count": 6261}