{"title": "M\u1ed9t s\u1ed1 h\u1ee3p ch\u1ea5t terpenoid ph\u00e2n l\u1eadp t\u1eeb c\u00e2y l\u00e1 di\u1ec5n (Dicliptera chinensis (L.) Nees)\n", "content": {"0": ["T\u00f3m t\u1eaft: T\u1eeb d\u1ecbch chi\u1ebft ethanol c\u1ee7a l\u00e1 c\u00e2y l\u00e1 di\u1ec5n (Dicliptera chinensis (L.) Nees) thu h\u00e1i \u1edf t\u1ec9nh\n", "Nam \u0110\u1ecbnh, s\u1eed d\u1ee5ng ph\u01b0\u01a1ng ph\u00e1p s\u1eafc k\u00fd \u0111\u00e3 ph\u00e2n l\u1eadp \u0111\u01b0\u1ee3c hai h\u1ee3p ch\u1ea5t terpenoid.\n", "C\u00e1c h\u1ee3p ch\u1ea5t n\u00e0y \u0111\u01b0\u1ee3c x\u00e1c \u0111\u1ecbnh l\u00e0: 3\u03b2-hydroxylup-20 (29)-20(29)-en (1), stigmast-5,22-dien-3-\u03b2-ol (2).\n", "C\u1ea5u tr\u00fac c\u1ee7a c\u00e1c h\u1ee3p ch\u1ea5t n\u00e0y d\u1ef1a tr\u00ean c\u00e1c d\u1eef li\u1ec7u ph\u1ed5 kh\u1ed1i l\u01b0\u1ee3ng v\u00e0 c\u1ed9ng h\u01b0\u1edfng t\u1eeb h\u1ea1t nh\u00e2n k\u1ebft h\u1ee3p so s\u00e1nh v\u1edbi d\u1eef li\u1ec7u ph\u1ed5 \u0111\u01b0\u1ee3c c\u00f4ng b\u1ed1 trong t\u00e0i li\u1ec7u tham kh\u1ea3o.\n", "\u0110\u00e2y l\u00e0 2 h\u1ee3p ch\u1ea5t l\u1ea7n \u0111\u1ea7u ti\u00ean \u0111\u01b0\u1ee3c ph\u00e2n l\u1eadp t\u1eeb l\u00e1 c\u00e2y l\u00e1 di\u1ec5n.\n", "T\u1eeb kho\u00e1: L\u00e1 di\u1ec5n, c\u00e2y gan heo, 3\u03b2-hydroxylup-20 (29)-20(29)-en, stigmast-5,22-dien-3-\u03b2-ol.\n"], "1": ["1.\n", "\u0110\u1eb7t v\u1ea5n \u0111\u1ec1\n", "C\u00e2y l\u00e1 di\u1ec5n hay c\u00f2n g\u1ecdi l\u00e0 c\u00e2y Gan heo (Dicliptera chinensis (L.) Nees), h\u1ecd \u00d4 r\u00f4-\n", "Acanthaceae \u0111\u00e3 \u0111\u01b0\u1ee3c bi\u1ebft \u0111\u1ebfn l\u00e0 c\u00e2y \u0111\u01b0\u1ee3c d\u00f9ng l\u00e0m thu\u1ed1c, th\u1ef1c ph\u1ea9m [1, 2].\n", "C\u00e2y n\u00e0y m\u1ecdc hoang, hay m\u1ecdc \u1edf nh\u1eefng ch\u1ed7 \u1ea9m \u01b0\u1edbt.\n", "C\u00e2y l\u00e1 di\u1ec5n \u0111\u01b0\u1ee3c \u1ee9ng d\u1ee5ng trong kh\u00e1 nhi\u1ec1u b\u00e0i thu\u1ed1c d\u00e2n gian, \u0111em l\u1ea1i hi\u1ec7u qu\u1ea3 ch\u1eefa b\u1ec7nh cao nh\u01b0 d\u00f9ng \u0111\u1ec3 ch\u1eefa: m\u1eaft \u0111\u1ecf s\u01b0ng \u0111au, vi\u00eam h\u1ecdng s\u01b0ng \u0111au s\u1ed1t cao, l\u00ean s\u1edfi, vi\u00eam ph\u1ed5i nh\u1eb9, vi\u00eam ru\u1ed9t th\u1eeba c\u1ea5p, vi\u00eam gan c\u1ea5p, vi\u00eam ru\u1ed9t, c\u00e1ch ch\u1eefa b\u1ec7nh ch\u1ec9 c\u1ea7n l\u1ea5y v\u00e0i l\u00e1 t\u01b0\u01a1i r\u1eeda s\u1ea1ch gi\u00e3 n\u00e1t xoa \u0111\u1eafp ho\u1eb7c l\u1ea5y d\u1ecbch l\u00e1 nh\u1ecf v\u00e0o ch\u1ed7 s\u01b0ng \u0111au ho\u1eb7c d\u00f9ng to\u00e0n c\u00e2y kh\u00f4 ho\u1eb7c t\u01b0\u01a1i s\u1eafc u\u1ed1ng [1].\n", "\u1ede n\u01b0\u1edbc ngo\u00e0i, c\u00e2y n\u00e0y \u0111\u00e3 c\u00f3 m\u1ed9t s\u1ed1 nghi\u00ean c\u1ee9u v\u1ec1 t\u00e1c d\u1ee5ng ch\u1ed1ng oxy ho\u00e1 v\u00e0 ch\u1ed1ng vi\u00eam [6, 8].\n", "T\u1ea1i Vi\u1ec7t Nam, c\u00e2y n\u00e0y c\u00f3 m\u1ecdc t\u1ea1i nhi\u1ec1u t\u1ec9nh \u1edf khu v\u1ef1c ph\u00eda B\u1eafc n\u01b0\u1edbc ta.\n", "C\u00e2y d\u1ec5 tr\u1ed3ng v\u00e0 th\u1eddi gian cho thu ho\u1ea1ch nhanh (kho\u1ea3ng 3 th\u00e1ng).\n", "C\u00e2y n\u00e0y ho\u00e0n to\u00e0n c\u00f3 th\u1ec3 s\u1eed d\u1ee5ng l\u00e0m nguy\u00ean li\u1ec7u l\u00e0m thu\u1ed1c, n\u1ebfu \u0111\u01b0\u1ee3c nghi\u00ean c\u1ee9u \u0111\u1ea7y \u0111\u1ee7 v\u1ec1 th\u00e0nh ph\u1ea7n ho\u00e1 h\u1ecdc, t\u00e1c d\u1ee5ng sinh h\u1ecdc.\n", "V\u00ec v\u1eady, nh\u00f3m nghi\u00ean c\u1ee9u \u0111\u00e3 chi\u1ebft xu\u1ea5t, ph\u00e2n l\u1eadp m\u1ed9t s\u1ed1 th\u00e0nh ph\u1ea7n v\u00e0 c\u00f4ng b\u1ed1 trong b\u00e0i b\u00e1o n\u00e0y.\n"], "2": ["2.\n", "\u0110\u1ed1i t\u01b0\u1ee3ng v\u00e0 ph\u01b0\u01a1ng ph\u00e1p nghi\u00ean c\u1ee9u 2.1.\n", "\u0110\u1ed1i t\u01b0\u1ee3ng nghi\u00ean c\u1ee9u\n", "M\u1eabu c\u00e2y l\u00e1 di\u1ec5n \u0111\u01b0\u1ee3c thu h\u00e1i v\u00e0o th\u00e1ng 6 n\u0103m 2016 t\u1ea1i huy\u1ec7n Tr\u1ef1c Ninh, t\u1ec9nh Nam \u0110\u1ecbnh.\n", "M\u1eabu th\u1ef1c v\u1eadt \u0111\u00e3 \u0111\u01b0\u1ee3c Vi\u1ec7n Sinh th\u00e1i v\u00e0 T\u00e0i nguy\u00ean sinh v\u1eadt gi\u00e1m \u0111\u1ecbnh t\u00ean khoa h\u1ecdc l\u00e0:\n", "Dicliptera chinensis (L.) Nees., h\u1ecd \u00d4 r\u00f4-\n", "Acanthaceae, m\u1eabu \u0111\u01b0\u1ee3c l\u01b0u gi\u1eef t\u1ea1i Khoa Y\n", "D\u01b0\u1ee3c, \u0110HQGHN.\n", "2.2.\n", "Dung m\u00f4i, ho\u00e1 ch\u1ea5t\n", "C\u00e1c dung m\u00f4i d\u00f9ng trong chi\u1ebft xu\u1ea5t, ph\u00e2n l\u1eadp nh\u01b0 ethanol (EtOH), n-hexan, ethyl acetat (EtOAc), dicloromethan (DCM)...\n", "\u0111\u1ec1u \u0111\u1ea1t ti\u00eau chu\u1ea9n c\u00f4ng nghi\u1ec7p v\u00e0 \u0111\u01b0\u1ee3c ch\u01b0ng c\u1ea5t l\u1ea1i tr\u01b0\u1edbc khi d\u00f9ng.\n", "Dung m\u00f4i ph\u00e2n t\u00edch g\u1ed3m MeOH, n- hexan, EtOAc, H2O d\u00f9ng \u0111\u1ec3 ph\u00e2n t\u00edch s\u1eafc k\u00fd \u0111\u1ec1u \u0111\u1ea1t ti\u00eau chu\u1ea9n ph\u00e2n t\u00edch.\n", "Pha t\u0129nh d\u00f9ng trong s\u1eafc k\u00fd c\u1ed9t l\u00e0 silica gel pha th\u01b0\u1eddng (0,040 - 0,063 mm, Nicalai Tesque Inc., Nh\u1eadt B\u1ea3n),\n", "YMC ODS-A (50\u03bcm, YMC Co.\n", "Ltd., Nh\u1eadt\n", "B\u1ea3n).\n", "B\u1ea3n m\u1ecfng tr\u00e1ng s\u1eb5n tr\u00ean \u0111\u1ebf nh\u00f4m lo\u1ea1i pha th\u01b0\u1eddng Kieselgel 60 F254 v\u00e0 pha \u0111\u1ea3o TLC\n", "Silica gel 60 RP-18 F254S (Merck, Damstadt,\n", "\u0110\u1ee9c).\n", "Ph\u00e1t hi\u1ec7n ch\u1ea5t b\u1eb1ng \u0111\u00e8n t\u1eed ngo\u1ea1i \u1edf hai b\u01b0\u1edbc s\u00f3ng 254 nm v\u00e0 365 nm ho\u1eb7c d\u00f9ng thu\u1ed1c th\u1eed l\u00e0 dung d\u1ecbch H2SO4 10 % h\u01a1 n\u00f3ng \u0111\u1ec3 ph\u00e1t hi\u1ec7n v\u1ebft ch\u1ea5t.\n", "2.3.\n", "Thi\u1ebft b\u1ecb, d\u1ee5ng c\u1ee5 - S\u1eafc k\u00fd c\u1ed9t: s\u1eafc k\u00fd c\u1ed9t s\u1eed d\u1ee5ng silicagel c\u1ee1 h\u1ea1t 0,063-0,200 mm (Merck) v\u00e0 c\u1ee1 h\u1ea1t 0,040- 0,063 mm (Merck) v\u1edbi c\u00e1c lo\u1ea1i c\u1ed9t s\u1eafc k\u00fd c\u00f3 k\u00edch c\u1ee1 kh\u00e1c nhau.\n", "- Ph\u1ed5 c\u1ed9ng h\u01b0\u1edfng t\u1eeb h\u1ea1t nh\u00e2n: NMR \u0111\u01b0\u1ee3c ghi tr\u00ean m\u00e1y Bruker Avance 500MHz t\u1ea1i Vi\u1ec7n\n", "Ho\u00e1 h\u1ecdc, Vi\u1ec7n H\u00e0n l\u00e2m Khoa h\u1ecdc v\u00e0 C\u00f4ng ngh\u1ec7 Vi\u1ec7t Nam.\n", "- Ph\u1ed5 kh\u1ed1i ESI-MS: \u0111o tr\u00ean m\u00e1y AGILENT 1260 Series LC-MS ion Trap (Agilent\n", "Technologies, Hoa K\u1ef3) - Nhi\u1ec7t \u0111\u1ed9 n\u00f3ng ch\u1ea3y: \u0111o tr\u00ean m\u00e1y SMP10\n", "BioCote, Khoa Y D\u01b0\u1ee3c, \u0110HQGHN.\n", "- G\u00f3c quay c\u1ef1c ri\u00eang: \u0111o tr\u00ean m\u00e1y PLR-4,\n", "MRC scientific instruments, Khoa Y D\u01b0\u1ee3c,\n", "\u0110HQGHN.\n", "2.4.\n", "Chi\u1ebft t\u00e1ch v\u00e0 ph\u00e2n l\u1eadp ch\u1ea5t\n", "M\u1eabu l\u00e1 c\u00e2y l\u00e1 di\u1ec5n \u0111\u01b0\u1ee3c ph\u01a1i kh\u00f4, nghi\u1ec1n th\u00e0nh b\u1ed9t (6,5 kg), sau \u0111\u00f3 chi\u1ebft trong ethanol (3\u00d78 l\u00edt) b\u1eb1ng thi\u1ebft b\u1ecb chi\u1ebft si\u00eau \u00e2m (50oC, 3 h).\n", "D\u1ecbch chi\u1ebft \u0111\u01b0\u1ee3c l\u1ecdc qua gi\u1ea5y l\u1ecdc, g\u1ed9p d\u1ecbch chi\u1ebft l\u1ea1i v\u00e0 c\u1ea5t lo\u1ea1i dung m\u00f4i \u1edf \u00e1p su\u1ea5t gi\u1ea3m thu \u0111\u01b0\u1ee3c 630,0 g c\u1eb7n chi\u1ebft ethanol.\n", "L\u1ea5y 120 g c\u1eb7n chi\u1ebft n\u00e0y ph\u00e2n t\u00e1n v\u00e0o 1,2 l\u00edt n\u01b0\u1edbc c\u1ea5t v\u00e0 ti\u1ebfn h\u00e0nh chi\u1ebft ph\u00e2n b\u1ed1 l\u1ea7n l\u01b0\u1ee3t v\u1edbi n-hexan v\u00e0 ethylacetat (m\u1ed7i lo\u1ea1i 3\u00d71,5 l\u00edt).\n", "C\u00e1c d\u1ecbch chi\u1ebft n- hexan, ethylacetat \u0111\u01b0\u1ee3c c\u1ea5t thu h\u1ed3i dung m\u00f4i thu \u0111\u01b0\u1ee3c c\u00e1c c\u1eb7n d\u1ecbch t\u01b0\u01a1ng \u1ee9ng n- hexan (H, 31,0 g) v\u00e0 (E, 56,0 g) v\u00e0 l\u1edbp n\u01b0\u1edbc (N, 33,0 g).\n", "C\u1eafn n-hexan (30,0 g) \u0111\u01b0\u1ee3c ph\u00e2n l\u1eadp tr\u00ean c\u1ed9t s\u1eafc k\u00fd v\u1edbi ch\u1ea5t h\u1ea5p ph\u1ee5 silicagel, s\u1eed d\u1ee5ng h\u1ec7 dung m\u00f4i n-hexan: axeton (25/1).\n", "H\u1ee9ng d\u1ecbch r\u1eeda gi\u1ea3i v\u00e0o c\u00e1c \u1ed1ng nghi\u1ec7m v\u00e0 ki\u1ec3m tra b\u1eb1ng SKLM, g\u1ed9p c\u00e1c \u1ed1ng nghi\u1ec7m gi\u1ed1ng nhau l\u1ea1i v\u00e0 bay h\u01a1i dung m\u00f4i thu \u0111\u01b0\u1ee3c 3 ph\u00e2n \u0111o\u1ea1n\n", "H1 (9,4 g), H2 (8,6 g), H3 (6,5 g).\n", "Ti\u1ebfn h\u00e0nh s\u1eafc k\u00fd c\u1ed9t c\u1eafn ph\u00e2n \u0111o\u1ea1n H2 v\u1edbi ch\u1ea5t h\u1ea5p ph\u1ee5 silicagel, h\u1ec7 dung m\u00f4i r\u1eeda gi\u1ea3i n-hexan: ethyl acetat (10/1, 5/1, 2,5/1), thu \u0111\u01b0\u1ee3c 3 ph\u00e2n \u0111o\u1ea1n nh\u1ecf H2.1 (2,3g), H2.2 (2,5g), H2.3 (3,0g).\n", "Ph\u00e2n \u0111o\u1ea1n H2.1 ph\u00e2n t\u00e1ch tr\u00ean c\u1ed9t silicagel pha th\u01b0\u1eddng v\u1edbi h\u1ec7 dung m\u00f4i r\u1eeda gi\u1ea3i diclometan:metanol (10/1) thu \u0111\u01b0\u1ee3c h\u1ee3p ch\u1ea5t 1 (55mg).\n", "Ph\u00e2n \u0111o\u1ea1n H2.2 ph\u00e2n t\u00e1ch tr\u00ean c\u1ed9t silicagel pha th\u01b0\u1eddng v\u1edbi h\u1ec7 dung m\u00f4i r\u1eeda gi\u1ea3i n-hexan: ethylacetat (2/1) thu \u0111\u01b0\u1ee3c ch\u1ea5t s\u1ea1ch 2 (62 mg).\n"], "3": ["3.\n", "K\u1ebft qu\u1ea3 v\u00e0 b\u00e0n lu\u1eadn\n", "H\u1ee3p ch\u1ea5t 1: 3\u03b2-hydroxylup-20 (29)-20(29)-en\n", "T\u00ednh ch\u1ea5t: l\u00e0 m\u1ed9t ch\u1ea5t k\u1ebft tinh \u1edf d\u1ea1ng tinh th\u1ec3 m\u00e0u tr\u1eafng, nhi\u1ec7t \u0111\u1ed9 n\u00f3ng ch\u1ea3y: 188-189 oC, kh\u00f4ng tan trong n\u01b0\u1edbc, tan trong ether, ethanol, methanol.\n", "Ph\u1ed5 kh\u1ed1i l\u01b0\u1ee3ng ESI-MS: m/z 427 [M+H]+.\n", "Ph\u1ed5 NMR tr\u00ecnh b\u00e0y \u1edf B\u1ea3ng 1.\n", "Ph\u1ed5 kh\u1ed1i l\u01b0\u1ee3ng ESI-MS xu\u1ea5t hi\u1ec7n pic ion ph\u00e2n t\u1eed t\u1ea1i m/z 427 [M+H]+ cho ph\u00e9p x\u00e1c \u0111\u1ecbnh c\u00f4ng th\u1ee9c ph\u00e2n t\u1eed l\u00e0 C30H50O (M= 426).\n", "Ph\u1ed5 NMR ch\u1ec9 ra r\u1eb1ng h\u1ee3p ch\u1ea5t n\u00e0y l\u00e0 h\u1ee3p ch\u1ea5t triterpenoid c\u00f3 khung lup-20(29)-en.\n", "B\u1ea3ng 1.\n", "D\u1eef li\u1ec7u ph\u1ed5 NMR c\u1ee7a h\u1ee3p ch\u1ea5t 1 v\u00e0 ch\u1ea5t so s\u00e1nh L\n", "V\u1ecb tr\u00ed C DEPT C (L) ppm C (1) ppm H (1) ppm, J: Hz H (L) ppm, J: Hz 1 CH2 38,7 38,8 2 CH2 27,5 27,4 3 CH 79,0 79,1 3,17 dd (11,5; 5,0) 3,18 dd (11,5; 5,0) 4 C 38,9 38,9 5 CH 55,3 55,4 6 CH2 18,3 18,4 7 CH2 34,3 34,4 8 C 40,9 40,8 9 CH 50,5 50,5 10 C 37,2 37,2 11 CH2 21,0 20,9 12 CH2 25,2 25,2 13 CH 38,1 38,1 14 C 42,9 42,8 15 CH2 27,5 27,4 16 CH2 35,6 35,6 17 C 43,0 43,1 18 CH 48,0 48,4 19 CH 48,3 48,1 2,38 ddd (11,0; 11,0; 6,0) 2,36 ddd (11,0; 11,0 ;6,0) 20 C 150,9 150,9 21 CH2 29,9 29,9 22 CH2 40,0 40,1 23 CH3 28,0 28,0 0,98 s 0,96 s 24 CH3 15,3 15,4 0,76 s 0,76 s 25 CH3 16,1 16,1 0,85 s 0,84 s 26 CH3 16,0 16,1 1,05 s 1,04 s 27 CH3 14,6 14,5 0,94 s 0,95 s 28 CH3 18,0 18,0 0,79 s 0,79 s 29 CH3 19,3 19,3 1,67 s 1,69 s 30 CH2 109,3 109,4 4,68 s 4,66 s\n", "C (L), H (L) c\u1ee7a 3\u03b2-hydroxylup-20 (29)-20(29)-en [3, 4].\n", "H\u00ecnh 1.\n", "C\u1ea5u tr\u00fac c\u1ee7a h\u1ee3p ch\u1ea5t 1.\n", "Ph\u1ed5 1H-NMR cho th\u1ea5y t\u00edn hi\u1ec7u c\u1ee7a 7 nh\u00f3m methyl CH3 c\u1ed9ng h\u01b0\u1edfng trong v\u00f9ng ba CH3 t\u1ea1i c\u00e1c gi\u00e1 tr\u1ecb H 0,98 (3H, s, H-23); 0,76 (3H, s, H-24); 0,85 (3H, s, H-25); 1,05 (3H, s, H-26); 0,94 (3H, s, H-27); 0,79 (3H, s,\n", "H-28) v\u00e0 1 t\u00edn hi\u1ec7u CH3 t\u1ea1i 1,67 (3H, br s, H- 29) thu\u1ed9c nh\u00e1nh isopropenyl.\n", "T\u00edn hi\u1ec7u t\u1ea1i 3,38 (1H, dd, J = 11,5; 5,0 Hz, H-3) kh\u1eb3ng \u0111\u1ecbnh s\u1ef1 c\u00f3 m\u1eb7t c\u1ee7a m\u1ed9t nh\u00f3m oximethin (CH-O).\n", "T\u00edn hi\u1ec7u 2 proton thu\u1ed9c nh\u00e1nh isopropenyl t\u1ea1i\n", "H 4,68 (1H, d, J = 1,0 Hz, Ha-30) v\u00e0 4,56 (1H, d, J = 1,0 Hz, Hb-30).\n", "Ph\u1ed5 13C-NMR c\u1ee7a 1 bao g\u1ed3m t\u00edn hi\u1ec7u c\u1ee7a 30 nguy\u00ean t\u1eed carbon.\n", "Ph\u00e2n t\u00edch c\u00e1c t\u00edn hi\u1ec7u tr\u00ean ph\u1ed5 DEPT x\u00e1c nh\u1eadn \u0111\u01b0\u1ee3c g\u1ed3m 7 carbon methyl (CH3), 11 carbon methylen (CH2), 6 carbon methin (CH) v\u00e0 6 carbon b\u1eadc b\u1ed1n (C).\n", "Nh\u00e1nh isopropenyl \u0111\u01b0\u1ee3c x\u00e1c nh\u1eadn b\u1edfi c\u00e1c t\u00edn hi\u1ec7u c\u1ee7a 1 carbon methylen t\u1ea1i 109,4 (C-29) c\u00f9ng v\u1edbi t\u00edn hi\u1ec7u c\u1ee7a 1 carbon b\u1eadc b\u1ed1n t\u1ea1i 150,9 (C-20) v\u00e0 1 carbon methyl 19,3 (C-29).\n", "Ngo\u00e0i ra, t\u00edn hi\u1ec7u c\u1ee7a 1 carbon oximethin t\u1ea1i 79,1 (C-3) cho ph\u00e9p x\u00e1c nh\u1eadn c\u00f3 1 nh\u00f3m hydroxyl trong ph\u00e2n t\u1eed c\u1ee7a h\u1ee3p ch\u1ea5t.\n", "So s\u00e1nh s\u1ed1 li\u1ec7u ph\u1ed5 NMR c\u1ee7a h\u1ee3p ch\u1ea5t 1 v\u1edbi s\u1ed1 li\u1ec7u c\u1ee7a h\u1ee3p ch\u1ea5t triterpen khung lup- 20(29)-en \u0111\u00e3 bi\u1ebft l\u00e0 3\u03b2-hydroxylup-20(29)-en [3, 4, 9], nh\u1eadn th\u1ea5y c\u00f3 s\u1ef1 gi\u1ed1ng nhau \u1edf c\u00e1c v\u1ecb tr\u00ed t\u01b0\u01a1ng \u1ee9ng (B\u1ea3ng 1).\n", "Nh\u1eadn \u0111\u1ecbnh n\u00e0y \u0111\u01b0\u1ee3c kh\u1eb3ng \u0111\u1ecbnh th\u00eam khi xem x\u00e9t \u0111\u1ebfn h\u1eb1ng s\u1ed1 t\u01b0\u01a1ng t\u00e1c J c\u1ee7a proton H-3.\n", "Proton H-3 c\u1ed9ng h\u01b0\u1edfng t\u1ea1i 3,17 (dd, J = 11,5; 5,0 Hz), t\u00edn hi\u1ec7u doublet n\u00e0y cho th\u1ea5y h\u1eb1ng s\u1ed1 t\u01b0\u01a1ng t\u00e1c J l\u1edbn v\u00ec v\u1eady H- 3 \u1edf v\u1ecb tr\u00ed axial (a) hay alpha d\u1eabn t\u1edbi OH t\u1ea1i C-3 l\u00e0 equatorial (e).\n", "T\u1eeb c\u00e1c ph\u00e2n t\u00edch n\u00eau tr\u00ean h\u1ee3p ch\u1ea5t 1 \u0111\u01b0\u1ee3c x\u00e1c \u0111\u1ecbnh l\u00e0 3\u03b2-hydroxylup-20 (29)- 20(29)-en\n", "H\u1ee3p ch\u1ea5t 2: Stigmast-5,22-dien-3-\u03b2-ol\n", "Tinh th\u1ec3 h\u00ecnh kim, kh\u00f4ng m\u00e0u, kh\u00f4ng m\u00f9i.\n", "1H-NMR (400 MHz, CDCl3), (ppm): 5,35 (1H, d, J = 5 Hz, H-6), 5,11 (1H, dd), 5,03 (1H, dd), 3,52 (1H, m, H-3), 1,01 (3H, s,\n", "H-19).\n", "13C-NMR (100 MHz, CDCl3), (ppm): 140,6 (C-5), 138,5 (C-22), 129,2 (C-23), 121,8 (C-6), 71,9 (C-3), 56,8 (C-14), 55,9 (C-17), 51,3 (C-9), 50,2 (C-24), 42,3 (C-4), 42,2 (C- 12), 40,4 (C-20), 37,2 (C-7), 36,3 (C-1), 36,1 (C-13), 33,9 (C-25), 31,8 (C-8), 31,8 (C-13), 31,6 (C-16), 29,1 (C-2), 28,2 (C-28), 26,0 (C-15), 24,2 (C-11), 21,3 (C-26), 21,0 (C-21), 19,4 (C- 27), 18,7 (C-19), 12,2 (C-29), 12,0 (C-18).\n", "H\u1ee3p ch\u1ea5t 2 thu \u0111\u01b0\u1ee3c d\u01b0\u1edbi d\u1ea1ng tinh th\u1ec3 h\u00ecnh kim, kh\u00f4ng m\u00e0u, kh\u00f4ng m\u00f9i, nhi\u1ec7t \u0111\u1ed9 n\u00f3ng ch\u1ea3y 155-157oC, [\u03b1]D 25 = - 45o (c = 0,05 trong CHCl3).\n", "Tr\u00ean ph\u1ed5 1H-NMR v\u00e0 13C-NMR cho th\u1ea5y c\u00f3 ba proton olefinic \u1edf 5,35 (1H, d, J = 5,0 Hz, H-6), 5,11 (1H, dd, H-22), 5,03 (1H, dd, H-23) \u1ee9ng v\u1edbi ba cacbon \u1edf 121,8 (C-6), 138,5 (C-22), 129,2 (C-23).\n", "D\u1ef1a v\u00e0o d\u1eef ki\u1ec7n l\u00fd ho\u00e1 v\u00e0 so s\u00e1nh ph\u1ed5 c\u1ee7a stigmast-5,22-dien- 3-\u03b2-ol \u0111\u00e3 c\u00f4ng b\u1ed1 [5, 7] th\u1ea5y c\u00f3 s\u1ef1 tr\u00f9ng kh\u1edbp v\u00ec v\u1eady h\u1ee3p ch\u1ea5t 2 \u0111\u01b0\u1ee3c x\u00e1c \u0111\u1ecbnh l\u00e0 stigmast- 5,22-dien-3-\u03b2-ol.\n", "H\u00ecnh 2.\n", "C\u1ea5u tr\u00fac ho\u00e1 h\u1ecdc c\u1ee7a h\u1ee3p ch\u1ea5t 2.\n"], "4": ["4.\n", "K\u1ebft lu\u1eadn\n", "\u0110\u00e3 s\u1eed d\u1ee5ng ph\u01b0\u01a1ng ph\u00e1p ng\u00e2m chi\u1ebft v\u1edbi dung m\u00f4i EtOH 90% v\u00e0 b\u1eb1ng ph\u01b0\u01a1ng ph\u00e1p s\u1eafc k\u00fd c\u1ed9t ph\u00e2n l\u1eadp \u0111\u01b0\u1ee3c 2 h\u1ee3p ch\u1ea5t t\u1eeb ph\u1ea7n l\u00e1 c\u1ee7a c\u00e2y l\u00e1 di\u1ec5n thu h\u00e1i t\u1ea1i huy\u1ec7n Tr\u1ef1c Ninh, t\u1ec9nh\n", "Nam \u0110\u1ecbnh.\n", "C\u1ea5u tr\u00fac c\u00e1c h\u1ee3p ch\u1ea5t n\u00e0y \u0111\u01b0\u1ee3c x\u00e1c \u0111\u1ecbnh th\u00f4ng qua k\u1ebft qu\u1ea3 \u0111o nhi\u1ec7t \u0111\u1ed9 n\u00f3ng ch\u1ea3y, g\u00f3c quay c\u1ef1c ri\u00eang, ph\u1ed5 t\u1eed ngo\u1ea1i- kh\u1ea3 ki\u1ebfn, ph\u1ed5 kh\u1ed1i, ph\u1ed5 c\u1ed9ng h\u01b0\u1edfng h\u1ea1t nh\u00e2n v\u00e0 so s\u00e1nh v\u1edbi c\u00e1c d\u1eef li\u1ec7u c\u00f4ng b\u1ed1 c\u1ee7a c\u00e1c h\u1ee3p ch\u1ea5t li\u00ean quan.\n", "Hai h\u1ee3p ch\u1ea5t \u0111\u01b0\u1ee3c x\u00e1c \u0111\u1ecbnh l\u00e0 3\u03b2-hydroxylup- 20 (29)-20(29)-en (1) v\u00e0 stigmast-5,22-dien-3- \u03b2-ol (2).\n", "\u0110\u00e2y l\u00e0 l\u1ea7n \u0111\u1ea7u ti\u00ean 2 h\u1ee3p ch\u1ea5t n\u00e0y \u0111\u01b0\u1ee3c ph\u00e2n l\u1eadp t\u1eeb c\u00e2y l\u00e1 di\u1ec5n (Dicliptera chinensis (L.) Nees).\n", "T\n", "L\u1eddi c\u1ea3m \u01a1n\n", "Nghi\u00ean c\u1ee9u n\u00e0y \u0111\u01b0\u1ee3c t\u00e0i tr\u1ee3 b\u1edfi \u0110\u1ea1i h\u1ecdc\n", "Qu\u1ed1c Gia H\u00e0 N\u1ed9i, \u0111\u1ec1 t\u00e0i Nghi\u00ean c\u1ee9u ph\u00e1t tri\u1ec3n ngu\u1ed3n d\u01b0\u1ee3c li\u1ec7u chu\u1ea9n v\u00e0 nguy\u00ean li\u1ec7u l\u00e0m thu\u1ed1c nh\u1ecf m\u1eaft t\u1eeb c\u00e2y thu\u1ed1c thu\u1ed9c chi\n", "Dicliptera, m\u00e3 s\u1ed1: QG.17.28.\n", "Terpenenoid Compounds Isolated from the Leaf of Dicliptera Chinensis (L.) Nees.\n", "Vu Duc Loi1, Pham Kim Thoa1, Bui Thi Xuan1, Nguyen Huu Tung1, Nguyen\n", "Thanh Nam2, Trinh Nam Trung2, Nguyen Tien Vung3 1School of Medicine and Pharmacy, Vietnam National University, Hanoi, 144 Xuan Thuy, Cau Giay District, Hanoi, Vietnam 2Vietnam Militery Medical University, 160 Phung Hung, Ha Dong District, Hanoi, Vietnam 3National Institute of Forensic Medicine, 41 Nguyen Dinh Chieu, Hai Ba Trung District, Hanoi, Vietnam\n", "Abstract: From theethanol extract of the leaf of Dicliptera chinensis (L.) Nees.\n", "collected in Nam\n", "Dinh province, two compounds (1-2) were isolated by chromatographic methods.\n", "These compounds were identified as: 3\u03b2-hydroxylup-20 (29)-20(29)-ene (1), stigmast-5,22-dien-3-\u03b2-ol (2).\n", "Their structures were elucidated by spectroscopic methods, including MS and NMR.\n", "These compounds were isolated from the leaf of Dicliptera chinensis (L.) Nees for the first time..\n", "Keywords: Dicliptera chinensis, 3\u03b2-hydroxylup-20 (29)-20(29)-ene, stigmast-5,22-dien-3-\u03b2-oll."]}, "Word count": 2123}