{"title": "Nghi\u00ean c\u1ee9u \u0111\u1eb7c \u0111i\u1ec3m h\u00ecnh th\u00e1i v\u1ee1 x\u01b0\u01a1ng s\u1ecd do tai n\u1ea1n giao th\u00f4ng \u0111\u01b0\u1eddng b\u1ed9 qua gi\u00e1m \u0111\u1ecbnh ph\u00e1p y\n", "content": {"0": ["T\u00f3m t\u1eaft: V\u1ee1 x\u01b0\u01a1ng s\u1ecd l\u00e0 t\u1ed5n th\u01b0\u01a1ng hay g\u1eb7p trong c\u00e1c v\u1ee5 tai n\u1ea1n giao th\u00f4ng \u0111\u01b0\u1eddng b\u1ed9, gi\u00e1m \u0111\u1ecbnh\n", "Y- Ph\u00e1p \u0111\u01b0\u1ee3c th\u1ef1c hi\u1ec7n nh\u1eb1m x\u00e1c \u0111\u1ecbnh nguy\u00ean nh\u00e2n t\u1eed vong v\u00e0 c\u01a1 ch\u1ebf g\u00e2y th\u01b0\u01a1ng t\u00edch.\n", "Nghi\u00ean c\u1ee9u \u0111\u01b0\u1ee3c th\u1ef1c hi\u1ec7n t\u1ea1i khoa Gi\u1ea3i ph\u1eabu b\u1ec7nh - Ph\u00e1p Y b\u1ec7nh vi\u1ec7n Vi\u1ec7t \u0110\u1ee9c trong th\u1eddi gian t\u1eeb 01/01/2013 \u0111\u1ebfn 30/8/2015 tr\u00ean 100 n\u1ea1n nh\u00e2n t\u1eed vong do TNGT\u0110B c\u00f3 t\u1ed5n th\u01b0\u01a1ng v\u1ee1 x\u01b0\u01a1ng s\u1ecd.\n", "N\u1ea1n nh\u00e2n nh\u1ecf tu\u1ed5i nh\u1ea5t l\u00e0 8 tu\u1ed5i, n\u1ea1n nh\u00e2n l\u1edbn tu\u1ed5i nh\u1ea5t l\u00e0 78 tu\u1ed5i.\n", "\u0110\u1ed9 tu\u1ed5i trung b\u00ecnh l\u00e0 28.5 tu\u1ed5i, g\u1eb7p nhi\u1ec1u nh\u1ea5t l\u00e0 n\u1ea1n nh\u00e2n 22 tu\u1ed5i.\n", "Nam gi\u1edbi chi\u1ebfm \u0111a s\u1ed1 (74%), n\u1eef gi\u1edbi chi\u1ebfm 26%, v\u1ee1 x\u01b0\u01a1ng th\u00e0nh nhi\u1ec1u m\u1ea3nh chi\u1ebfm t\u1ef7 l\u1ec7 14,51%, v\u1ee1 x\u01b0\u01a1ng h\u00ecnh \u0111\u01b0\u1eddng th\u1eb3ng l\u00e0 36,29%.\n", "T\u1ed5n th\u01b0\u01a1ng v\u1ee1 x\u01b0\u01a1ng b\u00ean \u0111\u1ed1i di\u1ec7n l\u00e0 13,71%.\n", "t\u1ed5n th\u01b0\u01a1ng x\u01b0\u01a1ng th\u00e1i d\u01b0\u01a1ng l\u00e0 32,65% v\u00e0 30,61% c\u00f3 t\u1ed5n th\u01b0\u01a1ng x\u01b0\u01a1ng n\u1ec1n s\u1ecd.\n", "T\u1eeb kho\u00e1: Tai n\u1ea1n giao th\u00f4ng, ch\u1ea5n th\u01b0\u01a1ng s\u1ecd n\u00e3o, v\u1ee1 x\u01b0\u01a1ng s\u1ecd, v\u1ee1 x\u01b0\u01a1ng b\u00ean \u0111\u1ed1i di\u1ec7n, gi\u00e1m \u0111\u1ecbnh\n", "Ph\u00e1p y.\n"], "1": ["1.\n", "\u0110\u1eb7t v\u1ea5n \u0111\u1ec1\n", "V\u1ee1 x\u01b0\u01a1ng s\u1ecd l\u00e0 s\u1ef1 ph\u00e1 hu\u1ef7 t\u1ea1i m\u1ed9t ho\u1eb7c nhi\u1ec1u x\u01b0\u01a1ng s\u1ecd, l\u00e0 t\u1ed5n th\u01b0\u01a1ng hay g\u1eb7p trong c\u00e1c v\u1ee5 tai n\u1ea1n giao th\u00f4ng \u0111\u01b0\u1eddng b\u1ed9 (TNGT\u0110B).\n", "Trong ch\u1ea5n th\u01b0\u01a1ng s\u1ecd n\u00e3o n\u1eb7ng, m\u1ea3nh x\u01b0\u01a1ng v\u1ee1 c\u00f3 th\u1ec3 b\u1ecb di chuy\u1ec3n v\u00e0 l\u00e0m t\u1ed5n th\u01b0\u01a1ng m\u1ea1ch m\u00e1u \u1edf m\u00e0ng n\u00e3o ho\u1eb7c x\u00e9 r\u00e1ch m\u00e0ng n\u00e3o d\u1eabn \u0111\u1ebfn ch\u1ea3y m\u00e1u ho\u1eb7c t\u1ed5n th\u01b0\u01a1ng n\u00e3o, mu\u1ed9n h\u01a1n n\u1eefa c\u00f3 th\u1ec3 g\u00e2y nhi\u1ec5m tr\u00f9ng, \u0111\u1ed9ng kinh, m\u1ea5t tr\u00ed sau ch\u1ea5n th\u01b0\u01a1ng...\n", "Ch\u1ee9c n\u0103ng c\u1ee7a gi\u00e1m \u0111\u1ecbnh Y- Ph\u00e1p (G\u0110YP) trong c\u00e1c v\u1ee5 TNGT l\u00e0 x\u00e1c \u0111\u1ecbnh nguy\u00ean nh\u00e2n t\u1eed vong, c\u01a1 ch\u1ebf g\u00e2y th\u01b0\u01a1ng t\u00edch, d\u1ef1ng l\u1ea1i hi\u1ec7n th\u01b0\u01a1ng c\u1ee7a nh\u1eefng n\u1ea1n nh\u00e2n t\u1eed vong nh\u1eb1m t\u00ecm ra nh\u1eefng bi\u1ec7n ph\u00e1p ph\u00f2ng tr\u00e1nh TNGT ph\u00f9 h\u1ee3p nh\u1ea5t, \u0111\u1ed3ng th\u1eddi gi\u00fap c\u00e1c th\u1ea7y thu\u1ed1c l\u00e2m s\u00e0ng trong ch\u1ea9n \u0111o\u00e1n, h\u1ed3i s\u1ee9c c\u1ea5p c\u1ee9u, ti\u00ean l\u01b0\u1ee3ng v\u00e0 \u0111i\u1ec1u tr\u1ecb nh\u1eefng ng\u01b0\u1eddi b\u1ecb tai n\u1ea1n \u0111\u01b0\u1ee3c t\u1ed1t h\u01a1n.\n", "Tuy nhi\u00ean tr\u00ean th\u1ef1c t\u1ebf \u1edf n\u01b0\u1edbc ta, vi\u1ec7c kh\u00e1m nghi\u1ec7m t\u1eed thi kh\u00f4ng ph\u1ea3i l\u00fac n\u00e0o c\u0169ng thu\u1eadn l\u1ee3i do nhi\u1ec1u nguy\u00ean nh\u00e2n ch\u1ee7 quan v\u00e0 kh\u00e1ch quan, d\u1eabn \u0111\u1ebfn ch\u1ea5t l\u01b0\u1ee3ng gi\u00e1m \u0111\u1ecbnh kh\u00f4ng cao, \u0111\u00e3 c\u00f3 nhi\u1ec1u v\u1ee5 vi\u1ec7c gi\u00e1m \u0111\u1ecbnh vi\u00ean kh\u00f4ng gi\u1ea3i th\u00edch \u0111\u01b0\u1ee3c c\u01a1 ch\u1ebf h\u00ecnh th\u00e0nh d\u1ea5u v\u1ebft th\u01b0\u01a1ng t\u00edch v\u00e0 nguy\u00ean nh\u00e2n t\u1eed vong c\u1ee7a n\u1ea1n nh\u00e2n, do v\u1eady \u0111\u00e3 g\u00e2y kh\u00f4ng \u00edt kh\u00f3 kh\u0103n cho c\u00f4ng t\u00e1c \u0111i\u1ec1u tra x\u00e9t x\u1eed v\u00e0 \u0111\u1eb7c bi\u1ec7t l\u00e0 g\u00f3p ph\u1ea7n t\u00ecm ra nh\u1eefng nguy\u00ean nh\u00e2n v\u00e0 gi\u1ea3i ph\u00e1p nh\u1eb1m l\u00e0m gi\u1ea3m b\u1edbt s\u1ed1 v\u1ee5 tai n\u1ea1n giao th\u00f4ng.\n", "Xu\u1ea5t ph\u00e1t t\u1eeb th\u1ef1c tr\u1ea1ng c\u1ee7a t\u00ecnh h\u00ecnh tr\u00ean, \u0111\u1ec1 t\u00e0i Nghi\u00ean c\u1ee9u \u0111\u1eb7c \u0111i\u1ec3m h\u00ecnh th\u00e1i v\u1ee1 x\u01b0\u01a1ng s\u1ecd do tai n\u1ea1n giao th\u00f4ng \u0111\u01b0\u1eddng b\u1ed9 qua gi\u00e1m \u0111\u1ecbnh y ph\u00e1p t\u1ea1i b\u1ec7nh vi\u1ec7n Vi\u1ec7t \u0110\u1ee9c \u0111\u01b0\u1ee3c th\u1ef1c hi\u1ec7n v\u1edbi m\u1ee5c ti\u00eau Ph\u00e2n t\u00edch \u0111\u1eb7c \u0111i\u1ec3m h\u00ecnh th\u00e1i t\u1ed5n th\u01b0\u01a1ng v\u1ee1 x\u01b0\u01a1ng s\u1ecd trong nh\u1eefng tr\u01b0\u1eddng h\u1ee3p ch\u1ebft v\u00ec TNGT\u0110B \u0111\u01b0\u1eddng b\u1ed9.\n"], "2": ["2.\n", "\u0110\u1ed1i t\u01b0\u1ee3ng v\u00e0 ph\u01b0\u01a1ng ph\u00e1p nghi\u00ean c\u1ee9u 2.1.\n", "\u0110\u1ed1i t\u01b0\u1ee3ng nghi\u00ean c\u1ee9u\n", "L\u00e0 nh\u1eefng n\u1ea1n nh\u00e2n t\u1eed vong do TNGT\u0110B c\u00f3 k\u00e8m theo t\u1ed5n th\u01b0\u01a1ng v\u1ee1 x\u01b0\u01a1ng s\u1ecd \u0111\u01b0\u1ee3c gi\u00e1m \u0111\u1ecbnh t\u1ea1i Khoa gi\u1ea3i ph\u1eabu b\u1ec7nh - Ph\u00e1p Y 30/8/ 2015.\n", "2.2.\n", "Ph\u01b0\u01a1ng ph\u00e1p nghi\u00ean c\u1ee9u\n", "Nghi\u00ean c\u1ee9u m\u00f4 t\u1ea3 h\u1ed3i c\u1ee9u: tr\u00ean 60 h\u1ed3 s\u01a1 gi\u00e1m \u0111\u1ecbnh t\u1eeb 01/01/2013 \u0111\u1ebfn 30/8/ 2014\n", "Nghi\u00ean c\u1ee9u m\u00f4 t\u1ea3 ti\u1ebfn c\u1ee9u: Ti\u1ebfn h\u00e0nh gi\u00e1m \u0111\u1ecbnh Y ph\u00e1p 40 tr\u01b0\u1eddng h\u1ee3p t\u1eeb 01/9/2014 \u0111\u1ebfn 30/8/2015.\n", "X\u1eed l\u00fd s\u1ed1 li\u1ec7u: S\u1ed1 li\u1ec7u \u0111\u01b0\u1ee3c x\u1eed l\u00fd b\u1eb1ng ph\u1ea7n m\u1ec1m th\u1ed1ng k\u00ea SPSS 16.0 3.\n", "K\u1ebft qu\u1ea3 nghi\u00ean c\u1ee9u 3.1.\n", "Ph\u00e2n b\u1ed1 v\u1ec1 tu\u1ed5i v\u00e0 gi\u1edbi c\u1ee7a c\u00e1c n\u1ea1n nh\u00e2n\n", "Bi\u1ec3u \u0111\u1ed3 3.1.\n", "Ph\u00e2n b\u1ed1 v\u1ec1 tu\u1ed5i v\u00e0 gi\u1edbi c\u1ee7a c\u00e1c n\u1ea1n nh\u00e2n.\n", "Nh\u1eadn x\u00e9t: - N\u1ea1n nh\u00e2n nh\u1ecf tu\u1ed5i nh\u1ea5t l\u00e0 8 tu\u1ed5i, n\u1ea1n nh\u00e2n l\u1edbn tu\u1ed5i nh\u1ea5t l\u00e0 78 tu\u1ed5i.\n", "\u0110\u1ed9 tu\u1ed5i trung b\u00ecnh l\u00e0 28.5 tu\u1ed5i, g\u1eb7p nhi\u1ec1u nh\u1ea5t l\u00e0 n\u1ea1n nh\u00e2n 22 tu\u1ed5i.\n", "- Nam gi\u1edbi chi\u1ebfm \u0111a s\u1ed1 (74%), N\u1eef gi\u1edbi chi\u1ebfm 26%.\n", "3.2.\n", "Th\u1eddi gian s\u1ed1ng sau tai n\u1ea1n\n", "B\u1ea3ng 3.2.\n", "Th\u1eddi gian s\u1ed1ng sau tai n\u1ea1n.\n", "Gi\u1edd n T\u1ef7 l\u1ec7 %\n", "T\u1eed vong t\u1ea1i ch\u1ed7 ho\u1eb7c tr\u00ean \u0111\u01b0\u1eddng \u0111i c\u1ea5p c\u1ee9u 55 55,0 <6h 19 19,0 6h-12h 10 10,0 12h-24h 7 7,0 24h-48h 2 2,0 48h-72h 1 1,0 >72h 6 6,0\n", "T\u1ed5ng 100 100,0\n", "Nh\u1eadn x\u00e9t: \u0110a s\u1ed1 n\u1ea1n nh\u00e2n t\u1eed vong ngay t\u1ea1i hi\u1ec7n tr\u01b0\u1eddng (55%) ho\u1eb7c tr\u00ean \u0111\u01b0\u1eddng \u0111i c\u1ea5p c\u1ee9u (19%), 10% \u0111\u01b0\u1ee3c c\u1ea5p c\u1ee9u v\u00e0 \u0111i\u1ec1u tr\u1ecb nh\u01b0ng c\u0169ng t\u1eed vong trong v\u00f2ng 6h- 12h.\n", "3.3.\n", "H\u00ecnh th\u00e1i t\u1ed5n th\u01b0\u01a1ng x\u01b0\u01a1ng s\u1ecd\n", "B\u1ea3ng 3.3.\n", "H\u00ecnh th\u00e1i t\u1ed5n th\u01b0\u01a1ng x\u01b0\u01a1ng s\u1ecd \u0111\u01a1n thu\u1ea7n\n", "H\u00ecnh th\u00e1i \u0111\u01b0\u1eddng v\u1ee1 n T\u1ef7 l\u1ec7 %\n", "V\u1ee1 \u0111\u01b0\u1eddng th\u1eb3ng 45 36,29\n", "V\u1ee1 h\u00ecnh sao 5 4,05\n", "V\u1ee1 h\u00ecnh m\u1ea1ng nh\u1ec7n 2 1,61\n", "V\u1ee1 nhi\u1ec1u m\u1ea3nh 18 14,51\n", "V\u1ee1 l\u00fan 37 29,83\n", "V\u1ee1 h\u00ecnh tr\u00f2n 0 0\n", "V\u1ee1 b\u00ean \u0111\u1ed1i di\u1ec7n 15 13,71\n", "T\u1ed5ng s\u1ed1 122 100\n", "Nh\u1eadn x\u00e9t: H\u00ecnh th\u00e1i v\u1ee1 x\u01b0\u01a1ng th\u00e0nh nhi\u1ec1u m\u1ea3nh chi\u1ebfm t\u1ef7 l\u1ec7 14,51%, v\u1ee1 x\u01b0\u01a1ng h\u00ecnh \u0111\u01b0\u1eddng th\u1eb3ng l\u00e0 36,29%.\n", "T\u1ed5n th\u01b0\u01a1ng v\u1ee1 x\u01b0\u01a1ng b\u00ean \u0111\u1ed1i di\u1ec7n chi\u1ebfm t\u1ef7 l\u1ec7 13,71%.\n", "3.4.\n", "V\u1ecb tr\u00ed t\u1ed5n th\u01b0\u01a1ng x\u01b0\u01a1ng s\u1ecd\n", "B\u1ea3ng 3.4.\n", "V\u1ecb tr\u00ed t\u1ed5n th\u01b0\u01a1ng x\u01b0\u01a1ng s\u1ecd\n", "V\u1ecb tr\u00ed n T\u1ef7 l\u1ec7 %\n", "Tr\u00e1n 38 19,39\n", "\u0110\u1ec9nh 8 4,09\n", "Th\u00e1i d\u01b0\u01a1ng 64 32,65\n", "Ch\u1ea9m 26 13,26\n", "N\u1ec1n s\u1ecd 60 30,61\n", "T\u1ed5ng s\u1ed1 196 100,0\n", "Nh\u1eadn x\u00e9t: Hay g\u1eb7p nh\u1ea5t l\u00e0 t\u1ed5n th\u01b0\u01a1ng x\u01b0\u01a1ng th\u00e1i d\u01b0\u01a1ng chi\u1ebfm t\u1ef7 l\u1ec7 32,65%, x\u01b0\u01a1ng tr\u00e1n chi\u1ebfm 19,39% ti\u1ebfp theo l\u00e0 x\u01b0\u01a1ng ch\u1ea9m 13,26%, x\u01b0\u01a1ng \u0111\u1ec9nh \u00edt t\u1ed5n th\u01b0\u01a1ng nh\u1ea5t chi\u1ebfm 4,09%.\n", "C\u00f3 30,61% c\u00f3 t\u1ed5n th\u01b0\u01a1ng x\u01b0\u01a1ng n\u1ec1n s\u1ecd.\n"], "4": ["4.\n", "B\u00e0n lu\u1eadn 4.1.\n", "M\u1ed9t s\u1ed1 \u0111\u1eb7c \u0111i\u1ec3m d\u1ecbch t\u1ec5 c\u1ee7a v\u1ee1 x\u01b0\u01a1ng s\u1ecd do tai n\u1ea1n giao th\u00f4ng \u0111\u01b0\u1eddng b\u1ed9 4.1.1.\n", "Tu\u1ed5i v\u00e0 gi\u1edbi\n", "T\u1ef7 l\u1ec7 CTSN do TNGT\u0110B t\u0103ng nhi\u1ec1u trong nh\u1eefng n\u0103m g\u1ea7n \u0111\u00e2y.\n", "Trong t\u1ed5ng s\u1ed1 100 n\u1ea1n nh\u00e2n ch\u00fang t\u00f4i nghi\u00ean c\u1ee9u \u0111a s\u1ed1 l\u00e0 n\u1ea1n nh\u00e2n nam (74%), n\u1ea1n nh\u00e2n n\u1eef chi\u1ebfm 26%.\n", "S\u1ed1 l\u01b0\u1ee3ng n\u1ea1n nh\u00e2n nam cao g\u1ea5p g\u1ea7n 3 l\u1ea7n n\u1ea1n nh\u00e2n n\u1eef.\n", "\u0110\u00e2y l\u00e0 \u0111\u1eb7c \u0111i\u1ec3m \u0111\u01b0\u1ee3c h\u1ea7u h\u1ebft c\u00e1c t\u00e1c gi\u1ea3 trong n\u01b0\u1edbc ghi nh\u1eadn.\n", "Nguy\u1ec5n Ph\u01b0\u01a1ng Hoa v\u00e0 Ph\u1ea1m\n", "Th\u1ecb Lan [4] nam gi\u1edbi l\u00e0 78,9%, n\u1eef chi\u1ebfm 21,1%.\n", "\u0110\u1ed3ng V\u0103n H\u1ec7 v\u00e0 c\u00e1c c\u1ed9ng s\u1ef1 [5] c\u0169ng ghi nh\u1eadn t\u1ef7 l\u1ec7 n\u1ea1n nh\u00e2n nam 79,4%, n\u1eef 20,6%.\n", "Trong nghi\u00ean c\u1ee9u c\u1ee7a ch\u00fang t\u00f4i, s\u1ed1 l\u01b0\u1ee3ng n\u1ea1n nh\u00e2n \u1edf \u0111\u1ed9 tu\u1ed5i 16 - 60 chi\u1ebfm \u0111\u1ebfn 85%.\n", "Nh\u00f3m tu\u1ed5i 16 - 25 chi\u1ebfm nhi\u1ec1u nh\u1ea5t (34%), ti\u1ebfp theo l\u00e0 nh\u00f3m 26 - 35 (20%), nh\u00f3m 36 - 45 chi\u1ebfm 13%, nh\u00f3m tr\u00ean 60 tu\u1ed5i l\u00e0 12%.\n", "N\u1ea1n nh\u00e2n nh\u1ecf tu\u1ed5i nh\u1ea5t l\u00e0 08 tu\u1ed5i, n\u1ea1n nh\u00e2n l\u1edbn tu\u1ed5i nh\u1ea5t l\u00e0 78 tu\u1ed5i.\n", "\u0110\u1ed9 tu\u1ed5i trung b\u00ecnh l\u00e0 28,5 tu\u1ed5i, g\u1eb7p nhi\u1ec1u nh\u1ea5t l\u00e0 n\u1ea1n nh\u00e2n 22 tu\u1ed5i.\n", "4.1.2.\n", "Th\u1eddi gian s\u1ed1ng sau tai n\u1ea1n\n", "D\u1ef1a theo ph\u00e2n lo\u1ea1i c\u1ee7a hi\u1ec7p h\u1ed9i Ngo\u1ea1i khoa\n", "Hoa K\u1ef3 (ATLS), th\u1eddi gian t\u1eed vong c\u1ee7a n\u1ea1n nh\u00e2n b\u1ecb tai n\u1ea1n \u0111\u01b0\u1ee3c chia th\u00e0nh 3 nh\u00f3m l\u00e0: (1)\n", "Ch\u1ebft ngay sau tai n\u1ea1n \u0111\u1ebfn tr\u01b0\u1edbc 30', (2) Sau 30 ph\u00fat \u0111\u1ebfn tr\u01b0\u1edbc 3h v\u00e0 (3) Sau 3h \u0111\u1ebfn m\u1ed9t v\u00e0i ng\u00e0y, m\u1ed9t v\u00e0i tu\u1ea7n.\n", "Trong 100 \u0111\u1ed1i t\u01b0\u1ee3ng nghi\u00ean c\u1ee9u, \u0111a s\u1ed1 n\u1ea1n nh\u00e2n t\u1eed vong t\u1ea1i hi\u1ec7n tr\u01b0\u1eddng hi\u1ec7n ho\u1eb7c c\u00f3 \u0111\u01b0\u1ee3c c\u1ea5p c\u1ee9u \u0111i\u1ec1u tr\u1ecb nh\u01b0ng t\u1eed vong trong 6 gi\u1edd \u0111\u1ea7u (10%).\n", "Trong s\u1ed1 55 tr\u01b0\u1eddng h\u1ee3p t\u1eed vong t\u1ea1i ch\u1ed7 th\u00ec 94,5% c\u00f3 v\u1ee1 x\u01b0\u01a1ng s\u1ecd th\u00e0nh nhi\u1ec1u m\u1ea3nh, 72,7% c\u00f3 b\u1eb9p bi\u1ebfn d\u1ea1ng h\u1ed9p s\u1ecd.\n", "4.2.\n", "\u0110\u1eb7c \u0111i\u1ec3m t\u1ed5n th\u01b0\u01a1ng x\u01b0\u01a1ng s\u1ecd 4.2.1.\n", "\u0110\u1eb7c \u0111i\u1ec3m h\u00ecnh th\u00e1i t\u1ed5n th\u01b0\u01a1ng x\u01b0\u01a1ng s\u1ecd\n", "\u0110\u01b0\u1eddng v\u1ee1 x\u01b0\u01a1ng s\u1ecd xu\u1ea5t hi\u1ec7n nhi\u1ec1u nh\u1ea5t l\u00e0 v\u1ee1 theo \u0111\u01b0\u1eddng th\u1eb3ng chi\u1ebfm 36,29% c\u00e1c lo\u1ea1i \u0111\u01b0\u1eddng v\u1ee1 x\u01b0\u01a1ng, v\u1ee1 l\u00fan chi\u1ebfm 29,83%, th\u1ea5p nh\u1ea5t v\u1ee1 theo h\u00ecnh m\u1ea1ng nh\u1ec7n 1,61%.\n", "T\u1ef7 l\u1ec7 n\u00e0y ph\u00f9 h\u1ee3p v\u1edbi m\u1ed9t s\u1ed1 nghi\u00ean c\u1ee9u c\u1ee7a n\u01b0\u1edbc ngo\u00e0i.\n", "Theo M.\n", "J.\n", "Shkrum and D.\n", "A.\n", "Ramsay [2] ph\u1ea7n l\u1edbn (43%) l\u00e0 v\u1ee1 x\u01b0\u01a1ng theo \u0111\u01b0\u1eddng th\u1eb3ng ho\u1eb7c g\u1eaby v\u1ee5n.\n", "Theo Ahmad M v\u00e0 c\u1ed9ng s\u1ef1 [9] \u0111\u01b0\u1eddng v\u1ee1 theo \u0111\u01b0\u1eddng th\u1eb3ng l\u00e0 ch\u1ee7 y\u1ebfu chi\u1ebfm 36%, c\u00e1c d\u1ea1ng kh\u00e1c t\u1eeb 2 - 18%.\n", "S\u1ed1 li\u1ec7u trong nghi\u00ean c\u1ee9u c\u1ee7a ch\u00fang t\u00f4i ghi nh\u1eadn v\u1ee1 x\u01b0\u01a1ng n\u1ec1n s\u1ecd l\u00e0 30,61% v\u1edbi h\u1ea7u h\u1ebft c\u00e1c \u0111\u01b0\u1eddng v\u1ee1 n\u1ec1n s\u1ecd \u0111i qua nh\u1eefng \u0111i\u1ec3m y\u1ebfu nh\u1ea5t c\u1ee7a n\u1ec1n s\u1ecd.\n", "Tu\u1ef3 theo v\u1ecb tr\u00ed t\u00e1c \u0111\u1ed9ng c\u1ee7a ngo\u1ea1i l\u1ef1c m\u00e0 c\u00f3 th\u1ec3 g\u00e2y ra m\u1ed9t s\u1ed1 \u0111\u01b0\u1eddng v\u1ee1 kh\u00e1c nhau.\n", "Trong nghi\u00ean c\u1ee9u n\u00e0y ch\u00fang t\u00f4i x\u1ebfp lo\u1ea1i \u0111\u01b0\u1eddng v\u1ee1 theo ph\u00e2n lo\u1ea1i c\u1ee7a Michael J.\n", "Shkrum [1].\n", "4.2.2.\n", "V\u1ecb tr\u00ed t\u1ed5n th\u01b0\u01a1ng x\u01b0\u01a1ng s\u1ecd\n", "Trong s\u1ed1 c\u00e1c x\u01b0\u01a1ng b\u1ecb t\u1ed5n th\u01b0\u01a1ng nhi\u1ec1u nh\u1ea5t l\u00e0 x\u01b0\u01a1ng th\u00e1i d\u01b0\u01a1ng 32,65%, ti\u1ebfp theo l\u00e0 x\u01b0\u01a1ng tr\u00e1n (19,39%), x\u01b0\u01a1ng ch\u1ea9m (13,26%) v\u00e0 \u00edt nh\u1ea5t l\u00e0 x\u01b0\u01a1ng \u0111\u1ec9nh (4,09%).\n", "T\u1ed5n th\u01b0\u01a1ng x\u01b0\u01a1ng n\u1ec1n s\u1ecd chi\u1ebfm 30,61%.\n", "Trong \u0111\u00f3 t\u1ed5n th\u01b0\u01a1ng ph\u1ed1i h\u1ee3p nhi\u1ec1u x\u01b0\u01a1ng c\u00f3 65%, v\u1ee1 1 x\u01b0\u01a1ng xu\u1ea5t hi\u1ec7n 35%.\n", "T\u1ef7 l\u1ec7 n\u00e0y ph\u00f9 h\u1ee3p v\u1edbi c\u00e1c nghi\u00ean c\u1ee9u \u1edf n\u01b0\u1edbc ngo\u00e0i.\n", "Theo Ahmad.\n", "M [9] v\u1ee1 x\u01b0\u01a1ng th\u00e1i d\u01b0\u01a1ng chi\u1ebfm nhi\u1ec1u nh\u1ea5t 32%, x\u01b0\u01a1ng ch\u1ea9m 15%, x\u01b0\u01a1ng tr\u00e1n 19%, x\u01b0\u01a1ng \u0111\u1ec9nh 7%.Theo BR Sharma v\u00e0 c\u1ed9ng s\u1ef1 [8] t\u1ef7 l\u1ec7 v\u1ee1 x\u01b0\u01a1ng s\u1ecd l\u00e0 88,01%, v\u1ee1 nhi\u1ec1u x\u01b0\u01a1ng 62%, v\u1ee1 m\u1ed9t x\u01b0\u01a1ng chi\u1ebfm 38%.\n", "Theo Gupta Prashant K v\u00e0 c\u1ed9ng s\u1ef1 [10] t\u1ef7 l\u1ec7 v\u1ee1 x\u01b0\u01a1ng s\u1ecd 62%.\n", "Theo\n", "Kaleem Ahmad v\u00e0 c\u1ed9ng s\u1ef1 [7] v\u1ee1 x\u01b0\u01a1ng s\u1ecd xu\u1ea5t hi\u1ec7n trong 57,75% c\u00e1c tr\u01b0\u1eddng h\u1ee3p.\n", "\u0110i\u1ec1u \u0111\u00f3 ph\u1ea7n n\u00e0o cho th\u1ea5y v\u1ee1 x\u01b0\u01a1ng s\u1ecd g\u00e2y ra nh\u1eefng t\u1ed5n th\u01b0\u01a1ng nghi\u00eam tr\u1ecdng d\u1eabn \u0111\u1ebfn t\u1eed vong.\n"], "5": ["5.\n", "K\u1ebft lu\u1eadn\n", "Ph\u1ea7n l\u1edbn n\u1ea1n nh\u00e2n ch\u1ebft do TNGT\u0110B c\u00f3 t\u1ed5n th\u01b0\u01a1ng v\u1ee1 x\u01b0\u01a1ng s\u1ecd l\u00e0 nam gi\u1edbi, chi\u1ebfm 74%.\n", "S\u1ed1 n\u1ea1n nh\u00e2n trong \u0111\u1ed9 tu\u1ed5i 16 - 60 l\u00e0 85%, nhi\u1ec1u nh\u1ea5t l\u00e0 nh\u00f3m tu\u1ed5i 16 - 25 chi\u1ebfm 34%.\n", "\u0110a s\u1ed1 n\u1ea1n nh\u00e2n t\u1eed vong t\u1ea1i ch\u1ed7 (55%), nguy\u00ean nh\u00e2n t\u1eed vong ch\u1ee7 y\u1ebfu l\u00e0 CTSN n\u1eb7ng 70%.\n", "V\u1ecb tr\u00ed v\u1ee1 x\u01b0\u01a1ng hay hay g\u1eb7p nh\u1ea5t l\u00e0 x\u01b0\u01a1ng th\u00e1i d\u01b0\u01a1ng v\u1edbi t\u1ef7 l\u1ec7 32,65%, v\u1ee1 n\u1ec1n s\u1ecd l\u00e0 30,61%.\n", "H\u00ecnh th\u00e1i t\u1ed5n th\u01b0\u01a1ng hay g\u1eb7p l\u00e0 v\u1ee1 x\u01b0\u01a1ng th\u00e0nh \u0111\u01b0\u1eddng th\u1eb3ng (36,29%), v\u1ee1 x\u01b0\u01a1ng s\u1ecd th\u00e0nh nhi\u1ec1u m\u1ea3nh 14,51% v\u00e0 v\u1ee1 l\u00fan 29,83%.\n", "V\u1ee1 x\u01b0\u01a1ng b\u00ean \u0111\u1ed1i di\u1ec7n g\u1eb7p 13,71% c\u00e1c tr\u01b0\u1eddng h\u1ee3p.\n", "Kh\u00f4ng ghi nh\u1eadn tr\u01b0\u1eddng h\u1ee3p n\u00e0o v\u1ee1 x\u01b0\u01a1ng h\u00ecnh tr\u00f2n trong nghi\u00ean c\u1ee9u n\u00e0y.\n"]}, "Word count": 1734}