{"title": "\u0110\u1eb7c \u0111i\u1ec3m h\u00ecnh \u1ea3nh v\u00e0 gi\u00e1 tr\u1ecb c\u1ee7a c\u1ed9ng h\u01b0\u1edfng t\u1eeb 1.5T trong ph\u00e2n lo\u1ea1i giai \u0111o\u1ea1n ung th\u01b0 c\u1ed5 t\u1eed cung\n", "content": {"0": ["T\u00f3m t\u1eaft: Nghi\u00ean c\u1ee9u m\u00f4 t\u1ea3 ti\u1ebfn c\u1ee9u 56 b\u1ec7nh nh\u00e2n (BN) ung th\u01b0 c\u1ed5 t\u1eed cung (UTCTC) \u0111\u01b0\u1ee3c ph\u1eabu thu\u1eadt c\u00f3 ch\u1ee5p CHT 1.5 Tesla tr\u01b0\u1edbc m\u1ed5 v\u00e0 c\u00f3 k\u1ebft qu\u1ea3 gi\u1ea3i ph\u1eabu b\u1ec7nh sau m\u1ed5 t\u1ea1i b\u1ec7nh vi\u1ec7n K.\n", "K\u1ebft qu\u1ea3: Tu\u1ed5i th\u1ea5p nh\u1ea5t 25, cao nh\u1ea5t 68, trung b\u00ecnh 45,3 \u00b1 10,4.\n", "UTBM v\u1ea3y 76,8%, UTBM tuy\u1ebfn 17,9%.\n", "98,2% UTCTC t\u0103ng t\u00edn hi\u1ec7u tr\u00ean T2WI, 89,3% \u0111\u1ed3ng t\u00edn hi\u1ec7u tr\u00ean T1WI, 83,9% gi\u1ea3m khu\u1ebfch t\u00e1n (t\u0103ng t\u00edn hi\u1ec7u) tr\u00ean DWI (b800), 75,0% ng\u1ea5m thu\u1ed1c \u0111\u1ed1i quang t\u1eeb k\u00e9m c\u01a1 t\u1eed cung, 53,6% ng\u1ea5m \u0111\u1ed3ng nh\u1ea5t.\n", "\u0110\u00e1nh gi\u00e1 k\u00edch th\u01b0\u1edbc kh\u1ed1i u CHT 1.5T c\u00f3 Acc v\u00e0 PPV 94,6%.\n", "\u0110\u00e1nh gi\u00e1 x\u00e2m l\u1ea5n \u00e2m \u0111\u1ea1o: Sn 66,7%, Sp 100%, Acc 98,2%, PPV 100% v\u00e0 NPV 98,1%.\n", "\u0110\u00e1nh gi\u00e1 x\u00e2m l\u1ea5n d\u00e2y ch\u1eb1ng r\u1ed9ng: Sn, Sp, Acc, PPV v\u00e0 NPV 100%.\n", "\u0110\u00e1nh gi\u00e1 x\u00e2m l\u1ea5n th\u00e0nh b\u00ean ch\u1eadu h\u00f4ng: Sp 100%, Acc v\u00e0 NPV 98,2%.\n", "Ch\u1ea9n \u0111o\u00e1n h\u1ea1ch di c\u0103n: Sn 50%, Sp 97,8%, Acc 89,3%, PPV 89,3% v\u00e0\n", "NPV 90,0%.\n", "Ph\u00e2n lo\u1ea1i G\u0110 UTCTC CHT 1.5T c\u00f3 Acc v\u00e0 PPV 91,1%.\n", "K\u1ebft lu\u1eadn: H\u00ecnh \u1ea3nh UTCTC tr\u00ean CHT 1.5T c\u00f3 th\u1ec3 quan s\u00e1t r\u00f5 n\u00e9t tr\u00ean T2WI, DWI tr\u01b0\u1edbc ti\u00eam v\u00e0\n", "T1FS sau ti\u00eam thu\u1ed1c \u0111\u1ed1i quang t\u1eeb.\n", "CHT 1.5T c\u00f3 gi\u00e1 tr\u1ecb cao trong ph\u00e2n lo\u1ea1i G\u0110.\n", "CHT n\u00ean \u0111\u01b0\u1ee3c s\u1eed d\u1ee5ng th\u01b0\u1eddng quy trong ch\u1ea9n \u0111o\u00e1n ph\u00e2n lo\u1ea1i G\u0110 UTCTC.\n", "T\u1eeb kho\u00e1: Ung th\u01b0 CTC, CHT c\u1ed5 t\u1eed cung, ph\u00e2n lo\u1ea1i G\u0110 UTCTC.\n"], "1": ["1.\n", "\u0110\u1eb7t v\u1ea5n \u0111\u1ec1\n", "Ung th\u01b0 c\u1ed5 t\u1eed cung (UTCTC) l\u00e0 kh\u1ed1i u \u00e1c t\u00ednh th\u01b0\u1eddng g\u1eb7p, \u0111\u1ee9ng h\u00e0ng th\u1ee9 hai trong s\u1ed1 c\u00e1c ung th\u01b0 ph\u1ee5 khoa sau ung th\u01b0 v\u00fa, l\u00e0 m\u1ed9t trong nh\u1eefng nguy\u00ean nh\u00e2n g\u00e2y t\u1eed vong th\u01b0\u1eddng g\u1eb7p nh\u1ea5t \u1edf ph\u1ee5 n\u1eef, \u01b0\u1edbc t\u00ednh n\u0103m 2012 tr\u00ean th\u1ebf gi\u1edbi c\u00f3 kho\u1ea3ng 527.600 tr\u01b0\u1eddng h\u1ee3p m\u1edbi m\u1eafc v\u00e0 kho\u1ea3ng 265.700 tr\u01b0\u1eddng h\u1ee3p t\u1eed vong.\n", "Ti\u00ean l\u01b0\u1ee3ng c\u1ee7a b\u1ec7nh nh\u00e2n UTCTC ph\u1ee5 thu\u1ed9c v\u00e0o giai \u0111o\u1ea1n (G\u0110) b\u1ec7nh, t\u1ef7 l\u1ec7 s\u1ed1ng sau 5 n\u0103m \u1edf\n", "G\u0110 I tr\u00ean 90%, G\u0110 II t\u1eeb 60% \u0111\u1ebfn 80%, G\u0110 III kho\u1ea3ng 50% v\u00e0 G\u0110 IV d\u01b0\u1edbi 30%.\n", "Ph\u00e1t hi\u1ec7n s\u1edbm v\u00e0 \u0111i\u1ec1u tr\u1ecb k\u1ecbp th\u1eddi c\u00f3 vai tr\u00f2 \u0111\u1eb7c bi\u1ec7t quan tr\u1ecdng trong c\u1ea3i thi\u1ec7n ti\u00ean l\u01b0\u1ee3ng b\u1ec7nh.\n", "H\u1ec7 th\u1ed1ng ph\u00e2n lo\u1ea1i G\u0110 UTCTC c\u1ee7a Li\u00ean \u0111o\u00e0n S\u1ea3n ph\u1ee5 khoa qu\u1ed1c t\u1ebf (FIGO) \u0111\u01b0\u1ee3c s\u1eed d\u1ee5ng r\u1ed9ng r\u00e3i cho vi\u1ec7c l\u1eadp k\u1ebf ho\u1ea1ch \u0111i\u1ec1u tr\u1ecb.\n", "Ch\u1ee5p CHT ch\u1ea9n \u0111o\u00e1n ph\u00e2n lo\u1ea1i G\u0110UTCTC c\u00f3 \u0111\u1ed9 ch\u00ednh x\u00e1c 85-96% v\u00e0 \u0111\u00f3ng m\u1ed9t vai tr\u00f2 quan tr\u1ecdng trong vi\u1ec7c x\u00e1c \u0111\u1ecbnh ph\u00e1c \u0111\u1ed3 \u0111i\u1ec1u tr\u1ecb (\u0110T) [[1]].\n", "FIGO trong l\u1ea7n s\u1eeda \u0111\u1ed5i g\u1ea7n \u0111\u00e2y nh\u1ea5t v\u00e0o n\u0103m 2009 \u0111\u00e3 khuy\u1ebfn c\u00e1o s\u1eed d\u1ee5ng C\u0110HA trong \u0111\u00f3 c\u00f3 CLVT v\u00e0 CHT trong ph\u00e2n lo\u1ea1i G\u0110 UTCTC.\n", "UTCTC \u0111\u01b0\u1ee3c \u0110T b\u1eb1ng c\u00e1c ph\u00e1c \u0111\u1ed3 kh\u00e1c nhau, l\u1ef1a ch\u1ecdn ph\u00e1c \u0111\u1ed3 \u0110T d\u1ef1a v\u00e0o G\u0110 b\u1ec7nh, tu\u1ed5i v\u00e0 th\u1ec3 tr\u1ea1ng chung c\u1ee7a b\u1ec7nh nh\u00e2n, t\u1ed5n th\u01b0\u01a1ng t\u1ea1i ch\u1ed7, quan \u0111i\u1ec3m \u0110T c\u1ee7a th\u1ea7y thu\u1ed1c, trong \u0111\u00f3 G\u0110 b\u1ec7nh l\u00e0 c\u0103n c\u1ee9 quan tr\u1ecdng nh\u1ea5t.\n", "T\u1ea1i Vi\u1ec7t Nam m\u00e1y CHT 1,5 Tesla \u0111\u00e3 \u0111\u01b0\u1ee3c trang b\u1ecb kh\u00e1 r\u1ed9ng r\u00e3i \u1edf c\u00e1c b\u1ec7nh vi\u1ec7n.\n", "G\u00f3p ph\u1ea7n t\u00ecm hi\u1ec3u th\u00eam v\u1ec1 \u0111\u00e1nh gi\u00e1 ph\u00e2n lo\u1ea1i G\u0110\n", "UTCTC c\u1ee7a CHT, \u0111\u1ec1 t\u00e0i n\u00e0y \u0111\u01b0\u1ee3c th\u1ef1c hi\u1ec7n v\u1edbi m\u1ee5c ti\u00eau: M\u00f4 t\u1ea3 \u0111\u1eb7c \u0111i\u1ec3m h\u00ecnh \u1ea3nh v\u00e0 \u0111\u00e1nh gi\u00e1 gi\u00e1 tr\u1ecb c\u1ee7a c\u1ed9ng h\u01b0\u1edfng t\u1eeb 1.5Tesla trong ph\u00e2n lo\u1ea1i giai \u0111o\u1ea1n UTCTC (theo FIGO).\n"], "2": ["2.\n", "CHT 1.5T \u0111\u00e1nh gi\u00e1 KT u, x\u00e2m l\u1ea5n \u00e2m \u0111\u1ea1o, x\u00e2m l\u1ea5n DCR, x\u00e2m l\u1ea5n th\u00e0nh b\u00ean ch\u1eadu h\u00f4ng, di c\u0103n h\u1ea1ch v\u00e0 ch\u1ea9n \u0111o\u00e1n ph\u00e2n lo\u1ea1i G\u0110\n", "UTCTC v\u1edbi \u0111\u1ed9 ch\u00ednh x\u00e1c t\u1eeb 89,3% \u0111\u1ebfn 100%.\n", "Ki\u1ebfn ngh\u1ecb\n", "CHT n\u00ean \u0111\u01b0\u1ee3c s\u1eed d\u1ee5ng th\u01b0\u1eddng quy \u0111\u1ec3 ph\u00e2n lo\u1ea1i G\u0110 UTCTC nh\u1eb1m gi\u00fap l\u00e2m s\u00e0ng c\u00f3 c\u01a1 s\u1edf l\u1eadp k\u1ebf ho\u1ea1ch \u0111i\u1ec1u tr\u1ecb t\u1ed1t h\u01a1n.\n"], "3": ["3.\n", "K\u1ebft qu\u1ea3 nghi\u00ean c\u1ee9u 3.1.\n", "\u0110\u1eb7c \u0111i\u1ec3m chung 32.1% 39.3% 19.6% 8.9% 0% 5% 10% 15% 20% 25% 30% 35% 40% </= 40 >40-50 >50-60 >60\n", "Bi\u1ec3u \u0111\u1ed3 1.\n", "Ph\u00e2n b\u1ed1 b\u1ec7nh nh\u00e2n ung th\u01b0 c\u1ed5 t\u1eed cung theo tu\u1ed5i.\n", "Nh\u1eadn x\u00e9t: Tu\u1ed5i th\u1ea5p nh\u1ea5t 25, cao nh\u1ea5t 68, trung b\u00ecnh 45,3 \u00b1 10,4 (p < 0,01), \u0111\u1ed9 tu\u1ed5i tr\u00ean 40 \u0111\u1ebfn 50 chi\u1ebfm t\u1ef7 l\u1ec7 cao nh\u1ea5t 39,3%.\n", "17.9% 5.4% 76.8%\n", "BM tuy\u1ebfn\n", "BM v\u1ea9y\n", "Kh\u00e1c\n", "Bi\u1ec3u \u0111\u1ed3 2.\n", "Ph\u00e2n b\u1ed1 b\u1ec7nh nh\u00e2n theo k\u1ebft qu\u1ea3 GPB.\n", "Nh\u1eadn x\u00e9t: Ung th\u01b0 bi\u1ec3u m\u00f4 (UTBM) v\u1ea3y chi\u1ebfm t\u1ec9 l\u1ec7 cao nh\u1ea5t (76,8%), UTBM tuy\u1ebfn 17,9%, c\u00e1c lo\u1ea1i kh\u00e1c bao g\u1ed3m UTBM tuy\u1ebfn v\u1ea3y, t\u1ebf b\u00e0o s\u00e1ng, t\u1ebf b\u00e0o nh\u1ecf, t\u1ebf b\u00e0o th\u1ea7n kinh n\u1ed9i ti\u1ebft...\n", "chi\u1ebfm 5,4%.\n", "3.2.\n", "\u0110\u1eb7c \u0111i\u1ec3m h\u00ecnh \u1ea3nh c\u1ed9ng h\u01b0\u1edfng t\u1eeb 1.5Tesla\n", "B\u1ea3ng 1.\n", "\u0110\u1eb7c \u0111i\u1ec3m t\u00edn hi\u1ec7u UTCTC tr\u00ean CHT 1.5Tesla\n", "Gi\u1ea3m t\u00edn hi\u1ec7u \u0110\u1ed3ng t\u00edn hi\u1ec7u T\u0103ng t\u00edn hi\u1ec7u T\u1ed5ng s\u1ed1 Chu\u1ed7i xung SL TL% SL TL% SL TL% SL TL%\n", "T1W 6 10,7% 50 89,3% 56 100%\n", "T2W 1 1,8% 55 98,2% 56 100%\n", "DW 9 16,1% 47 83,9% 56 100%\n", "Nh\u1eadn x\u00e9t: UTCTC c\u00f3 \u0111\u1eb7c \u0111i\u1ec3m: \u0111\u1ed3ng t\u00edn hi\u1ec7u tr\u00ean T1W (89,3%), t\u0103ng t\u00edn hi\u1ec7u tr\u00ean T2W (98,2%), gi\u1ea3m khu\u1ebfch t\u00e1n (t\u0103ng t\u00edn hi\u1ec7u) tr\u00ean Diffusion (83,9%).\n", "B\u1ea3ng 2.\n", "\u0110\u1eb7c \u0111i\u1ec3m v\u00e0 t\u00ednh ch\u1ea5t ng\u1ea5m thu\u1ed1c \u0111\u1ed1i quang t\u1eeb c\u1ee7a UTCTC so v\u1edbi c\u01a1 t\u1eed cung\n", "K\u00e9m c\u01a1 TC Ngang c\u01a1 TC H\u01a1n c\u01a1 TC T\u1ed5ng\n", "\u0110\u1eb7c \u0111i\u1ec3m ng\u1ea5m thu\u1ed1c\n", "TC ng\u1ea5m thu\u1ed1c\n", "SL TL % SL TL % SL TL % SL TL %\n", "\u0110\u1ed3ng nh\u1ea5t 20 35,7% 3 5,4% 7 12,5% 30 53,6%\n", "Kh\u00f4ng \u0111\u1ed3ng nh\u1ea5t 22 39,3% 4 7,1% 26 46,4%\n", "T\u1ed5ng 42 75,0% 7 12,5% 7 12,5% 56 100%\n", "Nh\u1eadn x\u00e9t: 75,0% UTCTC ng\u1ea5m thu\u1ed1c \u0111\u1ed1i quang t\u1eeb k\u00e9m c\u01a1 TC, ng\u1ea5m \u0111\u1ed3ng nh\u1ea5t chi\u1ebfm 53,6%.\n", "3.3.\n", "Gi\u00e1 tr\u1ecb c\u1ee7a c\u1ed9ng h\u01b0\u1edfng t\u1eeb 1.5Tesla trong ph\u00e2n lo\u1ea1i giai \u0111o\u1ea1n ung th\u01b0 c\u1ed5 t\u1eed cung\n", "B\u1ea3ng 3.\n", "Gi\u00e1 tr\u1ecb c\u1ee7a CHT trong \u0111\u00e1nh gi\u00e1 k\u00edch th\u01b0\u1edbc u\n", "GPB\n", "CHT\n", "\u0110\u00fang k\u00edch th\u01b0\u1edbc Sai k\u00edch th\u01b0\u1edbc T\u1ed5ng\n", "\u0110\u00fang k\u00edch th\u01b0\u1edbc 53 3 56\n", "T\u1ed5ng 53 3 56\n", "Nh\u1eadn x\u00e9t: v\u1edbi sai l\u1ec7ch trong kho\u1ea3ng 5mm, gi\u00e1 tr\u1ecb ch\u1ea9n \u0111o\u00e1n c\u1ee7a CHT trong \u0111\u00e1nh gi\u00e1 k\u00edch th\u01b0\u1edbc kh\u1ed1i u nh\u01b0 sau:\n", "\u0110\u1ed9 ch\u00ednh x\u00e1c Acc = (53/56)x100% = 94,6%.\n", "Gi\u00e1 tr\u1ecb d\u01b0\u01a1ng t\u00ednh PPV = (53/56)x100% = 94,6%\n", "B\u1ea3ng 4.\n", "T\u01b0\u01a1ng quan \u0111\u00e1nh gi\u00e1 x\u00e2m l\u1ea5n \u00e2m \u0111\u1ea1o c\u1ee7a CHT v\u00e0 GPB\n", "GPB\n", "CHT D\u01b0\u01a1ng t\u00ednh \u00c2m t\u00ednh T\u1ed5ng\n", "C\u00f3 x\u00e2m l\u1ea5n 2 2\n", "Kh\u00f4ng x\u00e2m l\u1ea5n 1 53 54\n", "T\u1ed5ng 3 53 56\n", "Nh\u1eadn x\u00e9t: Gi\u00e1 tr\u1ecb c\u1ee7a CHT trong \u0111\u00e1nh gi\u00e1 x\u00e2m l\u1ea5n \u00e2m \u0111\u1ea1o nh\u01b0 sau: \u0110\u1ed9 nh\u1ea1y Sn = (2/3)x100% = 66,7%.\n", "\u0110\u1ed9 \u0111\u1eb7c hi\u1ec7u Sp = (53/53)x100% = 100%.\n", "\u0110\u1ed9 ch\u00ednh x\u00e1c Acc = (55/56)x100% = 98,2%.\n", "Gi\u00e1 tr\u1ecb d\u01b0\u01a1ng t\u00ednh PPV = (2/2)x100% = 100%.\n", "Gi\u00e1 tr\u1ecb \u00e2m t\u00ednh NPV = (53/54)x100% = 98,1%.\n", "B\u1ea3ng 5.\n", "T\u01b0\u01a1ng quan \u0111\u00e1nh gi\u00e1 x\u00e2m l\u1ea5n d\u00e2y ch\u1eb1ng r\u1ed9ng gi\u1eefa CHT v\u00e0 GPB\n", "GPB\n", "CHT\n", "D\u01b0\u01a1ng t\u00ednh \u00c2m t\u00ednh T\u1ed5ng\n", "C\u00f3 x\u00e2m l\u1ea5n DCR 2 2\n", "Kh\u00f4ng x\u00e2m l\u1ea5n DCR 54 54\n", "T\u1ed5ng 2 54 56\n", "Nh\u1eadn x\u00e9t: Gi\u00e1 tr\u1ecb c\u1ee7a CHT trong \u0111\u00e1nh gi\u00e1 x\u00e2m l\u1ea5n DCR nh\u01b0 sau: \u0110\u1ed9 nh\u1ea1y Sn = (2/2) x 100% = 100%.\n", "\u0110\u1ed9 \u0111\u1eb7c hi\u1ec7u Sp = (54/54) x 100% = 100%.\n", "\u0110\u1ed9 ch\u00ednh x\u00e1c Acc = (56/56) x 100% = 100%.\n", "Gi\u00e1 tr\u1ecb d\u01b0\u01a1ng t\u00ednh PPV = (2/2) x 100% = 100%\n", "B\u1ea3ng 6.\n", "T\u01b0\u01a1ng quan ch\u1ea9n \u0111o\u00e1n x\u00e2m l\u1ea5n th\u00e0nh b\u00ean ch\u1eadu h\u00f4ng gi\u1eefa CHT v\u00e0 GPB\n", "GPB\n", "CHT\n", "D\u01b0\u01a1ng t\u00ednh \u00c2m t\u00ednh T\u1ed5ng\n", "Kh\u00f4ng x\u00e2m l\u1ea5n 1 55 56\n", "T\u1ed5ng 1 55 56\n", "Nh\u1eadn x\u00e9t: Gi\u00e1 tr\u1ecb ch\u1ea9n \u0111o\u00e1n x\u00e2m l\u1ea5n th\u00e0nh b\u00ean ch\u1eadu h\u00f4ng c\u1ee7a CHT: \u0110\u1ed9 \u0111\u1eb7c hi\u1ec7u Sp = (55/55)x100% = 100%.\n", "\u0110\u1ed9 ch\u00ednh x\u00e1c Acc = (55/56)x100% = 98,2%.\n", "Gi\u00e1 tr\u1ecb \u00e2m t\u00ednh NPV = (55/56)x100% = 98,2%\n", "B\u1ea3ng 7.\n", "Gi\u00e1 tr\u1ecb ch\u1ea9n \u0111o\u00e1n h\u1ea1ch di c\u0103n c\u1ee7a CHT\n", "GPB\n", "CHT\n", "D\u01b0\u01a1ng t\u00ednh \u00c2m t\u00ednh T\u1ed5ng\n", "H\u1ea1ch di c\u0103n 5 1 6\n", "H\u1ea1ch kh\u00f4ng di c\u0103n 5 45 50\n", "T\u1ed5ng 10 46 56\n", "Nh\u1eadn x\u00e9t: Gi\u00e1 tr\u1ecb ch\u1ea9n \u0111o\u00e1n h\u1ea1ch di c\u0103n c\u1ee7a CHT nh\u01b0 sau: \u0110\u1ed9 nh\u1ea1y Sn = (5/10)x100% = 50%.\n", "\u0110\u1ed9 \u0111\u1eb7c hi\u1ec7u Sp = (45/46)x100% = 97,8%.\n", "\u0110\u1ed9 ch\u00ednh x\u00e1c Acc = (50/56)x100% = 89,3%.\n", "Gi\u00e1 tr\u1ecb d\u1ef1 b\u00e1o d\u01b0\u01a1ng t\u00ednh PPV = (5/6)x100% = 89,3%.\n", "Gi\u00e1 tr\u1ecb d\u1ef1 b\u00e1o \u00e2m t\u00ednh NPV = (45/50)x100% = 90%\n", "T2WI\n", "T2WI\n", "DWI (b800)\n", "T1FS sau ti\u00eam Gado\n", "H\u00ecnh 1.\n", "Ung th\u01b0 CTC G\u0110 IIB di c\u0103n h\u1ea1ch v\u00f9ng ch\u1eadu (Ph\u1ea1m Th\u1ecb T.\n", "60t, s\u1ed1 BA 16100626).\n", "B\u1ea3ng 8.\n", "Gi\u00e1 tr\u1ecb c\u1ee7a CHT trong ph\u00e2n lo\u1ea1i giai \u0111o\u1ea1n UTCTC\n", "GPB\n", "CHT\n", "D\u01b0\u01a1ng t\u00ednh \u00c2m t\u00ednh T\u1ed5ng\n", "\u0110\u00fang giai \u0111o\u1ea1n 51 5 56\n", "T\u1ed5ng 51 5 56\n", "Nh\u1eadn x\u00e9t: Trong ph\u00e2n lo\u1ea1i giai \u0111o\u1ea1n UTCTC CHT c\u00f3 c\u00e1c gi\u00e1 tr\u1ecb sau: \u0110\u1ed9 ch\u00ednh x\u00e1c Acc = (51/56) x 100% = 91,1%.\n", "Gi\u00e1 tr\u1ecb d\u1ef1 b\u00e1o d\u01b0\u01a1ng t\u00ednh PPV = (51/56) x 100% = 91,1%\n", "H.2.\n", "UT CTC G\u0110 IA (\u0110\u1ed7 Th\u1ecb Ng.\n", "44t, s\u1ed1 BA: 15105083)\n", "H.3 UT CTC G\u0110 IB (Nguy\u1ec5n Th\u1ecb H.\n", "42t, s\u1ed1 BA 15108492)\n", "H.4 UT CTC G\u0110 IIB (Ph\u1ea1m Th\u1ecb U.\n", "35t, s\u1ed1 BA 15103752) ;' 4.\n", "B\u00e0n lu\u1eadn 4.1.\n", "\u0110\u1eb7c \u0111i\u1ec3m chung\n", "Tu\u1ed5i: K\u1ebft qu\u1ea3 nghi\u00ean c\u1ee9u c\u1ee7a ch\u00fang t\u00f4i tu\u1ed5i th\u1ea5p nh\u1ea5t 25, cao nh\u1ea5t 68, trung b\u00ecnh 45,3 \u00b1 10,4 (p < 0,01), \u0111\u1ed9 tu\u1ed5i tr\u00ean 40 \u0111\u1ebfn 50 chi\u1ebfm t\u1ef7 l\u1ec7 cao nh\u1ea5t 39,3%.\n", "Ng\u00f4 Th\u1ecb T\u00ednh (2011) nghi\u00ean c\u1ee9u 210 BN UTCTC \u1edf G\u0110 IB-IIB ghi nh\u1eadn nh\u00f3m tu\u1ed5i \u2265 40 chi\u1ebfm 84,8%, trung b\u00ecnh 48-52 tu\u1ed5i [[2]].\n", "Nghi\u00ean c\u1ee9u 296 BN UTCTC G\u0110\n", "IIB-IIIB, Tr\u1ea7n \u0110\u1eb7ng Ng\u1ecdc Linh (2013) ghi nh\u1eadn \u0111\u1ed9 tu\u1ed5i trung b\u00ecnh 58,4 tu\u1ed5i [[3]].\n", "Do\u00e3n\n", "V\u0103n Ng\u1ecdc v\u00e0 cs (2016) nghi\u00ean c\u1ee9u 152 BN\n", "UTCTC \u1edf t\u1ea5t c\u1ea3 c\u00e1c G\u0110 b\u1ec7nh nh\u1eadn x\u00e9t tu\u1ed5i th\u1ea5p nh\u1ea5t 25, cao nh\u1ea5t 81, trung b\u00ecnh 51,11 \u00b1 10,12, \u0111\u1ed9 tu\u1ed5i tr\u00ean 50 \u0111\u1ebfn 60 chi\u1ebfm t\u1ef7 l\u1ec7 cao nh\u1ea5t 40,8% [[4]].\n", "K\u1ebft qu\u1ea3 nghi\u00ean c\u1ee9u c\u1ee7a ch\u00fang t\u00f4i c\u00f3 kh\u00e1c bi\u1ec7t so v\u1edbi k\u1ebft qu\u1ea3 nghi\u00ean c\u1ee9u tr\u01b0\u1edbc c\u1ee7a c\u00e1c t\u00e1c gi\u1ea3 trong n\u01b0\u1edbc.\n", "S\u1ef1 kh\u00e1c bi\u1ec7t n\u00e0y c\u00f3 th\u1ec3 do nh\u1eefng BN \u0111\u01b0\u1ee3c ph\u1eabu thu\u1eadt l\u00e0 nh\u1eefng t\u00ednh k\u00e8m theo nh\u01b0 tim m\u1ea1ch, h\u00f4 h\u1ea5p, kh\u00f4ng c\u00f3 ch\u1ed1ng ch\u1ec9 \u0111\u1ecbnh trong g\u00e2y m\u00ea n\u00ean tr\u1ebb h\u01a1n so v\u1edbi \u0111\u1ed9 tu\u1ed5i chung.\n", "K\u1ebft qu\u1ea3 GPB: UTBM v\u1ea3y chi\u1ebfm t\u1ec9 l\u1ec7 cao nh\u1ea5t (76,8%), UTBM tuy\u1ebfn chi\u1ebfm 17,9%, c\u00e1c lo\u1ea1i kh\u00e1c bao g\u1ed3m UTBM tuy\u1ebfn v\u1ea3y, t\u1ebf b\u00e0o s\u00e1ng, t\u1ebf b\u00e0o nh\u1ecf, t\u1ebf b\u00e0o th\u1ea7n kinh n\u1ed9i ti\u1ebft...\n", "chi\u1ebfm 5,4%.\n", "Theo Ng\u00f4 Th\u1ecb T\u00ednh (2011) UTBM TB v\u1ea3y chi\u1ebfm 81,9%, tuy\u1ebfn 14,4% [[2]].\n", "Theo Tr\u1ea7n\n", "\u0110\u1eb7ng Ng\u1ecdc Linh (2013) UTBM TB v\u1ea3y 87,8%, tuy\u1ebfn 11,5% [[3]].\n", "Theo Do\u00e3n V\u0103n Ng\u1ecdc (2016) UTBM v\u1ea3y chi\u1ebfm t\u1ec9 l\u1ec7 82,2%, UTBM tuy\u1ebfn chi\u1ebfm 11,2%, c\u00e1c lo\u1ea1i kh\u00e1c chi\u1ebfm 6,6% [[4]].\n", "K\u1ebft qu\u1ea3 nghi\u00ean c\u1ee9u n\u00e0y cho th\u1ea5y t\u1ec9 l\u1ec7\n", "UTBM v\u1ea3y chi\u1ebfm t\u1ec9 l\u1ec7 th\u1ea5p h\u01a1n, UTBM tuy\u1ebfn chi\u1ebfm t\u1ec9 l\u1ec7 cao h\u01a1n so v\u1edbi nghi\u00ean c\u1ee9u c\u1ee7a c\u00e1c \u0111\u1ebfn \u0111\u1ed9 tu\u1ed5i v\u00e0 t\u00e1c \u0111\u1ed9ng c\u1ee7a vi\u1ec7c s\u1eed d\u1ee5ng x\u00e9t nghi\u1ec7m t\u1ebf b\u00e0o (Pap test) \u0111\u01b0\u1ee3c \u00e1p d\u1ee5ng g\u1ea7n \u0111\u00e2y t\u1ea1i\n", "Vi\u1ec7t Nam.\n", "Pap test c\u00f3 kh\u1ea3 n\u0103ng ph\u00e1t hi\u1ec7n \u0111\u01b0\u1ee3c\n", "UTBM v\u1ea9y, kh\u00f3 ph\u00e1t hi\u1ec7n UTBM tuy\u1ebfn do v\u1eady xu h\u01b0\u1edbng chung tr\u00ean th\u1ebf gi\u1edbi hi\u1ec7n nay t\u1ec9 l\u1ec7\n", "UTBM v\u1ea9y gi\u1ea3m trong khi t\u1ec9 l\u1ec7 UTBM tuy\u1ebfn t\u0103ng.\n", "4.2.\n", "\u0110\u1eb7c \u0111i\u1ec3m h\u00ecnh \u1ea3nh CHT 1.5Tesla c\u1ee7a\n", "UTCTC\n", "Quy tr\u00ecnh ch\u1ee5p CHT BN UTCTC trong nghi\u00ean c\u1ee9u n\u00e0y \u0111\u01b0\u1ee3c th\u1ef1c hi\u1ec7n nh\u01b0 sau:\n", "Chu\u1ea9n b\u1ecb b\u1ec7nh nh\u00e2n: BN nh\u1ecbn \u0103n 4-6 gi\u1edd, \u0111i ti\u1ec3u tr\u01b0\u1edbc khi ch\u1ee5p.\n", "Th\u1ee5t 20ml gel si\u00eau \u00e2m v\u00e0o \u00e2m \u0111\u1ea1o.\n", "S\u1eed d\u1ee5ng coil Body.\n", "C\u00e1c chu\u1ed7i xung v\u00e0 h\u01b0\u1edbng c\u1eaft + Tr\u01b0\u1edbc ti\u00eam thu\u1ed1c \u0111\u1ed1i quang t\u1eeb - Chu\u1ed7i xung T2 xo\u00e1 m\u1ee1 v\u00e0 kh\u00f4ng xo\u00e1 m\u1ee1 c\u1eaft \u0111\u1ee9ng d\u1ecdc, ch\u1ebfch ngang so v\u1edbi tr\u1ee5c c\u01a1 th\u1ec3 qua v\u00f9ng ti\u1ec3u khung sao cho \u0111\u1ea1t \u0111\u01b0\u1ee3c h\u01b0\u1edbng ngang theo tr\u1ee5c CTC, \u0111\u1ed9 d\u00e0y l\u00e1t c\u1eaft 3mm, kho\u1ea3ng c\u00e1ch gi\u1eefa c\u00e1c l\u00e1t c\u1eaft t\u1eeb 0-0,3mm.\n", "- Chu\u1ed7i xung T1 c\u1eaft ch\u1ebfch \u0111\u1ee9ng ngang so v\u1edbi tr\u1ee5c c\u01a1 th\u1ec3 qua v\u00f9ng ti\u1ec3u khung sao cho \u0111\u1ea1t \u0111\u01b0\u1ee3c h\u01b0\u1edbng \u0111\u1ee9ng ngang theo tr\u1ee5c CTC, \u0111\u1ed9 d\u00e0y 3mm, kho\u1ea3ng c\u00e1ch gi\u1eefa c\u00e1c l\u00e1t c\u1eaft t\u1eeb 0 - 0,3mm.\n", "- Chu\u1ed7i xung Diffusion v\u1edbi gi\u00e1 tr\u1ecb B800 s/mm2 ho\u1eb7c B1000 s/mm2 h\u01b0\u1edbng ch\u1ebfch ngang so v\u1edbi tr\u1ee5c c\u01a1 th\u1ec3 qua v\u00f9ng ti\u1ec3u khung sao cho \u0111\u1ea1t \u0111\u01b0\u1ee3c h\u01b0\u1edbng ngang so v\u1edbi tr\u1ee5c CTC.\n", "\u0110\u1ed9 d\u00e0y l\u1edbp c\u1eaft 4mm, b\u01b0\u1edbc nh\u1ea3y b\u1eb1ng 0-0,4mm.\n", "+ Sau ti\u00eam thu\u1ed1c \u0111\u1ed1i quang t\u1eeb - Ti\u1ebfn h\u00e0nh ti\u00eam thu\u1ed1c \u0111\u1ed1i quang t\u1eeb v\u1edbi li\u1ec1u 0,1mmol gadolinium/kg c\u00e2n n\u1eb7ng, t\u1ed1c \u0111\u1ed9 2ml/gi\u00e2y.\n", "S\u1eed d\u1ee5ng chu\u1ed7i xung T1 xo\u00e1 m\u1ee1 c\u1eaft 3 h\u01b0\u1edbng nh\u01b0 chu\u1ed7i xung T2 v\u00e0 T1 tr\u01b0\u1edbc ti\u00eam thu\u1ed1c.\n", "\u0110\u1eb7c \u0111i\u1ec3m t\u00edn hi\u1ec7u UTCTC tr\u00ean CHT 1.5Tesla: Claudia (2007) nh\u1eadn th\u1ea5y 95%\n", "UTCTC t\u0103ng t\u00edn hi\u1ec7u tr\u00ean T2WI [[5]].\n", "Ng\u00f4 Th\u1ecb\n", "T\u00ednh (2011) cho r\u1eb1ng tr\u00ean CHT 0.35 Tesla\n", "UTCTC t\u0103ng t\u00edn hi\u1ec7u tr\u00ean T2WI, gi\u1ea3m t\u00edn hi\u1ec7u tr\u00ean T1WI [[2]].\n", "Do\u00e3n V\u0103n Ng\u1ecdc (2016) nh\u1eadn x\u00e9t r\u1eb1ng tr\u00ean CHT 1.5 Tesla UTCTC t\u0103ng t\u00edn hi\u1ec7u tr\u00ean T2WI trong 97,3%, t\u0103ng t\u00edn hi\u1ec7u tr\u00ean\n", "DWI trong 90,1% v\u00e0 \u0111\u1ed3ng t\u00edn hi\u1ec7u tr\u00ean T1W trong 90,1% [[4]].\n", "K\u1ebft qu\u1ea3 nghi\u00ean c\u1ee9u c\u1ee7a ch\u00fang t\u00f4i t\u01b0\u01a1ng t\u1ef1 nh\u01b0 c\u00e1c nghi\u00ean c\u1ee9u v\u00e0 nh\u1eadn x\u00e9t c\u1ee7a c\u00e1c t\u00e1c gi\u1ea3 trong v\u00e0 ngo\u00e0i n\u01b0\u1edbc.\n", "Nh\u01b0 v\u1eady \u0111\u1ec3 x\u00e1c \u0111\u1ecbnh UTCTC chu\u1ed7i xung T2W c\u00f3 gi\u00e1 tr\u1ecb cao nh\u1ea5t (98,2% t\u0103ng t\u00edn hi\u1ec7u so v\u1edbi m\u00f4\n", "CTC l\u00e2n c\u1eadn, d\u1ec5 nh\u1eadn bi\u1ebft tr\u00ean \u1ea3nh CHT), sau \u0111\u00f3 \u0111\u1ebfn chu\u1ed7i xung Diffusion (b800) 83,9% gi\u1ea3m khu\u1ebfch t\u00e1n (t\u0103ng t\u00edn hi\u1ec7u) so v\u1edbi nhu m\u00f4\n", "CTC l\u00e2n c\u1eadn.\n", "89,3% u c\u1ed5 t\u1eed cung \u0111\u1ed3ng t\u00edn hi\u1ec7u tr\u00ean \u1ea3nh T1W kh\u00f3 nh\u1eadn bi\u1ebft ranh gi\u1edbi u v\u1edbi m\u00f4 l\u00e0nh n\u00ean chu\u1ed7i xung n\u00e0y \u00edt gi\u00e1 tr\u1ecb trong ch\u1ea9n \u0111o\u00e1n UTCTC.\n", "T\u00ednh ch\u1ea5t ng\u1ea5m thu\u1ed1c \u0111\u1ed1i quang t\u1eeb c\u1ee7a\n", "UTCTC: Do\u00e3n V\u0103n Ng\u1ecdc v\u00e0 cs ghi nh\u1eadn 71,7%\n", "UTCTC ng\u1ea5m m\u1ea1nh trong \u0111\u00f3 ng\u1ea5m \u0111\u1ed3ng nh\u1ea5t chi\u1ebfm 48,0% v\u00e0 ng\u1ea5m kh\u00f4ng \u0111\u1ed3ng nh\u1ea5t chi\u1ebfm 52% [[4]].\n", "L\u1ea5y c\u01a1 t\u1eed cung l\u00e0m chu\u1ea9n, tr\u00ean h\u00ecnh \u1ea3nh T1 xo\u00e1 m\u1ee1 c\u1ee7a 56 kh\u1ed1i u CTC sau ti\u00eam thu\u1ed1c \u0111\u1ed1i quang t\u1eeb ch\u00fang t\u00f4i ghi nh\u1eadn: - Ng\u1ea5m k\u00e9m so v\u1edbi c\u01a1 TC chi\u1ebfm t\u1ef7 l\u1ec7 cao nh\u1ea5t (75,0%), trong \u0111\u00f3 ng\u1ea5m \u0111\u1ed3ng nh\u1ea5t 53,6%.\n", "- Ng\u1ea5m ngang v\u1edbi c\u01a1 TC chi\u1ebfm t\u1ec9 l\u1ec7 th\u1ea5p (12,5%), nh\u1eefng tr\u01b0\u1eddng h\u1ee3p n\u00e0y \u0111\u1ec3 \u0111\u00e1nh gi\u00e1 k\u00edch th\u01b0\u1edbc v\u00e0 m\u1ee9c x\u00e2m l\u1ea5n c\u1ee7a UTCTC n\u00ean d\u1ef1a v\u00e0o \u1ea3nh T2W v\u00e0 DW.\n", "- Ng\u1ea5m m\u1ea1nh h\u01a1n c\u01a1 TC chi\u1ebfm t\u1ec9 l\u1ec7 12,5%, th\u01b0\u1eddng l\u00e0 nh\u1eefng u c\u00f3 k\u00edch th\u01b0\u1edbc nh\u1ecf, sau ti\u00eam thu\u1ed1c \u0111\u1ed1i quang t\u1eeb u ng\u1ea5m thu\u1ed1c m\u1ea1nh r\u1ea5t d\u1ec5 nh\u1eadn bi\u1ebft, do v\u1eady v\u1edbi nh\u1eefng u c\u00f3 KT nh\u1ecf kh\u00f4ng d\u1ec5 nh\u1eadn bi\u1ebft tr\u00ean T2W v\u00e0 DW c\u00f3 th\u1ec3 quan s\u00e1t \u1edf xung T1W xo\u00e1 m\u1ee1 sau ti\u00eam thu\u1ed1c \u0111\u1ed1i quang t\u1eeb.\n", "T\u1ec9 l\u1ec7 u ng\u1ea5m \u0111\u1ed3ng nh\u1ea5t 53,6% nh\u1ec9nh h\u01a1n so v\u1edbi u ng\u1ea5m thu\u1ed1c kh\u00f4ng \u0111\u1ed3ng nh\u1ea5t (46,4%).\n", "Nh\u01b0 v\u1eady tr\u00ean CHT 1.5T, UTCTC c\u00f3 \u0111\u1eb7c \u0111i\u1ec3m: T\u0103ng t\u00edn hi\u1ec7u tr\u00ean T2WI, \u0111\u1ed3ng t\u00edn hi\u1ec7u tr\u00ean T1W, gi\u1ea3m khu\u1ebfch t\u00e1n (t\u0103ng t\u00edn hi\u1ec7u) tr\u00ean\n", "Diffusion (b800-1000), ng\u1ea5m thu\u1ed1c \u0111\u1ed1i quang t\u1eeb k\u00e9m so v\u1edbi c\u01a1 TC, th\u01b0\u1eddng ng\u1ea5m thu\u1ed1c \u0111\u1ed3ng nh\u1ea5t.\n", "4.3.\n", "Gi\u00e1 tr\u1ecb c\u1ee7a CHT trong ph\u00e2n lo\u1ea1i G\u0110\n", "UTCTC\n", "Trong 56 tr\u01b0\u1eddng h\u1ee3p nghi\u00ean c\u1ee9u c\u00f3 5 ca \u0111\u01b0\u1ee3c PT tr\u01b0\u1edbc x\u1ea1 tr\u1ecb, 39 ca PT sau x\u1ea1 tr\u1ecb, 12 ca \u0111\u01b0\u1ee3c PT sau ho\u00e1 x\u1ea1 tr\u1ecb.\n", "D\u1ef1a tr\u00ean k\u1ebft qu\u1ea3 GPB sau PT ch\u00fang t\u00f4i t\u00ednh \u0111\u01b0\u1ee3c c\u00e1c gi\u00e1 tr\u1ecb c\u1ee7a CHT trong \u0111\u00e1nh gi\u00e1 k\u00edch th\u01b0\u1edbc, x\u00e2m l\u1ea5n, di c\u0103n v\u00e0 ph\u00e2n lo\u1ea1i G\u0110 (theo FIGO) c\u1ee7a UTCTC.\n", "K\u00edch th\u01b0\u1edbc u: Ch\u1ea5p nh\u1eadn sai l\u1ec7ch trong kho\u1ea3ng 5mm, so s\u00e1nh v\u1edbi KT u c\u1ee7a GPB \u0111\u1ea1i th\u1ec3 ch\u00fang t\u00f4i t\u00ednh \u0111\u01b0\u1ee3c gi\u00e1 tr\u1ecb c\u1ee7a CHT trong \u0111\u00e1nh gi\u00e1 KT u: \u0110\u1ed9 ch\u00ednh x\u00e1c 94,6%, gi\u00e1 tr\u1ecb d\u1ef1 b\u00e1o d\u01b0\u01a1ng t\u00ednh 94,6%.\n", "K\u1ebft qu\u1ea3 n\u00e0y t\u01b0\u01a1ng t\u1ef1 nh\u01b0 k\u1ebft qu\u1ea3 nghi\u00ean c\u1ee9u c\u1ee7a \u0110a trung t\u00e2m v\u1edbi 208 BN UTCTC ghi nh\u1eadn CHT \u0111\u00e1nh gi\u00e1 ch\u00ednh x\u00e1c KT u v\u1edbi \u0111\u1ed9 sai l\u1ec7ch 5mm c\u00f3 \u0111\u1ed9 ch\u00ednh x\u00e1c t\u1eeb 79-94% [[6]].\n", "Nh\u01b0 v\u1eady, \u0111\u1ed9 ch\u00ednh x\u00e1c c\u1ee7a\n", "CHT trong \u0111\u00e1nh gi\u00e1 KT u kh\u00e1 cao.\n", "X\u00e2m l\u1ea5n \u00e2m \u0111\u1ea1o: Trong 56 tr\u01b0\u1eddng h\u1ee3p \u0111\u01b0\u1ee3c PT, CHT x\u00e1c \u0111\u1ecbnh c\u00f3 2 ca x\u00e2m l\u1ea5n \u00e2m \u0111\u1ea1o, k\u1ebft qu\u1ea3 GPB \u0111\u1ec1u d\u01b0\u01a1ng t\u00ednh, 54 ca c\u00f2n l\u1ea1i\n", "CHT x\u00e1c \u0111\u1ecbnh kh\u00f4ng x\u00e2m l\u1ea5n \u00e2m \u0111\u1ea1o nh\u01b0ng\n", "GPB x\u00e1c \u0111\u1ecbnh c\u00f3 1 ca d\u01b0\u01a1ng t\u00ednh v\u00e0 53 ca \u00e2m t\u00ednh.\n", "Trong \u0111\u00e1nh gi\u00e1 x\u00e2m l\u1ea5n \u00e2m \u0111\u1ea1o CHT c\u00f3 \u0111\u1ed9 nh\u1ea1y 66,7%, \u0111\u1ed9 \u0111\u1eb7c hi\u1ec7u 100%, \u0111\u1ed9 ch\u00ednh x\u00e1c 98,2%, gi\u00e1 tr\u1ecb d\u01b0\u01a1ng t\u00ednh 100% v\u00e0 gi\u00e1 tr\u1ecb \u00e2m t\u00ednh 98,1%.\n", "Nh\u01b0 v\u1eady CHT c\u00f3 \u0111\u1ed9 \u0111\u1eb7c hi\u1ec7u, \u0111\u1ed9 ch\u00ednh x\u00e1c, gi\u00e1 tr\u1ecb d\u01b0\u01a1ng t\u00ednh v\u00e0 \u00e2m t\u00ednh r\u1ea5t cao nh\u01b0ng \u0111\u1ed9 nh\u1ea1y kh\u00f4ng cao.\n", "Nghi\u00ean c\u1ee9u c\u1ee7a\n", "Sala v\u00e0 cs cho th\u1ea5y CHT \u0111\u00e1nh gi\u00e1 x\u00e2m l\u1ea5n \u00e2m \u0111\u1ea1o c\u00f3 \u0111\u1ed9 ch\u00ednh x\u00e1c t\u1eeb 86-93% [7].\n", "Nh\u01b0 v\u1eady \u0111\u1ed9 ch\u00ednh x\u00e1c c\u1ee7a CHT trong \u0111\u00e1nh gi\u00e1 x\u00e2m l\u1ea5n \u00e2m \u0111\u1ea1o trong nghi\u00ean c\u1ee9u c\u1ee7a ch\u00fang t\u00f4i cao h\u01a1n m\u1ed9t ch\u00fat so v\u1edbi Sala v\u00e0 cs c\u00f3 th\u1ec3 kh\u00e1c nhau v\u1ec1 s\u1ed1 l\u01b0\u1ee3ng \u0111\u1ed1i t\u01b0\u1ee3ng nghi\u00ean c\u1ee9u.\n", "X\u00e2m l\u1ea5n d\u00e2y ch\u1eb1ng r\u1ed9ng: Trong 56 tr\u01b0\u1eddng h\u1ee3p \u0111\u01b0\u1ee3c PT, CHT ph\u00e1t hi\u1ec7n 2 ca x\u00e2m l\u1ea5n d\u00e2y ch\u1eb1ng r\u1ed9ng (DCR), k\u1ebft qu\u1ea3 GPB cho th\u1ea5y c\u1ea3 2 ca \u0111\u1ec1u c\u00f3 t\u1ebf b\u00e0o ung th\u01b0 trong DCR.\n", "Nh\u01b0 v\u1eady trong ch\u1ea9n \u0111o\u00e1n x\u00e2m l\u1ea5n DCR CHT c\u00f3 \u0111\u1ed9 nh\u1ea1y, \u0111\u1ed9 \u0111\u1eb7c hi\u1ec7u, \u0111\u1ed9 ch\u00ednh x\u00e1c, gi\u00e1 tr\u1ecb d\u01b0\u01a1ng t\u00ednh v\u00e0 \u00e2m t\u00ednh \u0111\u1ec1u \u0111\u1ea1t 100%.\n", "K\u1ebft qu\u1ea3 nghi\u00ean c\u1ee9u c\u1ee7a ch\u00fang t\u00f4i kh\u00e1 t\u01b0\u01a1ng \u0111\u1ed3ng v\u1edbi Charis v\u00e0 cs: trong \u0111\u00e1nh gi\u00e1 x\u00e2m l\u1ea5n DCR CHT c\u00f3 \u0111\u1ed9 \u0111\u1eb7c hi\u1ec7u 96%-99%, gi\u00e1 tr\u1ecb \u00e2m t\u00ednh 94%-100% [[8]].\n", "Tuy nhi\u00ean theo Sala v\u00e0 cs trong ph\u00e1t hi\u1ec7n x\u00e2m l\u1ea5n DCR CHT c\u00f3 \u0111\u1ed9 ch\u00ednh x\u00e1c ch\u1ec9 \u0111\u1ea1t t\u1eeb 88%- 97%, \u0111\u1ed9 \u0111\u1eb7c hi\u1ec7u 93% [[7]].\n", "\u0110\u00e1nh gi\u00e1 x\u00e2m l\u1ea5n\n", "DCR tr\u00ean CHT c\u00f3 t\u00ednh ch\u1ea5t quy\u1ebft \u0111\u1ecbnh \u0111\u1ec3 x\u00e1c \u0111\u1ecbnh UTCTC \u1edf G\u0110 IIB.\n", "Kh\u00e1m LS \u0111\u00e1nh gi\u00e1 x\u00e2m l\u1ea5n parametre b\u1eb1ng c\u1ea3m nh\u1eadn m\u00f4 c\u1ea1nh TC d\u00e0y hay m\u1ecfng, r\u1eafn hay m\u1ec1m n\u00ean c\u00f3 th\u1ec3 kh\u00f4ng ch\u00ednh x\u00e1c.\n", "Nghi\u00ean c\u1ee9u c\u1ee7a Hricak v\u00e0 cs ghi nh\u1eadn \u0111\u1ed9 ch\u00ednh x\u00e1c c\u1ee7a LS ch\u1ec9 \u0111\u1ea1t t\u1eeb 29%-53% [[9]].\n", "Tr\u00ean CHT x\u00e2m l\u1ea5n DCR \u0111\u01b0\u1ee3c \u0111\u00e1nh gi\u00e1 b\u1eb1ng h\u00ecnh \u1ea3nh th\u00e2m nhi\u1ec5m c\u1ee7a u t\u1edbi m\u00f4 c\u1ea1nh\n", "TC, quan s\u00e1t t\u1ed1t nh\u1ea5t tr\u00ean \u1ea3nh T2W c\u1eaft ngang ho\u1eb7c c\u1eaft \u0111\u1ee9ng ngang theo tr\u1ee5c CTC.\n", "\u0110\u00e1nh gi\u00e1 x\u00e2m l\u1ea5n th\u00e0nh b\u00ean ch\u1eadu h\u00f4ng v\u00e0/ho\u1eb7c ni\u1ec7u qu\u1ea3n c\u00f3 vai tr\u00f2 quy\u1ebft \u0111\u1ecbnh ph\u00e2n lo\u1ea1i UTCTC \u1edf G\u0110 IIIB.\n", "Tr\u00ean CHT x\u00e2m l\u1ea5n th\u00e0nh b\u00ean ch\u1eadu h\u00f4ng \u0111\u01b0\u1ee3c \u0111\u00e1nh gi\u00e1 b\u1eb1ng s\u1ef1 lan r\u1ed9ng c\u1ee7a m\u00f4 u v\u00e0o t\u1ed5 ch\u1ee9c ph\u1ea7n m\u1ec1m th\u00e0nh b\u00ean ch\u1eadu h\u00f4ng, quan s\u00e1t t\u1ed1t nh\u1ea5t tr\u00ean T2WI c\u1eaft ngang v\u00e0/ho\u1eb7c \u0111\u1ee9ng ngang.\n", "X\u00e2m l\u1ea5n ni\u1ec7u qu\u1ea3n (NQ) \u0111\u01b0\u1ee3c \u0111\u00e1nh gi\u00e1 tr\u1ef1c ti\u1ebfp b\u1eb1ng h\u00ecnh \u1ea3nh x\u00e2m l\u1ea5n c\u1ee7a m\u00f4 u v\u00e0o NQ \u0111o\u1ea1n n\u1eb1m trong d\u00e2y ch\u1eb1ng r\u1ed9ng, h\u00ecnh \u1ea3nh gi\u00e1n ti\u1ebfp l\u00e0 gi\u00e3n NQ ph\u00eda tr\u00ean v\u1ecb tr\u00ed u x\u00e2m l\u1ea5n.\n", "Trong 56 tr\u01b0\u1eddng h\u1ee3p, CHT kh\u00f4ng x\u00e1c \u0111\u1ecbnh \u0111\u01b0\u1ee3c tr\u01b0\u1eddng h\u1ee3p n\u00e0o x\u00e2m l\u1ea5n th\u00e0nh b\u00ean ch\u1eadu h\u00f4ng v\u00e0/ho\u1eb7c NQ.\n", "K\u1ebft qu\u1ea3 PT v\u00e0 GPB cho th\u1ea5y c\u00f3 1 tr\u01b0\u1eddng h\u1ee3p ung th\u01b0 x\u00e2m l\u1ea5n t\u1edbi bu\u1ed3ng tr\u1ee9ng, quai h\u1ed3i tr\u00e0ng v\u00e0 \u0111\u1ea1i tr\u00e0ng Sigma, \u0111\u00e2y l\u00e0 th\u1ec3 do \u1ea3nh h\u01b0\u1edfng c\u1ee7a nhu \u0111\u1ed9ng ru\u1ed9t g\u00e2y nhi\u1ec5u \u1ea3nh CHT \u0111\u00e1nh gi\u00e1 kh\u00f4ng ch\u00ednh x\u00e1c.\n", "K\u1ebft qu\u1ea3 nghi\u00ean c\u1ee9u c\u1ee7a ch\u00fang t\u00f4i cho th\u1ea5y trong ch\u1ea9n \u0111o\u00e1n x\u00e2m l\u1ea5n th\u00e0nh b\u00ean ch\u1eadu h\u00f4ng CHT c\u00f3 \u0111\u1ed9 \u0111\u1eb7c hi\u1ec7u 100%, \u0111\u1ed9 ch\u00ednh x\u00e1c 98,2% v\u00e0 gi\u00e1 tr\u1ecb d\u1ef1 b\u00e1o \u00e2m t\u00ednh 98,2%.\n", "Theo Hricak v\u00e0 cs, \u0111\u1ed9 ch\u00ednh x\u00e1c c\u1ee7a CHT trong \u0111\u00e1nh gi\u00e1 x\u00e2m l\u1ea5n th\u00e0nh b\u00ean ch\u1eadu h\u00f4ng l\u00e0 93% [[9]].\n", "Nh\u01b0 v\u1eady trong \u0111\u00e1nh gi\u00e1 th\u00e0nh b\u00ean ch\u1eadu h\u00f4ng, CHT c\u00f3 \u0111\u1ed9 ch\u00ednh x\u00e1c kh\u00e1 cao.\n", "\u0110\u00e1nh gi\u00e1 x\u00e2m l\u1ea5n b\u00e0ng quang, tr\u1ef1c tr\u00e0ng: c\u00f3 vai tr\u00f2 quy\u1ebft \u0111\u1ecbnh trong ph\u00e2n lo\u1ea1i UTCTC \u1edf\n", "G\u0110 IVA.\n", "Nh\u1eefng BN \u0111\u01b0\u1ee3c PT \u0111\u1ec1u l\u00e0 nh\u1eefng tr\u00e0ng n\u00ean trong nghi\u00ean c\u1ee9u n\u00e0y ch\u00fang t\u00f4i kh\u00f4ng x\u00e1c \u0111\u1ecbnh \u0111\u01b0\u1ee3c tr\u01b0\u1eddng h\u1ee3p n\u00e0o c\u00f3 x\u00e2m l\u1ea5n BQ, tr\u1ef1c tr\u00e0ng.\n", "CHT l\u00e0 ph\u01b0\u01a1ng ph\u00e1p th\u0103m kh\u00e1m kh\u00f4ng x\u00e2m l\u1ea5n, hi\u1ec7n nay \u0111\u01b0\u1ee3c FIGO khuy\u1ebfn c\u00e1o s\u1eed d\u1ee5ng \u0111\u1ec3 \u0111\u00e1nh gi\u00e1 x\u00e2m l\u1ea5n BQ, tr\u1ef1c tr\u00e0ng trong UTCTC.\n", "Tr\u00ean CHT h\u00ecnh \u1ea3nh x\u00e2m l\u1ea5n BQ c\u00f3 th\u1ec3 quan s\u00e1t d\u1ec5 d\u00e0ng tr\u00ean chu\u1ed7i xung T2 ho\u1eb7c T1FS sau ti\u00eam thu\u1ed1c \u0111\u1ed1i quang t\u1eeb \u1edf c\u00e1c h\u01b0\u1edbng c\u1eaft Axial v\u00e0 Sagittal.\n", "Di c\u0103n h\u1ea1ch: Trong 56 tr\u01b0\u1eddng h\u1ee3p, CHT ph\u00e1t hi\u1ec7n 6 tr\u01b0\u1eddng h\u1ee3p c\u00f3 h\u1ea1ch to (\u0111\u01b0\u1eddng k\u00ednh \u0111o theo tr\u1ee5c ng\u1eafn > 10mm) t\u0103ng t\u00edn hi\u1ec7u tr\u00ean\n", "Diffusion (b800-1000) \u1edf v\u00f9ng ti\u1ec3u khung \u0111\u01b0\u1ee3c ch\u1ea9n \u0111o\u00e1n h\u1ea1ch di c\u0103n, GPB cho k\u1ebft qu\u1ea3 ch\u1ec9 c\u00f3 5 tr\u01b0\u1eddng h\u1ee3p di c\u0103n h\u1ea1ch, 1 tr\u01b0\u1eddng h\u1ee3p c\u00f2n l\u1ea1i l\u00e0 h\u1ea1ch vi\u00eam, ngo\u00e0i ra GPB c\u00f2n ph\u00e1t hi\u1ec7n 5 \u0111\u01b0\u1ee3c tr\u00ean CHT (\u0111\u01b0\u1eddng k\u00ednh < 10mm).\n", "Trong ch\u1ea9n \u0111o\u00e1n h\u1ea1ch di c\u0103n CHT c\u00f3 \u0111\u1ed9 nh\u1ea1y 50%, \u0111\u1ed9 \u0111\u1eb7c hi\u1ec7u 97,8%, \u0111\u1ed9 ch\u00ednh x\u00e1c 89,3%, gi\u00e1 tr\u1ecb d\u1ef1 b\u00e1o d\u01b0\u01a1ng t\u00ednh 89,3%, gi\u00e1 tr\u1ecb d\u1ef1 b\u00e1o \u00e2m t\u00ednh 90%.\n", "Theo nghi\u00ean c\u1ee9u c\u1ee7a Sala v\u00e0 cs, ph\u00e1t hi\u1ec7n h\u1ea1ch di c\u0103n c\u1ee7a CHT v\u00e0 CLVT \u0111\u1ec1u c\u00f3 \u0111\u1ed9 nh\u1ea1y v\u00e0 \u0111\u1ed9 \u0111\u1eb7c hi\u1ec7u t\u01b0\u01a1ng \u1ee9ng l\u00e0 43%-73% [[10]].\n", "Trong m\u1ed9t nghi\u00ean c\u1ee9u \u0110a trung t\u00e2m, \u0111\u00e1nh gi\u00e1 di c\u0103n h\u1ea1ch b\u1ea1ch huy\u1ebft c\u1ee7a CHT c\u00f3 \u0111\u1ed9 nh\u1ea1y l\u00e0 37% (20 trong s\u1ed1 54 b\u1ec7nh nh\u00e2n) v\u00e0 \u0111\u1ed9 \u0111\u1eb7c hi\u1ec7u 94% (99 trong s\u1ed1 105 b\u1ec7nh nh\u00e2n).\n", "Nh\u01b0 v\u1eady t\u01b0\u01a1ng t\u1ef1 nh\u01b0 nghi\u00ean c\u1ee9u c\u1ee7a c\u00e1c t\u00e1c gi\u1ea3 ngo\u00e0i n\u01b0\u1edbc ch\u00fang t\u00f4i nh\u1eadn th\u1ea5y CHT c\u00f3 gi\u00e1 tr\u1ecb kh\u00f4ng cao trong \u0111\u00e1nh gi\u00e1 h\u1ea1ch di c\u0103n.\n", "Gi\u00e1 tr\u1ecb c\u1ee7a CHT trong ph\u00e2n lo\u1ea1i giai \u0111o\u1ea1n\n", "UTCTC\n", "Khi \u0111\u1ed1i chi\u1ebfu ph\u00e2n lo\u1ea1i G\u0110 gi\u1eefa CHT v\u00e0\n", "GPB c\u1ee7a 56 tr\u01b0\u1eddng h\u1ee3p \u0111\u01b0\u1ee3c PT ch\u00fang t\u00f4i th\u1ea5y c\u00f3 51 ca CHT ph\u00e2n lo\u1ea1i \u0111\u00fang, 5 ca sai.\n", "Trong 5 ca ph\u00e2n lo\u1ea1i G\u0110 sai c\u00f3 2 ca CHT kh\u00f4ng x\u00e1c \u0111\u1ecbnh \u0111\u01b0\u1ee3c u, nh\u01b0ng tr\u00ean vi th\u1ec3 c\u00f3 t\u1ebf b\u00e0o ung th\u01b0 (G\u0110 IA), 1 ca CHT x\u00e1c \u0111\u1ecbnh t\u1ed5n th\u01b0\u01a1ng nh\u1ecf sau x\u1ea1 tr\u1ecb (G\u0110 IA), GPB sau m\u1ed5 kh\u00f4ng th\u1ea5y t\u1ebf b\u00e0o ung th\u01b0 (G\u0110 0) \u0111\u00e2y l\u00e0 t\u1ed5n th\u01b0\u01a1ng CTC sau x\u1ea1 tr\u1ecb.\n", "1 ca CHT kh\u00f4ng x\u00e1c \u0111\u1ecbnh \u0111\u01b0\u1ee3c x\u00e2m l\u1ea5n \u00e2m \u0111\u1ea1o n\u00ean ph\u00e2n lo\u1ea1i G\u0110 IB, GPB sau m\u1ed5 x\u00e1c \u0111\u1ecbnh c\u00f3 t\u1ebf b\u00e0o ung th\u01b0 \u1edf v\u00e0nh \u00e2m \u0111\u1ea1o (G\u0110\n", "IIA), 1 ca CHT kh\u00f4ng x\u00e1c \u0111\u1ecbnh \u0111\u01b0\u1ee3c x\u00e2m l\u1ea5n th\u00e0nh ch\u1eadu v\u00e0 c\u00e1c quai ru\u1ed9t (G\u0110 IIB), k\u1ebft qu\u1ea3\n", "PT v\u00e0 GPB sau m\u1ed5 x\u00e1c \u0111\u1ecbnh c\u00f3 t\u1ebf b\u00e0o ung th\u01b0 (G\u0110 IIIB).\n", "Trong ph\u00e2n lo\u1ea1i G\u0110 UTCTC CHT c\u00f3 \u0111\u1ed9 ch\u00ednh x\u00e1c 91,1%, gi\u00e1 tr\u1ecb d\u1ef1 b\u00e1o d\u01b0\u01a1ng t\u00ednh 91,1%.\n", "K\u1ebft qu\u1ea3 nghi\u00ean c\u1ee9u c\u1ee7a ch\u00fang t\u00f4i ph\u00f9 h\u1ee3p v\u1edbi k\u1ebft qu\u1ea3 nghi\u00ean c\u1ee9u c\u1ee7a Okamoto v\u00e0 cs: \u0111\u1ed9 ch\u00ednh x\u00e1c c\u1ee7a CHT trong ph\u00e2n lo\u1ea1i G\u0110\n", "UTCTC l\u00e0 85%-96% [[1]].\n", "Nh\u01b0 v\u1eady trong \u0111\u00e1nh gi\u00e1 ph\u00e2n lo\u1ea1i G\u0110\n", "UTCTC CHT c\u00f3 gi\u00e1 tr\u1ecb cao.\n", "H\u00ecnh \u1ea3nh CHT l\u00e0 th\u00f4ng tin r\u1ea5t \u0111\u00e1ng tin c\u1eady gi\u00fap c\u00e1c nh\u00e0 l\u00e2m s\u00e0ng c\u00f3 c\u01a1 s\u1edf \u0111\u1ec3 ph\u00e2n lo\u1ea1i ch\u00ednh x\u00e1c G\u0110 UT CTC.\n"], "5": ["5.\n", "K\u1ebft lu\u1eadn 1.\n", "H\u00ecnh \u1ea3nh CHT 1.5T c\u1ee7a UTCTC c\u00f3 \u0111\u1eb7c \u0111i\u1ec3m: t\u0103ng t\u00edn hi\u1ec7u tr\u00ean T2W, \u0111\u1ed3ng t\u00edn hi\u1ec7u tr\u00ean\n", "T1W, gi\u1ea3m khu\u1ebfch t\u00e1n tr\u00ean Diffusion, ng\u1ea5m thu\u1ed1c \u0111\u1ed1i quang t\u1eeb k\u00e9m c\u01a1 th\u00e0nh TC.\n"]}, "Word count": 4254}