{"title": "Original Article\n", "content": {"0": ["T\u00f3m t\u1eaft: S\u00e1u h\u1ee3p ch\u1ea5t phenolic \u0111\u00e3 \u0111\u01b0\u1ee3c ph\u00e2n l\u1eadp t\u1eeb cao ethyl acetat c\u1ee7a qu\u1ea3 S\u01a1n th\u00f9 du bao g\u1ed3m:\n", "Acid gallic (1), dimethyl malat (2), acid 1,4-dimethyl ester 2-(2-formyl-1H-pyrrol-1-yl)butanedioic (3), stageobester A (4), coroffester (5) v\u00e0 methyl caffeat (6).\n", "C\u1ea5u tr\u00fac c\u1ee7a c\u00e1c h\u1ee3p ch\u1ea5t \u0111\u01b0\u1ee3c x\u00e1c \u0111\u1ecbnh b\u1eb1ng c\u00e1c ph\u01b0\u01a1ng ph\u00e1p ph\u1ed5 MS, NMR v\u00e0 k\u1ebft h\u1ee3p so s\u00e1nh v\u1edbi t\u00e0i li\u1ec7u tham kh\u1ea3o.\n", "\u0110\u00e2y l\u00e0 l\u1ea7n \u0111\u1ea7u ti\u00ean c\u00e1c h\u1ee3p ch\u1ea5t 3-5 \u0111\u01b0\u1ee3c ph\u00e2n l\u1eadp t\u1eeb lo\u00e0i n\u00e0y.\n", "T\u1eeb kho\u00e1: Cornus officinalis, acid gallic, dimethyl malat, acid 1,4-dimethyl ester 2-(2-formyl-1H- pyrrol-1-yl) butanedioic, stageobester A, coroffester, methyl caffeat.\n"], "1": ["1.\n", "M\u1edf \u0111\u1ea7u\n", "S\u01a1n th\u00f9 du hay Th\u00f9 du c\u00f3 t\u00ean khoa h\u1ecdc l\u00e0\n", "Cornus officinalis Sieb.\n", "et Zucc., thu\u1ed9c h\u1ecd Th\u00f9 du - Cornaceae, l\u00e0 v\u1ecb thu\u1ed1c y h\u1ecdc c\u1ed5 truy\u1ec1n c\u1ee7a\n", "Trung Qu\u1ed1c, c\u00f3 v\u1ecb chua, h\u01a1i ch\u00e1t, t\u00ednh m\u00e1t, c\u00f3 t\u00e1c d\u1ee5ng b\u1ed5 gan th\u1eadn, c\u01b0\u1eddng d\u01b0\u01a1ng v\u00e0 \u00edch tinh.\n", "Qu\u1ea3 c\u1ee7a lo\u00e0i n\u00e0y \u0111\u01b0\u1ee3c s\u1eed d\u1ee5ng l\u00e0m thu\u1ed1c ch\u1eefa phong th\u1ea5p, t\u00ea th\u1ea5p, \u0111au l\u01b0ng m\u1ecfi g\u1ed1i, \u00f9 tai, th\u1eadn suy, \u0111i ti\u1ec3u nhi\u1ec1u [1].\n", "Tr\u00ean th\u1ebf gi\u1edbi (ch\u1ee7 y\u1ebfu l\u00e0\n", "Trung Qu\u1ed1c) \u0111\u00e3 c\u00f3 nhi\u1ec1u c\u00f4ng tr\u00ecnh nghi\u00ean c\u1ee9u v\u1ec1 lo\u00e0i n\u00e0y \u1edf c\u00e1c l\u0129nh v\u1ef1c ho\u00e1 h\u1ecdc v\u00e0 d\u01b0\u1ee3c l\u00fd.\n", "C\u00e1c nghi\u00ean c\u1ee9u ch\u1ec9 ra s\u1ef1 c\u00f3 m\u1eb7t c\u1ee7a c\u00e1c nh\u00f3m flavonoid, tannin [2], iridoid [3], triterpen [4], phenolic, acid h\u1eefu c\u01a1 [5], tinh d\u1ea7u [6],...\n", "v\u1edbi c\u00e1c t\u00e1c d\u1ee5ng t\u1eeb cao chi\u1ebft c\u0169ng nh\u01b0 c\u00e1c h\u1ee3p ch\u1ea5t ch\u1ea5t tinh khi\u1ebft ph\u00e2n l\u1eadp t\u1eeb lo\u00e0i n\u00e0y nh\u01b0 ch\u1ed1ng ung th\u01b0 [7], ch\u1ed1ng vi\u00eam, gi\u1ea3m \u0111au [8], ch\u1ed1ng oxy ho\u00e1 [9], b\u1ea3o v\u1ec7 gan, th\u1eadn, t\u00e1c d\u1ee5ng tr\u00ean tim m\u1ea1ch _T\u00e1c gi\u1ea3 li\u00ean h\u1ec7.\n", "[10], th\u1ea7n kinh [11], ti\u1ec3u \u0111\u01b0\u1eddng [12],...\n", "Hi\u1ec7n nay, \u1edf Vi\u1ec7t Nam ch\u01b0a ph\u00e1t hi\u1ec7n \u0111\u01b0\u1ee3c lo\u00e0i n\u00e0y.\n", "Tuy nhi\u00ean, y h\u1ecdc c\u1ed5 truy\u1ec1n c\u1ee7a Vi\u1ec7t Nam \u0111\u00e3 s\u1eed d\u1ee5ng r\u1ea5t nhi\u1ec1u v\u1ecb thu\u1ed1c n\u00e0y trong c\u00e1c b\u00e0i thu\u1ed1c b\u1eafc [13].\n", "Trong nghi\u00ean c\u1ee9u n\u00e0y, ch\u00fang t\u00f4i tr\u00ecnh b\u00e0y k\u1ebft qu\u1ea3 chi\u1ebft xu\u1ea5t, ph\u00e2n l\u1eadp v\u00e0 x\u00e1c \u0111\u1ecbnh c\u1ea5u tr\u00fac c\u1ee7a c\u00e1c h\u1ee3p ch\u1ea5t phenolic.\n"], "2": ["2.\n", "\u0110\u1ed1i t\u01b0\u1ee3ng v\u00e0 ph\u01b0\u01a1ng ph\u00e1p nghi\u00ean c\u1ee9u 2.1.\n", "\u0110\u1ed1i t\u01b0\u1ee3ng nghi\u00ean c\u1ee9u\n", "Qu\u1ea3 s\u01a1n th\u00f9 du (Cornus officinalis, h\u1ecd\n", "Cornaceae) \u0111\u01b0\u1ee3c mua t\u1ea1i t\u1ec9nh An Huy, Trung\n", "Qu\u1ed1c v\u00e0o th\u00e1ng 2 n\u0103m 2018 b\u1edfi TS.\n", "Nghi\u00eam\n", "Ti\u1ebfn Chung - Trung t\u00e2m Tr\u1ed3ng v\u00e0 Ch\u1ebf bi\u1ebfn c\u00e2y thu\u1ed1c H\u00e0 N\u1ed9i.\n", "M\u1eabu nghi\u00ean c\u1ee9u \u0111\u01b0\u1ee3c l\u01b0u l\u1ea1i 2.2.\n", "Dung m\u00f4i, ho\u00e1 ch\u1ea5t\n", "Dung m\u00f4i d\u00f9ng trong chi\u1ebft xu\u1ea5t, ph\u00e2n l\u1eadp bao g\u1ed3m: Ethanol 96% (EtOH), methanol (MeOH), n-hexan, ethyl acetat (EtOAc), dichloromethan (DCM) v\u00e0 n-butanol (BuOH).\n", "Pha t\u0129nh d\u00f9ng trong s\u1eafc k\u00fd c\u1ed9t l\u00e0 silica gel pha th\u01b0\u1eddng (0,040 - 0,063 mm, Merck), pha \u0111\u1ea3o RP-\n", "C18 (30 - 50 \u00b5m, FuJisilisa Chemical Ltd) v\u00e0\n", "MCI gel (75 - 150 \u00b5m).\n", "B\u1ea3n m\u1ecfng tr\u00e1ng s\u1eb5n DC-\n", "Alufolien 60 F254 (Merck, 0,25 mm) v\u00e0 b\u1ea3n m\u1ecfng pha \u0111\u1ea3o RP-18 F254 (Merck, 0,25 mm).\n", "Dung d\u1ecbch H2SO4 10% trong EtOH 96%.\n", "2.3.\n", "Ph\u01b0\u01a1ng ph\u00e1p nghi\u00ean c\u1ee9u 2.3.1.\n", "Ph\u01b0\u01a1ng ph\u00e1p chi\u1ebft xu\u1ea5t\n", "D\u01b0\u1ee3c li\u1ec7u qu\u1ea3 S\u01a1n th\u00f9 du \u0111\u01b0\u1ee3c chi\u1ebft b\u1eb1ng ph\u01b0\u01a1ng ph\u00e1p chi\u1ebft n\u00f3ng v\u1edbi dung m\u00f4i EtOH 96%.\n", "T\u1eeb cao t\u1ed5ng EtOH 96% ph\u00e2n t\u00e1n trong n\u01b0\u1edbc n\u00f3ng v\u00e0 chi\u1ebft l\u1ecfng - l\u1ecfng l\u1ea7n l\u01b0\u1ee3t b\u1eb1ng c\u00e1c dung m\u00f4i h\u1eefu c\u01a1 c\u00f3 \u0111\u1ed9 ph\u00e2n c\u1ef1c t\u0103ng d\u1ea7n: n- hexan, DCM, EtOAc v\u00e0 BuOH.\n", "2.3.2.\n", "Ph\u01b0\u01a1ng ph\u00e1p ph\u00e2n l\u1eadp\n", "Ph\u00e2n l\u1eadp c\u00e1c h\u1ee3p ch\u1ea5t b\u1eb1ng s\u1eafc k\u00fd c\u1ed9t v\u1edbi ch\u1ea5t h\u1ea5p ph\u1ee5 l\u00e0 silica gel pha th\u01b0\u1eddng, RP-C18 v\u00e0\n", "MCI gel.\n", "Theo d\u00f5i c\u00e1c ph\u00e2n \u0111o\u1ea1n b\u1eb1ng s\u1eafc k\u00fd l\u1edbp m\u1ecfng pha th\u01b0\u1eddng v\u00e0 pha \u0111\u1ea3o.\n", "Ph\u00e1t hi\u1ec7n ch\u1ea5t b\u1eb1ng \u0111\u00e8n t\u1eed ngo\u1ea1i ho\u1eb7c d\u00f9ng thu\u1ed1c th\u1eed, h\u01a1 n\u00f3ng \u0111\u1ec3 ph\u00e1t hi\u1ec7n v\u1ebft ch\u1ea5t.\n", "2.3.3.\n", "Ph\u01b0\u01a1ng ph\u00e1p x\u00e1c \u0111\u1ecbnh c\u1ea5u tr\u00fac\n", "C\u1ea5u tr\u00fac c\u1ee7a c\u00e1c h\u1ee3p ch\u1ea5t ph\u00e2n l\u1eadp \u0111\u01b0\u1ee3c x\u00e1c \u0111\u1ecbnh d\u1ef1a tr\u00ean c\u00e1c t\u00ednh ch\u1ea5t l\u00fd ho\u00e1 v\u00e0 c\u00e1c d\u1eef li\u1ec7u ph\u1ed5 bao g\u1ed3m ph\u1ed5 kh\u1ed1i l\u01b0\u1ee3ng (MS), ph\u1ed5 c\u1ed9ng h\u01b0\u1edfng t\u1eeb h\u1ea1t nh\u00e2n (NMR) v\u00e0 k\u1ebft h\u1ee3p so s\u00e1nh v\u1edbi t\u00e0i li\u1ec7u tham kh\u1ea3o.\n"], "3": ["3.\n", "K\u1ebft qu\u1ea3 v\u00e0 b\u00e0n lu\u1eadn 3.1.\n", "Chi\u1ebft xu\u1ea5t v\u00e0 ph\u00e2n l\u1eadp\n", "Qu\u1ea3 S\u01a1n th\u00f9 du (5,0 kg) \u0111\u01b0\u1ee3c chi\u1ebft n\u00f3ng v\u1edbi\n", "EtOH 96% (3 l\u1ea7n x 10L x 3 h) \u1edf 70\u00b0C.\n", "L\u1ecdc lo\u1ea1i b\u00e3 d\u01b0\u1ee3c li\u1ec7u, g\u1ed9p c\u00e1c d\u1ecbch chi\u1ebft v\u00e0 c\u1ea5t thu h\u1ed3i dung m\u00f4i d\u01b0\u1edbi \u00e1p su\u1ea5t gi\u1ea3m thu \u0111\u01b0\u1ee3c 1,2 kg cao t\u1ed5ng EtOH 96%.\n", "Ph\u00e2n t\u00e1n cao t\u1ed5ng (1,0 kg) trong n\u01b0\u1edbc n\u00f3ng v\u00e0 chi\u1ebft l\u1ecfng - l\u1ecfng m\u1ed7i dung m\u00f4i 3 l\u1ea7n v\u1edbi t\u1ec9 l\u1ec7 1:1, l\u1ea7n l\u01b0\u1ee3t v\u1edbi c\u00e1c dung m\u00f4i c\u00f3 \u0111\u1ed9 ph\u00e2n c\u1ef1c t\u0103ng d\u1ea7n: n-hexan, DCM, EtOAc v\u00e0\n", "BuOH.\n", "G\u1ed9p c\u00e1c d\u1ecbch chi\u1ebft ph\u00e2n \u0111o\u1ea1n v\u00e0 c\u1ea5t thu h\u1ed3i dung m\u00f4i d\u01b0\u1edbi \u00e1p su\u1ea5t gi\u1ea3m thu \u0111\u01b0\u1ee3c 22,2 g cao n-hexan, 42,2 g cao DCM, 75,2 g cao\n", "EtOAc, 55,8 g cao BuOH v\u00e0 704,0 g c\u1eb7n n\u01b0\u1edbc.\n", "Cao EtOAc (70,0 g) \u0111\u01b0\u1ee3c ph\u00e2n t\u00e1ch b\u1eb1ng s\u1eafc k\u00fd c\u1ed9t silica gel, r\u1eeda gi\u1ea3i b\u1eb1ng h\u1ec7 dung m\u00f4i\n", "DCM/MeOH (1000%) thu \u0111\u01b0\u1ee3c 8 ph\u00e2n \u0111o\u1ea1n (1A-1H).\n", "Ph\u00e2n \u0111o\u1ea1n 1D (8,0 g) \u0111\u01b0\u1ee3c ph\u00e2n t\u00e1ch b\u1eb1ng s\u1eafc k\u00fd c\u1ed9t silica gel v\u1edbi h\u1ec7 dung m\u00f4i r\u1eeda gi\u1ea3i gradient DCM/MeOH (1000%) thu \u0111\u01b0\u1ee3c 12 ph\u00e2n \u0111o\u1ea1n nh\u1ecf (2A-2M).\n", "Ph\u00e2n \u0111o\u1ea1n 2A (1,0 g) \u0111\u01b0\u1ee3c ph\u00e2n l\u1eadp b\u1eb1ng s\u1eafc k\u00fd c\u1ed9t pha \u0111\u1ea3o v\u1edbi h\u1ec7 dung m\u00f4i r\u1eeda gi\u1ea3i MeOH-H2O (11:9, v/v) thu \u0111\u01b0\u1ee3c 4 h\u1ee3p ch\u1ea5t 2 (741,2 mg), 3 (3,9 mg), 4 (77,9 mg) v\u00e0 5 (6,6 mg).\n", "Ph\u00e2n \u0111o\u1ea1n 2C (2,42 g) \u0111\u01b0\u1ee3c ph\u00e2n t\u00e1ch b\u1eb1ng s\u1eafc k\u00fd c\u1ed9t MCI gel v\u1edbi dung m\u00f4i r\u1eeda gi\u1ea3i MeOH-H2O (1:1, v/v) thu \u0111\u01b0\u1ee3c 9 ph\u00e2n \u0111o\u1ea1n nh\u1ecf (3A-3I).\n", "Ph\u00e2n \u0111o\u1ea1n 3D (343,0 mg) \u0111\u01b0\u1ee3c ph\u00e2n l\u1eadp b\u1eb1ng s\u1eafc k\u00fd c\u1ed9t silica gel RP-C18, r\u1eeda gi\u1ea3i b\u1eb1ng h\u1ec7 MeOH-H2O (11:9, v/v) thu \u0111\u01b0\u1ee3c h\u1ee3p ch\u1ea5t 6 (19,2 mg).\n", "H\u1ee3p ch\u1ea5t 1 (500,0 mg) thu \u0111\u01b0\u1ee3c t\u1eeb ph\u00e2n \u0111o\u1ea1n 1E (15,0 g) b\u1eb1ng s\u1eafc k\u00fd c\u1ed9t silica gel v\u1edbi h\u1ec7 dung m\u00f4i r\u1eeda gi\u1ea3i\n", "DCM/MeOH (900%).\n", "3.2.\n", "T\u00ednh ch\u1ea5t v\u1eadt l\u00fd v\u00e0 d\u1eef li\u1ec7u ph\u1ed5 c\u1ee7a c\u00e1c h\u1ee3p ch\u1ea5t ph\u00e2n l\u1eadp \u0111\u01b0\u1ee3c t\u1eeb ph\u00e2n \u0111o\u1ea1n EtOAc\n", "H\u1ee3p ch\u1ea5t 1: ch\u1ea5t b\u1ed9t m\u00e0u tr\u1eafng; 1H-NMR (500 MHz, CD3OD) H: 7,01 (2H, s, H-2, H-6); 13C-NMR (125 MHz, CD3OD) C: 170,4 (C-7), 146,3 (C-3, C-5), 139,6 (C-4), 121,9 (C-1), 110,3 (C-2, C-6).\n", "H\u1ee3p ch\u1ea5t 2: d\u1ea1ng g\u00f4m m\u00e0u v\u00e0ng; 1H-NMR (500 MHz, CDCl3) H: 4,39 (1H, dd, J = 6,5; 4,5\n", "Hz, H-2), 3,62 (3H, s, 4-OCH3), 3,54 (3H, s, 1-\n", "OCH3), 2,70 (1H, dd, J = 16,0; 4,5 Hz, H-3), 2,62 (1H, dd, J = 16,0; 6,5 Hz, H-3); 13C-NMR (125\n", "MHz, CDCl3) C: 173,5 (C-4), 170,9 (C-1), 67,0 (C-2), 38,3 (C-3), 52,4 (4-OCH3), 51,7 (1-\n", "OCH3).\n", "H\u1ee3p ch\u1ea5t 3: ch\u1ea5t b\u1ed9t m\u00e0u v\u00e0ng; 1H-NMR (500 MHz, CD3OD) H: 9,42 (1H, s, 2-CHO), 7,30 (1H, m, H-5), 7,13 (1H, dd, J = 4,0; 2,0 Hz,\n", "H-3), 6,31 (1H, dd, J = 4,0; 2,5 Hz, H-4), 5,92 (1H, m, H-2), 3,71 (3H, s, 4-OCH3), 3,64 (3H, s, 1-OCH3), 3,40 (1H, dd, J = 17,0; 5,5 Hz, H- 3), 3,07 (1H, dd, J = 17,0; 9,0 Hz, H-3); 13C-\n", "NMR (125 MHz, CD3OD) C: 181,0 (2-CHO), 172,1 (C-1), 170,9 (C-4), 134,0 (C-5), 132,6 (C-2), 127,8 (C-3), 111,1 (C-4), 59,0 (C-2), 53,2 (4-OCH3), 52,4 (1-OCH3), 37,8 (C-3); HR-\n", "ESI-MS (negative): m/z 238,0758 [M-H]-.\n", "H\u1ee3p ch\u1ea5t 4: ch\u1ea5t b\u1ed9t m\u00e0u v\u00e0ng; 1H-NMR (500 MHz, CD3OD) H: 7,32 (2H, s, H-2, H-6), 5,63 (1H, t, J = 6,0 Hz, H-2), 3,89 (6H, s, 3,5-\n", "OCH3), 3,78 (3H, s, 1-OCH3), 3,73 (3H, s, 4-\n", "OCH3), 3,06 (2H, d, J = 6,0 Hz, H-3); 13C-NMR (125 MHz, CD3OD) C: 171,5 (C-1), 171,1 (C- 4), 166,8 (C-7), 149,0 (C-3, C-5), 142,6 (C-4), 120,2 (C-1), 108,4 (C-2, C-6), 70,2 (C-2), 56,8 (3,5-OCH3), 53,1 (1-OCH3), 52,6 (4-OCH3), 36,9 (C-3).\n", "H\u1ee3p ch\u1ea5t 5: d\u1ea1ng g\u00f4m m\u00e0u v\u00e0ng; HR-ESI-\n", "MS: m/z 355,1050 [M-H]-.\n", "C\u1ea5u tr\u00fac I: 1H-NMR (500 MHz, CD3OD) H: 7,33 (2H, s, H-2, H-6), 5,64 (1H, t, J = 6,0 Hz,\n", "H-2), 4,20 (2H, q, J = 7,0 Hz, 1-OCH2CH3), 3,90 (6H, s, 3,5-OCH3), 3,79 (3H, s, 4-OCH3), 3,06 (2H, d, J = 6,0 Hz, H-3), 1,26 (3H, t, J = 7,0 Hz, 1-OCH2CH3); 13C-NMR (125 MHz,\n", "CD3OD) C: 171,1 (C-1), 171,0 (C-4), 166,9 (C- 7), 149,1 (C-3, C-5), 142,9 (C-4), 129,4 (C-1), 108,5 (C-2, C-6), 70,2 (C-2), 62,2 (1-\n", "OCH2CH3), 56,8 (3,5-OCH3), 53,1 (4-OCH3), 37,3 (C-3), 14,5 (1-OCH2CH3).\n", "C\u1ea5u tr\u00fac II: 1H-NMR (500 MHz, CD3OD)\n", "H: 7,33 (2H, s, H-2, H-6), 5,60 (1H, t, J = 6,0\n", "Hz, H-2), 4,26 (2H, q, J = 7,0 Hz, 4-OCH2CH3), 3,90 (6H, s, 3,5-OCH3), 3,74 (3H, s, 1-OCH3), 3,05 (2H, d, J = 6,0 Hz, H-3), 1,29 (3H, t, J = 7,0 Hz, 4-OCH2CH3); 13C-NMR (125 MHz,\n", "CD3OD) C: 171,5 (C-1), 170,6 (C-4), 166,8 (C- 7), 149,1 (C-3, C-5), 142,9 (C-4), 129,6 (C-1), 108,5 (C-2, C-6), 70,3 (C-2), 62,9 (4-\n", "OCH2CH3), 56,8 (3,5-OCH3), 52,6 (1-OCH3), 37,0 (C-3), 14,4 (4-OCH2CH3).\n", "H\u1ee3p ch\u1ea5t 6: ch\u1ea5t b\u1ed9t m\u00e0u v\u00e0ng nh\u1ea1t; 1H-\n", "NMR (500 MHz, CD3OD) H: 7,52 (1H, d, J = 16,0 Hz, H-7), 7,02 (1H, d, J = 2,0 Hz, H-2), 6,92 (1H, dd, J = 8,0; 2,0 Hz, H-6), 6,76 (1H, d, J = 8,0 Hz, H-5), 6,24 (1H, d, J = 16,0 Hz, H-8), 3,73 (3H, s, 9-OCH3); 13C-NMR (125 MHz, CD3OD)\n", "C: 169,7 (C-9), 149,6 (C-4), 146,9 (C-7), 146,8 (C-3), 127,7 (C-1), 122,9 (C-6), 116,5 (C-5), 114,8 (C-8), 115,1 (C-2), 52,0 (9-OCH3).\n", "3.3.\n", "Bi\u1ec7n gi\u1ea3i c\u1ea5u tr\u00fac c\u1ee7a c\u00e1c ch\u1ea5t \u0111\u00e3 ph\u00e2n l\u1eadp \u0111\u01b0\u1ee3c\n", "C\u1ea5u tr\u00fac ho\u00e1 h\u1ecdc c\u1ee7a c\u00e1c h\u1ee3p ch\u1ea5t (1-6) \u0111\u01b0\u1ee3c x\u00e1c \u0111\u1ecbnh tr\u00ean c\u01a1 s\u1edf ph\u00e2n t\u00edch c\u00e1c d\u1eef li\u1ec7u ph\u1ed5 v\u00e0 so s\u00e1nh v\u1edbi t\u00e0i li\u1ec7u tham kh\u1ea3o (H\u00ecnh 1).\n", "H\u1ee3p ch\u1ea5t 1 thu \u0111\u01b0\u1ee3c d\u01b0\u1edbi d\u1ea1ng b\u1ed9t m\u00e0u tr\u1eafng.\n", "2 t\u00edn hi\u1ec7u singlet t\u1ea1i H 7,01 (2H, s, H-2,\n", "H-6) tr\u00ean ph\u1ed5 1H-NMR v\u00e0 c\u00e1c c\u1eb7p carbon t\u1ea1i C 146,3 (C-3, C-5) v\u00e0 110,3 (C-2, C-6) tr\u00ean ph\u1ed5 13C-NMR g\u1ee3i \u00fd s\u1ef1 c\u00f3 m\u1eb7t c\u1ee7a v\u00f2ng benzen \u0111\u1ed1i x\u1ee9ng trong c\u1ea5u tr\u00fac c\u1ee7a 1.\n", "Ngo\u00e0i ra, tr\u00ean ph\u1ed5 13C-\n", "NMR c\u00f2n xu\u1ea5t hi\u1ec7n t\u00edn hi\u1ec7u c\u1ee7a c\u00e1c carbon kh\u00f4ng li\u00ean k\u1ebft v\u1edbi hydro t\u1ea1i C 121,9 (C-1), 139,6 (C-4) v\u00e0 1 carbon carboxyl t\u1ea1i C 170,4 (C- 7).\n", "T\u1eeb nh\u1eefng d\u1eef li\u1ec7u tr\u00ean, k\u1ebft h\u1ee3p v\u1edbi t\u00e0i li\u1ec7u [14], cho ph\u00e9p k\u1ebft lu\u1eadn 1 l\u00e0 acid gallic (H\u00ecnh 1).\n", "H\u1ee3p ch\u1ea5t 2 \u0111\u01b0\u1ee3c ph\u00e2n l\u1eadp d\u01b0\u1edbi d\u1ea1ng g\u00f4m m\u00e0u v\u00e0ng.\n", "Ph\u1ed5 1H-NMR c\u1ee7a 2 xu\u1ea5t hi\u1ec7n t\u00edn hi\u1ec7u c\u1ee7a 2 nh\u00f3m methoxy t\u1ea1i H 3,62 (3H, s, 4-OCH3) v\u00e0 3,54 (3H, s, 1-OCH3); 1 proton hydroxyl t\u1ea1i\n", "H 4,39 (1H, dd, J = 6,5; 4,5 Hz, H-2) v\u00e0 2 proton methylen t\u1ea1i H 2,70 (1H, dd, J = 16,0; 4,5 Hz,\n", "H-3), 2,62 (1H, dd, J = 16,0; 6,5 Hz, H-3).\n", "Tr\u00ean ph\u1ed5 13C-NMR c\u1ee7a 2 c\u0169ng xu\u1ea5t hi\u1ec7n c\u00e1c t\u00edn hi\u1ec7u carbon c\u1ee7a 2 nh\u00f3m methoxy t\u1ea1i C 52,4 (4-\n", "OCH3) v\u00e0 51,7 (1-OCH3); 1 carbon hydroxyl t\u1ea1i\n", "C 67,0 (C-2), 1 carbon methylen t\u1ea1i C 38,3 (C- 3) v\u00e0 2 carbon carbonyl t\u1ea1i C 173,5 (C-4) v\u00e0 170,9 (C-1).\n", "Nh\u1eefng d\u1eef li\u1ec7u ph\u00e2n t\u00edch tr\u00ean k\u1ebft h\u1ee3p so s\u00e1nh t\u00e0i li\u1ec7u [15], c\u00f3 th\u1ec3 kh\u1eb3ng \u0111\u1ecbnh 2 l\u00e0 dimethyl malat (H\u00ecnh 1).\n", "H\u1ee3p ch\u1ea5t 3 c\u00f3 d\u1ea1ng b\u1ed9t m\u00e0u v\u00e0ng.\n", "Ph\u1ed5 1H-\n", "NMR c\u1ee7a 3 xu\u1ea5t hi\u1ec7n t\u00edn hi\u1ec7u proton c\u1ee7a nh\u00f3m aldehyd t\u1ea1i H 9,42 (1H, s, 2-CHO), 3 proton olefinic t\u1ea1i H 7,30 (1H, m, H-5), 7,13 (1H, dd, J = 4,0; 2,0 Hz, H-3), 6,31 (1H, dd, J = 4,0; 2,5 Hz,\n", "H-4) v\u1edbi h\u1eb1ng s\u1ed1 J nh\u1ecf (2,0 - 4,0 Hz) g\u1ee3i \u00fd s\u1ef1 c\u00f3 m\u1eb7t c\u1ee7a v\u00f2ng furfural.\n", "Ngo\u00e0i ra, tr\u00ean ph\u1ed5 proton c\u00f2n xu\u1ea5t hi\u1ec7n c\u00e1c t\u00edn hi\u1ec7u c\u1ee7a nh\u00f3m methoxy t\u1ea1i\n", "H 3,71 (3H, s, 4-OCH3) v\u00e0 3,64 (3H, s, 1-\n", "OCH3), 1 nh\u00f3m methin t\u1ea1i H 5,92 (1H, m, H-2) v\u00e0 1 nh\u00f3m methylen t\u1ea1i H 3,40 (1H, dd, J = 17,0; 5,5 Hz, H-3), 3,07 (1H, dd, J = 17,0; 9,0 Hz, H- 3).\n", "Tr\u00ean ph\u1ed5 13C-NMR c\u0169ng xu\u1ea5t hi\u1ec7n c\u00e1c t\u00edn hi\u1ec7u c\u1ee7a carbon aldehyd t\u1ea1i C 181,0 (2-CHO), 2 carbon carbonyl t\u1ea1i C 172,1 (C-1), 170,9 (C-4), 3 carbon olefin t\u1ea1i C 134,0 (C-5), 127,8 (C-3), 111,1 (C-4), 1 carbon kh\u00f4ng li\u00ean k\u1ebft v\u1edbi proton t\u1ea1i C 132,6 (C-2), 1 carbon methin t\u1ea1i C 59,0 (C-2), 2 carbon methoxy t\u1ea1i C 53,2 (4-OCH3), 52,4 (1-OCH3) v\u00e0 1 carbon methylen t\u1ea1i C 37,8 (C-3).\n", "V\u1ecb tr\u00ed c\u1ee7a nh\u00f3m methoxy \u0111\u01b0\u1ee3c x\u00e1c \u0111\u1ecbnh l\u1ea7n l\u01b0\u1ee3t t\u1ea1i C-4 v\u00e0 C-1 d\u1ef1a tr\u00ean c\u00e1c t\u01b0\u01a1ng t\u00e1c gi\u1eefa proton H 3,71 v\u1edbi carbon C 170,9 (C-4) v\u00e0 proton H 3,64 v\u1edbi carbon C 172,1 (C-1) tr\u00ean ph\u1ed5 HMBC.\n", "Ngo\u00e0i ra, t\u01b0\u01a1ng t\u00e1c gi\u1eefa proton H 7,30 (1H, m, H-5) v\u1edbi carbon C 59,0 (C-2) tr\u00ean ph\u1ed5 HMBC v\u00e0 s\u1ef1 chuy\u1ec3n d\u1ecbch v\u1ec1 ph\u00eda tr\u01b0\u1eddng cao c\u1ee7a C-2 (C 59,0) trong c\u1ea5u tr\u00fac c\u1ee7a 3 so v\u1edbi 2 (C 67,0) cho th\u1ea5y v\u1ecb tr\u1ecb g\u1eafn c\u1ee7a v\u00f2ng fufural t\u1ea1i C-2.\n", "C\u00f4ng th\u1ee9c ph\u00e2n t\u1eed c\u1ee7a 3 \u0111\u01b0\u1ee3c x\u00e1c \u0111\u1ecbnh l\u00e0 C11H12NO5 (M = 238,0715) d\u1ef1a tr\u00ean pic ion gi\u1ea3 ph\u00e2n t\u1eed t\u1ea1i m/z 238,0758 [M-H]- tr\u00ean ph\u1ed5\n", "HR-ESI-MS (negative).\n", "T\u1eeb nh\u1eefng ph\u00e2n t\u00edch tr\u00ean k\u1ebft h\u1ee3p v\u1edbi t\u00e0i li\u1ec7u [16], 3 \u0111\u01b0\u1ee3c x\u00e1c \u0111\u1ecbnh l\u00e0 1,4- dimethyl ester 2-(2-formyl-1H-pyrrol-1- yl)butanedioic acid (H\u00ecnh 1).\n", "H\u1ee3p ch\u1ea5t 4 \u0111\u01b0\u1ee3c ph\u00e2n l\u1eadp d\u01b0\u1edbi d\u1ea1ng b\u1ed9t m\u00e0u v\u00e0ng.\n", "Ph\u1ed5 1H-NMR ch\u1ec9 ra s\u1ef1 c\u00f3 m\u1eb7t c\u1ee7a proton aromatic t\u1ea1i H 7,32 (2H, s, H-2, H-6), 4 nh\u00f3m methoxy t\u1ea1i H 3,89 (6H, s, 3,5-OCH3), 3,78 (3H, s, 1-OCH3), 3,73 (3H, s, 4-OCH3), 1 nh\u00f3m methylen t\u1ea1i H 3,06 (2H, d, 6,0 Hz, H-3) v\u00e0 1 proton hydroxyl methin t\u1ea1i H 5,63 (1H, t, J = 6,0\n", "Hz, H-2).\n", "T\u00edn hi\u1ec7u proton t\u1ea1i H 7,32 (2H, s, H- 2, H-6) v\u00e0 3,89 (6H, s, 3,5-OCH3) g\u1ee3i \u00fd v\u00f2ng benzen \u1edf d\u1ea1ng \u0111\u1ed1i x\u1ee9ng t\u01b0\u01a1ng t\u1ef1 nh\u01b0 1.\n", "Ph\u1ed5 13C-\n", "NMR v\u00e0 DEPT cho th\u1ea5y s\u1ef1 c\u00f3 m\u1eb7t c\u1ee7a 15 carbon trong \u0111\u00f3 c\u00f3 7 carbon kh\u00f4ng li\u00ean k\u1ebft v\u1edbi proton (4 aromatic v\u00e0 3 carbonyl), 3 carbon methin (2 aromatic v\u00e0 1 oxy ho\u00e1), 1 carbon methylen v\u00e0 4 carbon methoxy.\n", "V\u1ecb tr\u00ed c\u1ee7a c\u00e1c nh\u00f3m methoxy \u0111\u01b0\u1ee3c x\u00e1c \u0111\u1ecbnh l\u1ea7n l\u01b0\u1ee3t t\u1ea1i C-3, C-5, C-4 v\u00e0 C-1 th\u00f4ng qua t\u01b0\u01a1ng t\u00e1c gi\u1eefa proton v\u1edbi carbon H 3,89 C 149,0 (C-3, C-5), H 3,73 171,1 (C- 4) v\u00e0 H 3,78 C 171,5 (C-1).\n", "T\u01b0\u01a1ng t\u00e1c gi\u1eefa nh\u00f3m benzoyl v\u1edbi C-2 c\u1ee7a dimethyl 2- hydroxysuccinat \u0111\u01b0\u1ee3c kh\u1eb3ng \u0111\u1ecbnh qua t\u01b0\u01a1ng t\u00e1c\n", "HMBC gi\u1eefa H-2 (H 5,63) v\u1edbi C-7 (C 166,8).\n", "Ph\u1ed5 HR-ESI-MS c\u1ee7a 4 xu\u1ea5t hi\u1ec7n pic ion gi\u1ea3 ph\u00e2n t\u1eed t\u1ea1i m/z 341,0888 [M-H]- t\u01b0\u01a1ng \u1ee9ng v\u1edbi c\u00f4ng th\u1ee9c ph\u00e2n t\u1eed C15H17O9 (M = 341,0873).\n", "C\u00e1c d\u1eef li\u1ec7u ph\u00e2n t\u00edch tr\u00ean k\u1ebft h\u1ee3p v\u1edbi t\u00e0i li\u1ec7u [17], 4 \u0111\u01b0\u1ee3c x\u00e1c \u0111\u1ecbnh l\u00e0 stageobester A (H\u00ecnh 1).\n", "H\u1ee3p ch\u1ea5t 5 \u0111\u01b0\u1ee3c ph\u00e2n l\u1eadp d\u01b0\u1edbi d\u1ea1ng g\u00f4m m\u00e0u v\u00e0ng.\n", "Ph\u1ed5 1D-NMR c\u1ee7a 5 \u0111\u01b0\u1ee3c x\u00e1c \u0111\u1ecbnh l\u00e0 m\u1ed9t h\u1ed7n h\u1ee3p g\u1ed3m 2 c\u1ea5u tr\u00fac v\u1edbi t\u1ec9 l\u1ec7 4 (I) : 3 (II).\n", "So s\u00e1nh d\u1eef li\u1ec7u ph\u1ed5 c\u1ee7a 5 v\u00e0 4 cho th\u1ea5y c\u00f3 s\u1ef1 gi\u1ed1ng nhau v\u1edbi c\u00e1c t\u00edn hi\u1ec7u c\u1ee7a v\u00f2ng benzen \u0111\u1ed1i x\u1ee9ng th\u1ebf 1,3,4,5 v\u00e0 2 nh\u00f3m methoxy (H 3,90, C 56,8) th\u1ebf t\u1ea1i v\u1ecb tr\u00ed 3 v\u00e0 5 \u0111\u01b0\u1ee3c ch\u1ee9ng minh qua c\u00e1c t\u01b0\u01a1ng t\u00e1c gi\u1eefa proton methoxy v\u00e0 c\u00e1c carbon t\u01b0\u01a1ng \u1ee9ng (I, II: H 3,90 C 149,1).\n", "Ngo\u00e0i ra, tr\u00ean ph\u1ed5 c\u1ee7a 5 c\u0169ng cho th\u1ea5y s\u1ef1 xu\u1ea5t hi\u1ec7n d\u1eabn xu\u1ea5t c\u1ee7a acid 2-hydroxysuccinic v\u1edbi 2 nh\u00f3m carbonyl (I: C 171,1, 171,0; II: C 171,5, 170,6), 1 nh\u00f3m methylen (I: H 3,06, C 37,3; II: H 3,05,\n", "C 37,0) v\u00e0 1 nh\u00f3m hydroxyl methin (I: H 5,64,\n", "C 70,2; II: H 5,60, C 70,3).\n", "Tuy nhi\u00ean kh\u00e1c v\u1edbi 4, 5 c\u00f3 s\u1ef1 xu\u1ea5t hi\u1ec7n nh\u00f3m CH3CH2O- (I: H 4,20, 1,26, C 62,2, 14,5; II: H 4,26, 1,29, C 62,9, 14,4) thay v\u00ec nh\u00f3m OCH3 nh\u01b0 trong c\u1ea5u tr\u00fac c\u1ee7a 4 v\u1edbi c\u00e1c v\u1ecb tr\u00ed \u0111\u01b0\u1ee3c ho\u00e1n \u0111\u1ed5i cho nhau.\n", "V\u1ecb tr\u00ed c\u1ee7a nh\u00f3m CH3CH2O- \u0111\u01b0\u1ee3c x\u00e1c \u0111\u1ecbnh th\u00f4ng qua t\u01b0\u01a1ng t\u00e1c HMBC gi\u1eefa proton methylen c\u1ee7a\n", "CH3CH2O- v\u1edbi carbon carbonyl (I: H 4,20 C 171,1, II: H 4,26 C 170,6).\n", "V\u1ecb tr\u00ed c\u1ee7a nh\u00f3m -\n", "OCH3 c\u00f2n l\u1ea1i \u0111\u01b0\u1ee3c x\u00e1c \u0111\u1ecbnh d\u1ef1a tr\u00ean s\u1ef1 t\u01b0\u01a1ng t\u00e1c gi\u1eefa proton methoxy v\u00e0 carbon carbonyl c\u1ee7a acid 2-hydroxysuccinic (I: H 3,79 C 171,0;\n", "II: H 3,74 C 171,5).\n", "Ngo\u00e0i ra, tr\u00ean ph\u1ed5\n", "HMBC c\u0169ng cho th\u1ea5y s\u1ef1 t\u01b0\u01a1ng t\u00e1c c\u1ee7a nh\u00f3m benzoyl t\u1ea1i C-2 trong c\u00e1c c\u1ea5u tr\u00fac c\u1ee7a 5 (I: H 5,64 C 166,9; II: H 5,60 C 166,8).\n", "Ph\u1ed5\n", "HR-ESI-MS c\u1ee7a 5 xu\u1ea5t hi\u1ec7n pic ion gi\u1ea3 ph\u00e2n t\u1eed t\u1ea1i m/z 355,1050 [M-H]- t\u01b0\u01a1ng \u1ee9ng v\u1edbi c\u00f4ng th\u1ee9c ph\u00e2n t\u1eed C16H19O9 (M = 355,1029).\n", "Theo tra c\u1ee9u tr\u00ean trang SciFinder, c\u1ea3 hai c\u1ea5u tr\u00fac c\u1ee7a 5 \u0111\u1ec1u m\u1edbi, do \u0111\u00f3, 5 \u0111\u01b0\u1ee3c \u0111\u1eb7t t\u00ean l\u00e0 coroffester (H\u00ecnh 1).\n", "H\u1ee3p ch\u1ea5t 6 thu \u0111\u01b0\u1ee3c d\u01b0\u1edbi d\u1ea1ng b\u1ed9t m\u00e0u v\u00e0ng nh\u1ea1t.\n", "Ph\u1ed5 1H-NMR xu\u1ea5t hi\u1ec7n c\u00e1c t\u00edn hi\u1ec7u proton aromatic t\u1ea1i H 7,02 (1H, d, J = 2,0 Hz, H-2), 6,92 (1H, dd, J = 8,0; 2,0 Hz, H-6), 6,76 (1H, d,\n", "J = 8,0 Hz, H-5) g\u1ee3i \u00fd v\u00f2ng benzen th\u1ebf 1,3,4.\n", "Ngo\u00e0i ra, tr\u00ean ph\u1ed5 proton c\u00f2n xu\u1ea5t hi\u1ec7n c\u00e1c t\u00edn hi\u1ec7u olefinic \u1edf d\u1ea1ng trans t\u1ea1i H 7,52 (1H, d, H- 7), 6,24 (1H, d, H-8) v\u1edbi h\u1eb1ng s\u1ed1 t\u01b0\u01a1ng t\u00e1c l\u1edbn (J = 16,0 Hz) v\u00e0 1 nh\u00f3m methoxy t\u1ea1i H 3,73 (3H, s, 9-OCH3).\n", "Ph\u1ed5 13C-NMR v\u00e0 DEPT cho th\u1ea5y s\u1ef1 c\u00f3 m\u1eb7t c\u1ee7a 10 carbon trong \u0111\u00f3 c\u00f3 4C (1 aromeric (C 127,7), 1 carbonyl (C 169,7) v\u00e0 2 oxy ho\u00e1 (C 149,6 v\u00e0 146,8)), 5CH (C 146,9, 122,9, 116,5, 114,8 v\u00e0 115,1) v\u00e0 1 OCH3 (C 52,0).\n", "So s\u00e1nh d\u1eef li\u1ec7u ph\u1ed5 c\u1ee7a 6 v\u00e0 h\u1ee3p ch\u1ea5t methyl caffeat trong t\u00e0i li\u1ec7u [18] cho th\u1ea5y c\u00f3 s\u1ef1 tr\u00f9ng kh\u1edbp.\n", "Do \u0111\u00f3, 6 \u0111\u01b0\u1ee3c x\u00e1c \u0111\u1ecbnh l\u00e0 methyl caffeat (H\u00ecnh 1).\n", "Nh\u01b0 v\u1eady, t\u1eeb qu\u1ea3 S\u01a1n th\u00f9 du \u0111\u00e3 ph\u00e2n l\u1eadp v\u00e0 x\u00e1c \u0111\u1ecbnh c\u1ea5u tr\u00fac c\u1ee7a 6 h\u1ee3p ch\u1ea5t, trong \u0111\u00f3 1 h\u1ee3p ch\u1ea5t m\u1edbi (5) v\u00e0 2 h\u1ee3p ch\u1ea5t (3 v\u00e0 4) l\u1ea7n \u0111\u1ea7u ti\u00ean t\u1eeb lo\u00e0i Cornus officinalis.\n", "H\u00ecnh 1.\n", "C\u1ea5u tr\u00fac v\u00e0 c\u00e1c t\u01b0\u01a1ng t\u00e1c HMBC ch\u00ednh () c\u1ee7a c\u00e1c h\u1ee3p ch\u1ea5t ph\u00e2n l\u1eadp t\u1eeb qu\u1ea3 S\u01a1n th\u00f9 du (1-6).\n"], "4": ["4.\n", "K\u1ebft lu\u1eadn\n", "T\u1eeb cao ethyl acetat c\u1ee7a qu\u1ea3 S\u01a1n th\u00f9 du \u0111\u00e3 ph\u00e2n l\u1eadp \u0111\u01b0\u1ee3c 6 h\u1ee3p ch\u1ea5t trong \u0111\u00f3 c\u00f3 1 h\u1ee3p ch\u1ea5t m\u1edbi (5: coroffester), 2 h\u1ee3p ch\u1ea5t l\u1ea7n \u0111\u1ea7u ti\u00ean ph\u00e2n l\u1eadp t\u1eeb lo\u00e0i Cornus officinalis (3: acid 1,4- dimethyl ester 2-(2-formyl-1H-pyrrol-1- yl)butanedioic v\u00e0 4: stageobester A) v\u00e0 3 h\u1ee3p ch\u1ea5t c\u0169 trong lo\u00e0i (1: acid gallic, 2: dimethyl malat v\u00e0 6: methyl caffeat).\n", "L\u1eddi c\u00e1m \u01a1n\n", "Nghi\u00ean c\u1ee9u n\u00e0y \u0111\u01b0\u1ee3c t\u00e0i tr\u1ee3 b\u1edfi \u0111\u1ec1 t\u00e0i khoa h\u1ecdc c\u00f4ng ngh\u1ec7 chuy\u00ean s\u00e2u Chi\u1ebft xu\u1ea5t, ph\u00e2n l\u1eadp v\u00e0 x\u00e1c \u0111\u1ecbnh c\u1ea5u tr\u00fac c\u1ee7a m\u1ed9t s\u1ed1 h\u1ee3p ch\u1ea5t t\u1eeb qu\u1ea3\n", "S\u01a1n th\u00f9 du (Cornus officinalis), h\u1ecd S\u01a1n th\u00f9 (Cornaceae).\n"]}, "Word count": 3164}