{"title": "Original Article\n", "content": {"0": ["T\u00f3m t\u1eaft: Gi\u1ea3o c\u1ed5 lam (GCL) l\u00e0 ngu\u1ed3n d\u01b0\u1ee3c li\u1ec7u d\u1ed3i d\u00e0o \u1edf Vi\u1ec7t Nam.\n", "C\u00e1c gypenosid trong GCL thu\u1ed9c nh\u00f3m saponin triterpenoid khung dammaran \u0111\u00e3 \u0111\u01b0\u1ee3c ch\u1ee9ng minh c\u00f3 t\u00e1c d\u1ee5ng gi\u1eef \u1ea9m, ch\u1ed1ng oxy ho\u00e1, ch\u1ed1ng gi\u00e0 ho\u00e1 da.\n", "Tuy nhi\u00ean, gypenosid r\u1ea5t th\u00e2n n\u01b0\u1edbc v\u00e0 c\u00f3 kh\u1ed1i l\u01b0\u1ee3ng ph\u00e2n t\u1eed l\u1edbn, c\u1ea5u tr\u00fac ho\u00e1 h\u1ecdc c\u1ed3ng k\u1ec1nh do li\u00ean k\u1ebft ether gi\u1eefa \u0111\u01b0\u1eddng v\u1edbi nh\u00f3m -OH alcol c\u1ee7a ph\u1ea7n aglycon trong khung dammaran n\u00ean c\u1ea3n tr\u1edf s\u1ef1 x\u00e2m nh\u1eadp v\u00e0 h\u1ea5p th\u1ee5 ho\u1ea1t ch\u1ea5t v\u00e0o da.\n", "\u0110\u1ec3 g\u00f3p ph\u1ea7n nghi\u00ean c\u1ee9u \u1ee9ng d\u1ee5ng c\u00e1c ho\u1ea1t ch\u1ea5t c\u00f3 ngu\u1ed3n g\u1ed1c t\u1eeb th\u1ea3o d\u01b0\u1ee3c thi\u00ean nhi\u00ean v\u00e0o m\u1ef9 ph\u1ea9m ch\u0103m s\u00f3c da, nghi\u00ean c\u1ee9u \u0111\u00e3 x\u00e2y d\u1ef1ng \u0111\u01b0\u1ee3c c\u00f4ng th\u1ee9c b\u00e0o ch\u1ebf h\u1ec7 nano t\u1ef1 nh\u0169 ho\u00e1 (SNEDDS) ch\u1ee9a cao kh\u00f4 GCL v\u00e0 b\u01b0\u1edbc \u0111\u1ea7u \u1ee9ng d\u1ee5ng v\u00e0o m\u1ef9 ph\u1ea9m emulgel ch\u0103m s\u00f3c da.\n", "SNEDDS cao kh\u00f4 GCL b\u00e0o ch\u1ebf c\u00f3 kh\u1ea3 n\u0103ng t\u1ef1 nh\u0169 ho\u00e1 t\u1ea1o th\u00e0nh nano nh\u0169 t\u01b0\u01a1ng c\u00f3 k\u00edch th\u01b0\u1edbc gi\u1ecdt ph\u00e2n t\u00e1n < 20 nm v\u1edbi PDI < 0,3.\n", "T\u1ef7 l\u1ec7 nano nh\u0169 ho\u00e1 \u0111\u1ea1t > 90 %.\n", "Khi ph\u1ed1i h\u1ee3p v\u1edbi n\u1ec1n t\u00e1 d\u01b0\u1ee3c emulgel thu \u0111\u01b0\u1ee3c m\u1ef9 ph\u1ea9m c\u00f3 k\u00edch th\u01b0\u1edbc gi\u1ecdt ph\u00e2n t\u00e1n c\u1ee1 nano (< 200 nm) v\u00e0 ph\u00e2n b\u1ed1 k\u00edch th\u01b0\u1edbc gi\u1ecdt \u0111\u1ed3ng \u0111\u1ec1u, c\u00f3 tri\u1ec3n v\u1ecdng \u1ee9ng d\u1ee5ng v\u00e0o th\u1ef1c th\u1ebf khi ti\u1ebfp t\u1ee5c nghi\u00ean c\u1ee9u s\u00e2u h\u01a1n.\n", "T\u1eeb kho\u00e1: H\u1ec7 t\u1ef1 nano nh\u0169 ho\u00e1 (SNEDDS), Cao kh\u00f4 GCL, m\u1ef9 ph\u1ea9m, emulgel, nano nh\u0169 t\u01b0\u01a1ng.\n"], "1": ["1.\n", "M\u1edf \u0111\u1ea7u\n", "Vi\u1ec7c nghi\u00ean c\u1ee9u \u1ee9ng d\u1ee5ng c\u00e1c ho\u1ea1t ch\u1ea5t c\u00f3 ngu\u1ed3n g\u1ed1c t\u1eeb th\u1ea3o d\u01b0\u1ee3c thi\u00ean nhi\u00ean l\u00e0 xu h\u01b0\u1edbng ng\u00e0y c\u00e0ng \u0111\u01b0\u1ee3c quan t\u00e2m, \u01b0a chu\u1ed9ng t\u1eeb c\u00e1c nh\u00e0 nghi\u00ean c\u1ee9u, s\u1ea3n xu\u1ea5t c\u0169ng nh\u01b0 ng\u01b0\u1eddi ti\u00eau d\u00f9ng m\u1ef9 ph\u1ea9m, th\u1eadm ch\u00ed t\u1ea1o ra xu h\u01b0\u1edbng s\u1ed1ng xanh trong ti\u00eau d\u00f9ng c\u00e1c s\u1ea3n ph\u1ea9m b\u1ea3o v\u1ec7 s\u1ee9c kho\u1ebb v\u00e0 m\u1ef9 ph\u1ea9m do \u0111\u1eb7c t\u00ednh an to\u00e0n, \u00edt g\u00e2y t\u00e1c d\u1ee5ng kh\u00f4ng mong mu\u1ed1n, m\u1eabn c\u1ea3m, k\u00edch \u1ee9ng hay \u0103n m\u00f2n da v\u00e0 ni\u00eam m\u1ea1c,...\n", "khi s\u1eed d\u1ee5ng l\u00e2u d\u00e0i, th\u01b0\u1eddng xuy\u00ean.\n", "GCL l\u00e0 ngu\u1ed3n d\u01b0\u1ee3c li\u1ec7u phong ph\u00fa \u1edf Vi\u1ec7t\n", "Nam.\n", "C\u00e1c gypenosid trong GCL thu\u1ed9c nh\u00f3m saponin triterpenoid khung dammaran \u0111\u00e3 \u0111\u01b0\u1ee3c ch\u1ee9ng minh c\u00f3 t\u00e1c d\u1ee5ng gi\u1eef \u1ea9m, ch\u1ed1ng oxy ho\u00e1, _* T\u00e1c gi\u1ea3 li\u00ean h\u1ec7.\n", "ch\u1ed1ng gi\u00e0 ho\u00e1 da.\n", "Tuy nhi\u00ean, gypenosid r\u1ea5t th\u00e2n n\u01b0\u1edbc v\u00e0 c\u00f3 kh\u1ed1i l\u01b0\u1ee3ng ph\u00e2n t\u1eed l\u1edbn, c\u1ea5u tr\u00fac ho\u00e1 h\u1ecdc c\u1ed3ng k\u1ec1nh do \u0111\u01b0\u1eddng li\u00ean k\u1ebft ether v\u1edbi nh\u00f3m -OH alcol c\u1ee7a ph\u1ea7n aglycon khung dammaran n\u00ean c\u1ea3n tr\u1edf s\u1ef1 x\u00e2m nh\u1eadp v\u00e0 h\u1ea5p th\u1ee5 ho\u1ea1t ch\u1ea5t v\u00e0o da [4].\n", "Nano nh\u0169 t\u01b0\u01a1ng v\u1edbi k\u00edch th\u01b0\u1edbc gi\u1ecdt pha ph\u00e2n t\u00e1n c\u1ee1 nano c\u00f3 kh\u1ea3 n\u0103ng c\u1ea3i thi\u1ec7n th\u1ea5m ho\u1ea1t ch\u1ea5t qua bi\u1ec3u b\u00ec \u0111\u1ed3ng th\u1eddi c\u1ea3i thi\u1ec7n \u0111\u1ed9 \u1ed5n \u0111\u1ecbnh, \u0111\u1ed9 tan c\u1ee7a ho\u1ea1t ch\u1ea5t [1-3].\n", "V\u00ec v\u1eady, h\u1ec7 \u0111\u01b0\u1ee3c nghi\u00ean c\u1ee9u \u1ee9ng d\u1ee5ng nhi\u1ec1u trong c\u1ea3 d\u01b0\u1ee3c ph\u1ea9m v\u00e0 m\u1ef9 ph\u1ea9m.\n", "Nh\u1eefng n\u0103m g\u1ea7n \u0111\u00e2y, h\u1ec7 nano t\u1ef1 nh\u0169 ho\u00e1 \u0111\u01b0\u1ee3c nhi\u1ec1u nh\u00e0 khoa h\u1ecdc quan t\u00e2m do ph\u1ea1m vi \u1ee9ng d\u1ee5ng r\u1ed9ng [4, 5].\n", "Nghi\u00ean c\u1ee9u n\u00e0y \u0111\u01b0\u1ee3c th\u1ef1c hi\u1ec7n v\u1edbi m\u1ee5c ti\u00eau b\u00e0o ch\u1ebf \u0111\u01b0\u1ee3c h\u1ec7 nano t\u1ef1 nh\u0169 ho\u00e1 ch\u1ee9a cao kh\u00f4 GCL v\u00e0 b\u01b0\u1edbc \u0111\u1ea7u \u1ee9ng d\u1ee5ng trong m\u1ef9 ph\u1ea9m ch\u0103m s\u00f3c da.\n"], "2": ["2.\n", "Nguy\u00ean v\u1eadt li\u1ec7u, thi\u1ebft b\u1ecb v\u00e0 ph\u01b0\u01a1ng ph\u00e1p nghi\u00ean c\u1ee9u 2.1.\n", "Nguy\u00ean li\u1ec7u\n", "Cao kh\u00f4 GCL (TCNSX, Vi\u1ec7t Nam); ch\u1ea5t chu\u1ea9n Gypenosid XVII (98,86%, Wuhan\n", "Chemfaces Biochemical Co.\n", "Ltd, Trung qu\u1ed1c);\n", "Cremophor RH 40, PEG 400 (BASF - \u0110\u1ee9c);\n", "Capryol 90, Polyglyceryl-3-dioleate, Labrafac,\n", "Emulfree CBG (Gattefoss\u00e9- Ph\u00e1p); Acrypol 990,\n", "Tween 20; Tween 80 (Corel - \u1ea4n \u0110\u1ed9); methanol, acid acetic b\u0103ng, acid perchloric, vanillin, ethyl acetat (Fissher - USA), n-butanol (Scharlab -\n", "T\u00e2y Ban Nha),...\n", "2.2.\n", "Thi\u1ebft b\u1ecb nghi\u00ean c\u1ee9u\n", "M\u00e1y quang ph\u1ed5 UV-VIS Hitachi U-1900 (Nh\u1eadt B\u1ea3n), m\u00e1y \u0111o th\u1ebf zeta v\u00e0 x\u00e1c \u0111\u1ecbnh ph\u00e2n b\u1ed1 k\u00edch th\u01b0\u1edbc ti\u1ec3u ph\u00e2n Zetasizer Nano ZS90 (Anh), m\u00e1y ly t\u00e2m Hermle Z 200A (\u0110\u1ee9c); \u1ed1ng ly t\u00e2m c\u00f3 m\u00e0ng si\u00eau l\u1ecdc Amicon Ultra-4 10000\n", "NMWL (\u0110\u1ee9c), t\u1ee7 s\u1ea5y ch\u00e2n kh\u00f4ng LABTECH\n", "LVO \u2013 2040 (H\u00e0n Qu\u1ed1c), m\u00e1y khu\u1ea5y t\u1eeb c\u00f3 b\u1ed9 ph\u1eadn gia nhi\u1ec7t IKA RH basic 1 (\u0110\u1ee9c), m\u00e1y si\u00eau \u00e2m WiseClean WUC \u2013 A10H (H\u00e0n Qu\u1ed1c), m\u00e1y \u0111o pH micro - Mettler Toledo (Thu\u1ef5 S\u1ef9) v\u00e0 c\u00e1c d\u1ee5ng c\u1ee5 thu\u1ef7 tinh kh\u00e1c.\n", "2.3.\n", "Ph\u01b0\u01a1ng ph\u00e1p nghi\u00ean c\u1ee9u 2.3.1.\n", "Ph\u01b0\u01a1ng ph\u00e1p b\u00e0o ch\u1ebf\n", "X\u00e1c \u0111\u1ecbnh v\u00f9ng h\u00ecnh th\u00e0nh nano nh\u0169 t\u01b0\u01a1ng:\n", "X\u00e2y d\u1ef1ng gi\u1ea3n \u0111\u1ed3 pha x\u00e1c \u0111\u1ecbnh v\u00f9ng h\u00ecnh th\u00e0nh nano nh\u0169 t\u01b0\u01a1ng: chu\u1ea9n b\u1ecb Smix theo c\u00e1c t\u1ec9 l\u1ec7 kh\u1ed1i l\u01b0\u1ee3ng 4:1, 3:1, 2:1, 1:1, 1:2, 1:3, 1:4.\n", "V\u1edbi m\u1ed7i t\u1ec9 l\u1ec7 Smix ti\u1ebfn h\u00e0nh tr\u1ed9n v\u1edbi pha d\u1ea7u (O) theo t\u1ec9 l\u1ec7 O/Smix = 1:9, 2:8, 3:7, 4:6, 5:5, 6:4, 7:3, 8:2, 9:1.\n", "H\u1ed7n h\u1ee3p thu \u0111\u01b0\u1ee3c \u0111em khu\u1ea5y t\u1eeb \u0111\u1ebfn \u0111\u1ed3ng nh\u1ea5t, sau \u0111\u00f3 th\u00eam 5 ml n\u01b0\u1edbc c\u1ea5t, l\u1eafc nh\u1eb9 nh\u00e0ng, \u0111\u00e1nh gi\u00e1 c\u1ea3m quan c\u00e1c m\u1eabu thu \u0111\u01b0\u1ee3c.\n", "Nh\u1eefng m\u1eabu kh\u00f4ng t\u00e1ch l\u1edbp \u0111\u01b0\u1ee3c pha lo\u00e3ng th\u00edch h\u1ee3p, \u0111o k\u00edch th\u01b0\u1edbc gi\u1ecdt (KTG) pha ph\u00e2n t\u00e1n v\u00e0 ph\u00e2n b\u1ed1 k\u00edch th\u01b0\u1edbc gi\u1ecdt (PDI).\n", "L\u1ef1a ch\u1ecdn nh\u1eefng \u0111i\u1ec3m c\u00f3 k\u1ebft qu\u1ea3 KTG < 500 nm v\u00e0 PDI < 0,5 \u0111\u1ec3 x\u00e2y d\u1ef1ng gi\u1ea3n \u0111\u1ed3 pha x\u00e1c \u0111\u1ecbnh v\u00f9ng h\u00ecnh th\u00e0nh nh\u0169 t\u01b0\u01a1ng [6].\n", "B\u00e0o ch\u1ebf h\u1ec7 nano t\u1ef1 nh\u0169 ho\u00e1 v\u00e0 nano nh\u0169 t\u01b0\u01a1ng ch\u1ee9a cao GCL: C\u00e2n ch\u00ednh x\u00e1c m\u1ed9t l\u01b0\u1ee3ng ch\u1ea5t \u0111\u1ed3ng di\u1ec7n ho\u1ea1t v\u00e0 pha d\u1ea7u v\u00e0o l\u1ecd thu\u1ef7 tinh c\u00f3 dung t\u00edch th\u00edch h\u1ee3p, \u0111\u1ed3ng nh\u1ea5t b\u1eb1ng m\u00e1y khu\u1ea5y t\u1eeb v\u1edbi t\u1ed1c \u0111\u1ed9 khu\u1ea5y 200 v\u00f2ng/ph\u00fat.\n", "Th\u00eam ch\u00ednh x\u00e1c l\u01b0\u1ee3ng cao GCL, khu\u1ea5y tan ho\u00e0n to\u00e0n.\n", "Ph\u1ed1i ch\u1ea5t di\u1ec7n ho\u1ea1t v\u00e0 ti\u1ebfp t\u1ee5c khu\u1ea5y t\u1eeb \u0111\u1ebfn \u0111\u1ed3ng nh\u1ea5t, trong qu\u00e1 tr\u00ecnh duy tr\u00ec nhi\u1ec7t \u0111\u1ed9 40 oC.\n", "L\u1ecd thu\u1ef7 tinh \u0111\u01b0\u1ee3c b\u1ecdc gi\u1ea5y b\u1ea1c trong qu\u00e1 tr\u00ecnh pha ch\u1ebf v\u00e0 b\u1ea3o qu\u1ea3n.\n", "B\u00e0o ch\u1ebf m\u1ef9 ph\u1ea9m ch\u0103m s\u00f3c da ch\u1ee9a\n", "SNEDDS cao GCL theo c\u00f4ng th\u1ee9c sau:\n", "Acrypol 990 0,15 %\n", "Glycerin 1,00 %\n", "G\u00f4m Xanthan 0,10 %\n", "Emulfree CBG 2,00 %\n", "Labrafac 2,00 %\n", "SNEDDS cao kh\u00f4 GCL 50,00 %\n", "Dung d\u1ecbch natri hydroxyd 10% v\u1eeba \u0111\u1ee7 pH 4,5-5,5\n", "Nipagin 0,18 %\n", "N\u01b0\u1edbc tinh khi\u1ebft v\u1eeba \u0111\u1ee7 100 %\n", "Tr\u00ecnh t\u1ef1 b\u00e0o ch\u1ebf: - Ng\u00e2m tr\u01b0\u01a1ng n\u1edf ho\u00e0n to\u00e0n Acrypol 990 trong n\u01b0\u1edbc.\n", "- \u0110un n\u00f3ng glycerin \u0111\u1ebfn kho\u1ea3ng 60 oC \u0111\u1ec3 ho\u00e0 tan nipagin.\n", "- Ph\u00e2n t\u00e1n g\u00f4m xanthan v\u00e0o dung d\u1ecbch nipagin trong glycerin, sau \u0111\u00f3 ph\u1ed1i h\u1ee3p v\u00e0o\n", "Acrypol 990 \u0111\u00e3 tr\u01b0\u01a1ng n\u1edf v\u00e0 khu\u1ea5y tr\u1ed9n nh\u1eb9 nh\u00e0ng \u0111\u1ebfn \u0111\u1ed3ng nh\u1ea5t (1).\n", "- Ph\u1ed1i h\u1ee3p \u0111\u1ed3ng nh\u1ea5t Emulfree CBG v\u00e0\n", "Labrafac (2).\n", "- Th\u00eam d\u1ea7n (2) v\u00e0o (1), khu\u1ea5y t\u1eeb \u1edf t\u1ed1c \u0111\u1ed9 1500 v\u00f2ng/ph\u00fat trong 5 ph\u00fat.\n", "- R\u00f3t t\u1eeb t\u1eeb SNEDDS cao GCL v\u00e0o h\u1ed7n h\u1ee3p t\u00e1 d\u01b0\u1ee3c k\u1ebft h\u1ee3p v\u1edbi khu\u1ea5y tr\u1ed9n \u0111\u1ebfn \u0111\u1ed3ng nh\u1ea5t.\n", "- \u0110i\u1ec1u ch\u1ec9nh pH t\u1eeb 4,8 \u0111\u1ebfn 5,2 b\u1eb1ng dung d\u1ecbch natri hydroxyd 10%.\n", "- B\u1ed5 sung n\u01b0\u1edbc v\u1eeba \u0111\u1ee7 v\u00e0 khu\u1ea5y \u0111\u1ec1u.\n", "2.3.2.\n", "Ph\u01b0\u01a1ng ph\u00e1p \u0111\u00e1nh gi\u00e1 - \u0110\u1ecbnh l\u01b0\u1ee3ng saponin to\u00e0n ph\u1ea7n trong cao\n", "GCL b\u1eb1ng ph\u01b0\u01a1ng ph\u00e1p \u0111o quang ph\u1ed5 h\u1ea5p th\u1ee5\n", "UV-VIS \u1edf b\u01b0\u1edbc s\u00f3ng c\u1ef1c \u0111\u1ea1i tr\u00ean c\u01a1 s\u1edf tham kh\u1ea3o ph\u01b0\u01a1ng ph\u00e1p \u0111\u1ecbnh l\u01b0\u1ee3ng \u0111\u00e3 c\u00f4ng b\u1ed1 [7], c\u00f3 \u0111i\u1ec1u ch\u1ec9nh ph\u00f9 h\u1ee3p v\u1edbi nghi\u00ean c\u1ee9u v\u00e0 th\u1ea9m \u0111\u1ecbnh th\u00eam m\u1ed9t ch\u1ec9 ti\u00eau: x\u00e1c \u0111\u1ecbnh b\u01b0\u1edbc s\u00f3ng c\u1ef1c \u0111\u1ea1i h\u1ea5p th\u1ee5 (550 nm), \u0111\u01b0\u1eddng chu\u1ea9n trong kho\u1ea3ng n\u1ed3ng \u0111\u1ed9 5,71-26,44 \u03bcg/ml: y = 0,226x \u2013 0,0299 v\u1edbi R2 = 0,9909; \u0111\u1ed9 \u0111\u00fang v\u1edbi RSD: 1,78%.\n", "C\u1ee5 th\u1ec3 nh\u01b0 sau:\n", "Chu\u1ea9n b\u1ecb thu\u1ed1c th\u1eed vanillin 5% trong acid acetic b\u0103ng: c\u00e2n 0,5 g vanillin pha trong dung d\u1ecbch acid acetic b\u0103ng v\u1eeba \u0111\u1ee7 10 ml.\n", "Dung d\u1ecbch chu\u1ea9n: c\u00e2n ch\u00ednh x\u00e1c kho\u1ea3ng 6,61 mg gypenosid XVII pha trong methanol v\u1eeba \u0111\u1ee7 50 ml.\n", "Dung d\u1ecbch th\u1eed: c\u00e2n ch\u00ednh x\u00e1c kho\u1ea3ng 13,22 mg cao kh\u00f4 GCL cho v\u00e0o b\u00ecnh \u0111\u1ecbnh m\u1ee9c 50 ml, th\u00eam kho\u1ea3ng 40 ml methanol, l\u1eafc nh\u1eb9, si\u00eau \u00e2m 45 ph\u00fat.\n", "\u0110\u1ec3 ngu\u1ed9i, th\u00eam dung m\u00f4i v\u1eeba \u0111\u1ee7 \u0111\u1ebfn v\u1ea1ch.\n", "L\u1eafc \u0111\u1ec1u r\u1ed3i \u0111em l\u1ecdc, b\u1ecf 10 ml d\u1ecbch l\u1ecdc \u0111\u1ea7u.\n", "L\u1ea5y ch\u00ednh x\u00e1c 25,0 ml d\u1ecbch l\u1ecdc cho v\u00e0o c\u1ed1c c\u00f3 m\u1ecf, c\u00f4 c\u00e1ch thu\u1ef7 \u0111\u1ebfn khi c\u00f2n 1-2 ml, th\u00eam 5 ml n\u01b0\u1edbc chuy\u1ec3n v\u00e0o b\u00ecnh g\u1ea1n.\n", "Tr\u00e1ng c\u1ed1c v\u1edbi 5 ml n\u01b0\u1edbc, chuy\u1ec3n v\u00e0o b\u00ecnh g\u1ea1n.\n", "Tr\u00e1ng ti\u1ebfp c\u1ed1c v\u1edbi 10 ml n-butanol b\u00e3o ho\u00e0 n\u01b0\u1edbc (5 ml x 2 l\u1ea7n), t\u1eadp trung d\u1ecbch v\u00e0o b\u00ecnh g\u1ea1n.\n", "L\u1eafc trong 5 ph\u00fat.\n", "T\u00e1ch l\u1ea5y ph\u1ea7n n-butanol v\u00e0o b\u00ecnh c\u1ea5t.\n", "Chi\u1ebft b\u1eb1ng n-butanol b\u00e3o ho\u00e0 n\u01b0\u1edbc 2 l\u1ea7n n\u1eefa (l\u1ea7n l\u01b0\u1ee3t 10 ml v\u00e0 5 ml).\n", "T\u1eadp trung d\u1ecbch chi\u1ebft n-butanol v\u00e0o \u0111\u0129a petri.\n", "S\u1ea5y ch\u00e2n kh\u00f4ng \u1edf nhi\u1ec7t \u0111\u1ed9 60 oC t\u1edbi kh\u00f4.\n", "Ho\u00e0 tan c\u1eafn v\u00e0 tr\u00e1ng \u0111\u0129a petri b\u1eb1ng l\u01b0\u1ee3ng t\u1ed1i thi\u1ec3u methanol.\n", "R\u00f3t t\u1eeb t\u1eeb v\u00e0o dung d\u1ecbch methanol v\u00e0o aceton c\u00f3 th\u1ec3 t\u00edch g\u1ea5p 10 l\u1ea7n.\n", "\u0110\u1ec3 l\u1ea1nh (5 oC) trong 24 gi\u1edd.\n", "L\u1ecdc l\u1ea5y t\u1ee7a saponin to\u00e0n ph\u1ea7n.\n", "S\u1ea5y kh\u00f4 thu c\u1eafn chuy\u1ec3n v\u00e0o b\u00ecnh \u0111\u1ecbnh m\u1ee9c 25 ml, th\u00eam methanol \u0111\u1ebfn v\u1eeba \u0111\u1ee7 th\u1ec3 t\u00edch [7].\n", "Ph\u1ea3n \u1ee9ng m\u00e0u Rosenthaler: l\u1ea5y 1,0 ml dung d\u1ecbch m\u1eabu th\u1eed ho\u1eb7c chu\u1ea9n cho v\u00e0o \u1ed1ng nghi\u1ec7m, c\u00f4 c\u00e1ch thu\u1ef7 \u0111\u1ebfn c\u1eafn.\n", "Th\u00eam 0,2 ml dung d\u1ecbch vanilin 5% trong acid acetic b\u0103ng v\u00e0 1,2 ml acid percloric 72%.\n", "\u0110\u1eady k\u00edn \u1ed1ng nghi\u1ec7m, \u1ee7 trong b\u1ec3 c\u00e1ch thu\u1ef7 \u1edf 80 oC trong 20 ph\u00fat.\n", "Ng\u00e2m \u1ed1ng nghi\u1ec7m trong n\u01b0\u1edbc \u0111\u00e1 5 ph\u00fat.\n", "D\u00f9ng ethyl acetat chuy\u1ec3n to\u00e0n b\u1ed9 d\u1ecbch sang b\u00ecnh \u0111\u1ecbnh m\u1ee9c 10 ml v\u00e0 b\u1ed5 sung ethyl acetat t\u1edbi v\u1ea1ch.\n", "L\u1eafc \u0111\u1ec1u.\n", "\u0110o \u0111\u1ed9 h\u1ea5p th\u1ee5 quang \u1edf b\u01b0\u1edbc s\u00f3ng 550 nm, m\u1eabu tr\u1eafng l\u00e0 methanol \u0111\u01b0\u1ee3c l\u00e0m ph\u1ea3n \u1ee9ng t\u01b0\u01a1ng t\u1ef1 m\u1eabu th\u1eed [7].\n", "T\u00ednh k\u1ebft qu\u1ea3: c\u00f4ng th\u1ee9c t\u00ednh h\u00e0m l\u01b0\u1ee3ng saponin to\u00e0n ph\u1ea7n (t\u00ednh theo gypenosid XVII).\n", "HLtp =\n", "AT x CC x 500\n", "AC x mT x (1-H) x100 (%)\n", "Trong \u0111\u00f3: HLtp : h\u00e0m l\u01b0\u1ee3ng saponin to\u00e0n ph\u1ea7n; AT, AC: \u0111\u1ed9 h\u1ea5p th\u1ee5 quang c\u1ee7a dung d\u1ecbch th\u1eed v\u00e0 dung d\u1ecbch chu\u1ea9n; mT: kh\u1ed1i l\u01b0\u1ee3ng m\u1eabu th\u1eed (mg); CC: n\u1ed3ng \u0111\u1ed9 gypenosid XVII trong dung d\u1ecbch chu\u1ea9n \u0111o quang (mg/ml); H: \u0111\u1ed9 \u1ea9m c\u1ee7a m\u1eabu th\u1eed (%).\n", "- T\u1ea1o nano nh\u0169 t\u01b0\u01a1ng: c\u00e2n ch\u00ednh x\u00e1c m\u1ed9t l\u01b0\u1ee3ng SNEDDS t\u01b0\u01a1ng \u1ee9ng kho\u1ea3ng 132,2 mg cao\n", "GCL v\u00e0o c\u1ed1c c\u00f3 m\u1ecf, th\u00eam 5 ml n\u01b0\u1edbc, khu\u1ea5y t\u1eeb 50 v\u00f2ng/ph\u00fat trong 3 ph\u00fat.\n", "Chuy\u1ec3n v\u00e0o b\u00ecnh \u0111\u1ecbnh m\u1ee9c 20 ml, tr\u00e1ng c\u1ed1c v\u1edbi n\u01b0\u1edbc v\u00e0 \u0111\u1ecbnh m\u1ee9c v\u1eeba \u0111\u1ee7 b\u1eb1ng n\u01b0\u1edbc.\n", "- X\u00e1c \u0111\u1ecbnh t\u1ef7 l\u1ec7 nano nh\u0169 ho\u00e1 (EE-\n", "Entrapment Efficiency, %):\n", "\u0110\u1ecbnh l\u01b0\u1ee3ng saponin t\u1ed5ng trong nano nh\u0169 t\u01b0\u01a1ng: h\u00fat ch\u00ednh x\u00e1c 10 ml nano nh\u0169 t\u01b0\u01a1ng v\u00e0o b\u00ecnh \u0111\u1ecbnh m\u1ee9c 50 ml, th\u00eam methanol \u0111\u1ebfn v\u1ea1ch, si\u00eau \u00e2m r\u1ed3i ti\u1ebfn h\u00e0nh c\u00e1c b\u01b0\u1edbc \u0111\u1ecbnh l\u01b0\u1ee3ng saponin b\u1eb1ng ph\u01b0\u01a1ng ph\u00e1p \u0111o quang ph\u1ed5 h\u1ea5p th\u1ee5 nh\u01b0 \u0111\u00e3 m\u00f4 t\u1ea3 \u1edf tr\u00ean (t\u1eeb sau b\u01b0\u1edbc si\u00eau \u00e2m).\n", "C\u00f4ng th\u1ee9c t\u00ednh h\u00e0m l\u01b0\u1ee3ng saponin t\u1ed5ng (Ct\u1ed5ng):\n", "Ct\u1ed5ng =\n", "ATP \u00d7 CC \u00d7 250\n", "AC (mg/ml)\n", "Trong \u0111\u00f3: ATP, AC: \u0111\u1ed9 h\u1ea5p th\u1ee5 quang c\u1ee7a saponin t\u1ed5ng trong nano nh\u0169 t\u01b0\u01a1ng v\u00e0 dung d\u1ecbch chu\u1ea9n; CC: n\u1ed3ng \u0111\u1ed9 gypenosid XVII trong dung d\u1ecbch chu\u1ea9n (mg/ml).\n", "\u0110\u1ecbnh l\u01b0\u1ee3ng saponin trong pha n\u01b0\u1edbc: h\u00fat ch\u00ednh x\u00e1c 3 ml nano nh\u0169 t\u01b0\u01a1ng v\u00e0o \u1ed1ng ly t\u00e2m c\u00f3 m\u00e0ng si\u00eau l\u1ecdc 10 kDa, ly t\u00e2m 3000 v\u00f2ng/ph\u00fat trong 4 ph\u00fat.\n", "H\u00fat 0,1 ml pha n\u01b0\u1edbc thu \u0111\u01b0\u1ee3c ph\u00eda d\u01b0\u1edbi \u1ed1ng v\u00e0o b\u00ecnh \u0111\u1ecbnh m\u1ee9c 5vml.\n", "Th\u00eam methanol, l\u1eafc nh\u1eb9, si\u00eau \u00e2m 45 ph\u00fat, \u0111\u1ec3 ngu\u1ed9i, th\u00eam methanol v\u1eeba \u0111\u1ee7 \u0111\u1ebfn v\u1ea1ch.\n", "C\u00f4 c\u00e1ch thu\u1ef7 \u0111\u1ebfn khi c\u00f2n 1-2 ml r\u1ed3i ti\u1ebfn h\u00e0nh c\u00e1c b\u01b0\u1edbc \u0111\u1ecbnh l\u01b0\u1ee3ng saponin b\u1eb1ng ph\u01b0\u01a1ng ph\u00e1p \u0111o quang ph\u1ed5 h\u1ea5p th\u1ee5 nh\u01b0 \u0111\u00e3 m\u00f4 t\u1ea3 \u1edf tr\u00ean (t\u1eeb sau b\u01b0\u1edbc c\u00f4 \u0111\u1ebfn th\u1ec3 t\u00edch 1-2 ml).\n", "C\u00f4ng th\u1ee9c t\u00ednh h\u00e0m l\u01b0\u1ee3ng saponin trong pha n\u01b0\u1edbc (Cpha n\u01b0\u1edbc):\n", "Cpha n\u01b0\u1edbc =\n", "APN \u00d7 CC \u00d7 50\n", "AC (mg/ml)\n", "Trong \u0111\u00f3: APN, AC: \u0111\u1ed9 h\u1ea5p th\u1ee5 quang c\u1ee7a saponin trong pha n\u01b0\u1edbc v\u00e0 dung d\u1ecbch chu\u1ea9n;\n", "CC: n\u1ed3ng \u0111\u1ed9 gypenosid XVII trong dung d\u1ecbch chu\u1ea9n (mg/ml).\n", "T\u1ef7 l\u1ec7 nano nh\u0169 ho\u00e1 \u0111\u01b0\u1ee3c t\u00ednh theo c\u00f4ng th\u1ee9c: =\n", "Ct\u1ed5ng - Cpha n\u01b0\u1edbc\n", "Cpha n\u01b0\u1edbc x 100% - \u0110\u00e1nh gi\u00e1 KTG v\u00e0 ph\u00e2n b\u1ed1 KTG (PDI) nano nh\u0169 t\u01b0\u01a1ng:\n", "KTG pha ph\u00e2n t\u00e1n c\u1ee7a nano nh\u0169 t\u01b0\u01a1ng v\u00e0\n", "PDI \u0111\u01b0\u1ee3c x\u00e1c \u0111\u1ecbnh b\u1edfi ph\u01b0\u01a1ng ph\u00e1p t\u00e1n x\u1ea1 \u00e1nh s\u00e1ng \u0111\u1ed9ng, ph\u00e2n t\u00edch s\u1ef1 dao \u0111\u1ed9ng trong t\u00e1n x\u1ea1 \u00e1nh s\u00e1ng do chuy\u1ec3n \u0111\u1ed9ng Brown c\u1ee7a h\u1ea1t v\u1edbi thi\u1ebft b\u1ecb Malvern Zetasizer, ph\u00e9p \u0111o \u1edf 25 oC, g\u00f3c c\u1ed1 \u0111\u1ecbnh l\u00e0 90o.\n", "- \u0110\u1ed9 \u1ed5n \u0111\u1ecbnh v\u1eadt l\u00fd c\u1ee7a nano nh\u0169 t\u01b0\u01a1ng: ly t\u00e2m nano nh\u0169 t\u01b0\u01a1ng 5000 v\u00f2ng/ph\u00fat trong 30 ph\u00fat sau \u0111\u00f3 quan s\u00e1t t\u00ednh ch\u1ea5t c\u1ee7a nano nh\u0169 t\u01b0\u01a1ng.\n", "Nano nh\u0169 t\u01b0\u01a1ng \u0111\u01b0\u1ee3c coi l\u00e0 \u1ed5n \u0111\u1ecbnh khi kh\u00f4ng c\u00f3 s\u1ef1 t\u00e1ch l\u1edbp sau ly t\u00e2m.\n", "- \u0110\u00e1nh gi\u00e1 m\u1ef9 ph\u1ea9m ch\u1ee9a SNEDDS cao kh\u00f4\n", "GCL:\n", "T\u00ednh ch\u1ea5t: Emulgel ch\u1ee9a SNEDDS cao GCL c\u00f3 m\u00e0u n\u00e2u v\u00e0ng, th\u1ec3 ch\u1ea5t m\u1ec1m, m\u1ecbn, \u0111\u1ed3ng nh\u1ea5t, kh\u00f4ng c\u00f3 b\u1ecdt kh\u00ed.\n", "Ch\u1ec9 ti\u00eau n\u00e0y \u0111\u01b0\u1ee3c \u0111\u00e1nh gi\u00e1 b\u1eb1ng quan s\u00e1t c\u1ea3m quan.\n", "pH: s\u1eed d\u1ee5ng thi\u1ebft b\u1ecb pH micro - Mettler\n", "Toledo.\n", "KTG v\u00e0 ph\u00e2n b\u1ed1 KTG (PDI): ti\u1ebfn h\u00e0nh t\u01b0\u01a1ng t\u1ef1 nh\u01b0 v\u1edbi nano nh\u0169 t\u01b0\u01a1ng.\n", "2.3.3.\n", "Ph\u01b0\u01a1ng ph\u00e1p thi\u1ebft k\u1ebf th\u00ed nghi\u1ec7m v\u00e0 t\u1ed1i \u01b0u ho\u00e1 c\u00f4ng th\u1ee9c\n", "Ph\u1ea7n m\u1ec1m MODDE 13.0 (Umetrics Inc,\n", "USA) \u0111\u01b0\u1ee3c s\u1eed d\u1ee5ng \u0111\u1ec3 thi\u1ebft k\u1ebf th\u00ed nghi\u1ec7m theo m\u00f4 h\u00ecnh m\u1eb7t h\u1ee3p t\u1eed t\u1ea1i t\u00e2m.\n", "C\u00e1c bi\u1ebfn \u0111\u1ea7u v\u00e0o g\u1ed3m t\u1ef7 l\u1ec7: cao GCL, d\u1ea7u, ch\u1ea5t di\u1ec7n ho\u1ea1t, \u0111\u1ed3ng di\u1ec7n ho\u1ea1t.\n", "Kho\u1ea3ng bi\u1ebfn thi\u00ean \u0111\u01b0\u1ee3c l\u1ef1a ch\u1ecdn tr\u00ean c\u01a1 s\u1edf v\u00f9ng h\u00ecnh th\u00e0nh nano nh\u0169 t\u01b0\u01a1ng tr\u00ean gi\u1ea3n \u0111\u1ed3 pha \u0111\u00e3 x\u00e2y d\u1ef1ng v\u00e0 m\u1ee9c \u0111\u1ed9 \u1ea3nh h\u01b0\u1edfng c\u1ee7a t\u1ef7 l\u1ec7 cao GCL.\n", "Bi\u1ebfn \u0111\u1ea7u ra g\u1ed3m: KTG, PDI, t\u1ef7 l\u1ec7 ho\u1ea1t ch\u1ea5t \u0111\u01b0\u1ee3c nano nh\u0169 ho\u00e1.\n", "S\u1eed d\u1ee5ng ph\u1ea7n m\u1ec1m\n", "FormRules v2.0 (Intelligensys Ltd, UK) \u0111\u1ec3 ph\u00e2n t\u00edch \u1ea3nh h\u01b0\u1edfng c\u1ee7a c\u00e1c bi\u1ebfn \u0111\u1ea7u v\u00e0o t\u1edbi c\u00e1c bi\u1ebfn \u0111\u1ea7u ra.\n", "Ph\u1ea7n m\u1ec1m INForm v3.1 (Intelligensys\n", "Ltd, UK) \u0111\u01b0\u1ee3c s\u1eed d\u1ee5ng \u0111\u1ec3 t\u1ed1i \u01b0u ho\u00e1 c\u00f4ng th\u1ee9c d\u1ef1a tr\u00ean m\u00f4 h\u00ecnh m\u1ea1ng neuron nh\u00e2n t\u1ea1o.\n", "2.3.4.\n", "Ph\u01b0\u01a1ng ph\u00e1p ph\u00e2n t\u00edch v\u00e0 x\u1eed l\u00fd s\u1ed1 li\u1ec7u\n", "C\u00e1c k\u1ebft qu\u1ea3 thu \u0111\u01b0\u1ee3c s\u1ebd \u0111\u01b0\u1ee3c s\u1eed l\u00fd b\u1eb1ng ph\u1ea7n m\u1ec1m Microsoft Excel 2016 v\u00e0 tr\u00ecnh b\u00e0y d\u01b0\u1edbi d\u1ea1ng TB \u00b1 SD, trong \u0111\u00f3 TB l\u00e0 gi\u00e1 tr\u1ecb trung b\u00ecnh, SD l\u00e0 \u0111\u1ed9 l\u1ec7ch chu\u1ea9n, m\u1ed7i th\u00ed nghi\u1ec7m l\u1eb7p l\u1ea1i t\u1ed1i thi\u1ec3u 3 l\u1ea7n.\n"], "3": ["3.\n", "K\u1ebft qu\u1ea3 nghi\u00ean c\u1ee9u 3.1.\n", "X\u00e2y d\u1ef1ng gi\u1ea3n \u0111\u1ed3 pha x\u00e1c \u0111\u1ecbnh v\u00f9ng h\u00ecnh th\u00e0nh nano nh\u0169 t\u01b0\u01a1ng\n", "Tr\u00ean c\u01a1 s\u1edf kh\u1ea3o s\u00e1t kh\u1ea3 n\u0103ng ho\u00e0 tan cao kh\u00f4\n", "GCL trong m\u1ed9t s\u1ed1 ch\u1ea5t di\u1ec7n ho\u1ea1t, \u0111\u1ed3ng di\u1ec7n ho\u1ea1t v\u00e0 d\u1ea7u, nghi\u00ean c\u1ee9u \u0111\u00e3 ch\u1ecdn \u0111\u01b0\u1ee3c c\u00e1c th\u00e0nh ph\u1ea7n c\u1ee7a SNEDDS g\u1ed3m pha d\u1ea7u: Miglyol; ch\u1ea5t di\u1ec7n ho\u1ea1t: Cremophor RH 40; Ch\u1ea5t \u0111\u1ed3ng di\u1ec7n ho\u1ea1t:\n", "Ethanol k\u1ebft h\u1ee3p v\u1edbi glycerin \u1edf t\u1ef7 l\u1ec7 1:1 theo kh\u1ed1i l\u01b0\u1ee3ng.\n", "Ti\u1ebfn h\u00e0nh x\u00e2y d\u1ef1ng gi\u1ea3n \u0111\u1ed3 pha x\u00e1c \u0111\u1ecbnh v\u00f9ng h\u00ecnh th\u00e0nh nano nh\u0169 t\u01b0\u01a1ng k\u1ebft qu\u1ea3 th\u1ec3 hi\u1ec7n \u1edf H\u00ecnh 1.\n", "V\u00f9ng b\u00ean trong \u0111\u01b0\u1eddng m\u00e0u xanh d\u01b0\u01a1ng l\u00e0 v\u00f9ng h\u00ecnh th\u00e0nh nano nh\u0169 t\u01b0\u01a1ng.\n", "H\u00ecnh 1.\n", "Gi\u1ea3n \u0111\u1ed3 pha v\u00f9ng h\u00ecnh th\u00e0nh nano nh\u0169 t\u01b0\u01a1ng c\u1ee7a h\u1ec7 Miglyol - Cremphor RH 40 - Ethanol:glycerin 1:1.\n", "Nh\u1eadn th\u1ea5y, nano nh\u0169 t\u01b0\u01a1ng \u0111\u01b0\u1ee3c h\u00ecnh th\u00e0nh trong v\u00f9ng kh\u00e1 r\u1ed9ng v\u1edbi t\u1ef7 l\u1ec7 Miglyol trong kho\u1ea3ng 10-70%, Cremophor RH 40 trong kho\u1ea3ng 10-72% v\u00e0 ethanol: glycerin 1:1 trong kho\u1ea3ng 6-72%.\n", "3.2.\n", "X\u00e2y d\u1ef1ng c\u00f4ng th\u1ee9c b\u00e0o ch\u1ebf t\u1ef1 nano t\u1ef1 nh\u0169 ho\u00e1 ch\u1ee9a cao Gi\u1ea3o c\u1ed5 lam\n", "\u1ea2nh h\u01b0\u1edfng c\u1ee7a t\u1ef7 l\u1ec7 cao kh\u00f4 GCL \u0111\u1ebfn s\u1ef1 h\u00ecnh th\u00e0nh v\u00e0 \u0111\u1eb7c t\u00ednh c\u1ee7a nano nh\u0169 t\u01b0\u01a1ng.\n", "\u0110\u00e1nh gi\u00e1 kh\u1ea3 n\u0103ng ho\u00e0 tan cao kh\u00f4 GCL trong SNEDDS, h\u1ec7 t\u00e1 d\u01b0\u1ee3c Miglyol \u2013\n", "Cremophor RH 40 \u2013 Ethanol: Glycerin 1:1 v\u1edbi t\u1ef7 l\u1ec7 Smix l\u00e0 1:1 v\u00e0 t\u1ef7 l\u1ec7 O/Smix l\u00e0 3:7 \u0111\u01b0\u1ee3c ch\u1ecdn \u0111\u1ec3 ti\u1ebfn h\u00e0nh ho\u00e0 tan cao kh\u00f4 GCL v\u1edbi c\u00e1c t\u1ef7 l\u1ec7 % (kl/kl) t\u1eeb 1,0 \u0111\u1ebfn 3,0.\n", "Y\u00eau c\u1ea7u \u0111\u1eb7c t\u00ednh nano nh\u0169 t\u01b0\u01a1ng t\u1ea1o th\u00e0nh nh\u01b0 sau: t\u00ednh ch\u1ea5t: h\u1ec7 l\u1ecfng, \u0111\u1ed3ng nh\u1ea5t; KTG \u2264 200 nm; PDI \u2264 0,3; h\u1ec7 \u1ed5n \u0111\u1ecbnh, kh\u00f4ng t\u00e1ch l\u1edbp trong \u0111i\u1ec1u ki\u1ec7n ly t\u00e2m 5000 v\u00f2ng/ph\u00fat trong 30 ph\u00fat.\n", "K\u1ebft qu\u1ea3 cho th\u1ea5y cao kh\u00f4 GCL ch\u1ec9 tan ho\u00e0n to\u00e0n trong h\u1ec7 SNEDDS \u1edf c\u00e1c t\u1ef7 l\u1ec7 kh\u00f4ng qu\u00e1 2,4%.\n", "K\u1ebft qu\u1ea3 \u0111o KTG v\u00e0 PDI v\u00e0 \u0111\u1ed9 \u1ed5n \u0111\u1ecbnh c\u1ee7a nh\u0169 t\u01b0\u01a1ng t\u1ea1o th\u00e0nh \u0111\u01b0\u1ee3c th\u1ec3 hi\u1ec7n qua B\u1ea3ng 1.\n", "Khi ho\u00e0 tan t\u1eeb 1,0-2,0 % cao kh\u00f4 GCL, KTG c\u1ee7a c\u00e1c m\u1eabu nano nh\u0169 t\u01b0\u01a1ng t\u1ea1o th\u00e0nh \u0111\u1ec1u <200 nm v\u1edbi PDI < 0,3, nano nh\u0169 t\u01b0\u01a1ng t\u1ea1o th\u00e0nh \u1ed5n \u0111\u1ecbnh sau ly t\u00e2m.\n", "C\u00e1c m\u1eabu c\u00f3 t\u1ef7 l\u1ec7 cao GCL 2,2% v\u00e0 2,4% b\u1ecb t\u00e1ch pha sau khi ly t\u00e2m.\n", "V\u1edbi k\u1ebft qu\u1ea3 thu \u0111\u01b0\u1ee3c, t\u1ef7 l\u1ec7 cao GCL trong SNEDDS t\u1eeb 1,0% \u0111\u1ebfn 2,0% \u0111\u01b0\u1ee3c ch\u1ecdn \u0111\u1ec3 ti\u1ebfn h\u00e0nh t\u1ed1i \u01b0u ho\u00e1 x\u00e2y d\u1ef1ng c\u00f4ng th\u1ee9c h\u1ec7 SNEDDS cao kh\u00f4 GCL.\n", "Thi\u1ebft k\u1ebf th\u00ed nghi\u1ec7m v\u00e0 t\u1ed1i \u01b0u ho\u00e1 c\u00f4ng th\u1ee9c b\u00e0o ch\u1ebf SNEDDS cao kh\u00f4 GCL\n", "B\u1ea3ng 1.\n", "K\u1ebft qu\u1ea3 \u0111o KTG, PDI v\u00e0 \u0111\u1ed9 \u1ed5n \u0111\u1ecbnh sau ly t\u00e2m c\u1ee7a c\u00e1c m\u1eabu c\u00f3 t\u1ef7 l\u1ec7 cao GCL kh\u00e1c nhau\n", "T\u1ef7 l\u1ec7 cao\n", "GCL (%)\n", "KTG (nm)\n", "PDI\n", "\u0110\u1ed9 \u1ed5n \u0111\u1ecbnh sau ly t\u00e2m 1,0 48,5 0,248 \u0110\u1ea1t 1,2 96,3 0,271 \u0110\u1ea1t 1,4 150,8 0,287 \u0110\u1ea1t 1,6 123,1 0,286 \u0110\u1ea1t 1,8 147,6 0,289 \u0110\u1ea1t 2,0 141,0 0,287 \u0110\u1ea1t 2,2 148,2 0,422 T\u00e1ch pha 2,4 146,0 0,413 T\u00e1ch pha\n", "D\u1ef1a tr\u00ean v\u00f9ng h\u00ecnh th\u00e0nh nano nh\u0169 t\u01b0\u01a1ng tr\u00ean gi\u1ea3n \u0111\u1ed3 pha v\u00e0 k\u1ebft qu\u1ea3 kh\u1ea3o s\u00e1t \u1ea3nh h\u01b0\u1edfng c\u1ee7a t\u1ef7 l\u1ec7 cao kh\u00f4 GCL, c\u00e1c bi\u1ebfn \u0111\u1ea7u v\u00e0o v\u00e0 \u0111\u1ea7u ra trong thi\u1ebft k\u1ebf th\u00ed nghi\u1ec7m \u0111\u01b0\u1ee3c ch\u1ecdn nh\u01b0 sau:\n", "B\u1ea3ng 2.\n", "C\u00e1c bi\u1ebfn \u0111\u1ea7u v\u00e0o\n", "T\u00ean bi\u1ebfn K\u00ed hi\u1ec7u \u0110\u01a1n v\u1ecb Lo\u1ea1i bi\u1ebfn Kho\u1ea3ng bi\u1ebfn thi\u00ean\n", "T\u1ef7 l\u1ec7 d\u01b0\u1ee3c ch\u1ea5t X1 Ph\u00e2n s\u1ed1 Bi\u1ebfn \u0111\u1ecbnh l\u01b0\u1ee3ng 0,01 \u0111\u1ebfn 0,02\n", "T\u1ef7 l\u1ec7 Miglyol X2 Ph\u00e2n s\u1ed1 Bi\u1ebfn th\u00e0nh ph\u1ea7n 0,2 \u0111\u1ebfn 0,5\n", "T\u1ef7 l\u1ec7 Cremophor RH 40 X3 Ph\u00e2n s\u1ed1 Bi\u1ebfn th\u00e0nh ph\u1ea7n 0,2 \u0111\u1ebfn 0,4\n", "T\u1ef7 l\u1ec7 Ethanol: Glycerin 1:1 X4 Ph\u00e2n s\u1ed1 Bi\u1ebfn l\u1ea5p \u0111\u1ea7y -\n", "B\u1ea3ng 3.\n", "C\u00e1c bi\u1ebfn \u0111\u1ea7u ra v\u00e0 y\u00eau c\u1ea7u\n", "T\u00ean bi\u1ebfn K\u00ed hi\u1ec7u \u0110\u01a1n v\u1ecb Y\u00eau c\u1ea7u\n", "KTG Y1 nm \u2264 200\n", "PDI Y2 - \u2264 0,3\n", "T\u1ef7 l\u1ec7 nano nh\u0169 ho\u00e1 Y3 % \u2265 90\n", "B\u1ea3ng 4.\n", "Thi\u1ebft k\u1ebf th\u00ed nghi\u1ec7m v\u00e0 \u0111\u1eb7c t\u00ednh c\u1ee7a nano nh\u0169 t\u01b0\u01a1ng t\u1ea1o th\u00e0nh\n", "C\u00f4ng th\u1ee9c\n", "T\u1ef7 l\u1ec7 Cao\n", "GCL\n", "T\u1ef7 l\u1ec7\n", "Miglyol\n", "T\u1ef7 l\u1ec7 Cremophor\n", "RH 40\n", "T\u1ef7 l\u1ec7 Ethanol:\n", "Glycerin 1:1\n", "KTG (nm)\n", "PDI\n", "T\u1ef7 l\u1ec7 nano nh\u0169 ho\u00e1 (%)\n", "F1 0,01 0,2 0,2 0,6 22,3 0,325 90,98\n", "F2 0,02 0,2 0,2 0,6 22,3 0,258 94,50\n", "F3 0,01 0,2 0,4 0,4 174,5 0,418 89,82\n", "F4 0,02 0,2 0,4 0,4 168,6 0,300 94,51\n", "F5 0,01 0,5 0,2 0,3 8,3 0,244 90,74\n", "F6 0,02 0,5 0,2 0,3 11,1 0,249 94,79\n", "F7 0,01 0,5 0,4 0,1 23,2 0,448 88,90\n", "F8 0,02 0,5 0,4 0,1 20,2 0,374 95,85\n", "F9 0,01 0,35 0,3 0,35 19,1 0,316 89,67\n", "F10 0,02 0,35 0,3 0,35 28,0 0,363 95,30\n", "F11 0,015 0,35 0,2 0,45 18,5 0,252 93,84\n", "F12 0,015 0,35 0,4 0,25 48,2 0,484 93,60\n", "F13 0,015 0,2 0,3 0,5 38,6 0,261 94,57\n", "F14 0,015 0,5 0,3 0,2 8,8 0,248 93,93\n", "F15 0,015 0,35 0,3 0,35 14,0 0,253 94,14\n", "F16 0,015 0,35 0,3 0,35 14,4 0,256 93,67\n", "F17 0,015 0,35 0,3 0,35 14,6 0,241 94,75\n", "Thi\u1ebft k\u1ebf th\u00ed nghi\u1ec7m theo m\u00f4 h\u00ecnh m\u1eb7t h\u1ee3p t\u1eed t\u1ea1i t\u00e2m b\u1edfi ph\u1ea7n m\u1ec1m MODDE 13.0 v\u00e0 \u0111\u00e1nh gi\u00e1 m\u1ed9t s\u1ed1 \u0111\u1eb7c t\u00ednh l\u00fd ho\u00e1 c\u1ee7a nano nh\u0169 t\u01b0\u01a1ng t\u1ea1o th\u00e0nh.\n", "K\u1ebft qu\u1ea3 \u0111\u01b0\u1ee3c tr\u00ecnh b\u00e0y \u1edf B\u1ea3ng 4.\n", "\u1ea2nh h\u01b0\u1edfng c\u1ee7a c\u00e1c bi\u1ebfn \u0111\u1ea7u v\u00e0o t\u1edbi \u0111\u1ebfn c\u00e1c bi\u1ebfn \u0111\u1ea7u ra \u0111\u01b0\u1ee3c x\u1eed l\u00fd b\u1eb1ng ph\u1ea7n m\u1ec1m\n", "FormRules v2.0.\n", "K\u1ebft qu\u1ea3 cho th\u1ea5y KTG v\u00e0 PDI c\u1ee7a nano nh\u0169 t\u01b0\u01a1ng \u0111\u1ec1u ch\u1ecbu \u1ea3nh h\u01b0\u1edfng c\u1ee7a 3 y\u1ebfu t\u1ed1 l\u00e0 t\u1ef7 l\u1ec7 cao GCL, Miglyol v\u00e0 Cremophor\n", "RH 40.\n", "T\u1ef7 l\u1ec7 nano nh\u0169 ho\u00e1 b\u1ecb \u1ea3nh h\u01b0\u1edfng b\u1edfi t\u1ef7 l\u1ec7 cao GCL, Miglyol v\u00e0 Ethanol:Glycerin 1:1.\n", "C\u1ee5 th\u1ec3 \u1ea3nh h\u01b0\u1edfng c\u1ee7a c\u00e1c y\u1ebfu t\u1ed1 th\u00f4ng qua m\u1eb7t \u0111\u00e1p \u0111\u01b0\u1ee3c th\u1ec3 hi\u1ec7n d\u01b0\u1edbi \u0111\u00e2y:\n", "H\u00ecnh 2.\n", "\u1ea2nh h\u01b0\u1edfng c\u1ee7a t\u1ef7 l\u1ec7 cao GCL v\u00e0 Cremophor\n", "RH 40 \u0111\u1ebfn KTG (t\u1ef7 l\u1ec7 Miglyol l\u00e0 0,5 v\u00e0 ethanol:glycerin 1:1 l\u00e0 0,1).\n", "H\u00ecnh 3.\n", "\u1ea2nh h\u01b0\u1edfng c\u1ee7a t\u1ef7 l\u1ec7 Miglyol v\u00e0 Cremophor\n", "RH 40 (CDH) \u0111\u1ebfn PDI (t\u1ef7 l\u1ec7 cao GCL l\u00e0 0,02 v\u00e0 ethanol:glycerin 1:1 l\u00e0 0,1).\n", "H\u00ecnh 4.\n", "\u1ea2nh h\u01b0\u1edfng c\u1ee7a t\u1ef7 l\u1ec7 ethanol:glycerin 1:1 v\u00e0\n", "Miglyol \u0111\u1ebfn t\u1ef7 l\u1ec7 nano nh\u0169 ho\u00e1 (t\u1ef7 l\u1ec7 cao GCL l\u00e0 0,02 v\u00e0 Cremophor RH 40 l\u00e0 0,4).\n", "H\u00ecnh 5.\n", "\u1ea2nh h\u01b0\u1edfng c\u1ee7a t\u1ef7 l\u1ec7 ethanol:glycerin 1:1 v\u00e0 cao GCL \u0111\u1ebfn t\u1ef7 l\u1ec7 nano nh\u0169 ho\u00e1 (t\u1ef7 l\u1ec7 Miglyol l\u00e0 0,5 v\u00e0 Cremophor RH 40 l\u00e0 0,4).\n", "Trong kho\u1ea3ng kh\u1ea3o s\u00e1t, t\u1ef7 l\u1ec7 Cremophor RH 40 trong c\u00f4ng th\u1ee9c SNEDDS c\u00f3 \u1ea3nh h\u01b0\u1edfng t\u1ef7 l\u1ec7 thu\u1eadn t\u1edbi KTG pha ph\u00e2n t\u00e1n c\u1ee7a nano nh\u0169 t\u01b0\u01a1ng t\u1ea1o th\u00e0nh nh\u01b0ng l\u1ea1i \u1ea3nh h\u01b0\u1edfng ph\u1ee9c t\u1ea1p h\u01a1n t\u1edbi ph\u00e2n b\u1ed1 k\u00edch th\u01b0\u1edbc gi\u1ecdt (PDI).\n", "PDI c\u1ee7a nano nh\u0169 t\u01b0\u01a1ng ph\u1ee5 thu\u1ed9c t\u1ef7 l\u1ec7 thu\u1eadn v\u1edbi t\u1ef7 l\u1ec7 Miglyol trong c\u00f4ng th\u1ee9c.\n", "T\u1ef7 l\u1ec7 cao kh\u00f4 GCL c\u00f3 \u1ea3nh h\u01b0\u1edfng \u0111a chi\u1ec1u \u0111\u1ebfn KTG c\u1ee7a nano nh\u0169 t\u01b0\u01a1ng.\n", "M\u1eb7t \u0111\u00e1p H\u00ecnh 4 v\u00e0 5 cho th\u1ea5y t\u1ef7 l\u1ec7 nano nh\u0169 ho\u00e1 t\u0103ng khi t\u0103ng t\u1ef7 l\u1ec7 Miglyol v\u00e0 t\u1ef7 l\u1ec7 cao GCL.\n", "T\u0103ng t\u1ef7 l\u1ec7 ethanol:glycerin 1:1 (CDDH), t\u1ef7 l\u1ec7 nano nh\u0169 ho\u00e1 g\u1ea7n nh\u01b0 kh\u00f4ng thay \u0111\u1ed5i.\n", "T\u1ed1i \u01b0u ho\u00e1 c\u00f4ng th\u1ee9c b\u00e0o ch\u1ebf SNEDDS cao kh\u00f4 GCL b\u1eb1ng ph\u1ea7n m\u1ec1m INForm v3.1 cho k\u1ebft qu\u1ea3 sau:\n", "B\u1ea3ng 5.\n", "B\u1ea3ng ANOVA cho c\u00e1c bi\u1ebfn \u0111\u1ea7u ra\n", "KTG\n", "Ngu\u1ed3n bi\u1ebfn thi\u00ean T\u1ed5ng b\u00ecnh ph\u01b0\u01a1ng B\u1eadc t\u1ef1 do Trung b\u00ecnh b\u00ecnh ph\u01b0\u01a1ng F \u2013 value\n", "M\u00f4 h\u00ecnh 22136,5 13 1702,81 8,86442\n", "Ph\u1ea7n d\u01b0 192,095 1 192,095\n", "T\u1ed5ng c\u1ed9ng 22079 14\n", "R2 train 99,13\n", "R2 test 89,3395\n", "PDI\n", "Ngu\u1ed3n bi\u1ebfn thi\u00ean T\u1ed5ng b\u00ecnh ph\u01b0\u01a1ng B\u1eadc t\u1ef1 do Trung b\u00ecnh b\u00ecnh ph\u01b0\u01a1ng F \u2013 value\n", "M\u00f4 h\u00ecnh 0,0800402 13 0,00615694 1,10803\n", "Ph\u1ea7n d\u01b0 0,00555665 1 0,00555665\n", "T\u1ed5ng c\u1ed9ng 0,0851116 14\n", "R2 train 93,4713\n", "R2 test 96,5907\n", "T\u1ef7 l\u1ec7 nano nh\u0169 ho\u00e1\n", "Ngu\u1ed3n bi\u1ebfn thi\u00ean T\u1ed5ng b\u00ecnh ph\u01b0\u01a1ng B\u1eadc t\u1ef1 do Trung b\u00ecnh b\u00ecnh ph\u01b0\u01a1ng F \u2013 value\n", "M\u00f4 h\u00ecnh 56,6636 13 4,35874 1,11721\n", "Ph\u1ea7n d\u01b0 3,90146 1 3,90146\n", "T\u1ed5ng c\u1ed9ng 60,5035 14\n", "R2 train 93,5517\n", "R2 test 99,6125\n", "Ph\u00e2n t\u00edch ANOVA cho th\u1ea5y R2 train v\u00e0 R2 test \u0111\u1ec1u l\u1edbn h\u01a1n 80 n\u00ean m\u00f4 h\u00ecnh m\u1ea1ng neuron nh\u00e2n t\u1ea1o m\u00e0 ph\u1ea7n m\u1ec1m INForm s\u1eed d\u1ee5ng l\u00e0 ph\u00f9 h\u1ee3p, ph\u1ea3n \u00e1nh \u0111\u00fang m\u1ed1i quan h\u1ec7 c\u1ee7a c\u00e1c bi\u1ebfn \u0111\u1ea7u v\u00e0o v\u00e0 bi\u1ebfn \u0111\u1ea7u ra.\n", "Do \u0111\u00f3, c\u00f4ng th\u1ee9c t\u1ed1i \u01b0u m\u00e0 ph\u1ea7n m\u1ec1m INForm v.3.1 d\u1ef1 \u0111o\u00e1n l\u00e0 \u0111\u00e1ng tin c\u1eady.\n", "C\u00f4ng th\u1ee9c t\u1ed1i \u01b0u nh\u01b0 sau:\n", "B\u1ea3ng 6.\n", "C\u00f4ng th\u1ee9c SNEDDS cao GCL t\u1ed1i \u01b0u v\u00e0 \u0111\u1eb7c t\u00ednh nano nh\u0169 t\u01b0\u01a1ng t\u1ea1o th\u00e0nh \u0111\u01b0\u1ee3c d\u1ef1 \u0111o\u00e1n\n", "Th\u00e0nh ph\u1ea7n T\u1ef7 l\u1ec7 \u0110\u1eb7c t\u00ednh nano nh\u0169 t\u01b0\u01a1ng\n", "Cao kh\u00f4 GCL 0,02\n", "KTG: 13,12 nm\n", "PDI: 0,25\n", "T\u1ef7 l\u1ec7 nano nh\u0169 ho\u00e1: 95,1 %\n", "Miglyol 0,45\n", "Cremophor RH 40 0,25\n", "Ethanol:glycerin 1:1 0,37\n", "B\u1ea3ng 7.\n", "\u0110\u1eb7c t\u00ednh c\u1ee7a nano nh\u0169 t\u01b0\u01a1ng t\u1ea1o th\u00e0nh t\u1eeb SNEDDS cao kh\u00f4 GCL b\u00e0o ch\u1ebf theo c\u00f4ng th\u1ee9c t\u1ed1i \u01b0u\n", "\u0110\u1eb7c t\u00ednh M\u1eabu 1 M\u1eabu 2 M\u1eabu 3 Y\u00eau c\u1ea7u \u0110\u00e1nh gi\u00e1\n", "KTG (nm) 11,59 11,45 11,60 \u2264 200 \u0110\u1ea1t\n", "PDI 0,249 0,245 0,258 \u2264 0,3 \u0110\u1ea1t\n", "T\u1ef7 l\u1ec7 saponin \u0111\u01b0\u1ee3c nano nh\u0169 ho\u00e1 (%) 94,51 94,30 94,14 \u2265 90 \u0110\u1ea1t\n", "\u0110\u1ed9 \u1ed5n \u0111\u1ecbnh sau ly t\u00e2m\n", "H\u1ec7 \u0111\u1ed3ng nh\u1ea5t, kh\u00f4ng t\u00e1ch l\u1edbp\n", "H\u1ec7 \u0111\u1ed3ng nh\u1ea5t, kh\u00f4ng t\u00e1ch l\u1edbp\n", "H\u1ec7 \u0111\u1ed3ng nh\u1ea5t, kh\u00f4ng t\u00e1ch l\u1edbp\n", "H\u1ec7 \u0111\u1ed3ng nh\u1ea5t, kh\u00f4ng t\u00e1ch l\u1edbp\n", "\u0110\u1ea1t\n", "K\u1ebft qu\u1ea3 \u0111\u00e1nh gi\u00e1 cho th\u1ea5y: m\u1eabu SNEDDS b\u00e0o ch\u1ebf theo c\u00f4ng th\u1ee9c t\u1ed1i \u01b0u c\u00f3 kh\u1ea3 n\u0103ng t\u1ef1 nh\u0169 ho\u00e1 h\u00ecnh th\u00e0nh nano nh\u0169 t\u01b0\u01a1ng c\u00f3 KTG < 20 nm, ph\u00e2n b\u1ed1 k\u00edch th\u01b0\u1edbc gi\u1ecdt \u0111\u1ed3ng \u0111\u1ec1u v\u1edbi PDI < 0,3, \u1ed5n \u0111\u1ecbnh kh\u00f4ng t\u00e1ch pha khi ly t\u00e2m 5000 v\u00f2ng/ph\u00fat trong 30 ph\u00fat, c\u00f3 t\u1ef7 l\u1ec7 ho\u1ea1t ch\u1ea5t \u0111\u01b0\u1ee3c nano nh\u0169 ho\u00e1 tr\u00ean 90%.\n", "3.3.\n", "B\u01b0\u1edbc \u0111\u1ea7u \u1ee9ng d\u1ee5ng h\u1ec7 SNEDDS cao kh\u00f4\n", "Gi\u1ea3o c\u1ed5 lam trong m\u1ef9 ph\u1ea9m ch\u0103m s\u00f3c da\n", "Qua kh\u1ea3o s\u00e1t s\u01a1 b\u1ed9, nghi\u00ean c\u1ee9u \u0111\u00e3 x\u00e2y d\u1ef1ng \u0111\u01b0\u1ee3c c\u00f4ng th\u1ee9c t\u00e1 d\u01b0\u1ee3c n\u1ec1n emulgel v\u00e0 ti\u1ebfn h\u00e0nh ph\u1ed1i h\u1ee3p SNEDDS cao kh\u00f4 GCL v\u1edbi emulgel v\u1edbi t\u1ef7 l\u1ec7 1:1 theo kh\u1ed1i l\u01b0\u1ee3ng (c\u00f4ng th\u1ee9c m\u1ef9 ph\u1ea9m ch\u0103m s\u00f3c da th\u1ec3 hi\u1ec7n trong ph\u1ea7n ph\u01b0\u01a1ng ph\u00e1p nghi\u00ean c\u1ee9u).\n", "\u0110\u1ec3 ch\u1ebf ph\u1ea9m \u1ed5n \u0111\u1ecbnh trong 03 ng\u00e0y, ti\u1ebfn h\u00e0nh \u0111\u00e1nh gi\u00e1 KTG v\u00e0 ph\u00e2n b\u1ed1 k\u00edch th\u01b0\u1edbc gi\u1ecdt c\u1ee7a t\u00e1 d\u01b0\u1ee3c emulgel v\u00e0 m\u1ef9 ph\u1ea9m ch\u0103m s\u00f3c da \u0111\u01b0\u1ee3c th\u1ec3 hi\u1ec7n trong c\u00e1c H\u00ecnh 6.\n", "Khi ch\u01b0a k\u1ebft h\u1ee3p v\u1edbi SNEDDS, t\u00e1 d\u01b0\u1ee3c n\u1ec1n emulgel c\u00f3 KTG kh\u00e1 l\u1edbn, trung b\u00ecnh kho\u1ea3ng 2443 nm, ph\u00e2n b\u1ed1 k\u00edch th\u01b0\u1edbc \u0111\u1ed3ng \u0111\u1ec1u v\u1edbi PDI = 0,083.\n", "Sau khi k\u1ebft h\u1ee3p v\u1edbi SNEDDS cao GCL,\n", "KTG trung b\u00ecnh c\u1ee7a ch\u1ebf ph\u1ea9m kho\u1ea3ng 122 nm v\u00e0 ph\u00e2n b\u1ed1 \u0111\u1ed3ng \u0111\u1ec1u v\u1edbi PDI = 0,186, ch\u1ebf ph\u1ea9m c\u00f3 th\u1ec3 ch\u1ea5t m\u1ec1m, \u0111\u1ed3ng nh\u1ea5t v\u00e0 m\u1ecbn m\u00e0ng.\n", "KTG c\u1ee7a emulgel SNEDDS GCL gi\u1ea3m xu\u1ed1ng c\u1ee1 nano l\u00e0 nh\u1edd \u0111\u1eb7c t\u00ednh t\u1ef1 nh\u0169 ho\u00e1 c\u1ee7a SNEDDS trong qu\u00e1 tr\u00ecnh khu\u1ea5y tr\u1ed9n k\u1ebft h\u1ee3p v\u00e0o emulgel.\n", "K\u1ebft qu\u1ea3 nghi\u00ean c\u1ee9u b\u01b0\u1edbc \u0111\u1ea7u cho th\u1ea5y t\u00ednh kh\u1ea3 thi v\u00e0 tri\u1ec3n v\u1ecdng \u0111\u1ec3 ti\u1ebfp t\u1ee5c nghi\u00ean c\u1ee9u s\u00e2u h\u01a1n v\u1ec1 \u0111\u1ed9 \u1ed5n \u0111\u1ecbnh v\u00e0 hi\u1ec7u qu\u1ea3 t\u00e1c d\u1ee5ng ch\u0103m s\u00f3c da \u0111\u1ec3 c\u00f3 th\u1ec3 \u1ee9ng d\u1ee5ng v\u00e0o th\u1ef1c ti\u1ec5n.\n", "(a) (b)\n", "H\u00ecnh 6.\n", "KTG v\u00e0 PDI c\u1ee7a n\u1ec1n t\u00e1 d\u01b0\u1ee3c emulgel (a) v\u00e0 m\u1ef9 ph\u1ea9m ch\u0103m s\u00f3c da (b) sau b\u00e0o ch\u1ebf 3 ng\u00e0y.\n"], "4": ["4.\n", "K\u1ebft lu\u1eadn\n", "Nghi\u00ean c\u1ee9u \u0111\u00e3 l\u1ef1a ch\u1ecdn t\u00e1 d\u01b0\u1ee3c, x\u00e2y d\u1ef1ng gi\u1ea3n \u0111\u1ed3 pha x\u00e1c \u0111\u1ecbnh v\u00f9ng h\u00ecnh th\u00e0nh nano nh\u0169 t\u01b0\u01a1ng v\u00e0 tr\u00ean c\u01a1 s\u1edf \u0111\u00f3 thi\u1ebft k\u1ebf th\u00ed nghi\u1ec7m \u0111\u00e1nh gi\u00e1 \u1ea3nh h\u01b0\u1edfng c\u1ee7a c\u00e1c th\u00e0nh ph\u1ea7n trong c\u00f4ng th\u1ee9c \u0111\u1ebfn \u0111\u1eb7c t\u00ednh c\u1ee7a nano nh\u0169 t\u01b0\u01a1ng t\u1ea1o th\u00e0nh sau khi t\u1ef1 nh\u0169 ho\u00e1 SNEDDS GCL.\n", "\u0110\u00e3 l\u1ef1a ch\u1ecdn \u0111\u01b0\u1ee3c c\u00f4ng th\u1ee9c SNEDDS GCL t\u1ed1i \u01b0u c\u00f3 kh\u1ea3 n\u0103ng t\u1ef1 nh\u0169 ho\u00e1 t\u1ea1o th\u00e0nh nano nh\u0169 t\u01b0\u01a1ng c\u00f3 KTG < 20 nm v\u1edbi PDI < 0,3.\n", "T\u1ef7 l\u1ec7 nano nh\u0169 ho\u00e1 > 90 %.\n", "\u0110\u00e3 b\u01b0\u1edbc \u0111\u1ea7u \u1ee9ng d\u1ee5ng h\u1ec7 nano t\u1ef1 nh\u0169 ho\u00e1 ch\u1ee9a cao GCL v\u00e0o ch\u1ebf ph\u1ea9m m\u1ef9 ph\u1ea9m emulgel ch\u0103m s\u00f3c da.\n", "M\u1ef9 ph\u1ea9m b\u00e0o ch\u1ebf c\u00f3 KTG c\u1ee1 nano (<200 nm) v\u00e0 ph\u00e2n b\u1ed1 k\u00edch th\u01b0\u1edbc gi\u1ecdt \u0111\u1ed3ng \u0111\u1ec1u, c\u00f3 tri\u1ec3n v\u1ecdng \u1ee9ng d\u1ee5ng v\u00e0o th\u1ef1c t\u1ebf khi ti\u1ebfp t\u1ee5c nghi\u00ean c\u1ee9u s\u00e2u h\u01a1n.\n"]}, "Word count": 4414}