{"title": "X\u00e2y d\u1ef1ng quy tr\u00ecnh ph\u00e2n t\u00edch gen NPHS2 \u1edf b\u1ec7nh nh\u00e2n m\u1eafc h\u1ed9i ch\u1ee9ng th\u1eadn h\u01b0 ti\u00ean ph\u00e1t\n", "content": {"0": ["T\u00f3m t\u1eaft: Protein podocin \u0111\u01b0\u1ee3c m\u00e3 ho\u00e1 b\u1edfi gen NPHS2 c\u00f3 vai tr\u00f2 quan tr\u1ecdng trong hi\u1ec7n t\u01b0\u1ee3ng kh\u00e1ng corticoid trong \u0111i\u1ec1u tr\u1ecb h\u1ed9i ch\u1ee9ng th\u1eadn h\u01b0.\n", "Ch\u00ednh v\u00ec v\u1eady, ch\u00fang t\u00f4i ti\u1ebfn h\u00e0nh nghi\u00ean c\u1ee9u quy tr\u00ecnh ph\u00e2n t\u00edch c\u00e1c \u0111a h\u00ecnh di truy\u1ec1n thu\u1ed9c gen NPHS2 tr\u00ean 149 b\u1ec7nh nhi m\u1eafc h\u1ed9i ch\u1ee9ng th\u1eadn h\u01b0 ti\u00ean ph\u00e1t.\n", "Ph\u01b0\u01a1ng ph\u00e1p nghi\u00ean c\u1ee9u ch\u00ednh \u0111\u01b0\u1ee3c s\u1eed d\u1ee5ng bao g\u1ed3m t\u00e1ch DNA t\u1ed5ng s\u1ed1 t\u1eeb m\u1eabu ngo\u1ea1i vi, khu\u1ebfch \u0111\u1ea1i b\u1eb1ng PCR, x\u00e1c \u0111\u1ecbnh ki\u1ec3u gen b\u1eb1ng ph\u01b0\u01a1ng ph\u00e1p gi\u1ea3i tr\u00ecnh t\u1ef1 Sanger.\n", "K\u1ebft qu\u1ea3 nghi\u00ean c\u1ee9u cho th\u1ea5y ch\u00fang t\u00f4i \u0111\u00e3 x\u00e2y d\u1ef1ng \u0111\u01b0\u1ee3c quy tr\u00ecnh x\u00e1c \u0111\u1ecbnh \u0111\u01b0\u1ee3c 251 SNP n\u1eb1m trong 6 exon \u0111\u1ea7u c\u1ee7a gen NPHS2, trong \u0111\u00f3 c\u00f3 2 \u0111\u1ed9t bi\u1ebfn m\u1edbi \u0111\u01b0\u1ee3c ph\u00e1t hi\u1ec7n.\n", "C\u00e1c k\u1ebft qu\u1ea3 n\u00e0y s\u1ebd cung c\u1ea5p c\u00f4ng c\u1ee5 v\u00e0 s\u1ed1 li\u1ec7u cho c\u00e1c nghi\u00ean c\u1ee9u ti\u1ebfp theo nh\u1eb1m x\u00e1c \u0111\u1ecbnh vai tr\u00f2 c\u1ee7a c\u00e1c \u0111a h\u00ecnh di truy\u1ec1n\n", "NPHS2 \u0111\u1ed1i v\u1edbi \u0111\u00e1p \u1ee9ng thu\u1ed1c corticoid trong \u0111i\u1ec1u tr\u1ecb h\u1ed9i ch\u1ee9ng th\u1eadn h\u01b0.\n", "T\u1eeb kho\u00e1: NPHS2, podocin, h\u1ed9i ch\u1ee9ng th\u1eadn h\u01b0 ti\u00ean ph\u00e1t.\n"], "1": ["1.\n", "\u0110\u1eb7t v\u1ea5n \u0111\u1ec1\n", "H\u1ed9i ch\u1ee9ng th\u1eadn h\u01b0 ti\u00ean ph\u00e1t (HCTHTP) l\u00e0 nguy\u00ean nh\u00e2n th\u01b0\u1eddng g\u1eb7p nh\u1ea5t g\u00e2y protein ni\u1ec7u \u1edf tr\u1ebb em, y\u1ebfu t\u1ed1 nguy c\u01a1 ch\u00ednh d\u1eabn \u0111\u1ebfn suy gi\u1ea3m ch\u1ee9c n\u0103ng th\u1eadn [1, 2].\n", "HCTHTP th\u01b0\u1eddng r\u1ea5t c\u1ea3m th\u1ee5 v\u1edbi li\u1ec7u ph\u00e1p steroid, tuy nhi\u00ean vi\u1ec7c \u0111i\u1ec1u tr\u1ecb k\u00e9o d\u00e0i b\u1eb1ng corticoid g\u00e2y ra nhi\u1ec1u t\u00e1c d\u1ee5ng ph\u1ee5.\n", "B\u00ean c\u1ea1nh \u0111\u00f3, m\u1ed9t t\u1ec9 l\u1ec7 kh\u00f4ng nh\u1ecf (10-20% tr\u01b0\u1eddng h\u1ee3p) b\u1ec7nh nh\u00e2n m\u1eafc HCTHTP kh\u00e1ng corticoid c\u00f3 nguy c\u01a1 cao ti\u1ebfn tri\u1ec3n th\u00e0nh suy th\u1eadn giai \u0111o\u1ea1n cu\u1ed1i [3].\n", "Trong v\u00e0i n\u0103m g\u1ea7n \u0111\u00e2y, nhi\u1ec1u gen \u0111\u00e3 \u0111\u01b0\u1ee3c ch\u1ee9ng minh c\u00f3 li\u00ean quan \u0111\u1ebfn HCTHTP kh\u00e1ng corticoid, \u0111\u1eb7c bi\u1ec7t l\u00e0 c\u00e1c \u0111\u1ed9t bi\u1ebfn thu\u1ed9c gen\n", "NPHS2 m\u00e3 ho\u00e1 cho protein podocin [4, 5].\n", "Trong 89 \u0111\u1ed9t bi\u1ebfn \u0111i\u1ec3m ph\u00e1t hi\u1ec7n tr\u00ean 8 exon c\u1ee7a gen NPHS2, 56 \u0111\u1ed9t bi\u1ebfn t\u1eadp trung t\u1eeb exon 1 \u0111\u1ebfn exon 6 \u0111\u01b0\u1ee3c ch\u1ee9ng minh c\u00f3 li\u00ean quan ch\u1eb7t ch\u1ebd t\u1edbi HCTHTP [6].\n", "X\u00e1c \u0111\u1ecbnh c\u00e1c \u0111\u1ed9t bi\u1ebfn trong gen NPHS2 c\u00f3 th\u1ec3 cho ph\u00e9p c\u00e1c b\u00e1c s\u0129 l\u00e2m s\u00e0ng tr\u00e1nh c\u00e1c \u0111i\u1ec1u tr\u1ecb kh\u00f4ng c\u1ea7n thi\u1ebft b\u1eb1ng corticoid, h\u1ea1n ch\u1ebf nhi\u1ec1u bi\u1ebfn ch\u1ee9ng do thu\u1ed1c v\u00e0 gi\u1ea3m chi ph\u00ed \u0111i\u1ec1u tr\u1ecb cho b\u1ec7nh nh\u00e2n [7].\n", "Hi\u1ec7n nay, \u1edf Vi\u1ec7t Nam ch\u01b0a c\u00f3 nghi\u00ean c\u1ee9u n\u00e0o v\u1ec1 \u0111a h\u00ecnh gen NPHS2 c\u0169ng nh\u01b0 quy tr\u00ecnh ph\u00e2n t\u00edch gen n\u00e0y.\n", "T\u1eeb nhu c\u1ea7u l\u00e2m s\u00e0ng, ch\u00fang t\u00f4i ti\u1ebfn h\u00e0nh \u0111\u1ec1 t\u00e0i nghi\u00ean c\u1ee9u nh\u1eb1m x\u00e2y d\u1ef1ng quy tr\u00ecnh ph\u00e2n t\u00edch c\u00e1c \u0111\u1ed9t bi\u1ebfn n\u1eb1m trong 6 exon \u0111\u1ea7u c\u1ee7a gen NPHS2 tr\u00ean m\u1eabu m\u00e1u b\u1ec7nh nh\u00e2n m\u1eafc HCTHTP.\n"], "2": ["2.\n", "V\u1eadt li\u1ec7u v\u00e0 ph\u01b0\u01a1ng ph\u00e1p nghi\u00ean c\u1ee9u\n", "Thu th\u1eadp v\u00e0 b\u1ea3o qu\u1ea3n m\u1eabu sinh ph\u1ea9m: 149 m\u1eabu m\u00e1u to\u00e0n ph\u1ea7n l\u1ea5y t\u1eeb t\u0129nh m\u1ea1ch c\u1ee7a b\u00eanh nh\u00e2n nhi m\u1eafc h\u1ed9i ch\u1ee9ng th\u1eadn h\u01b0 thu t\u1ea1i \u0111\u00f4ng b\u1eb1ng EDTA, b\u1ea3o qu\u1ea3n \u1edf -20oC \u0111\u1ebfn khi ph\u00e2n t\u00edch gen.\n", "T\u00e1ch chi\u1ebft DNA t\u1ed5ng s\u1ed1:s\u1eed d\u1ee5ng E.Z.N.A blood DNA Mini Kit(Omega, M\u1ef9) theo quy tr\u00ecnh khuy\u1ebfn c\u00e1o c\u1ee7a h\u00e3ng.\n", "DNA t\u1ed5ng s\u1ed1\u0111\u01b0\u1ee3c ki\u1ec3m tra v\u00e0 \u0111\u00e1nh gi\u00e1 th\u00f4ng qua \u0111i\u1ec7n di tr\u00ean gel agarose v\u00e0 \u0111o OD t\u1ea1i b\u01b0\u1edbc s\u00f3ng 260 nm v\u00e0 280 nm.\n", "Thi\u1ebft k\u1ebf m\u1ed3i \u0111\u1eb7c hi\u1ec7u cho 6 exon c\u1ee7a gen\n", "NPHS2: s\u1eed d\u1ee5ng ph\u1ea7n m\u1ec1m PerlPrimer version 1.1.1, ch\u00fang t\u00f4i t\u1ef1 thi\u1ebft k\u1ebf c\u00e1c m\u1ed3i nh\u00e2n d\u00f2ng exon 2, 3 v\u00e0 4 v\u00e0 \u0111\u1eb7t t\u1ed5ng h\u1ee3p t\u1ea1i h\u00e3ng IDT (M\u1ef9).\n", "C\u00e1c c\u1eb7p m\u1ed3i d\u00f9ng cho nh\u00e2n d\u00f2ng exon 1, 5 v\u00e0 6 s\u1eed d\u1ee5ng tr\u00ecnh t\u1ef1 c\u00f4ng b\u1ed1 b\u1edfi Basiratnia n\u0103m 2013 [8].\n", "Tr\u00ecnh t\u1ef1 m\u1ed3i \u0111\u01b0\u1ee3c tr\u00ecnh b\u00e0y trong b\u1ea3ng 1.\n", "B\u1ea3ng 1.\n", "Tr\u00ecnh t\u1ef1 m\u1ed3i nh\u00e2n d\u00f2ng gen NPHS2\n", "Exon Tr\u00ecnh t\u1ef1 m\u1ed3i\n", "\u0110\u1ed9 d\u00e0i s\u1ea3n ph\u1ea9m\n", "GCA GCG ACT CCA CAG GGA\n", "CT 414 bp\n", "TCC ACC TTA TCT GAC GCC CC\n", "CTCTGACTACTCTGATTTGACTT 438 bp\n", "CTCAAATGTGAACAGGAAGCC\n", "CTA GGA TCA TTC TTA TGC CA 238 bp GAGGTCCATATTACA AAT CTG\n", "C\n", "TCC CTG TTT ATA CCTATT GTC\n", "C 475 bp\n", "CCC ATT CCC TAG ATT GCC\n", "AAA GGA GCC CAA GAA TCA\n", "AG 292 bp\n", "AAA TAT TTC AGC ATA TTG\n", "GCC\n", "GTT TAG GCA TGC TCT CCT C 228 bp GATATGGCTATAGTA CTC AGT\n", "G\n", "Nh\u00e2n d\u00f2ng 6 exon c\u1ee7a gen NPHS2 b\u1eb1ng\n", "PCR: \u0110\u1ec3 c\u00f3 quy tr\u00ecnh nh\u00e2n d\u00f2ng \u0111\u1eb7c hi\u1ec7u v\u00e0 \u1ed5n \u0111\u1ecbnh, ch\u00fang t\u00f4i x\u00e1c \u0111\u1ecbnh nhi\u1ec7t \u0111\u1ed9 g\u1eafn m\u1ed3i, n\u1ed3ng \u0111\u1ed9 DNA ho\u1ea1t \u0111\u1ed9ng t\u1ed1i \u01b0u trong ph\u1ea3n \u1ee9ng PCR s\u1eed d\u1ee5ng 0.2 mM dNTP Mix, 0,05 u/\u00b5l Pfu\n", "DNA polymerase (Thermo Scientific).\n", "Chu tr\u00ecnh nhi\u1ec7t g\u1ed3m 3 giai \u0111o\u1ea1n: bi\u1ebfn t\u00ednh ban \u0111\u1ea7u 95C trong 3 ph\u00fat; 35 chu k\u00ec: 95C trong 30 gi\u00e2y, g\u1eafn m\u1ed3i trong 30 gi\u00e2y, 72C trong 1 ph\u00fat; th\u1eddi gian k\u00e9o d\u00e0i cu\u1ed1i 72C trong 5 ph\u00fat.\n", "S\u1ea3n ph\u1ea9m PCR \u0111\u01b0\u1ee3c \u0111\u00e1nh gi\u00e1 b\u1eb1ng ph\u01b0\u01a1ng ph\u00e1p \u0111i\u1ec7n di tr\u00ean gel agarose 1,5%.\n", "X\u00e1c \u0111\u1ecbnh ki\u1ec3u gen 6 exon c\u1ee7a gen NPHS2 b\u1eb1ng gi\u1ea3i tr\u00ecnh t\u1ef1: 20 \u00b5l s\u1ea3n ph\u1ea9m \u0111\u01b0\u1ee3c g\u1eedi gi\u1ea3i tr\u00ecnh t\u1ef1 t\u1ea1i h\u00e3ng IDT (Malaysia).\n", "K\u1ebft qu\u1ea3 gi\u1ea3i tr\u00ecnh t\u1ef1 \u0111\u01b0\u1ee3c \u0111\u1ecdc b\u1eb1ng ph\u1ea7n m\u1ec1m BioEdit version 7.1.9 \u0111\u1ec3 x\u00e1c \u0111\u1ecbnh ki\u1ec3u gen c\u1ee7a m\u1ed7i b\u1ec7nh nh\u00e2n.\n", "Th\u00ed nghi\u1ec7m \u0111\u01b0\u1ee3c th\u1ef1c hi\u1ec7n tr\u00ean c\u00e1c thi\u1ebft b\u1ecb \u0111\u1ea1t ti\u00eau chu\u1ea9n t\u1ea1i Ph\u00f2ng th\u00ed nghi\u1ec7m c\u1ee7a Khoa Y\n", "D\u01b0\u1ee3c, \u0110\u1ea1i h\u1ecdc Qu\u1ed1c gia H\u00e0 N\u1ed9i.\n"], "3": ["3.\n", "K\u1ebft qu\u1ea3\n", "T\u00e1ch chi\u1ebft DNA t\u1ed5ng s\u1ed1: N\u1ed3ng \u0111\u1ed9 DNA thu t\u1eeb 149 m\u1eabu m\u00e1u dao \u0111\u1ed9ng t\u1eeb 31 - 350 ng/\u00b5l, c\u00f3 \u0111\u1ed9 tinh s\u1ea1ch cao v\u1edbi ch\u1ec9 s\u1ed1 OD260/280thu \u0111\u01b0\u1ee3c t\u1eeb 1,7 - 2,1.\n", "K\u1ebft qu\u1ea3 \u0111i\u1ec7n di tr\u00ean gel agarose cho th\u1ea5y \u0111\u00e3 thu \u0111\u01b0\u1ee3c l\u01b0\u1ee3ng DNA t\u1ed5ng s\u1ed1 \u0111\u00e1ng k\u1ec3, \u00edt b\u1ecb \u0111\u1ee9t g\u00e3y v\u1edbi b\u0103ng kh\u00e1 r\u00f5 r\u00e0ng (H\u00ecnh 1).\n", "H\u00ecnh 1.\n", "\u1ea2nh \u0111i\u1ec7n di DNA t\u1ed5ng s\u1ed1 tr\u00ean gel agarose 0,7%.\n", "L\u00e0n M: Lamda DNA/HindIII marker.\n", "L\u00e0n 01-11: m\u1eabu DNA t\u1ed5ng s\u1ed1 thu c\u1ee7a b\u00eanh nh\u00e2n c\u00f3 m\u00e3 s\u1ed1 t\u01b0\u01a1ng \u1ee9ng.\n", "Nh\u00e2n d\u00f2ng 6 exon \u0111\u1ea7u thu\u1ed9c gen NPHS2 b\u1eb1ng PCR\n", "Ch\u00fang t\u00f4i ti\u1ebfn h\u00e0nh PCR v\u1edbi 10 nhi\u1ec7t \u0111\u1ed9 dao \u0111\u1ed9ng quanh nhi\u1ec7t \u0111\u1ed9 g\u1eafn m\u1ed3i \u0111\u01b0\u1ee3c h\u00e3ng khuy\u1ebfn c\u00e1o.\n", "K\u1ebft qu\u1ea3 \u0111i\u1ec7n di \u1edf h\u00ecnh 2 cho th\u1ea5y 560C l\u00e0 nhi\u1ec7t \u0111\u1ed9 cho ph\u00e9p nh\u00e2n d\u00f2ng \u0111\u1eb7c hi\u1ec7u v\u1edbi m\u1ed9t b\u0103ng DNA hi\u1ec7n h\u00ecnh duy nh\u1ea5t cho c\u1ea3 6 exon nghi\u00ean c\u1ee9u.\n", "Ch\u00fang t\u00f4i c\u00e1c th\u1ef1c hi\u1ec7n PCR \u1edf c\u00e1c n\u1ed3ng \u0111\u1ed9\n", "DNA l\u1ea7n l\u01b0\u1ee3t l\u00e0 5,10,50,100 v\u00e0 500 ng/\u00b5l.\n", "K\u1ebft qu\u1ea3 \u0111i\u1ec7n di \u1edf h\u00ecnh 3 cho th\u1ea5y v\u1edbi n\u1ed3ng \u0111\u1ed9 DNA t\u1eeb 50-100 ng/\u00b5l ph\u1ea3n \u1ee9ng nh\u00e2n d\u00f2ng \u0111\u1eb7c hi\u1ec7u x\u1ea3y ra v\u1edbi l\u01b0\u1ee3ng s\u1ea3n ph\u1ea9m l\u1edbn th\u1ec3 hi\u1ec7n \u1edf c\u00e1c b\u0103ng DNA s\u00e1ng r\u00f5.\n", "H\u00ecnh 2.\n", "\u1ea2nh \u0111i\u1ec7n di s\u1ea3n ph\u1ea9m PCR t\u1ed1i \u01b0u nhi\u1ec7t \u0111\u1ed9 g\u1eafn m\u1ed3i tr\u00ean 6 exon NPHS2.\n", "L\u00e0n M: marker,\n", "\u0110C +: \u0111\u1ed1i ch\u1ee9ng d\u01b0\u01a1ng, \u0110C -: \u0111\u1ed1i ch\u1ee9ng \u00e2m, k\u00ed hi\u1ec7u tr\u00ean c\u00e1c gi\u1ebfng: nhi\u1ec7t \u0111\u1ed9 g\u1eafn m\u1ed3i s\u1eed d\u1ee5ng cho c\u00e1c m\u1eabu (0C).\n", "X\u00e1c \u0111\u1ecbnh ki\u1ec3u gen 6 exon \u0111\u1ea7u thu\u1ed9c gen\n", "NPHS2 b\u1eb1ng gi\u1ea3i tr\u00ecnh t\u1ef1\n", "D\u1ef1a v\u00e0o k\u1ebft qu\u1ea3 gi\u1ea3i tr\u00ecnh t\u1ef1 k\u1ebft h\u1ee3p v\u1edbi c\u01a1 s\u1edf d\u1eef li\u1ec7u tr\u00ean NCBI, ch\u00fang t\u00f4i x\u00e1c \u0111\u1ecbnh \u0111\u01b0\u1ee3c 72 SNP tr\u00ean exon 1 (c\u00e1c SNP n\u1eb1m gi\u1eefa rs144425595 v\u00e0 rs568294841), 22 SNP tr\u00ean exon 2 (c\u00e1c SNP n\u1eb1m gi\u1eefa rs574043805 v\u00e0 rs370433996), 32 SNP tr\u00ean exon 3 (c\u00e1c SNP n\u1eb1m gi\u1eefa rs778895897 v\u00e0 rs767605271), 37\n", "SNP tr\u00ean exon 4 (c\u00e1c SNP n\u1eb1m gi\u1eefa rs41267604 v\u00e0 rs577996273), 49 SNP tr\u00ean exon 5 (c\u00e1c SNP n\u1eb1m gi\u1eefa rs370260554 v\u00e0 rs766516719) v\u00e0 17 SNP tr\u00ean exon 6 (c\u00e1c SNP n\u1eb1m gi\u1eefa rs149786692 v\u00e0 rs773598807).\n", "H\u00ecnh 3.\n", "\u1ea2nh \u0111i\u1ec7n di s\u1ea3n ph\u1ea9m PCR v\u1edbi n\u1ed3ng \u0111\u1ed9 DNA kh\u00e1c nhau tr\u00ean 6 exon NPHS2.\n", "L\u00e0n M: marker, \u0110C -: \u0111\u1ed1i ch\u1ee9ng \u00e2m, k\u00ed hi\u1ec7u tr\u00ean c\u00e1c gi\u1ebfng: n\u1ed3ng \u0111\u1ed9 DNA c\u00e1c m\u1eabu (ng/\u00b5l)\n", "Ch\u00fang t\u00f4i c\u0169ng ph\u00e1t hi\u1ec7n 2 \u0111a h\u00ecnh m\u1edbi ch\u01b0a \u0111\u01b0\u1ee3c c\u00f4ng b\u1ed1: 1 b\u1ec7nh nh\u00e2n c\u00f3 ki\u1ec3u gen d\u1ecb h\u1ee3p AT \u1edf sau 4 Nu c\u1ee7a rs 772151217 tr\u00ean exon 2 v\u00e0 1 b\u1ec7nh nh\u00e2n c\u00f3 ki\u1ec3u gen TT \u1edf sau 2 Nu c\u1ee7a rs786204708 tr\u00ean exon 3.\n", "M\u1ed9t s\u1ed1 k\u1ebft qu\u1ea3 \u0111\u1ecdc ki\u1ec3u gen t\u1eeb gi\u1ea3i tr\u00ecnh t\u1ef1 c\u1ee7a m\u1ed9t s\u1ed1 m\u1eabu \u0111\u01b0\u1ee3c th\u1ec3 hi\u1ec7n trong H\u00ecnh 4.\n", "H\u00ecnh 4.\n", "M\u1ed9t s\u1ed1 \u0111a h\u00ecnh ph\u00e1t hi\u1ec7n tr\u00ean NPHS2.\n", "A.\n", "C\u00e1c ki\u1ec3u gen c\u1ee7a \u0111a h\u00ecnh rs3738423;B.\n", "\u0110\u1ed9t bi\u1ebfn m\u1edbi tr\u00ean exon 2 v\u00e0 3 4.\n", "Th\u1ea3o lu\u1eadn\n", "Hi\u1ec7n nay c\u00f3 r\u1ea5t nhi\u1ec1u c\u00e1c ph\u01b0\u01a1ng ph\u00e1p x\u00e1c \u0111\u1ecbnh c\u00e1c \u0111a h\u00ecnh di truy\u1ec1n tr\u00eanAND nh\u01b0 k\u0129 thu\u1eadt \u0111a h\u00ecnh \u0111\u1ed9 d\u00e0i \u0111o\u1ea1n c\u1eaft gi\u1edbi h\u1ea1n (Restriction fragment length polymorphism, vi\u1ebft t\u1eaft l\u00e0 RFLP), k\u0129 thu\u1eadt s\u1eed d\u1ee5ng \u0111\u1ea7u d\u00f2 ADN (DNA- probe), k\u1ef9 thu\u1eadt \u0111a h\u00ecnh c\u1ea5u t\u1ea1o s\u1ee3i \u0111\u01a1n (single strand conformational polymorphism, vi\u1ebft t\u1eaft l\u00e0 SSCP), gi\u1ea3i tr\u00ecnh t\u1ef1, s\u1eafc k\u00ed l\u1ecfng cao \u00e1p bi\u1ebfn t\u00ednh (Denaturing high performance liquid chromatography, vi\u1ebft t\u1eaft l\u00e0 DHPLC), chip ADN (SNP microarray).\n", "Tuy nhi\u00ean,gi\u1ea3i tr\u00ecnh t\u1ef1 v\u1eabn l\u00e0 ph\u01b0\u01a1ng ph\u00e1p t\u1ed1t nh\u1ea5t \u0111\u1ec3 x\u00e1c \u0111\u1ecbnh ch\u00ednh x\u00e1c c\u00f9ng l\u00fac t\u1ea5t c\u1ea3 c\u00e1c \u0111a h\u00ecnh tr\u00ean ph\u00e2n \u0111o\u1ea1n c\u1ea7n ph\u00e2n t\u00edch, ph\u00f9 h\u1ee3p cho c\u00e1c nghi\u00ean c\u1ee9u ch\u01b0a x\u00e1c \u0111\u1ecbnh \u0111\u01b0\u1ee3c \u0111a h\u00ecnh li\u00ean quan \u0111\u1ebfn b\u1ec7nh l\u00fd quan t\u00e2m.\n", "B\u00ean c\u1ea1nh \u0111\u00f3, gi\u1ea3i tr\u00ecnh t\u1ef1 x\u00e1c \u0111\u1ecbnh \u0111\u01b0\u1ee3c s\u1ef1 xu\u1ea5t hi\u1ec7n c\u1ee7a \u0111\u1ed9t bi\u1ebfn, cung c\u1ea5p d\u1eef li\u1ec7u ki\u1ec3u gen \u0111\u1ea7y \u0111\u1ee7 c\u1ee7a \u0111\u1ed1i t\u01b0\u1ee3ng tham gia nghi\u00ean c\u1ee9u.\n", "\u00c1p d\u1ee5ng ph\u00e2n t\u00edch tr\u00ean 149 b\u1ec7nh nh\u00e2n cho th\u1ea5y quy tr\u00ecnh ph\u00e2n t\u00edch gen c\u1ee7a ch\u00fang t\u00f4i c\u00f3 t\u00ednh \u1ed5n \u0111\u1ecbnh, d\u1ec5 d\u00e0ng l\u1eb7p l\u1ea1i v\u1edbi \u0111\u1ed9 ch\u00ednh x\u00e1c cao.\n", "Ph\u1ea3n \u1ee9ng nh\u00e2n d\u00f2ng gen x\u1ea3y ra v\u1edbi \u0111\u1ed9 nh\u1ea1y cao ch\u1ec9 v\u1edbi l\u01b0\u1ee3ng DNA l\u1edbn h\u01a1n 10 ng/\u00b5l (h\u00ecnh 3).\n", "Nh\u1eb1m \u0111\u01b0a quy tr\u00ecnh c\u00f3 th\u1ec3 s\u1eed d\u1ee5ng t\u1ea1i c\u00e1c ph\u00f2ng kh\u00e1m v\u00e0 c\u01a1 s\u1edf nghi\u00ean c\u1ee9u c\u00f3 thi\u1ebft b\u1ecb ph\u00f9 h\u1ee3p, ch\u00fang t\u00f4i \u0111\u00e3 c\u1ed1 g\u1eafng \u0111\u01a1n gi\u1ea3n ho\u00e1 quy tr\u00ecnh.\n", "DNA \u0111\u01b0\u1ee3c t\u00e1ch t\u1eeb m\u1eabu m\u00e1u to\u00e0n ph\u1ea7n, l\u00e0 d\u1ea1ng m\u1eabu d\u1ec5 thu th\u1eadp t\u1ea1i c\u00e1c c\u01a1 s\u1edf kh\u00e1m ch\u1eefa b\u1ec7nh.\n", "Ch\u00fang t\u00f4i c\u0169ng \u0111\u00e3 t\u1ef1 thi\u1ebft k\u1ebf m\u1ed9t s\u1ed1 c\u1eb7p m\u1ed3i \u0111\u1ec3 ph\u1ea3n \u1ee9ng nh\u00e2n d\u00f2ng gen c\u00f3 th\u1ec3 ti\u1ebfn h\u00e0nh v\u1edbi c\u00e1c \u0111i\u1ec1u ki\u1ec7n v\u1ec1 th\u00e0nh ph\u1ea7n, nhi\u1ec7t \u0111\u1ed9 d\u00f9ng chung \u0111\u01b0\u1ee3c cho vi\u1ec7c nh\u00e2n d\u00f2ng c\u1ea3 6 exon.Vi\u1ec7c t\u1ed1i \u01b0u \u0111\u01b0\u1ee3c c\u00e1c \u0111i\u1ec1u ki\u1ec7n nh\u01b0 v\u1eady c\u00f3 \u00fd ngh\u0129a quan tr\u1ecdng trong \u1ee9ng d\u1ee5ng th\u1ef1c t\u1ebf v\u00ec ti\u1ebft ki\u1ec7m \u0111\u01b0\u1ee3c th\u1eddi gian v\u00e0 c\u00f4ng s\u1ee9c thao t\u00e1c.\n", "Trong 149 b\u1ec7nh nh\u00e2n nghi\u00ean c\u1ee9u, ngo\u00e0i hai \u0111\u1ed9t bi\u1ebfn m\u1edbi n\u1eb1m tr\u00ean exon 2 v\u00e0 exon 3,ch\u00fang t\u00f4i th\u1ea5y c\u00f3 7 SNP c\u00f3 t\u00ednh \u0111a h\u00ecnh tr\u00ean exon 1 - 4 l\u00e0 rs1079292, rs758564490, rs3738423, rs200437667, rs12401711, rs12401708 v\u00e0rs528833893; exon 5,6 c\u00f3 t\u00ednh \u0111\u1ed3ng h\u00ecnh.\n", "K\u1ebft qu\u1ea3 n\u00e0y t\u01b0\u01a1ng \u0111\u1ed3ng v\u1edbi nghi\u00ean c\u1ee9u c\u1ee7a\n", "Hasan Otukesh tr\u00ean 20 b\u1ec7nh nh\u00e2n nhi m\u1eafc h\u1ed9i ch\u1ee9ng th\u1eadn h\u01b0 kh\u00e1ng corticoid t\u1ea1i B\u1ec7nh vi\u1ec7n\n", "Ali Asghar (Iran) v\u00e0 nghi\u00ean c\u1ee9u c\u1ee7a Maruyama tr\u00ean c\u1ea3 8 exon \u1edf 36 tr\u1ebb em Nh\u1eadt B\u1ea3n m\u1eafc\n", "HCTH kh\u00e1ng corticosteroid [9, 10].\n", "Nghi\u00ean c\u1ee9u v\u1ec1 HCTH kh\u00e1ng corticosteroid \u0111\u1ed1i v\u1edbi m\u1ed9t s\u1ed1 nh\u00f3m ng\u01b0\u1eddi ch\u00e2u \u00c2u cho th\u1ea5y t\u1ec9 l\u1ec7 xu\u1ea5t hi\u1ec7n \u0111\u1ed9t bi\u1ebfn gen NPHS2c\u0169ng kh\u00f4ng cao, t\u1eeb 12-19% [11-13].\n", "Quy tr\u00ecnh \u0111\u01b0\u1ee3c x\u00e2y d\u1ef1ng trong nghi\u00ean c\u1ee9u n\u00e0y s\u1ebd l\u00e0 c\u00f4ng c\u1ee5 h\u1ed7 tr\u1ee3 c\u00e1c nghi\u00ean c\u1ee9u v\u1ec1 m\u1ed1i li\u00ean quan gi\u1eefa ki\u1ec3u gen NPHS2 v\u00e0 HCTH, m\u1ed9t m\u1ea3ng nghi\u00ean c\u1ee9u v\u1eabn c\u1ea7n b\u1ed5 sung th\u00eam nhi\u1ec1u d\u1eabn li\u1ec7u v\u00e0 ho\u00e0n to\u00e0n ch\u01b0a \u0111\u01b0\u1ee3c \u0111\u00e1nh gi\u00e1 \u1edf\n", "Vi\u1ec7t Nam.\n", "Nghi\u00ean c\u1ee9u \u1edf tr\u1ebb em Ai C\u1eadp m\u1eafc\n", "HCTH kh\u00e1ng corticosteroid kh\u00f4ng c\u00f3 ti\u1ec1n s\u1eed gia \u0111\u00ecnh cho th\u1ea5y kh\u1ea3 n\u0103ng li\u00ean quan gi\u1eefa m\u1ed9t s\u1ed1 \u0111\u1ed9t bi\u1ebfn gen NPHS2\u0111\u1ebfn ti\u00ean l\u01b0\u1ee3ng k\u00e9m thu\u1eadn l\u1ee3i c\u1ee7a nh\u1eefng b\u1ec7nh nh\u00e2n n\u00e0y [14].\n", "Nghi\u00ean c\u1ee9u 484 b\u1ec7nh nh\u00e2n m\u1eafc h\u1ed9i ch\u1ee9ng th\u1eadn h\u01b0 \u1edf Nam \u1ea4n \u0110\u1ed9 ph\u00e1t hi\u1ec7n 4 \u0111\u1ed9t bi\u1ebfn NPHS2 l\u00e0 rs74315345,rs869025495,rs74315342 v\u00e0 rs74315346, ch\u1ec9 xu\u1ea5t hi\u1ec7n trong nh\u00f3m kh\u00e1ng corticoid m\u00e0 kh\u00f4ng xu\u1ea5t hi\u1ec7n trong nh\u00f3m nh\u1ea1y c\u1ea3m v\u1edbi corticoid [15].\n", "\u1ede Vi\u1ec7t Nam, ch\u00fang t\u00f4i khuy\u1ebfn ngh\u1ecb m\u1edf r\u1ed9ng th\u1ef1c hi\u1ec7n c\u00e1c nghi\u00ean c\u1ee9u ti\u1ebfp theo k\u1ebft h\u1ee3p v\u1edbi c\u00e1c d\u1eef li\u1ec7u c\u1eadn l\u00e2m s\u00e0ng v\u00e0 l\u00e2m s\u00e0ng v\u1ec1 HCTHTP \u0111\u1ec3 \u0111\u00e1nh gi\u00e1 m\u1ed1i li\u00ean quan gi\u1eefa c\u00e1c \u0111a h\u00ecnh di truy\u1ec1n NPHS2\u0111\u1ed1i v\u1edbi \u0111\u00e1p \u1ee9ng thu\u1ed1c corticoid trong \u0111i\u1ec1u tr\u1ecb HCTH.\n"], "5": ["5.\n", "K\u1ebft lu\u1eadn\n", "Ch\u00fang t\u00f4i \u0111\u00e3 x\u00e2y d\u1ef1ng \u0111\u01b0\u1ee3c quy tr\u00ecnh ph\u00e2n t\u00edch gen cho exon 1 \u0111\u1ebfn 6 thu\u1ed9c gen NPHS2 s\u1eed d\u1ee5ng m\u1eabu m\u00e1u to\u00e0n ph\u1ea7n.\n", "Quy tr\u00ecnh \u0111\u00e3 \u0111\u01b0\u1ee3c \u00e1p d\u1ee5ng th\u00e0nh c\u00f4ng tr\u00ean 149 b\u1ec7nh nh\u00e2n nhi m\u1eafc h\u1ed9i ch\u1ee9ng th\u1eadn h\u01b0 ti\u00ean ph\u00e1t.\n", "L\u1eddi c\u1ea3m \u01a1n\n", "Ch\u00fang t\u00f4i tr\u00e2n tr\u1ecdng c\u1ea3m \u01a1n s\u1ef1 t\u00e0i tr\u1ee3 c\u1ee7a\n", "QG.16.23 \u0111\u1ec3 th\u1ef1c hi\u1ec7n nghi\u00ean c\u1ee9u n\u00e0y.\n"]}, "Word count": 2104}