{"title": "Nghi\u00ean c\u1ee9u b\u00e0o ch\u1ebf vi\u00ean n\u00e9n Acid Nicotinic gi\u1ea3i ph\u00f3ng k\u00e9o d\u00e0i 24 gi\u1edd\n", "content": {"0": ["T\u00f3m t\u1eaft: Niacin (acid nicotinic) l\u00e0 m\u1ed9t vitamin r\u1ea5t d\u1ec5 tan trong n\u01b0\u1edbc, \u0111\u01b0\u1ee3c s\u1eed d\u1ee5ng \u0111\u1ec3 h\u1ea1 lipid m\u00e1u.\n", "Dang thu\u1ed1c gi\u1ea3i ph\u00f3ng k\u00e9o d\u00e0i ch\u1ee9a niacin \u0111\u01b0\u1ee3c nghi\u00ean c\u1ee9u ph\u00e1t tri\u1ec3n nh\u1eb1m \u0111\u1ea1t \u0111\u01b0\u1ee3c n\u1ed3ng \u0111\u1ed9 d\u01b0\u1ee3c ch\u1ea5t h\u1eb1ng \u0111\u1ecbnh trong m\u00e1u, gi\u1ea3m t\u00e1c d\u1ee5ng kh\u00f4ng mong mu\u1ed1n v\u00e0 t\u0103ng tu\u00e2n th\u1ee7 c\u1ee7a ng\u01b0\u1eddi b\u1ec7nh.\n", "Nghi\u00ean c\u1ee9u n\u00e0y nh\u1eb1m m\u1ee5c ti\u00eau b\u00e0o ch\u1ebf vi\u00ean n\u00e9n niacin gi\u1ea3i ph\u00f3ng k\u00e9o d\u00e0i 24 gi\u1edd d\u1ea1ng c\u1ed1t th\u00e2n n\u01b0\u1edbc v\u1edbi t\u00e1 d\u01b0\u1ee3c HPMC b\u1eb1ng ph\u01b0\u01a1ng ph\u00e1p t\u1ea1o h\u1ea1t \u01b0\u1edbt.\n", "K\u1ebft qu\u1ea3 nghi\u00ean c\u1ee9u cho th\u1ea5y, t\u1ed1c \u0111\u1ed9 gi\u1ea3i ph\u00f3ng d\u01b0\u1ee3c ch\u1ea5t t\u1eeb vi\u00ean ph\u1ee5 thu\u1ed9c v\u00e0o t\u1ef7 l\u1ec7 HPMC trong c\u00f4ng th\u1ee9c.\n", "B\u1eb1ng ph\u01b0\u01a1ng ph\u00e1p t\u1ed1i \u01b0u ho\u00e1, \u0111\u00e3 l\u1ef1a ch\u1ecdn \u0111\u01b0\u1ee3c c\u00f4ng th\u1ee9c b\u00e0o ch\u1ebf vi\u00ean niacin gi\u1ea3i ph\u00f3ng k\u00e9o d\u00e0i 24 gi\u1edd \u0111\u1ea1t \u0111\u1ed9 ho\u00e0 tan theo USP 37.\n", "Qu\u00e1 tr\u00ecnh gi\u1ea3i ph\u00f3ng d\u01b0\u1ee3c ch\u1ea5t t\u1eeb vi\u00ean nghi\u00ean c\u1ee9u theo c\u01a1 ch\u1ebf khu\u1ebfch t\u00e1n v\u00e0 tu\u00e2n theo \u0111\u1ed9ng h\u1ecdc 1.\n", "T\u1eeb kho\u00e1: Niacin, gi\u1ea3i ph\u00f3ng k\u00e9o d\u00e0i, c\u1ed1t th\u00e2n n\u01b0\u1edbc, HPMC.\n"], "1": ["1.\n", "\u0110\u1eb7t v\u1ea5n \u0111\u1ec1\n", "Niacin (acid nicotinic) l\u00e0 m\u1ed9t d\u01b0\u1ee3c ch\u1ea5t \u0111\u01b0\u1ee3c s\u1eed d\u1ee5ng \u0111\u1ec3 h\u1ea1 cholesterol m\u00e1u v\u00e0 \u0111i\u1ec1u tr\u1ecb m\u1ed9t s\u1ed1 b\u1ec7nh li\u00ean quan \u0111\u1ebfn thi\u1ebfu niacin.\n", "Niacin d\u1ec5 tan trong n\u01b0\u1edbc, h\u1ea5p thu ho\u00e0n to\u00e0n qua \u0111\u01b0\u1eddng ti\u00eau ho\u00e1, th\u1eddi gian b\u00e1n th\u1ea3i ng\u1eafn (kho\u1ea3ng 45 ph\u00fat) n\u00ean khi d\u00f9ng \u1edf d\u1ea1ng thu\u1ed1c quy \u01b0\u1edbc th\u01b0\u1eddng ph\u1ea3i d\u00f9ng nhi\u1ec1u l\u1ea7n trong ng\u00e0y, d\u1ec5 k\u00edch \u1ee9ng \u0111\u01b0\u1eddng ti\u00eau ho\u00e1 v\u00e0 hi\u1ec7u qu\u1ea3 \u0111i\u1ec1u tr\u1ecb kh\u00f4ng cao [2].\n", "Nghi\u00ean c\u1ee9u b\u00e0o ch\u1ebf d\u1ea1ng thu\u1ed1c gi\u1ea3i ph\u00f3ng k\u00e9o d\u00e0i (GPKD) ch\u1ee9a acid nicotinic \u0111\u00e3 thu h\u00fat nhi\u1ec1u nh\u00e0 khoa h\u1ecdc tr\u00ean th\u1ebf gi\u1edbi [4, 5].\n", "Tuy nhi\u00ean t\u1ea1i Vi\u1ec7t Nam, c\u00e1c nghi\u00ean c\u1ee9u b\u00e0o ch\u1ebf niacin gi\u1ea3i ph\u00f3ng k\u00e9o d\u00e0i c\u00f2n ch\u01b0a nhi\u1ec1u, d\u1ea1ng vi\u00ean n\u00e9n gi\u1ea3i ph\u00f3ng k\u00e9o d\u00e0i tr\u00ean th\u1ecb tr\u01b0\u1eddng l\u00e0 thu\u1ed1c nh\u1eadp ngo\u1ea1i v\u1edbi gi\u00e1 th\u00e0nh cao.\n", "M\u1ee5c ti\u00eau c\u1ee7a nghi\u00ean c\u1ee9u l\u00e0 thi\u1ebft k\u1ebf c\u00f4ng th\u1ee9c b\u00e0o ch\u1ebf vi\u00ean n\u00e9n acid nicotinic 500 mg GPKD 24 gi\u1edd d\u1ea1ng c\u1ed1t th\u00e2n n\u01b0\u1edbc \u0111\u1ea1t \u0111\u1ed9 ho\u00e0 tan theo ti\u00eau chu\u1ea9n USP 37.\n"], "2": ["2.\n", "Nguy\u00ean li\u1ec7u v\u00e0 ph\u01b0\u01a1ng ph\u00e1p nghi\u00ean c\u1ee9u\n", "Nguy\u00ean li\u1ec7u\n", "Acid nicotinic (Trung qu\u1ed1c, \u0111\u1ea1t TC(TC)\n", "USP), hydroxy propyl methyl cellulose (HPMC) K100M (\u0110\u1ee9c, \u0111\u1ea1t ti\u00eau chu\u1ea9n TC USP;\n", "Avicel PH102, lactose monohydrat, magnesi stearat \u0111\u1ea1t ti\u00eau chu\u1ea9n BP; c\u00e1c dung m\u00f4i v\u00e0 nguy\u00ean li\u1ec7u kh\u00e1c \u0111\u1ea1t TC D\u0110VN IV ho\u1eb7c tinh khi\u1ebft ph\u00e2n t\u00edch.\n"], "3": ["3.\n", "Ph\u01b0\u01a1ng ph\u00e1p nghi\u00ean c\u1ee9u\n", "Ph\u01b0\u01a1ng ph\u00e1p b\u1ed1 tr\u00ed th\u00ed nghi\u1ec7m\n", "Vi\u00ean n\u00e9n Acid nicotinic GPKD thi\u1ebft k\u1ebf theo h\u1ec7 c\u1ed1t th\u00e2n n\u01b0\u1edbc c\u00f3 th\u00e0nh ph\u1ea7n c\u01a1 b\u1ea3n g\u1ed3m: acid nicotinic 500 mg, HPMC K100M, Avicel\n", "PH102, lactose, magnesi stearat.\n", "B\u1ed1 tr\u00ed th\u00ed nghi\u1ec7m v\u1edbi c\u00e1c y\u1ebfu t\u1ed1 c\u1ed1 \u0111\u1ecbnh: acid nicotinic 500 mg, magnesi stearat 16 mg, kh\u1ed1i l\u01b0\u1ee3ng vi\u00ean 800 mg.\n", "C\u00e1c y\u1ebfu t\u1ed1 thay \u0111\u1ed5i: t\u1ef7 l\u1ec7 HPMC K100M, t\u1ef7 l\u1ec7 Avicel, l\u1ef1c g\u00e2y v\u1ee1 vi\u00ean (LGVV).\n", "S\u1eed d\u1ee5ng ph\u1ea7n m\u1ec1m Modde 8.0 \u0111\u1ec3 thi\u1ebft k\u1ebf th\u00ed nghi\u1ec7m v\u1edbi c\u00e1c bi\u1ebfn \u0111\u1ed9c l\u1eadp \u0111\u01b0\u1ee3c ghi \u1edf b\u1ea3ng 1.\n", "B\u1ea3ng 1.\n", "C\u00e1c bi\u1ebfn \u0111\u1ed9c l\u1eadp v\u00e0 kho\u1ea3ng bi\u1ebfn thi\u00ean\n", "M\u1ee9c bi\u1ebfn thi\u00ean\n", "C\u00e1c bi\u1ebfn \u0111\u1ed9c l\u1eadp\n", "K\u00fd hi\u1ec7u M\u1ee9c tr\u00ean (+1)\n", "M\u1ee9c c\u01a1 s\u1edf (0)\n", "M\u1ee9c d\u01b0\u1edbi (-1)\n", "Kho\u1ea3ng bi\u1ebfn thi\u00ean\n", "HPMC K100M (mg) X1 240 180 120 60\n", "LGVV (kP) X2 12 10 8 2\n", "Avicel (mg) X3 40 28 16 12\n", "C\u00e1c th\u00ed nghi\u1ec7m \u0111\u01b0\u1ee3c b\u1ed1 tr\u00ed nh\u01b0 b\u1ea3ng 2.\n", "B\u1ea3ng 2.\n", "C\u00e1c c\u00f4ng th\u1ee9c (CT) th\u1ef1c nghi\u1ec7m\n", "CT HPMC\n", "K100M (mg)\n", "Avicel\n", "PH102 (mg)\n", "Lacto se (mg)\n", "L\u1ef1c g\u00e2y v\u1ee1 vi\u00ean (kP)\n", "CT HPMC\n", "K100M (mg)\n", "Avicel\n", "PH102 (mg)\n", "Lactose (mg)\n", "L\u1ef1c g\u00e2y v\u1ee1 vi\u00ean (kP)\n", "N1 120 16 148 8 N13 160 40 84 10\n", "N2 240 16 28 8 N14 180 28 76 10\n", "N3 240 16 28 8 N15 120 16 148 12\n", "N4 120 40 124 8 N16 240 16 28 12\n", "N5 240 40 4 8 N17 120 40 124 12\n", "N6 240 40 4 8 N18 240 40 4 12\n", "N7 120 32 132 8 N19 240 40 4 12\n", "N8 160 16 108 8 N20 120 32 132 12\n", "N9 180 28 76 8 N21 200 16 68 12\n", "N10 120 16 148 10 N22 180 28 76 12\n", "N11 120 40 124 10 N23 180 28 76 12\n", "N12 240 24 20 10 N24 180 28 76 12 p\n", "Ph\u01b0\u01a1ng ph\u00e1p b\u00e0o ch\u1ebf vi\u00ean n\u00e9n acid nicotinic GPKD\n", "C\u00e1c b\u01b0\u1edbc b\u00e0o ch\u1ebf nh\u01b0 sau: Tr\u1ed9n b\u1ed9t k\u00e9p d\u01b0\u1ee3c ch\u1ea5t v\u00e0 t\u00e1 d\u01b0\u1ee3c, th\u00eam ethanol v\u1eeba \u0111\u1ee7 t\u1ea1o th\u00e0nh kh\u1ed1i \u1ea9m, \u1ee7 trong 30-45 ph\u00fat.\n", "X\u00e1t h\u1ea1t qua r\u00e2y c\u00f3 k\u00edch th\u01b0\u1edbc 1 mm.\n", "S\u1ea5y c\u1ed1m \u1edf nhi\u1ec7t \u0111\u1ed9 t\u1eeb 50-60\u00b0C \u0111\u1ebfn khi c\u00f2n \u0111\u1ed9 \u1ea9m t\u1eeb 2-3%.\n", "Tr\u1ed9n t\u00e1 d\u01b0\u1ee3c tr\u01a1n v\u00e0 d\u1eadp vi\u00ean.\n", "M\u1ed7i m\u1ebb d\u1eadp 100 vi\u00ean.\n", "Ph\u01b0\u01a1ng ph\u00e1p \u0111\u00e1nh gi\u00e1 vi\u00ean - X\u00e1c \u0111\u1ecbnh \u0111\u1ed9 c\u1ee9ng c\u1ee7a vi\u00ean: Th\u00f4ng qua \u0111o l\u1ef1c g\u00e2y v\u1ee1 vi\u00ean (LGVV) \u0110\u01b0\u1ee3c ti\u1ebfn h\u00e0nh tr\u00ean m\u00e1y \u0111o l\u1ef1c g\u00e2y v\u1ee1 vi\u00ean ERWEKA.\n", "Ti\u1ebfn h\u00e0nh \u0111o 20 vi\u00ean, t\u00ednh gi\u00e1 tr\u1ecb trung b\u00ecnh v\u00e0 \u0111\u1ed9 l\u1ec7ch chu\u1ea9n.\n", "Y\u00eau c\u1ea7u sai s\u1ed1 LGVV \u00b1 0,05 kP so v\u1edbi b\u1ea3ng b\u1ed1 tr\u00ed th\u00ed nghi\u1ec7m.\n", "- \u0110\u1ecbnh l\u01b0\u1ee3ng: B\u1eb1ng ph\u01b0\u01a1ng ph\u00e1p HPLC (H\u1ec7 th\u1ed1ng HPLC Agilent Technologies 1200\n", "Series) theo D\u01b0\u1ee3c \u0111i\u1ec3n M\u1ef9 37 [7], thay \u0111\u1ed5i \u0111\u1ec3 ph\u00f9 h\u1ee3p v\u1edbi \u0111i\u1ec1u ki\u1ec7n nghi\u00ean c\u1ee9u.\n", "\u0110i\u1ec1u ki\u1ec7n HPLC: Pha t\u0129nh: C\u1ed9t s\u1eafc k\u00fd 4,6 mm x 15 cm \u0111\u01b0\u1ee3c nh\u1ed3i pha t\u0129nh L8 (5 \u00b5m).\n", "Pha \u0111\u1ed9ng: h\u1ed7n h\u1ee3p dung d\u1ecbch methanol: n\u01b0\u1edbc v\u1edbi t\u1ef7 l\u1ec7 (75:25) \u0111i\u1ec1u ch\u1ec9nh pH 3,15 \u00b1 0,05 b\u1eb1ng acid acetic, t\u1ed1c \u0111\u1ed9 d\u00f2ng: 0,6 ml/ph\u00fat.\n", "Detector\n", "UV t\u1ea1i b\u01b0\u1edbc s\u00f3ng 260 nm.\n", "Th\u1ec3 t\u00edch ti\u00eam l\u00e0 10 \u00b5l.\n", "Th\u1eed ho\u00e0 tan: theo chuy\u00ean lu\u1eadn Niacine extended-release tablets c\u1ee7a USP 37 [7].\n", "Thi\u1ebft b\u1ecb (Erweka DT-708LH): m\u00e1y c\u00e1nh khu\u1ea5y, t\u1ed1c \u0111\u1ed9 khu\u1ea5y: 100 v\u00f2ng/ph\u00fat.\n", "M\u00f4i tr\u01b0\u1eddng ho\u00e0 tan: 900 ml n\u01b0\u1edbc c\u1ea5t, nhi\u1ec7t \u0111\u1ed9 m\u00f4i tr\u01b0\u1eddng th\u1eed: 370C \u00b10,50C.\n", "C\u00e1c th\u1eddi \u0111i\u1ec3m l\u1ea5y m\u1eabu: 1, 3, 6, 9, 12, 15, 18, 20 v\u00e0 24 gi\u1edd.\n", "\u0110\u1ecbnh l\u01b0\u1ee3ng DC trong m\u00f4i c\u00e1c \u0111i\u1ec1u ki\u1ec7n nh\u01b0 \u1edf ph\u1ea7n \u0111\u1ecbnh l\u01b0\u1ee3ng.\n", "Y\u00eau c\u1ea7u % DC gi\u1ea3i ph\u00f3ng theo USP:\n", "Th\u1eddi gian (gi\u1edd) % DC gi\u1ea3i ph\u00f3ng 1 Kh\u00f4ng l\u1edbn h\u01a1n 15 3 17 - 32 6 33 - 48 9 43 - 63 12 52 - 77 20 Kh\u00f4ng nh\u1ecf h\u01a1n 75\n", "So s\u00e1nh \u0111\u1ed3 th\u1ecb gi\u1ea3i ph\u00f3ng d\u01b0\u1ee3c ch\u1ea5t: S\u1eed d\u1ee5ng ch\u1ec9 s\u1ed1 f 2 (similarity factor) th\u1ec3 hi\u1ec7n s\u1ef1 gi\u1ed1ng nhau gi\u1eefa hai \u0111\u1ed3 th\u1ecb gi\u1ea3i ph\u00f3ng DC \u0111\u01b0\u1ee3c t\u00ednh theo c\u00f4ng th\u1ee9c: 100..\n", "1lg.50 5,0 n t tt TR n f\n", "Trong \u0111\u00f3: n: S\u1ed1 \u0111i\u1ec3m l\u1ea5y m\u1eabu.\n", "Rt: % d\u01b0\u1ee3c ch\u1ea5t ho\u00e0 tan t\u1ea1i th\u1eddi \u0111i\u1ec3m t c\u1ee7a m\u1eabu \u0111\u1ed1i chi\u1ebfu.\n", "Tt: % d\u01b0\u1ee3c ch\u1ea5t ho\u00e0 tan t\u1ea1i th\u1eddi \u0111i\u1ec3m t c\u1ee7a m\u1eabu nghi\u00ean c\u1ee9u.\n", "Theo quy \u0111\u1ecbnh c\u1ee7a FDA v\u00e0 EMEA f2[50; 100] th\u00ec 2 \u0111\u1ed3 th\u1ecb coi l\u00e0 gi\u1ed1ng nhau [6].\n", "\u0110\u00e1nh gi\u00e1 m\u00f4 h\u00ecnh \u0111\u1ed9ng h\u1ecdc gi\u1ea3i ph\u00f3ng d\u01b0\u1ee3c ch\u1ea5t th\u00f4ng qua m\u1ed9t s\u1ed1 m\u00f4 h\u00ecnh nh\u01b0 b\u1eadc kh\u00f4ng, b\u1eadc 1 (m\u00f4 h\u00ecnh Wagner), Weibull,\n", "Higuchi, Hixson-Crowell, Korsmeyer-Peppas...\n", "Trong \u0111\u00f3, m\u00f4 h\u00ecnh \u0111\u1ed9ng h\u1ecdc ph\u00f9 h\u1ee3p nh\u1ea5t v\u1edbi s\u1ef1 gi\u1ea3i ph\u00f3ng d\u01b0\u1ee3c ch\u1ea5t \u0111\u01b0\u1ee3c \u0111\u00e1nh gi\u00e1 qua ti\u00eau chu\u1ea9n AIC v\u00e0 R2 hc [3] (\u0111\u01b0\u1ee3c t\u00ednh to\u00e1n b\u1eb1ng ph\u1ea7n m\u1ec1m MathCAD 15.0).\n", "- T\u1ed1i \u01b0u ho\u00e1 c\u00f4ng th\u1ee9c: nh\u1edd s\u1ef1 tr\u1ee3 gi\u00fap ph\u1ea7n m\u1ec1m INForm 3.1.\n"], "4": ["4.\n", "K\u1ebft qu\u1ea3 nghi\u00ean c\u1ee9u 4.1.\n", "B\u00e0o ch\u1ebf v\u00e0 \u0111\u00e1nh gi\u00e1 c\u00e1c m\u1eabu vi\u00ean\n", "B\u00e0o ch\u1ebf vi\u00ean theo c\u00f4ng th\u1ee9c \u1edf b\u1ea3ng 2.\n", "M\u1ed7i c\u00f4ng th\u1ee9c b\u00e0o ch\u1ebf 100 vi\u00ean.\n", "- H\u00e0m l\u01b0\u1ee3ng d\u01b0\u1ee3c ch\u1ea5t trong c\u00e1c m\u1eabu vi\u00ean \u0111\u1ecbnh l\u01b0\u1ee3ng \u0111\u01b0\u1ee3c t\u1eeb 95,63 \u00b1 1,34 % \u0111\u1ebfn 97,93 \u00b10,73 % (n=3), \u0111\u1ea1t y\u00eau c\u1ea7u v\u1ec1 gi\u1edbi h\u1ea1n h\u00e0m l\u01b0\u1ee3ng theo D\u0110VN IV (90 % - 110%).\n", "- Th\u1eed ho\u00e0 tan c\u00e1c m\u1eabu vi\u00ean, k\u1ebft qu\u1ea3 \u0111\u01b0\u1ee3c tr\u00ecnh b\u00e0y \u1edf b\u1ea3ng 3.\n", "B\u1ea3ng 3.\n", "T\u1ef7 l\u1ec7 (%) Acid nicotinic gi\u1ea3i ph\u00f3ng theo th\u1eddi gian t\u1eeb vi\u00ean n\u00e9n Acid nicotinic GPKD (n=6, X \u00b1 SD)\n", "T\u1ef7 l\u1ec7 (%) DC gi\u1ea3i ph\u00f3ng theo th\u1eddi gian\n", "CT 1 gi\u1edd 3 gi\u1edd 6 gi\u1edd 9 gi\u1edd 12 gi\u1edd 15gi\u1edd 18gi\u1edd 20gi\u1edd 24 gi\u1edd\n", "N1 14,11 \u00b11,03 28,02 \u00b11,21 45,92 \u00b12,20 60,38 \u00b11,13 74,18 \u00b12,17 83,14 \u00b12,08 85,40 \u00b11,89 90,47 \u00b11,24 94,31 \u00b14,13\n", "N2 10,24 \u00b11,09 22,70 \u00b11,23 37,56 \u00b12,38 52,29 \u00b11,36 64,39 \u00b12,38 66,33 \u00b11,24 77,38 \u00b12,51 82,62 \u00b12,26 87,16 \u00b13,37\n", "N3 10,31 \u00b12,11 23,02 \u00b11,28 38,86 \u00b11,44 52,45 \u00b11,42 62,32 \u00b11,24 64,51 \u00b11,20 76,37 \u00b11,36 80,51 \u00b13,47 85,52 \u00b12,21\n", "N4 13,46 \u00b12,16 30,69 \u00b12,48 48,04 \u00b11,57 66,19 \u00b11,48 78,29 \u00b11,39 79,37 \u00b11,32 92,39 \u00b11,71 93,20 \u00b13,22 95,10 \u00b12,08\n", "N5 9,73 \u00b11,09 22,03 \u00b11,24 35,52 \u00b11,34 50,90 \u00b11,28 62,18 \u00b11,21 62,82 \u00b11,32 75,18 \u00b11,63 75,82 \u00b13,36 87,01 \u00b12,27\n", "N6 9,71 \u00b13,18 22,15 \u00b11,32 35,36 \u00b11,31 54,13 \u00b11,43 63,65 \u00b11,26 65,00 \u00b11,14 78,81 \u00b11,21 82,12 \u00b12,11 86,27 \u00b13,37\n", "N7 10,30 \u00b12,05 27,48 \u00b12,38 44,64 \u00b11,42 59,67 \u00b11,46 79,12 \u00b11,08 81,22 \u00b12,21 95,38 \u00b11,55 95,79 \u00b12,26 97,05 \u00b11,19\n", "N8 11,73 \u00b11,12 26,76 \u00b12,34 42,75 \u00b12,42 61,84 \u00b12,58 72,03 \u00b11,31 72,90 \u00b11,23 86,56 \u00b11,39 89,38 \u00b12,14 93,87 \u00b13,41\n", "N9 10,41 \u00b12,06 24,37 \u00b11,12 41,68 \u00b11,16 54,42 \u00b12,65 67,13 \u00b11,31 75,49 \u00b11,31 80,37 \u00b11,52 86,14 \u00b12,54 92,17 \u00b12,35\n", "N10 11,91 \u00b11,06 27,98 \u00b11,12 45,72 \u00b11,24 60,70 \u00b11,41 76,54 \u00b11,20 84,86 \u00b11,45 85,95 \u00b11,41 92,17 \u00b13,36 94,93 \u00b12,51\n", "N11 10,40 \u00b13,03 23,83 \u00b13,11 39,32 \u00b12,26 53,23 \u00b11,12 68,34 \u00b11,28 79,06 \u00b11,29 84,64 \u00b12,27 93,84 \u00b13,18 97,24 \u00b12,26\n", "N12 9,45 \u00b12,02 22,45 \u00b11,51 35,41 \u00b11,18 47,78 \u00b11,08 59,26 \u00b11,25 67,32 \u00b11,40 71,84 \u00b12,27 80,12 \u00b13,14 86,28 \u00b12,27\n", "N13 11,33 \u00b11,06 25,70 \u00b11,23 41,29 \u00b11,31 54,13 \u00b12,06 68,81 \u00b12,30 77,13 \u00b12,47 78,09 \u00b12,15 88,16 \u00b12,31 93,53 \u00b11,31\n", "N14 10,97 \u00b12,04 24,88 \u00b11,12 37,55 \u00b12,30 52,34 \u00b12,33 68,70 \u00b12,32 77,72 \u00b11,15 80,31 \u00b11,20 89,47 \u00b11,29 94,84 \u00b12,43\n", "N15 11,08 \u00b12,03 20,98 \u00b12,16 34,67 \u00b11,18 46,67 \u00b11,31 59,93 \u00b11,39 68,93 \u00b11,29 74,43 \u00b12,16 81,36 \u00b11,34 91,72 \u00b11,30\n", "N16 8,26 \u00b12,03 16,52 \u00b12,08 27,76 \u00b12,12 36,51 \u00b13,20 45,72 \u00b11,28 52,61 \u00b11,27 57,84 \u00b12,16 64,26 \u00b11,25 73,12 \u00b11,08\n", "N17 11,24 \u00b12,02 23,38 \u00b11,15 39,08 \u00b12,20 50,94 \u00b11,27 64,06 \u00b11,21 75,99 \u00b12,27 80,94 \u00b11,25 89,85 \u00b11,18 93,69 \u00b12,08\n", "N18 7,55 \u00b11,03 16,12 \u00b12,05 23,85 \u00b12,03 32,87 \u00b11,11 37,38 \u00b11,17 54,89 \u00b11,22 64,82 \u00b11,20 67,60 \u00b12,17 74,35 \u00b13,18\n", "N19 7,75 \u00b13,05 15,06 \u00b12,04 23,98 \u00b11,09 33,53 \u00b11,19 36,86 \u00b11,43 53,53 \u00b11,30 73,05 \u00b11,22 81,77 \u00b12,46 91,68 \u00b13,18\n", "N20 12,13 \u00b13,07 26,89 \u00b11,13 42,22 \u00b13,25 62,64 \u00b11,36 68,37 \u00b11,22 79,17 \u00b11,11 86,12 \u00b11,17 95,50 \u00b12,20 102,12 \u00b13,62\n", "N21 12,56 \u00b12,03 25,74 \u00b11,07 43,00 \u00b13,10 54,49 \u00b12,17 67,70 \u00b11,46 79,04 \u00b11,26 80,87 \u00b12,20 89,08 \u00b12,12 90,30 \u00b12,05\n", "N22 9,84 \u00b11,03 19,76 \u00b12,06 32,87 \u00b12,08 43,94 \u00b12,18 54,99 \u00b11,22 66,02 \u00b11,16 70,99 \u00b11,08 79,76 \u00b11,08 89,60 \u00b12,11\n", "N23 9,16 \u00b13,02 19,10 \u00b13.09 32,10 \u00b12,05 41,61 \u00b11,12 53,01 \u00b11,05 62,18 \u00b12,14 67,49 \u00b12,17 75,64 \u00b13,29 86,42 \u00b12,18\n", "N24 9,62 \u00b12,02 18,94 \u00b12,08 31,73 \u00b12,03 41,53 \u00b11,06 52,83 \u00b12,13 62,40 \u00b12,08 66,75 \u00b12,18 75,32 \u00b13,43 84,66 \u00b13,08 k\n", "Nh\u1eadn x\u00e9t: t\u1ea5t c\u1ea3 24 c\u00f4ng th\u1ee9c th\u1ef1c nghi\u1ec7m \u0111\u1ec1u c\u00f3 kh\u1ea3 n\u0103ng k\u00e9o d\u00e0i qu\u00e1 tr\u00ecnh gi\u1ea3i ph\u00f3ng acid nicotinic.\n", "Tuy nhi\u00ean, t\u1ed1c \u0111\u1ed9 gi\u1ea3i ph\u00f3ng d\u01b0\u1ee3c ch\u1ea5t t\u1eeb c\u00e1c c\u00f4ng th\u1ee9c l\u00e0 kh\u00e1c nhau do h\u00e0m l\u01b0\u1ee3ng c\u00e1c lo\u1ea1i t\u00e1 d\u01b0\u1ee3c v\u00e0 \u0111\u1ed9 c\u1ee9ng vi\u00ean l\u00e0 kh\u00e1c nhau.\n", "\u0110\u00e1nh gi\u00e1 \u1ea3nh h\u01b0\u1edfng c\u1ee7a bi\u1ebfn \u0111\u1ed9c l\u1eadp t\u1edbi t\u1ed1c \u0111\u1ed9 gi\u1ea3i ph\u00f3ng d\u01b0\u1ee3c ch\u1ea5t (bi\u1ebfn ph\u1ee5 thu\u1ed9c) d\u1ef1a v\u00e0o ph\u1ea7n m\u1ec1m INForm 3.1 v\u1edbi y\u00eau c\u1ea7u \u0111\u1eb7t ra l\u00e0 h\u1ec7 s\u1ed1 t\u01b0\u01a1ng quan R2 luy\u1ec7n v\u00e0 R2 th\u1eed t\u1eeb 80 - 100 (s\u1ed1 l\u1edbp \u1ea9n 1; s\u1ed1 n\u00fat trong l\u1edbp \u1ea9n 2; thu\u1eadt to\u00e1n lan truy\u1ec1n ng\u01b0\u1ee3c RPROP).\n", "K\u1ebft qu\u1ea3 luy\u1ec7n c\u1ee7a c\u00e1c c\u00f4ng th\u1ee9c th\u1ec3 hi\u1ec7n \u1edf b\u1ea3ng sau:\n", "B\u1ea3ng 4.\n", "K\u1ebft qu\u1ea3 R2 luy\u1ec7n v\u00e0 R2 th\u1eed c\u1ee7a c\u00f4ng th\u1ee9c\n", "Y1 Y3 Y6 Y9 Y12 Y15 Y18 Y20 Y24\n", "R2 luy\u1ec7n 79,46 86,80 90,62 89,35 94,67 91,41 90,52 81,82 75,44\n", "R2 th\u1eed 100 100 100 100 100 100 100 100 100 4.2.\n", "\u0110\u00e1nh gi\u00e1 \u1ea3nh h\u01b0\u1edfng c\u1ee7a c\u00e1c bi\u1ebfn \u0111\u1ed9c l\u1eadp \u0111\u1ebfn bi\u1ebfn ph\u1ee5 thu\u1ed9c - HPMC K100M: H\u00e0m l\u01b0\u1ee3ng HPMC\n", "K100M c\u00e0ng t\u0103ng th\u00ec t\u1ef7 l\u1ec7 gi\u1ea3i ph\u00f3ng DC c\u00e0ng gi\u1ea3m, v\u00ec HPMC l\u00e0 polyme th\u00e2n n\u01b0\u1edbc c\u00f3 \u0111\u1ed9 nh\u1edbt cao (100 000 cP), khi t\u1ef7 l\u1ec7 cao trong vi\u00ean, kh\u1ea3 n\u0103ng h\u00fat n\u01b0\u1edbc t\u1ea1o l\u1edbp gel d\u00e0y \u0111\u1eb7c s\u1ebd l\u00e0m ch\u1eadm s\u1ef1 gi\u1ea3i ph\u00f3ng DC ra m\u00f4i tr\u01b0\u1eddng ho\u00e0 tan.\n", "K\u1ebft qu\u1ea3 \u0111\u01b0\u1ee3c bi\u1ec3u di\u1ec5n \u1edf h\u00ecnh 1 v\u00e0 2.\n", "H\u00ecnh 1.\n", "\u0110\u1ed3 th\u1ecb bi\u1ec3u di\u1ec5n t\u1ef7 l\u1ec7 (%) Acid nicotinic gi\u1ea3i ph\u00f3ng theo th\u1eddi gian t\u1eeb c\u00e1c vi\u00ean b\u00e0o ch\u1ebf theo CT\n", "N10, N12 v\u00e0 N14.\n", "H\u00ecnh 2.\n", "M\u1eb7t \u0111\u00e1p Y6 theo HPMC K100M v\u00e0 \u0111\u1ed9 c\u1ee9ng vi\u00ean (Avicel t\u1ea1i t\u00e2m = 28 mg).\n", "Khi t\u0103ng \u0111\u1ed3ng th\u1eddi kh\u1ed1i l\u01b0\u1ee3ng c\u1ee7a HPMC\n", "K100M t\u1eeb 120 mg \u0111\u1ebfn 240 mg v\u00e0 \u0111\u1ed9 c\u1ee9ng t\u1eeb 8 \u0111\u1ebfn 12 kP th\u00ec t\u1ef7 l\u1ec7 (%) DC gi\u1ea3i ph\u00f3ng gi\u1ea3m (h\u00ecnh 2).\n", "Khi t\u0103ng \u0111\u1ed3ng th\u1eddi kh\u1ed1i l\u01b0\u1ee3ng c\u1ee7a\n", "Avicel t\u1eeb 16 mg \u0111\u1ebfn 40 mg v\u00e0 \u0111\u1ed9 c\u1ee9ng t\u1eeb 8 \u0111\u1ebfn 12 kP th\u00ec t\u1ef7 l\u1ec7 (%) DC gi\u1ea3i ph\u00f3ng gi\u1ea3m xu\u1ed1ng (h\u00ecnh 3).\n", "H\u00ecnh 3.\n", "M\u1eb7t \u0111\u00e1p Y6 theo Avicel v\u00e0 \u0111\u1ed9 c\u1ee9ng vi\u00ean (HPMC t\u1ea1i t\u00e2m 180 mg).\n", "Avicel l\u00e0 t\u00e1 d\u01b0\u1ee3c \u0111\u1ed9n, c\u00f3 kh\u1ea3 n\u0103ng l\u00e0m vi\u00ean ch\u1eafc, m\u1eb7c d\u00f9 c\u00f3 kh\u1ea3 n\u0103ng tr\u01b0\u01a1ng n\u1edf nh\u01b0ng do\n", "HPMC c\u00f3 \u0111\u1ed9 nh\u1edbt r\u1ea5t cao n\u00ean t\u00e1c \u0111\u1ed9ng c\u1ee7a t\u00e1 d\u01b0\u1ee3c n\u00e0y \u0111\u1ebfn gi\u1ea3i ph\u00f3ng DC kh\u00f4ng r\u00f5 r\u1ec7t.\n", "Trong c\u00e1c c\u00f4ng th\u1ee9c nghi\u00ean c\u1ee9u, lactose l\u00e0m t\u00e1 d\u01b0\u1ee3c \u0111\u1ed9n \u0111\u1ec3 v\u1eeba \u0111\u1ee7 kh\u1ed1i l\u01b0\u1ee3ng vi\u00ean, h\u1ea7u nh\u01b0 kh\u00f4ng \u1ea3nh h\u01b0\u1edfng \u0111\u1ebfn gi\u1ea3i ph\u00f3ng d\u01b0\u1ee3c ch\u1ea5t.\n", "\u0110\u1ed1i v\u1edbi vi\u00ean n\u00e9n, l\u1ef1c n\u00e9n \u1ea3nh h\u01b0\u1edfng \u0111\u1ebfn h\u1ec7 th\u1ed1ng vi mao qu\u1ea3n do \u0111\u00f3 c\u00f3 th\u1ec3 \u1ea3nh h\u01b0\u1edfng t\u1edbi qu\u00e1 tr\u00ecnh h\u00fat n\u01b0\u1edbc v\u00e0 r\u00e3.\n", "Tuy nhi\u00ean \u0111\u1ed1i v\u1edbi h\u1ec7 c\u1ed1t th\u00e2n n\u01b0\u1edbc s\u1eed d\u1ee5ng polyme c\u00f3 \u0111\u1ed9 nh\u1edbt cao, qu\u00e1 tr\u00ecnh h\u00fat n\u01b0\u1edbc ch\u1ee7 y\u1ebfu ph\u1ee5 thu\u1ed9c v\u00e0o t\u1ed1c \u0111\u1ed9 tr\u01b0\u01a1ng n\u1edf c\u1ee7a t\u00e1 d\u01b0\u1ee3c v\u00e0 do h\u00e0ng r\u00e0o gel d\u00e0y \u0111\u1eb7c, qu\u00e1 tr\u00ecnh gi\u1ea3i ph\u00f3ng d\u01b0\u1ee3c ch\u1ea5t x\u1ea3y ra theo c\u01a1 ch\u1ebf khu\u1ebfch t\u00e1n.\n", "4.3.\n", "T\u1ed1i \u01b0u ho\u00e1 c\u00f4ng th\u1ee9c b\u00e0o ch\u1ebf:\n", "T\u1eeb c\u00e1c s\u1ed1 li\u1ec7u th\u1ef1c nghi\u1ec7m, c\u00f4ng th\u1ee9c t\u1ed1i \u01b0u t\u00ecm \u0111\u01b0\u1ee3c c\u00e1c gi\u00e1 tr\u1ecb X1 = 180 mg; X2 = 10 kP; X3 = 24 mg\n", "Ti\u1ebfn h\u00e0nh b\u00e0o ch\u1ebf theo c\u00f4ng th\u1ee9c t\u1ed1i \u01b0u v\u00e0 \u0111\u00e1nh gi\u00e1 \u0111\u1ed9 ho\u00e0 tan, so s\u00e1nh v\u1edbi s\u1ed1 li\u1ec7u d\u1ef1 \u0111o\u00e1n.\n", "K\u1ebft qu\u1ea3 th\u1ec3 hi\u1ec7n \u1edf b\u1ea3ng 5.\n", "B\u1ea3ng 5.\n", "T\u1ef7 l\u1ec7 (%) Acid nicotinic gi\u1ea3i ph\u00f3ng theo th\u1eddi gian t\u1eeb vi\u00ean n\u00e9n acid nicotinic GPKD (n=12, X\u00b1 SD )\n", "Th\u1eddi gian (gi\u1edd)\n", "M\u1eabu 1 3 6 9 12 15 18 20 24\n", "CT t\u1ed1i \u01b0u 12,73 \u00b1 2,02 25,75 \u00b1 1,09 42,53 \u00b1 2,06 54,64 \u00b1 3,04 68,75 \u00b1 1,79 78,32 \u00b1 1,63 84,86 \u00b1 2,62 88,20 \u00b1 1,59 94,89 \u00b1 2,54\n", "D\u1ef1 \u0111o\u00e1n c\u1ee7a\n", "INform 12,09 29,02 39,40 51,72 65,71 78,90 86,77 92,52 96,07\n", "USP 37 < 15 17-32 33-48 43-63 52-77 > 75 o\n", "Nh\u1eadn x\u00e9t: T\u1ef7 l\u1ec7 ph\u1ea7n tr\u0103m gi\u1ea3i ph\u00f3ng d\u01b0\u1ee3c ch\u1ea5t t\u1ea1i c\u00e1c th\u1eddi \u0111i\u1ec3m tho\u1ea3 m\u00e3n y\u00eau c\u1ea7u c\u1ee7a b\u00e0i to\u00e1n t\u1ed1i \u01b0u v\u00e0 y\u00eau c\u1ea7u c\u1ee7a USP 37.\n", "Ch\u1ec9 s\u1ed1 f2 so s\u00e1nh \u0111\u1ed3 th\u1ecb ho\u00e0 tan c\u1ee7a vi\u00ean n\u00e9n acid nicotinic\n", "GPKD b\u00e0o ch\u1ebf theo c\u00f4ng th\u1ee9c t\u1ed1i \u01b0u v\u00e0 d\u1ef1 \u0111o\u00e1n l\u00e0 76,26 (n\u1eb1m trong kho\u1ea3ng 50-100).\n", "\u0110\u00e1nh gi\u00e1 \u0111\u1ed9ng h\u1ecdc gi\u1ea3i ph\u00f3ng c\u1ee7a vi\u00ean acid nicotinic GPKD b\u00e0o ch\u1ebf theo c\u00f4ng th\u1ee9c t\u1ed1i \u01b0u, so s\u00e1nh v\u1edbi c\u00e1c m\u00f4 h\u00ecnh kh\u00e1c \u0111\u01b0\u1ee3c tr\u00ecnh b\u00e0y \u1edf b\u1ea3ng 6 v\u00e0 h\u00ecnh 4.\n", "M\u00f4 h\u00ecnh b\u1eadc 1 (Wagner) c\u00f3 gi\u00e1 tr\u1ecb AIC l\u00e0 nh\u1ecf nh\u1ea5t v\u00e0 R2 hc l\u00e0 l\u1edbn nh\u1ea5t (AIC = 43,696 v\u00e0\n", "R2 hc = 0,996), ph\u00f9 h\u1ee3p h\u01a1n c\u1ea3 \u0111\u1ec3 gi\u1ea3i th\u00edch c\u01a1 ch\u1ebf gi\u1ea3i ph\u00f3ng DC t\u1eeb vi\u00ean.\n", "\u0110\u00e2y l\u00e0 m\u00f4 h\u00ecnh \u0111\u1eb7c tr\u01b0ng cho DC d\u1ec5 tan trong n\u01b0\u1edbc b\u00e0o ch\u1ebf v\u1edbi c\u1ed1t th\u00e2n n\u01b0\u1edbc c\u00f3 qu\u00e1 tr\u00ecnh gi\u1ea3i ph\u00f3ng DC theo c\u01a1 ch\u1ebf kh\u1ebfch t\u00e1n qua l\u1edbp gel tr\u01b0\u01a1ng n\u1edf c\u1ee7a t\u00e1 d\u01b0\u1ee3c\n", "HPMC (H\u00ecnh 4).\n", "B\u1ea3ng 6.\n", "Gi\u00e1 tr\u1ecb AIC v\u00e0 R2 hc theo t\u1eebng m\u00f4 h\u00ecnh \u0111\u1ed9ng h\u1ecdc c\u1ee7a c\u00f4ng th\u1ee9c t\u1ed1i \u01b0u\n", "B\u1eadc 0 Wagner Weibull Higuchi Hixson crowell Korsmeyer peppas Hopfenberg Quadratic\n", "AIC 79,28 43,69 45,695 60,048 52,463 58,774 45,695 54,608\n", "R2 hc 0,917 0,996 0,996 0,984 0,992 0,987 0,996 0,991 j\n", "H\u00ecnh 4.\n", "\u0110\u1ed3 th\u1ecb bi\u1ec3u di\u1ec5n t\u1ef7 l\u1ec7 (%) d\u01b0\u1ee3c ch\u1ea5t gi\u1ea3i ph\u00f3ng t\u1eeb c\u00f4ng th\u1ee9c t\u1ed1i \u01b0u theo m\u00f4 h\u00ecnh Wagner (b\u1eadc 1) [6].\n", "4.4.\n", "B\u00e0n lu\u1eadn\n", "D\u1ea1ng c\u1ed1t th\u00e2n n\u01b0\u1edbc l\u00e0 m\u1ed9t trong c\u00e1c h\u1ec7 ki\u1ec3m so\u00e1t gi\u1ea3i ph\u00f3ng d\u01b0\u1ee3c ch\u1ea5t k\u00e9o d\u00e0i \u0111\u01b0\u1ee3c quan t\u00e2m nghi\u00ean c\u1ee9u nhi\u1ec1u trong nh\u1eefng n\u0103m g\u1ea7n \u0111\u00e2y [5].\n", "C\u1ed1t th\u00e2n n\u01b0\u1edbc s\u1eed d\u1ee5ng t\u00e1 d\u01b0\u1ee3c\n", "HPMC c\u00f3 nhi\u1ec1u \u01b0u \u0111i\u1ec3m nh\u01b0 d\u1ec5 b\u00e0o ch\u1ebf vi\u00ean n\u00e9n do ch\u1ecbu n\u00e9n v\u00e0 tr\u01a1n ch\u1ea3y t\u1ed1t; c\u00f3 \u0111\u1ed9 nh\u1edbt x\u00e1c \u0111\u1ecbnh; t\u01b0\u01a1ng h\u1ee3p t\u1ed1t v\u1edbi nhi\u1ec1u d\u01b0\u1ee3c ch\u1ea5t v\u00e0 t\u00e1 d\u01b0\u1ee3c kh\u00e1c.\n", "Vi\u1ec7c s\u1eed d\u1ee5ng HPMC K100M cho vi\u00ean n\u00e9n acid nicotinic gi\u1ea3i ph\u00f3ng k\u00e9o d\u00e0i 24 gi\u1edd l\u00e0 ph\u00f9 h\u1ee3p do niacin l\u00e0 d\u01b0\u1ee3c ch\u1ea5t d\u1ec5 tan trong n\u01b0\u1edbc, h\u00e0m l\u01b0\u1ee3ng cao, th\u1eddi gian gi\u1ea3i ph\u00f3ng DC c\u1ea7n k\u00e9o d\u00e0i [5].\n", "Ph\u01b0\u01a1ng ph\u00e1p b\u1ed1 tr\u00ed th\u00ed nghi\u1ec7m v\u00e0 t\u1ed1i \u01b0u ho\u00e1 c\u00f4ng th\u1ee9c s\u1eed d\u1ee5ng trong nghi\u00ean c\u1ee9u cho ph\u00e9p th\u1ed1ng k\u00ea c\u00e1c xu h\u01b0\u1edbng \u1ea3nh h\u01b0\u1edfng, ti\u1ebft ki\u1ec7m s\u1ed1 l\u01b0\u1ee3ng th\u1ef1c nghi\u1ec7m v\u00e0 d\u1ef1 \u0111o\u00e1n \u0111\u01b0\u1ee3c c\u00f4ng th\u1ee9c t\u1ed1i \u01b0u s\u00e1t v\u1edbi th\u1ef1c nghi\u1ec7m.\n", "M\u00f4 h\u00ecnh gi\u1ea3i ph\u00f3ng d\u01b0\u1ee3c ch\u1ea5t t\u1eeb vi\u00ean tu\u00e2n theo m\u00f4 h\u00ecnh \u0111\u1ed9ng h\u1ecdc b\u1eadc 1, n\u1eb1m trong gi\u1edbi h\u1ea1n \u0111\u1ed9 ho\u00e0 tan theo USP, ph\u00f9 h\u1ee3p v\u1edbi c\u01a1 ch\u1ebf kh\u1ebfch t\u00e1n d\u01b0\u1ee3c ch\u1ea5t x\u1ea3y ra \u0111\u1ed3ng th\u1eddi v\u1edbi qu\u00e1 tr\u00ecnh h\u00fat n\u01b0\u1edbc tr\u01b0\u01a1ng n\u1edf gel HPMC.\n", "K\u1ebft qu\u1ea3 ph\u00e2n t\u00edch \u0111\u1ed9ng h\u1ecdc gi\u1ea3i ph\u00f3ng d\u01b0\u1ee3c ch\u1ea5t c\u00f2n gi\u00fap d\u1ef1 \u0111o\u00e1n \u0111\u1ed9 ho\u00e0 tan li\u00ean quan t\u1edbi l\u1ef1a ch\u1ecdn t\u00e1 d\u01b0\u1ee3c ph\u00f9 h\u1ee3p v\u1edbi \u0111\u1ed9 tan c\u1ee7a m\u1ed7i d\u01b0\u1ee3c ch\u1ea5t, nh\u1eb1m \u1ee9ng d\u1ee5ng cho c\u00e1c nghi\u00ean c\u1ee9u s\u00e2u h\u01a1n v\u1ec1 m\u1ed1i t\u01b0\u01a1ng quan SKD in vitro- in vivo sau n\u00e0y.\n"], "5": ["5.\n", "K\u1ebft lu\u1eadn\n", "\u0110\u00e3 x\u00e2y d\u1ef1ng \u0111\u01b0\u1ee3c c\u00f4ng th\u1ee9c vi\u00ean n\u00e9n acid nicotinic 500 mg GPKD 24 gi\u1edd b\u00e0o ch\u1ebf b\u1eb1ng ph\u01b0\u01a1ng ph\u00e1p t\u1ea1o h\u1ea1t \u01b0\u1edbt \u1edf qui m\u00f4 ph\u00f2ng th\u00ed nghi\u1ec7m.\n", "Vi\u00ean b\u00e0o ch\u1ebf v\u1edbi c\u00f4ng th\u1ee9c l\u1ef1a ch\u1ecdn c\u00f3 \u0111\u1ed9 ho\u00e0 tan \u0111\u1ea1t ti\u00eau chu\u1ea9n USP37 v\u00e0 gi\u1ed1ng v\u1edbi d\u1ef1 \u0111o\u00e1n t\u1eeb m\u00f4 h\u00ecnh.\n", "Qu\u00e1 tr\u00ecnh gi\u1ea3i ph\u00f3ng\n", "DC t\u1eeb vi\u00ean \u0111\u01b0\u1ee3c ki\u1ec3m so\u00e1t b\u1edfi polyme th\u00e2n n\u01b0\u1edbc c\u00f3 \u0111\u1ed9 nh\u1edbt cao theo c\u01a1 ch\u1ebf kh\u1ebfch t\u00e1n DC v\u00e0 tu\u00e2n theo \u0111\u1ed9ng h\u1ecdc b\u1eadc 1.\n", "V\u1edbi c\u00f4ng th\u1ee9c l\u1ef1a ch\u1ecdn c\u00f3 th\u1ec3 \u00e1p d\u1ee5ng \u0111\u1ec3 n\u00e2ng c\u1ea5p qui tr\u00ecnh b\u00e0o ch\u1ebf \u1edf qui m\u00f4 l\u1edbn h\u01a1n nh\u1eb1m \u00e1p d\u1ee5ng v\u00e0o th\u1ef1c ti\u1ec5n.\n"]}, "Word count": 3100}