{"title": "Hai h\u1ee3p ch\u1ea5t alcaloid ph\u00e2n l\u1eadp t\u1eeb c\u00e2y D\u00e2y \u0111au x\u01b0\u01a1ng (Tinospora sinensis (Lour.) Merr) tr\u1ed3ng t\u1ea1i t\u1ec9nh V\u0129nh Ph\u00fac\n", "content": {"0": ["T\u00f3m t\u1eaft: C\u00e2y d\u00e2y \u0111au x\u01b0\u01a1ng (Tinospora sinensis (Lour.) Merr) \u0111\u01b0\u1ee3c tr\u1ed3ng\u1edf V\u0129nh ph\u00fac l\u00e0 m\u1ed9t trong nh\u1eefng c\u00e2y thu\u1ed1c ph\u1ed5 bi\u1ebfn v\u00e0 c\u00f3 gi\u00e1 tr\u1ecb s\u1eed d\u1ee5ng cao trong \u0111\u1eddi s\u1ed1ng.\n", "Trong ch\u01b0\u01a1ng tr\u00ecnh nghi\u00ean c\u1ee9u v\u00e0 ph\u00e1t tri\u1ec3n d\u01b0\u1ee3c li\u1ec7u, tr\u00ean c\u01a1 s\u1edf s\u1eed d\u1ee5ng c\u00e1c ph\u01b0\u01a1ng ph\u00e1p s\u1eafc k\u00ed \u0111\u00e3 ph\u00e2n l\u1eadp \u0111\u01b0\u1ee3c hai h\u1ee3p ch\u1ea5t t\u1eeb c\u00e2y d\u00e2y \u0111au x\u01b0\u01a1ng thu h\u00e1i \u1edf V\u0129nh Ph\u00fac.\n", "C\u00e2u tr\u00fac ho\u00e1 h\u1ecdc c\u1ee7a hai h\u1ee3p ch\u1ea5t n\u00e0y \u0111\u01b0\u1ee3c x\u00e1c \u0111\u1ecbnh l\u00e0decarin (1) v\u00e0 iwamid (2) d\u1ef1a tr\u00ean c\u00e1c d\u1eef li\u1ec7u ph\u1ed5 kh\u1ed1i l\u01b0\u1ee3ng v\u00e0 c\u1ed9ng h\u01b0\u1edfng t\u1eeb h\u1ea1t nh\u00e2n k\u1ebft h\u1ee3p so s\u00e1nh v\u1edbi d\u1eef li\u1ec7u ph\u1ed5 \u0111\u01b0\u1ee3c c\u00f4ng b\u1ed1 trong t\u00e0i li\u1ec7u tham kh\u1ea3o.\n", "\u0110\u00e2y l\u00e0 c\u00f4ng b\u1ed1 \u0111\u1ea7u ti\u00ean v\u1ec1 th\u00e0nh ph\u1ea7nbenzophenanthridine c\u1ee7a c\u00e2y d\u00e2y \u0111au x\u01b0\u01a1ng tr\u1ed3ng \u1edf Vi\u1ec7t Nam.\n", "T\u1eeb kho\u00e1: D\u00e2y \u0111au x\u01b0\u01a1ng, Tinospora sinensis, decarin, iwamid.\n"], "1": ["1.\n", "\u0110\u1eb7t v\u1ea5n \u0111\u1ec1\n", "C\u00e2y D\u00e2y \u0111au x\u01b0\u01a1ng (Tinospora sinensis (Lour.) Merr), c\u00f2n \u0111\u01b0\u1ee3c g\u1ecdi l\u00e0 khoan c\u00e2n \u0111\u1eb1ng, l\u00e0 lo\u00e0i th\u1ef1c v\u1eadt s\u1ed1ng l\u00e2u n\u0103m thu\u1ed9c h\u1ecd ti\u1ebft d\u00ea\n", "Menispermaceae [1].\n", "\u1ede Vi\u1ec7t Nam, c\u00e2y m\u1ecdc nhi\u1ec1u \u1edf v\u00f9ng T\u00e2y b\u1eafc, m\u1ecdc hoang kh\u1eafp n\u01a1i \u1edf mi\u1ec1n n\u00fai c\u0169ng nh\u01b0 c\u00e1c \u0111\u1ed3ng b\u1eb1ng [1].\n", "Trong y h\u1ecdc c\u1ed5 truy\u1ec1n, th\u00e2n c\u00e2y d\u00e2y \u0111au x\u01b0\u01a1ng \u0111\u01b0\u1ee3c s\u1eed d\u1ee5ng ch\u1eefa s\u1ed1t, phong th\u1ea5p, ch\u1ee9ng \u0111au nh\u1ee9c g\u00e2n c\u1ed1t, \u0111au d\u00e2y th\u1ea7n kinh h\u00f4ng, \u0111\u00f2n ng\u00e3 t\u1ed5n th\u01b0\u01a1ng v\u00e0 \u0111\u1ec3 b\u1ed3i b\u1ed5 s\u1ee9c kho\u1ebb.\n", "L\u00e1 t\u01b0\u01a1i c\u0169ng d\u00f9ng \u0111\u1eafp ch\u1ed7 \u0111au nh\u1ee9c trong g\u00e2n c\u1ed1t v\u00e0 tr\u1ecb r\u1eafn c\u1eafn [2].\n", "C\u00e1c nghi\u00ean c\u1ee9u khoa h\u1ecdc hi\u1ec7n \u0111\u1ea1i \u0111\u00e3 ch\u1ee9ng minh d\u00e2y \u0111au x\u01b0\u01a1ng c\u00f3 t\u00e1c d\u1ee5ng trong s\u1ed1t r\u00e9t, h\u1ea1 s\u1ed1t, kh\u00e1ng khu\u1ea9n, s\u00e1t khu\u1ea9n, kh\u00e1ng u v\u00e0 ho\u1ea1t t\u00ednh antiprotozoal (Leishmania) [3, 4].\n", "C\u00e1c nghi\u00ean c\u1ee9u v\u1ec1 th\u00e0nh ph\u1ea7n ho\u00e1 h\u1ecdc cho th\u1ea5y c\u00e2y D\u00e2y \u0111au x\u01b0\u01a1ng c\u00f3 ch\u1ee9a m\u1ed9t s\u1ed1 nh\u00f3m ch\u1ea5t nh\u01b0: ch\u1ee9a steroid, flavonoid, alkaloid, glycoside, m\u1ed9t s\u1ed1h\u1ee3p ch\u1ea5t nh\u01b0: Magnoflorine, berberine, tinosporicide, menispermacide, palmatine, (+) - malabarolide v\u00e0 tinosinen\n", "I,tinosposide A v\u00e0 B tinosposide [5-8].\n", "Tuy nhi\u00ean, \u1edf n\u01b0\u1edbc ta cho \u0111\u1ebfn nay c\u00f3 r\u1ea5t \u00edt nghi\u00ean c\u1ee9u v\u1ec1 th\u00e0nh ph\u1ea7n ho\u00e1 h\u1ecdc v\u00e0 t\u00e1c d\u1ee5ng sinh h\u1ecdc c\u1ee7a d\u01b0\u1ee3c li\u1ec7u d\u00e2y \u0111au x\u01b0\u01a1ng.\n", "V\u00ec v\u1eady, c\u1ea7n c\u00f3 c\u00e1c nghi\u00ean c\u1ee9u v\u1ec1 th\u00e0nh ph\u1ea7n ho\u00e1 h\u1ecdc, t\u00e1c d\u1ee5ng sinh h\u1ecdc \u0111\u1ec3 b\u1ed5 sung them d\u1eef li\u1ec7u v\u1ec1 lo\u00e0i c\u00e2y n\u00e0y, gi\u00fap s\u1eed d\u1ee5ng hi\u1ec7u qu\u1ea3 h\u01a1n.\n", "B\u00e0i b\u00e1o n\u00e0y tr\u00ecnh b\u00e0y v\u1ec1 ph\u00e2n l\u1eadp v\u00e0 x\u00e1c \u0111\u1ecbnh c\u1ea5u tr\u00fac ho\u00e1 h\u1ecdc c\u1ee7a hai h\u1ee3p ch\u1ea5t benzophenanthridin m\u1edbi \u0111\u01b0\u1ee3c ph\u00e2n l\u1eadp t\u1eebd\u00e2y \u0111au x\u01b0\u01a1ng tr\u1ed3ng t\u1ea1i V\u0129nh Ph\u00fac, Vi\u1ec7t Nam.\n"], "2": ["2.\n", "\u0110\u1ed1i t\u01b0\u1ee3ng v\u00e0 ph\u01b0\u01a1ng ph\u00e1p nghi\u00ean c\u1ee9u 2.1.\n", "\u0110\u1ed1i t\u01b0\u1ee3ng nghi\u00ean c\u1ee9u\n", "M\u1eabu c\u00e2y D\u00e2y \u0111au x\u01b0\u01a1ng \u0111\u01b0\u1ee3c thu h\u00e1i v\u00e0o th\u00e1ng 1 n\u0103m 2017 t\u1ea1i th\u1ecb tr\u1ea5n Tam \u0110\u1ea3o, t\u1ec9nh\n", "V\u0129nh Ph\u00fac.\n", "M\u1eabu th\u1ef1c v\u1eadt \u0111\u00e3 \u0111\u01b0\u1ee3c gi\u00e1m \u0111\u1ecbnh t\u00ean h\u1ecd ti\u1ebft d\u00ea Menispermaceae, m\u1eabu \u0111\u01b0\u1ee3c l\u01b0u gi\u1eef t\u1ea1i Khoa Y D\u01b0\u1ee3c, \u0110HQGHN.\n", "2.2.\n", "Dung m\u00f4i, ho\u00e1 ch\u1ea5t\n", "C\u00e1c dung m\u00f4i d\u00f9ng trong chi\u1ebft xu\u1ea5t, ph\u00e2n l\u1eadp nh\u01b0 methanol (MeOH), n-hexan, ethyl acetat (EtOAc), v\u00e0 dicloromethan (DCM) \u0111\u1ec1u \u0111\u1ea1t ti\u00eau chu\u1ea9n c\u00f4ng nghi\u1ec7p v\u00e0 \u0111\u01b0\u1ee3c ch\u01b0ng c\u1ea5t l\u1ea1i tr\u01b0\u1edbc khi d\u00f9ng.\n", "Dung m\u00f4i ph\u00e2n t\u00edch g\u1ed3m\n", "MeOH, n-hexan, EtOAc, H2O d\u00f9ng \u0111\u1ec3 ph\u00e2n t\u00edch s\u1eafc k\u00fd \u0111\u1ec1u \u0111\u1ea1t ti\u00eau chu\u1ea9n ph\u00e2n t\u00edch.\n", "Pha t\u0129nh d\u00f9ng trong s\u1eafc k\u00fd c\u1ed9t l\u00e0 silica gel pha th\u01b0\u1eddng (0,040 - 0,063 mm, Nicalai Tesque Inc.,\n", "Nh\u1eadt B\u1ea3n), YMC ODS-A (50\u03bcm, YMC Co.\n", "Ltd., Nh\u1eadt B\u1ea3n).\n", "B\u1ea3n m\u1ecfng tr\u00e1ng s\u1eb5n tr\u00ean \u0111\u1ebf nh\u00f4m lo\u1ea1i pha th\u01b0\u1eddng Kieselgel 60 F254 v\u00e0 pha \u0111\u1ea3o TLC Silica gel 60 RP-18 F254S (Merck,\n", "Damstadt, \u0110\u1ee9c).\n", "Ph\u00e1t hi\u1ec7n ch\u1ea5t b\u1eb1ng \u0111\u00e8n t\u1eed ngo\u1ea1i \u1edf hai b\u01b0\u1edbc s\u00f3ng 254 nm v\u00e0 365 nm ho\u1eb7c d\u00f9ng thu\u1ed1c th\u1eed l\u00e0 dung d\u1ecbch H2SO4 10 % h\u01a1 n\u00f3ng \u0111\u1ec3 ph\u00e1t hi\u1ec7n v\u1ebft ch\u1ea5t.\n", "2.3.\n", "Thi\u1ebft b\u1ecb, d\u1ee5ng c\u1ee5\n", "\u0110i\u1ec3m n\u00f3ng ch\u1ea3y \u0111\u01b0\u1ee3c \u0111o tr\u00ean m\u00e1y Stuart\n", "SMP3 (Sanyo, Nh\u1eadt B\u1ea3n).\n", "Ph\u1ed5 kh\u1ed1i ion ho\u00e1 phun m\u00f9 \u0111i\u1ec7n t\u1eed (ESI-MS) \u0111\u01b0\u1ee3c \u0111o tr\u00ean m\u00e1y\n", "AGILENT 1260 Series LC-MS ion Trap (Agilent Technologies, Hoa K\u1ef3).\n", "Ph\u1ed5 c\u1ed9ng h\u01b0\u1edfng t\u1eeb h\u1ea1t nh\u00e2n m\u1ed9t v\u00e0 hai chi\u1ec1u \u0111\u01b0\u1ee3c \u0111o tr\u00ean m\u00e1y JEOL ECX 400 (Jeol, Nh\u1eadt B\u1ea3n) v\u00e0 s\u1eed d\u1ee5ng dung m\u00f4i CDCl3/CD3OD, ch\u1ea5t n\u1ed9i chu\u1ea9n l\u00e0 tetramethylsilan (TMS).\n", "2.4.\n", "Chi\u1ebft t\u00e1ch v\u00e0 ph\u00e2n l\u1eadp ch\u1ea5t\n", "M\u1eabu c\u00e2y ph\u01a1i kh\u00f4, nghi\u1ec1n th\u00e0nh b\u1ed9t (1,2kg), chi\u1ebft trong methanol (3 l\u1ea7n x 3 l\u00edt), b\u1eb1ng thi\u1ebft b\u1ecb chi\u1ebft si\u00eau \u00e2m (40oC,3h).\n", "D\u1ecbch chi\u1ebft \u0111\u01b0\u1ee3c l\u1ecdc qua gi\u1ea5y l\u1ecdc, g\u1ed9p l\u1ea1i v\u00e0 c\u1ea5t lo\u1ea1i dung m\u00f4i \u1edf \u00e1p su\u1ea5t gi\u1ea3m thu\u0111\u01b0\u1ee3c 108,0g c\u1eb7n chi\u1ebft methanol.\n", "C\u1eb7n chi\u1ebft n\u00e0y \u0111\u01b0\u1ee3c ho\u00e0 tan v\u00e0o m\u1ed9t \u00edt n\u01b0\u1edbc c\u1ea5t v\u00e0 ti\u1ebfn h\u00e0nh chi\u1ebft ph\u00e2n b\u1ed1 l\u1ea7n l\u01b0\u1ee3t v\u1edbi n-hexane v\u00e0 ethylacetate (m\u1ed7i lo\u1ea1i 3 \u00d7 1,5l\u00edt).\n", "C\u00e1c d\u1ecbch chi\u1ebft n- hexane, ethylacetate \u0111\u01b0\u1ee3c c\u1ea5t thu h\u1ed3i dung m\u00f4i \u1edf \u00e1p su\u1ea5t gi\u1ea3m thu \u0111\u01b0\u1ee3c c\u00e1c c\u1eb7n d\u1ecbch chi\u1ebft t\u01b0\u01a1ng \u1ee9ng n- hexan (H32,4 g) v\u00e0 (E, 36,0 g) v\u00e0 l\u1edbp n\u01b0\u1edbc (N, 20,6 g).\n", "C\u1eb7n chi\u1ebft ethylacetate (36,0g) \u0111\u01b0\u1ee3c ho\u00e0 tan v\u1edbi m\u1ed9t l\u01b0\u1ee3ng t\u1ed1i thi\u1ec3u ethyl acetat sau \u0111\u00f3 ti\u1ebfn h\u00e0nh ph\u00e2n t\u00e1ch tr\u00ean c\u1ed9t s\u1eafc k\u00fd silica gel pha th\u01b0\u1eddng, r\u1eeda gi\u1ea3i b\u1eb1ng h\u1ec7 dung m\u00f4i chloroform/methanol (20/1 1/1)thu \u0111\u01b0\u1ee3c b\u1ed1n ph\u00e2n \u0111o\u1ea1n ch\u00ednh E1 (9,6 g), E2(8,3 g), E3(6,1 g), E4(4,2 g)\n", "T\u1eeb ph\u00e2n \u0111o\u1ea1n E1 ti\u1ebfp t\u1ee5c ph\u00e2n t\u00e1ch tr\u00ean c\u1ed9tsilica gel pha th\u01b0\u1eddng v\u1edbi h\u1ec7 dung m\u00f4i n-hexane/ethylacetate (2/1) thu \u0111\u01b0\u1ee3c 4 ph\u00e2n \u0111o\u1ea1n nh\u1ecf E1.1(2,4g), E1.2(1,8g), E1.3(2,6g),\n", "E1.4 (1,2 g).\n", "Ph\u00e2n \u0111o\u1ea1n nh\u1ecf E1.1 \u0111\u01b0\u1ee3c ph\u00e2n t\u00e1ch t i \u1ebfp tr\u00ean c\u1ed9t s\u1eafc k\u00fd silicagel pha th\u01b0\u1eddng v\u1edbi h\u1ec7 dung m\u00f4i r\u1eeda gi\u1ea3i l\u00e0 chloroform /ethylacetate (3/1) thu \u0111\u01b0\u1ee3c h\u1ee3p ch\u1ea5t L1 (10mg).\n", "Ph\u00e2n \u0111o\u1ea1n E1.3 \u0111\u01b0\u1ee3c ph\u00e2n t\u00e1ch b\u1eb1ng s\u1eafc k\u00fd c\u1ed9t silica gel pha th\u01b0\u1eddng r\u1eeda gi\u1ea3i b\u1eb1ng h\u1ec7 dung m\u00f4i n-hexane/n-butanol (3/1) thu \u0111\u01b0\u1ee3c h\u1ee3p ch\u1ea5t L2 (12 mg) 3.K\u1ebft qu\u1ea3 v\u00e0 b\u00e0n lu\u1eadn 3.1.\n", "H\u1ee3pch\u1ea5t L1:Decarin\n", "H\u00ecnh 1.\n", "C\u1ea5u tr\u00fac h\u1ee3p ch\u1ea5t L1.\n", "Ch\u1ea5t \u1edf d\u1ea1ng tinh th\u1ec3 h\u00ecnh kim, m\u00e0u v\u00e0ng.\n", "Nhi\u1ec7t \u0111\u1ed9 n\u00f3ng ch\u1ea3y: 242-245oC.\n", "CTPT: C19H13NO4; KLPT M = 319.\n", "S\u1ed1 li\u1ec7u ph\u1ed51 H-NMR v\u00e0 13C-NMR (DMSO- d6) \u0111\u01b0\u1ee3c tr\u00ecnh b\u00e0y \u1edf B\u1ea3ng 1.\n", "B\u1ea3ng 1.\n", "S\u1ed1 li\u1ec7u ph\u1ed5 NMR c\u1ee7a L1 v\u00e0 h\u1ee3p ch\u1ea5t tham kh\u1ea3o\n", "V\u1ecb tr\u00ed C S\n", "C\n", "C DEPT\n", "H (J=Hz) HMBC (HC) 1 104,4 104,5 CH 7,53 (s) 2, 3, 4a 2 148,1 148,1 C - - 3 147,9 147,8 C - - 4 100,8 100,9 CH 8,52 (s) 3 4a 128,4 128,3 C - - 4b 138,7 138,6 C - - 6 145,7 145,8 CH 9,56 (s) 4b,6a, 10a 6a 121,4 121,6 C - - 7 142,1 142,1 C - - 8 147,5 147,5 C - - 9 123,5 123,6 CH 7,56 (d,8,5) 7, 10a 10 118,5 118,6 CH 8,47 (d,8,5) 6a, 8 10a 126,4 126,4 C - - 10b 120.0 119,9 C - - 11 118,5 118,7 CH 8,52 (d,9,0) 4b,10a,12,12a 12 127,0 127,0 CH 7,94 (d,9,0) 10b, 4a,1 12a 129,2 129,2 C - - -OCH2O- 101,4 101,4 CH 2 6,20 (s) 2, 3 7-OCH3 61,1 61,2 CH 3 4,01 (s) 7 8-OH - - 10,10 (s) 7, 8, 9\n", "SC c\u1ee7a decarin \u0111o trong DMSO [9].\n", "H\u1ee3p ch\u1ea5t L1 thu \u0111\u01b0\u1ee3c d\u01b0\u1edbi d\u1ea1ng tinh th\u1ec3 h\u00ecnh kim, m\u00e0u v\u00e0ng n\u00e2u v\u00e0 hi\u1ec7n m\u00e0u v\u00e0ng tr\u00ean b\u1ea3n TLC khi d\u00f9ng thu\u1ed1c th\u1eed Dragendorff cho th\u1ea5y \u0111\u00e2y c\u0169ng l\u00e0 m\u1ed9t alcaloid.\n", "Tr\u00ean ph\u1ed5 1 H-\n", "NMR c\u1ee7a L1 xu\u1ea5t hi\u1ec7n t\u00edn hi\u1ec7u c\u1ee7a 7 proton v\u00f2ng th\u01a1m trong \u0111\u00f3 c\u00f3: 1 nh\u00f3m methoxy t\u1ea1i H 4,01(s); 2 c\u1eb7p t\u00edn hi\u1ec7u d\u1ea1ng doublet t\u1ea1i H 7,56 (d,J=8,5Hz) v\u00e0 8,48 (d,J=8,5Hz); 8,52 (d,J=9,0Hz) v\u00e0 7,94 (d,J=9,0Hz); 1 nh\u00f3m dioximethylen (-OCH2O-) t\u1ea1i H 6,20(s); 1 nh\u00f3m hydroxyl t\u1ea1i H 10,10(s); 3 t\u00edn hi\u1ec7u d\u1ea1ng singlet t\u1ea1i\n", "H 7,53(s), 8,52(s) v\u00e0 9,56(s).\n", "Ph\u1ed5 13C-\n", "NMR v\u00e0 ph\u1ed5 DEPT xu\u1ea5t hi\u1ec7n t\u00edn hi\u1ec7u c\u1ee7a 19 nguy\u00ean t\u1eed carbon trong \u0111\u00f3 c\u00f3 1 carbonmethyl, 1 carbonmethylen, 7 carbonmethine v\u00e0 10 carbon b\u1eadc b\u1ed1n.\n", "Th\u00f4ng qua c\u00e1c t\u01b0\u01a1ng t\u00e1c tr\u1ef1c ti\u1ebfp H-C tr\u00ean ph\u1ed5 HSQC \u0111\u1ed9 chuy\u1ec3n d\u1ecbch ho\u00e1 h\u1ecdc c\u1ee7a c\u00e1c proton \u0111\u01b0\u1ee3c g\u00e1n v\u1edbi c\u00e1c carbon t\u01b0\u01a1ng \u1ee9ng.\n", "Tr\u00ean ph\u1ed5 HMBC th\u1ea5y c\u00f3 c\u00e1c t\u01b0\u01a1ng t\u00e1c gi\u1eefa 8-OH (H10,10) v\u1edbi C-7 (C142,1)/C-8 (147,5)/C-9 (123,6); t\u01b0\u01a1ng t\u00e1c gi\u1eefa c\u00e1c proton c\u1ee7a nh\u00f3m methoxy (OCH3) t\u1ea1i H 4,01 v\u1edbi C-7 (C 142,1) cho ph\u00e9p kh\u1eb3ng \u0111\u1ecbnh v\u1ecb tr\u00ed nh\u00f3m hydroxy v\u00e0 methoxy l\u1ea7n l\u01b0\u1ee3t t\u1ea1i C-8 v\u00e0 C-7.\n", "So s\u00e1nh d\u1eef li\u1ec7u ph\u1ed5 NMR c\u1ee7a L1 ho\u00e0n to\u00e0n tr\u00f9ng kh\u1edbp v\u1edbi decarin [9].\n", "Nh\u01b0 v\u1eady, L1 \u0111\u01b0\u1ee3c x\u00e1c \u0111\u1ecbnh ch\u00ednh x\u00e1c l\u00e0 decarin.\n", "3.2.\n", "H\u1ee3pch\u1ea5t 2\n", "Ch\u1ea5t b\u1ed9t v\u00f4 \u0111\u1ecbnh h\u00ecnh, m\u00e0u n\u00e2u.\n", "Nhi\u1ec7t \u0111\u1ed9 n\u00f3ng ch\u1ea3y:270-274oC.\n", "CTPT: C20H17NO6; KLPT M = 367.\n", "S\u1ed1 li\u1ec7u ph\u1ed5 1H-NMR v\u00e0 13C-NMR (DMSO- d6) \u0111\u01b0\u1ee3c tr\u00ecnh b\u00e0y \u1edf B\u1ea3ng 2:\n", "B\u1ea3ng 2.\n", "S\u1ed1 li\u1ec7u ph\u1ed5 NMR c\u1ee7a L2 v\u00e0 h\u1ee3p ch\u1ea5t tham kh\u1ea3o\n", "V\u1ecb tr\u00ed C #\n", "C\n", "C DEPT\n", "H (J=Hz) HMBC (HC) 1 99,8 98,6 CH 6,98 (s) 2, 3, 16 2 148,5 147,8 C - - 3 149,6 148,8 C - - 4 103,7 104,1 CH 7,45 (s) 3, 5,15 5 127,6 126,8 CH 7,80 (d,8,0) 13,16 6 128,5 127,7 CH 7,21 (d,8,5) 13,14,18 8 164,3 163,2 CH 7,95 (s) - 9 104,7 107,2 CH 6,36 (d,8,5) 10,18 10 149,7 150,1 C - - 11 137,7 135,5 C - - 12 153,6 147,5 C - - 13 135,5 134,6 C - - 14 136,7 135,4 C - - 15 129,4 128,0 C - - 16 131,7 130,4 C - - 17 123,8 124,6 CH 6,59 (d,8,0) 10,12,13 18 115,6 117,8 C - -\n", "N-CH3 33,0 32,7 CH 3 2,88 (s) 8, 14 -OCH2O- 102,2 101,5 CH 2 6,16 (d,2,5) 2, 3 10-OH - - 9,34(s) 11 11-OCH 3 60,5 59,9 CH 3 3,69 (s) 11 12-OH - 8,72(s) 18\n", "Gi\u00e1 tr\u1ecb #\n", "C c\u1ee7a iwamid \u0111o trong CDCl3 [10]\n", "H\u00ecnh 2.\n", "C\u1ea5u tr\u00fac h\u1ee3p ch\u1ea5t L2.\n", "H\u1ee3p ch\u1ea5t L2 thu \u0111\u01b0\u1ee3c d\u01b0\u1edbi d\u1ea1ng b\u1ed9t v\u00f4 \u0111\u1ecbnh h\u00ecnh, m\u00e0u n\u00e2u v\u00e0 hi\u1ec7n m\u00e0u v\u00e0ng tr\u00ean b\u1ea3n\n", "TLC khi d\u00f9ng thu\u1ed1c th\u1eed Dragendorff cho th\u1ea5y \u0111\u00e2y c\u0169ng l\u00e0 m\u1ed9t alkaloid.\n", "Ph\u1ed5 1H-NMR c\u1ee7a L2 xu\u1ea5t hi\u1ec7n t\u00edn hi\u1ec7u c\u1ee7a: 2 nh\u00f3m hydroxyl t\u1ea1i H 8,72(s) v\u00e0 9,34 (s); 1 nh\u00f3m methoxy t\u1ea1i H 3,69(s); 6 proton thu\u1ed9c v\u00f2ng th\u01a1m t\u1ea1i H6,98 (s), 7,45(s), 7,21(d,J=8,5Hz), 7,80(d,J=8,0Hz), 6,36(d,J=8,5Hz) v\u00e0 6,59 (d, J =8,0Hz); 1 nh\u00f3m\n", "N-methyl t\u1ea1i H 2,88(s) t\u00edn hi\u1ec7u c\u1ee7a 1 nh\u00f3m dioximethylen (-OCH2O-) t\u1ea1i H 6,16(d, J = 2,5Hz); 1 proton c\u1ee7a nh\u00f3m aldehyde t\u1ea1i H 7,95(s).\n", "Ph\u1ed5 13C-NMR v\u00e0 ph\u1ed5 DEPT c\u1ee7a L2 xu\u1ea5t hi\u1ec7n t\u00edn hi\u1ec7u c\u1ee7a 20 nguy\u00ean t\u1eed carbon trong \u0111\u00f3 c\u00f3 7 carbonmethine, 1 carbonmethylen, 10 carbon b\u1eadc b\u1ed1n v\u00e0 2 carbonmethyl.\n", "T\u00edn hi\u1ec7u c\u1ee7a nh\u00f3m carbonyl t\u1ea1i C 163,2(C-8) b\u1ecb d\u1ecbch chuy\u1ec3n v\u1ec1 ph\u00eda tr\u01b0\u1eddng m\u1ea1nh do \u0111\u00f3 c\u00f3 th\u1ec3 d\u1ef1 \u0111o\u00e1n nh\u00f3m carbonyl n\u00e0y \u0111\u01b0\u1ee3c n\u1ed1i v\u1edbi nit\u01a1 (-NCHO).\n", "B\u00ean c\u1ea1nh \u0111\u00f3, tr\u00ean c\u00e1c ph\u1ed5 n\u00e0y c\u00f2n x\u00e1c nh\u1eadn t\u00edn hi\u1ec7u c\u1ee7a 1 nh\u00f3m methoxy t\u1ea1i\n", "C 59,9 (11-\n", "OCH3) v\u00e0 1 nh\u00f3m N-methyl t\u1ea1i C 32,7.\n", "Th\u00f4ng qua c\u00e1c t\u01b0\u01a1ng t\u00e1c tr\u1ef1c ti\u1ebfp tr\u00ean ph\u1ed5\n", "HSQC \u0111\u1ed9 chuy\u1ec3n d\u1ecbch ho\u00e1 h\u1ecdc c\u1ee7a c\u00e1c nguy\u00ean t\u1eed proton \u0111\u01b0\u1ee3c g\u00e1n v\u1edbi c\u00e1c carbon t\u01b0\u01a1ng \u1ee9ng.\n", "So s\u00e1nh c\u00e1c s\u1ed1 li\u1ec7u ph\u1ed5 NMR c\u1ee7a L2 v\u1edbi h\u1ee3p ch\u1ea5t 10-O-demethyl-12-O-methylarnottianamide [11] th\u1ea5y \u0111\u1ed9 chuy\u1ec3n d\u1ecbch ho\u00e1 h\u1ecdc t\u1ea1i h\u1ea7u h\u1ebft c\u00e1c v\u1ecb tr\u00ed ph\u00f9 h\u1ee3p tr\u1eeb \u0111\u1ed9 chuy\u1ec3n d\u1ecbch ho\u00e1 h\u1ecdc t\u1ea1i v\u1ecb tr\u00ed C-12 (147,5so v\u1edbi 153,6).\n", "K\u1ebft h\u1ee3p v\u1edbi c\u00e1c ph\u00e2n t\u00edch tr\u00ean c\u00f3 th\u1ec3 kh\u1eb3ng \u0111\u1ecbnh c\u00f3 s\u1ef1 demethyl ho\u00e1 t\u1ea1i v\u1ecb tr\u00ed C-12 c\u1ee7a h\u1ee3p ch\u1ea5t 10-O-demethyl- 12-O- methylarnottianamide.\n", "C\u00e1c t\u01b0\u01a1ng t\u00e1c\n", "HMBC chi ti\u1ebft \u0111\u01b0\u1ee3c li\u1ec7t k\u00ea trong B\u1ea3ng 2 v\u00e0\n", "H\u00ecnh 2.\n", "T\u1eeb nh\u1eefng d\u1eef li\u1ec7u tr\u00ean k\u1ebft h\u1ee3p so s\u00e1nh v\u1edbi c\u00e1c s\u1ed1 li\u1ec7u \u0111\u00e3 \u0111\u01b0\u1ee3c c\u00f4ng b\u1ed1 trong t\u00e0i li\u1ec7u tham kh\u1ea3o [10], h\u1ee3p ch\u1ea5t L2 \u0111\u01b0\u1ee3c x\u00e1c \u0111\u1ecbnh l\u00e0 iwamid.\n", "4.K\u1ebft lu\u1eadn\n", "B\u1eb1ng c\u00e1c ph\u01b0\u01a1ng ph\u00e1p s\u1eafc k\u00fd k\u1ebft h\u1ee3p v\u1edbi c\u00e1c ph\u01b0\u01a1ng ph\u00e1p ph\u00e2n t\u00edch ph\u1ed5 hi\u1ec7n \u0111\u1ea1i, ch\u00fang t\u00f4i \u0111\u00e3 ph\u00e2n l\u1eadp x\u00e1c \u0111\u1ecbnh c\u1ea5u tr\u00fac ph\u00e2n t\u1eed c\u1ee7a 2 h\u1ee3p ch\u1ea5t benzophenanthridinel\u00e0 decarin (1) v\u00e0iwamid (2).\n", "\u0110\u00e2y l\u00e0 c\u00f4ng b\u1ed1 \u0111\u1ea7u ti\u00ean v\u1ec1 th\u00e0nh ph\u1ea7n triterpen c\u00f3 trong c\u00e2y d\u00e2y \u0111au x\u01b0\u01a1ng tr\u1ed3ng \u1edf Vi\u1ec7t Nam v\u00e0 h\u1ee3p ch\u1ea5t 2 l\u1ea7n \u0111\u1ea7u ti\u00ean ph\u00e2n l\u1eadp \u0111\u01b0\u1ee3c t\u1eeb c\u00e2y d\u00e2y \u0111au x\u01b0\u01a1ng chi\n", "Tinospora.\n"]}, "Word count": 2034}