{"title": "Original Article\n", "content": {"0": ["T\u00f3m t\u1eaft: D\u00e2y th\u01b0\u1eddng xu\u00e2n (Hedera nepalensis K.\n", "Koch) l\u00e0 c\u00e2y thu\u1ed1c thu\u1ed9c chi Hedera, h\u1ecd Nh\u00e2n s\u00e2m (Araliaceae) ph\u00e2n b\u1ed1 h\u1eb9p tr\u00ean th\u1ebf gi\u1edbi, trong \u0111\u00f3 c\u00f3 m\u1ed9t s\u1ed1 t\u1ec9nh v\u00f9ng n\u00fai ph\u00eda B\u1eafc Vi\u1ec7t Nam.\n", "Lo\u00e0i n\u00e0y \u0111\u01b0\u1ee3c ch\u1ee9ng minh c\u00f3 nhi\u1ec1u t\u00e1c d\u1ee5ng d\u01b0\u1ee3c l\u00fd nh\u01b0 ch\u1ed1ng oxy ho\u00e1, b\u1ea3o v\u1ec7 th\u1ea7n kinh, ch\u1ed1ng vi\u00eam, gi\u1ea3m \u0111au,...\n", "v\u00e0 \u0111\u1eb7c bi\u1ec7t c\u00f3 ti\u1ec1m n\u0103ng trong \u0111i\u1ec1u tr\u1ecb ung th\u01b0 v\u00e0 \u0111\u00e1i th\u00e1o \u0111\u01b0\u1eddng.\n", "\u0110\u1ec3 \u0111\u1ecbnh h\u01b0\u1edbng khai th\u00e1c v\u00e0 b\u1ea3o t\u1ed3n b\u1ec1n v\u1eefng ngu\u1ed3n gen D\u00e2y th\u01b0\u1eddng xu\u00e2n m\u1ed9t c\u00e1ch hi\u1ec7u qu\u1ea3, \u0111\u00e1nh gi\u00e1 \u0111a d\u1ea1ng di truy\u1ec1n d\u1ef1a tr\u00ean ch\u1ec9 th\u1ecb ph\u00e2n t\u1eed l\u00e0th\u1ef1c s\u1ef1 c\u1ea7n thi\u1ebft.\n", "V\u00ec v\u1eady, ch\u00fang t\u00f4i ti\u1ebfn h\u00e0nh x\u00e2y d\u1ef1ng quy tr\u00ecnh nh\u00e2n d\u00f2ng \u0111o\u1ea1n gen ITS v\u00e0 matK tr\u00ean 06 m\u1eabu Hedera.\n", "Ph\u01b0\u01a1ng ph\u00e1p nghi\u00ean c\u1ee9u bao g\u1ed3m: t\u00e1ch chi\u1ebft\n", "ADN t\u1ed5ng s\u1ed1 t\u00e1ch t\u1eeb m\u1eabu l\u00e1 kh\u00f4, nh\u00e2n d\u00f2ng \u0111o\u1ea1n gen ITS v\u00e0 matK b\u1eb1ng ph\u1ea3n \u1ee9ng PCR d\u00f9ng m\u1ed3i \u0111\u1eb7c hi\u1ec7u, gi\u1ea3i tr\u00ecnh t\u1ef1 v\u00e0 so s\u00e1nh \u0111\u1ed9 t\u01b0\u01a1ng \u0111\u1ed3ng v\u1edbi c\u00e1c m\u1eabu tr\u00ean Genbank.\n", "K\u1ebft qu\u1ea3 cho th\u1ea5y ch\u00fang t\u00f4i \u0111\u00e3 x\u00e2y d\u1ef1ng th\u00e0nh c\u00f4ng quy tr\u00ecnh nh\u00e2n d\u00f2ng gen ITS v\u00e0 matK.\n", "C\u00e1c m\u1eabu nghi\u00ean c\u1ee9u \u0111\u1ec1u \u0111\u01b0\u1ee3c khu\u1ebfch \u0111\u1ea1i v\u00e0 gi\u1ea3i tr\u00ecnh t\u1ef1 th\u00e0nh c\u00f4ng 100% trong \u0111\u00f3 c\u00f3 04 m\u1eabu (N1-N4) c\u00f3 tr\u00ecnh t\u1ef1 t\u01b0\u01a1ng \u0111\u1ed3ng cao v\u1edbi H.\n", "nepalensis v\u00e0 02 m\u1eabu (H1 v\u00e0 H2) c\u00f3 tr\u00ecnh t\u1ef1 t\u01b0\u01a1ng \u0111\u1ed3ng cao v\u1edbi H.\n", "helix.\n", "C\u00e1c k\u1ebft qu\u1ea3 n\u00e0y s\u1ebd cung c\u1ea5p c\u00f4ng c\u1ee5 v\u00e0 s\u1ed1 li\u1ec7u cho c\u00e1c nghi\u00ean c\u1ee9u ti\u1ebfp theo nh\u1eb1m \u0111\u00e1nh gi\u00e1 \u0111a d\u1ea1ng di truy\u1ec1n ngu\u1ed3n gen D\u00e2y th\u01b0\u1eddng xu\u00e2n \u1edf Vi\u1ec7t Nam.\n", "T\u1eeb kho\u00e1: ITS, matK, D\u00e2y th\u01b0\u1eddng xu\u00e2n (Hedera nepalensis K.\n", "Koch), PCR.\n"], "1": ["1.\n", "M\u1edf \u0111\u1ea7u\n", "D\u00e2y th\u01b0\u1eddng xu\u00e2n (t\u00ean khoa h\u1ecdc Hedera nepalensis K.\n", "Kock) l\u00e0 m\u1ed9t lo\u00e0i thu\u1ed9c chi\n", "Hedera, h\u1ecd Nh\u00e2n s\u00e2m (Araliaceae) [1].\n", "Tr\u00ean th\u1ebf gi\u1edbi, lo\u00e0i n\u00e0y ph\u00e2n b\u1ed1 h\u1eb9p \u1edf c\u00e1c n\u01b0\u1edbc ch\u00e2u \u00c2u, d\u00e3y Himalaya v\u00e0 m\u1ed9t s\u1ed1 n\u01b0\u1edbc ch\u00e2u \u00c1 trong \u0111\u00f3 c\u00f3 m\u1ed9t s\u1ed1 t\u1ec9nh mi\u1ec1n n\u00fai ph\u00eda B\u1eafc t\u1ea1i Vi\u1ec7t Nam [2].\n", "C\u00e1c nghi\u00ean c\u1ee9u g\u1ea7n \u0111\u00e2y ph\u00e1t hi\u1ec7n trong D\u00e2y th\u01b0\u1eddng xu\u00e2n ch\u1ee9a nhi\u1ec1u nh\u00f3m ch\u1ea5t nh\u01b0: saponin, alkaloid, tanin, terpenoid, c\u00e1c h\u1ee3p ch\u1ea5t phenolic [3].\n", "Trong \u0111\u00f3, hai h\u1ee3p ch\u1ea5t hederagenin 3-O-\u03b1-L-arabinopyranoside v\u00e0 _*T\u00e1c gi\u1ea3 li\u00ean h\u1ec7.\n", "pulsatilla saponin A \u1ee9c ch\u1ebf t\u1ebf b\u00e0o ung th\u01b0 [4], lupeol \u1ee9c ch\u1ebf dipeptidyl peptidase-4 cho ti\u1ec1m n\u0103ng ch\u1eefa b\u1ec7nh \u0111\u00e1i th\u00e1o \u0111\u01b0\u1eddng [5-7], c\u00e1c h\u1ee3p ch\u1ea5t phenolic c\u00f3 kh\u1ea3 n\u0103ng ch\u1ed1ng oxy ho\u00e1, b\u1ea3o v\u1ec7 t\u1ebf b\u00e0o th\u1ea7n kinh [5].\n", "Ngo\u00e0i ra, D\u00e2y th\u01b0\u1eddng xu\u00e2n c\u0169ng \u0111\u01b0\u1ee3c ch\u1ee9ng minh c\u00f3 nhi\u1ec1u t\u00e1c d\u1ee5ng kh\u00e1c nh\u01b0 gi\u1ea3m \u0111au, kh\u00e1ng vi\u00eam, ch\u1ed1ng tr\u1ea7m c\u1ea3m v\u00e0 ch\u1ed1ng \u0111\u00f4ng m\u00e1u [8].\n", "M\u1eb7c d\u00f9 c\u00f3 nhi\u1ec1u ti\u1ec1m n\u0103ng nh\u01b0 v\u1eady, song hi\u1ec7n nay c\u00e1c nghi\u00ean c\u1ee9u v\u1ec1 D\u00e2y th\u01b0\u1eddng xu\u00e2n \u1edf Vi\u1ec7t Nam c\u00f2n r\u1ea5t h\u1ea1n ch\u1ebf, \u0111\u1eb7c bi\u1ec7t l\u00e0 nghi\u00ean c\u1ee9u v\u1ec1 \u0111a d\u1ea1ng di truy\u1ec1n.\n", "Gen ITS (Internal Transcribed Spacer) v\u00e0 matK (maturase K) l\u00e0 hai \u0111o\u1ea1n gen \u0111\u1ea1i di\u1ec7n cho ch\u1ec9 th\u1ecb gen nh\u00e2n v\u00e0 ch\u1ec9 th\u1ecb gen l\u1ee5c l\u1ea1p, c\u00f3 hi\u1ec7u qu\u1ea3 r\u1ea5t cao trong ph\u00e2n t\u00edch \u0111a d\u1ea1ng di truy\u1ec1n.\n", "Ch\u00fang l\u00e0 nh\u1eefng ch\u1ec9 th\u1ecb gen h\u1eefu \u00edch gi\u00fap ph\u00e2n lo\u00e0i [9,10].\n", "Hai ch\u1ec9 th\u1ecb n\u00e0y \u0111\u00e3 \u0111\u01b0\u1ee3c \u1ee9ng d\u1ee5ng th\u00e0nh c\u00f4ng trong nhi\u1ec1u nghi\u00ean c\u1ee9u \u0111a d\u1ea1ng di truy\u1ec1n v\u00e0 \u0111\u1ecbnh danh nhi\u1ec1u lo\u00e0i th\u1ef1c v\u1eadt, c\u00f3 th\u1ec3 k\u1ec3 \u0111\u1ebfn nh\u01b0 chi Alium [11] hay chi Dalbergia [12], \u0111\u1eb7c bi\u1ec7t l\u00e0 chi Hedera [13] hay h\u1ecd\n", "Araliaceae [14],...\n", "Ch\u00ednh v\u00ec v\u1eady, ch\u00fang t\u00f4i th\u1ef1c hi\u1ec7n nghi\u00ean c\u1ee9u n\u00e0y nh\u1eb1m x\u00e2y d\u1ef1ng \u0111\u01b0\u1ee3c quy tr\u00ecnh ph\u00e2n t\u00edch gen ITS v\u00e0 matK, h\u01b0\u1edbng \u0111\u1ebfn ph\u00e2n t\u00edch \u0111a d\u1ea1ng di truy\u1ec1n D\u00e2y th\u01b0\u1eddng xu\u00e2n \u1edf Vi\u1ec7t\n", "Nam.\n"], "2": ["2.\n", "V\u1eadt li\u1ec7u v\u00e0 ph\u01b0\u01a1ng ph\u00e1p nghi\u00ean c\u1ee9u\n", "V\u1eadt li\u1ec7u: m\u1eabu \u0111\u01b0\u1ee3c thu th\u1eadp v\u00e0 \u0111\u1ecbnh danh b\u1edfi\n", "Y t\u1ebf.\n", "D\u1ef1a v\u00e0o h\u00ecnh th\u00e1i, c\u00f3 04 m\u1eabu thu\u1ed9c lo\u00e0i H.\n", "nepalensis (N1-N4) v\u00e0 02 m\u1eabu thu\u1ed9c lo\u00e0i H.\n", "helix (H1-H2).\n", "C\u00e1c m\u1eabu l\u00e1 kh\u00f4 \u0111\u01b0\u1ee3c nghi\u1ec1n m\u1ecbn trong nit\u01a1 l\u1ecfng, sau \u0111\u00f3 b\u1ea3o qu\u1ea3n \u1edf -30 oC \u0111\u1ebfn khi t\u00e1ch ADN t\u1ed5ng s\u1ed1.\n", "To\u1ea1 \u0111\u1ed9 thu m\u1eabu \u0111\u01b0\u1ee3c tr\u00ecnh b\u00e0y chi ti\u1ebft trong B\u1ea3ng 1.\n", "B\u1ea3ng 1.\n", "Danh s\u00e1ch m\u1eabu th\u1ef1c v\u1eadt s\u1eed d\u1ee5ng trong nghi\u00ean c\u1ee9u\n", "K\u00ed hi\u1ec7u\n", "\u0110\u1ecba \u0111i\u1ec3m l\u1ea5y m\u1eabu\n", "To\u1ea1 \u0111\u1ed9 \u0111\u1ecba l\u00fd\n", "H1\n", "V\u01b0\u1eddn th\u1ef1c v\u1eadt\n", "Hoa Nam, Trung\n", "Qu\u1ed1c 23\u00b011'12N 113\u00b021'51E\n", "H2 Sa Pa, L\u00e0o Cai 22\u00b021'10.29N 103\u00b051'36.04E\n", "N1 Ho\u00e0ng Su Ph\u00ec,\n", "H\u00e0 Giang 22\u00b039'28.47N 104\u00b035'57.14E\n", "N2, N3 22\u00b039'18.38N 104\u00b035'45.13E\n", "N4 22\u00b040'11.06N 104\u00b036'11.85E\n", "T\u00e1ch chi\u1ebft ADN t\u1ed5ng s\u1ed1: ADN \u0111\u01b0\u1ee3c ph\u00e2n l\u1eadp b\u1eb1ng ph\u01b0\u01a1ng ph\u00e1p s\u1eed d\u1ee5ng GeneJET Plant\n", "Genomic ADN Purification Mini Kit (Thermo\n", "Scientific, M\u1ef9) theo h\u01b0\u1edbng d\u1eabn c\u1ee7a h\u00e3ng s\u1ea3n xu\u1ea5t.\n", "Sau \u0111\u00f3, ADN t\u1ed5ng s\u1ed1 \u0111\u01b0\u1ee3c ki\u1ec3m tra v\u00e0 \u0111\u00e1nh gi\u00e1 th\u00f4ng qua \u0111i\u1ec7n di tr\u00ean gel agarose 1,2 % v\u00e0 \u0111o \u0111\u1ed9 tinh s\u1ea1ch t\u1ea1i b\u01b0\u1edbc s\u00f3ng 260 nm v\u00e0 280 nm.\n", "Nh\u00e2n d\u00f2ng gen ITS v\u00e0 matK b\u1eb1ng PCR: \u0111\u1ec3 c\u00f3 quy tr\u00ecnh nh\u00e2n d\u00f2ng \u0111\u1eb7c hi\u1ec7u v\u00e0 \u1ed5n \u0111\u1ecbnh, ch\u00fang t\u00f4i ti\u1ebfn h\u00e0nh c\u00e1c th\u00ed nghi\u1ec7m t\u1ed1i \u01b0u nhi\u1ec7t \u0111\u1ed9 g\u1eafn m\u1ed3i, n\u1ed3ng \u0111\u1ed9 m\u1ed3i v\u00e0 n\u1ed3ng \u0111\u1ed9 ADN.\n", "Tr\u00ecnh t\u1ef1 m\u1ed3i nh\u00e2n d\u00f2ng gen ITS l\u00e0 17SE (ACGAATTCATGGTCCGGT GAA GTG\n", "TTC) v\u00e0 28SE (TAG AAT TCC CCG GTT CGC\n", "TCG CCG TTAC) [15].\n", "Tr\u00ecnh t\u1ef1 m\u1ed3i nh\u00e2n d\u00f2ng gen matK l\u00e0 390F (CGA TCT ATT CAT TCA\n", "ATA TTT C) v\u00e0 1326R (TCT AGC ACA CGA\n", "AAG TCG AAG T) [16].\n", "S\u1ea3n ph\u1ea9m c\u1ee7a ph\u1ea3n \u1ee9ng PCR \u0111\u01b0\u1ee3c ki\u1ec3m tra b\u1eb1ng c\u00e1ch \u0111i\u1ec7n di tr\u00ean gel agarose 1,5%, d\u00f9ng thang chu\u1ea9n ADN\n", "GeneRuler 100bp (Thermo Scientific).\n", "Tinh s\u1ea1ch v\u00e0 gi\u1ea3i tr\u00ecnh t\u1ef1: 20 \u00b5L s\u1ea3n ph\u1ea9m\n", "PCR \u0111\u01b0\u1ee3c gi\u1ea3i tr\u00ecnh t\u1ef1 t\u1ea1i h\u00e3ng First Base (Malaysia).\n", "K\u1ebft qu\u1ea3 gi\u1ea3i tr\u00ecnh t\u1ef1 \u0111\u01b0\u1ee3c \u0111\u1ecdc b\u1eb1ng ph\u1ea7n m\u1ec1m BioEdit version 7.2.6.1.\n", "X\u1eed l\u00fd s\u1ed1 li\u1ec7u v\u00e0 ph\u00e2n t\u00edch k\u1ebft qu\u1ea3: ph\u1ea7n m\u1ec1m\n", "Sequencher 5.4.6 \u0111\u01b0\u1ee3c s\u1eed d\u1ee5ng \u0111\u1ec3 tinh ch\u1ec9nh chu\u1ed7i nucleotide.\n", "C\u00e1c tr\u00ecnh t\u1ef1 \u0111\u01b0\u1ee3c so s\u00e1nh m\u1ee9c \u0111\u1ed9 t\u01b0\u01a1ng \u0111\u1ed3ng v\u1edbi c\u00e1c tr\u00ecnh t\u1ef1 c\u00f3 s\u1eb5n tr\u00ean\n", "Genbank th\u00f4ng qua ch\u01b0\u01a1ng tr\u00ecnh BLAST ( 3.\n", "K\u1ebft qu\u1ea3 nghi\u00ean c\u1ee9u\n", "H\u00ecnh 1.\n", "\u1ea2nh \u0111i\u1ec7n di ADN t\u1ed5ng s\u1ed1 tr\u00ean gel agarose 1,2%.\n", "L\u00e0n M: Lamda ADN/HindIII marker.\n", "L\u00e0n N1 \u2013 H2: M\u1eabu ADN nghi\u00ean c\u1ee9u c\u00f3 t\u00ean t\u01b0\u01a1ng \u1ee9ng.\n", "L\u00e0n (-): \u0110\u1ed1i ch\u1ee9ng \u00e2m.\n", "T\u00e1ch chi\u1ebft ADN t\u1ed5ng s\u1ed1: n\u1ed3ng \u0111\u1ed9 ADN c\u1ee7a 06 m\u1eabu th\u1ef1c v\u1eadt dao \u0111\u1ed9ng t\u1eeb 6,4 \u201319,4 ng/\u00b5l, c\u00f3 \u0111\u1ed9 tinh s\u1ea1ch v\u1edbi ch\u1ec9 s\u1ed1 OD260/280 thu \u0111\u01b0\u1ee3c t\u1eeb 1,5 \u0111\u1ebfn 2,70.\n", "K\u1ebft qu\u1ea3 \u0111i\u1ec7n di tr\u00ean gel agarose cho th\u1ea5y ADN t\u1ed5ng s\u1ed1 thu \u0111\u01b0\u1ee3c \u00edt b\u1ecb \u0111\u1ee9t g\u00e3y, kh\u00f4ng c\u00f3 b\u0103ng ph\u1ee5.\n", "Nh\u01b0 v\u1eady, ADN t\u1ed5ng s\u1ed1 t\u00e1ch chi\u1ebft t\u1eeb D\u00e2y th\u01b0\u1eddng xu\u00e2n b\u1eb1ng GeneJET Plant\n", "Genomic DNA Purification Mini Kit \u0111\u1ea3m b\u1ea3o \u0111\u1ed9 tinh s\u1ea1ch v\u00e0 c\u00f3 th\u1ec3 s\u1eed d\u1ee5ng cho b\u01b0\u1edbc PCR ti\u1ebfp theo.\n", "Nh\u00e2n d\u00f2ng \u0111o\u1ea1n gen ITS v\u00e0 matK:\n", "T\u1ed1i \u01b0u nhi\u1ec7t \u0111\u1ed9 g\u1eafn m\u1ed3i: ch\u00fang t\u00f4i ti\u1ebfn h\u00e0nh\n", "PCR v\u1edbi 9 nhi\u1ec7t \u0111\u1ed9 xung quanh nhi\u1ec7t \u0111\u1ed9 g\u1eafn m\u1ed3i tham kh\u1ea3o cho 2 gen ITS v\u00e0 matK.\n", "K\u1ebft qu\u1ea3 \u0111i\u1ec7n di tr\u00ean gel agarose 1,5 % th\u1ec3 hi\u1ec7n \u1edf H\u00ecnh 2A1, 2B1 cho th\u1ea5y xu\u1ea5t hi\u1ec7n b\u0103ng \u0111\u1eb7c hi\u1ec7u, s\u00e1ng r\u00f5 t\u1ea1i 51,1oC v\u1edbi c\u1ea3 2 gen ITS v\u00e0 matK.\n", "Do \u0111\u00f3, ch\u00fang t\u00f4i l\u1ef1a ch\u1ecdn 51,1oC l\u00e0 nhi\u1ec7t \u0111\u1ed9 g\u1eafn m\u1ed3i chung cho ph\u1ea3n \u1ee9ng nh\u00e2n d\u00f2ng gen ITS v\u00e0 matK.\n", "T\u1ed1i \u01b0u n\u1ed3ng \u0111\u1ed9 ADN: ch\u00fang t\u00f4i ch\u1ecdn d\u1ea3i n\u1ed3ng \u0111\u1ed9: 0,75; 1,25; 2,5; 5; 10; 20 ng/\u00b5L \u0111\u1ed1i v\u1edbi gen ITS.\n", "V\u1edbi gen matK, t tKgen i c20 ng/\u00b5L s\u1ea3n ph\u1ea9m PCR \u0111\u01b0\u1ee3c nh\u00e2n d\u00f2ng cho b\u0103ng kh\u00e1 s\u00e1ng n\u00ean ch\u00fang t\u00f4i quy\u1ebft \u0111\u1ecbnh ch\u1ecdn d\u1ea3i n\u1ed3ng \u0111\u1ed9 ADN cao h\u01a1n l\u00e0: 1,25; 2,5; 5; 10; 20; 40 ng/\u00b5L.\n", "K\u1ebft qu\u1ea3 \u0111i\u1ec7n di \u1edf H\u00ecnh 2A2, 2B2 cho th\u1ea5y gen\n", "ITScho b\u0103ng \u0111\u1eb7c hi\u1ec7u, s\u00e1ng r\u00f5 nh\u1ea5t \u1edf n\u1ed3ng \u0111\u1ed9 5 ng/\u00b5L, trong khi gen matK l\u00e0 \u1edf kho\u1ea3ng n\u1ed3ng \u0111\u1ed9 2,5 \u2013 40 ng/\u00b5L.\n", "Ch\u00fang t\u00f4i ch\u1ecdn 5 ng/\u00b5L l\u00e0 n\u1ed3ng \u0111\u1ed9 ADN t\u1ed1i \u01b0u chung cho nh\u00e2n d\u00f2ng 2 gen ITS v\u00e0 matK.\n", "T\u1ed1i \u01b0u n\u1ed3ng \u0111\u1ed9 m\u1ed3i: ti\u1ebfn h\u00e0nh t\u1ed1i \u01b0u n\u1ed3ng \u0111\u1ed9 m\u1ed3i \u1edf 03 l\u00f4 m\u1eabu kh\u00e1c nhau v\u1edbi d\u1ea3i n\u1ed3ng \u0111\u1ed9 0,1; 0,3; 0,9 \u00b5M.\n", "T\u1ea1i n\u1ed3ng \u0111\u1ed9 m\u1ed3i 0,3 \u00b5M, qu\u00e1 tr\u00ecnh nh\u00e2n d\u00f2ng 2 gen ITS v\u00e0 matK l\u00e0 \u1ed5n \u0111\u1ecbnh nh\u1ea5t, 100% m\u1eabu nh\u00e2n d\u00f2ng th\u00e0nh c\u00f4ng.\n", "Trong khi \u0111\u00f3, m\u1ed9t s\u1ed1 m\u1eabu c\u00f3 n\u1ed3ng \u0111\u1ed9 m\u1ed3i 0,1 v\u00e0 0,9 \u00b5M kh\u00f4ng nh\u00e2n d\u00f2ng \u0111\u01b0\u1ee3c gen matK (H\u00ecnh 2A3, 2B3).\n", "Nh\u01b0 v\u1eady, m\u1ed7i ph\u1ea3n \u1ee9ng PCR bao g\u1ed3m 25\u03bcL g\u1ed3m c\u00e1c th\u00e0nh ph\u1ea7n: 5 \u00b5L \u0111\u1ec7m 5x, 2,5 \u00b5L dNTP mix 0,2 mM m\u1ed7i lo\u1ea1i, 0,25 \u00b5L Phusion ADN polymerase 0,02 U/\u00b5L, 0,75 \u00b5L m\u1ed7i m\u1ed3i xu\u00f4i 0,3 \u00b5M, 14,75 \u00b5L n\u01b0\u1edbc kh\u1eed ion, 1\u00b5L ADN 5 ng/\u00b5L.\n", "Chu tr\u00ecnh nhi\u1ec7t cho ph\u1ea3n \u1ee9ng PCR g\u1ed3m 3 giai \u0111o\u1ea1n: bi\u1ebfn t\u00ednh ban \u0111\u1ea7u trong 98oC trong 30 gi\u00e2y; 35 chu k\u1ef3: 98oC trong 10 gi\u00e2y, g\u1eafn m\u1ed3i \u1edf 55,1 oC trong 30 gi\u00e2y 30 gi\u00e2y, 72oC trong 30 gi\u00e2y; th\u1eddi gian k\u00e9o d\u00e0i cu\u1ed1i 72oC trong 10 ph\u00fat.\n", "H\u00ecnh 2.\n", "\u1ea2nh \u0111i\u1ec7n di tr\u00ean gel agarose 1,5% s\u1ea3n ph\u1ea9m PCR t\u1ed1i \u01b0u nh\u00e2n d\u00f2ng gen ITS (c\u1ed9t A) v\u00e0 matK (c\u1ed9t B).\n", "H\u00ecnh A1, B1 T\u1ed1i \u01b0u nhi\u1ec7t \u0111\u1ed9 g\u1eafn m\u1ed3i.\n", "H\u00ecnh A2, B2: T\u1ed1i \u01b0u n\u1ed3ng \u0111\u1ed9 ADN.\n", "H\u00ecnh A3, B3: T\u1ed1i \u01b0u n\u1ed3ng \u0111\u1ed9 m\u1ed3i.\n", "L\u00e0n M: Thang chu\u1ea9n ADN GeneRuler 100bp.\n", "L\u00e0n (+): \u0110\u1ed1i ch\u1ee9ng d\u01b0\u01a1ng.\n", "L\u00e0n (-): \u0110\u1ed1i ch\u1ee9ng \u00e2m.\n", "H\u00ecnh 3.\n", "\u1ea2nh \u0111i\u1ec7n di tr\u00ean gel agarose 1,5% s\u1ea3n ph\u1ea9m\n", "PCR nh\u00e2n d\u00f2ng gen ITS (A) v\u00e0 matK (B) c\u1ee7a 06 m\u1eabu nghi\u00ean c\u1ee9u.L\u00e0n M: Thang chu\u1ea9n ADN\n", "GeneRuler 100 bp.\n", "L\u00e0n (-): \u0110\u1ed1i ch\u1ee9ng \u00e2m\n", "Ch\u00fang t\u00f4i ti\u1ebfn h\u00e0nh ph\u1ea3n \u1ee9ng PCR v\u1edbi \u0111i\u1ec1u ki\u1ec7n nh\u01b0 \u0111\u00e3 t\u1ed1i \u01b0u, s\u1eed d\u1ee5ng ADN t\u1ed5ng s\u1ed1 \u0111\u00e3 \u0111\u01b0\u1ee3c t\u00e1ch chi\u1ebft th\u00e0nh c\u00f4ng.\n", "S\u1ea3n ph\u1ea9m khu\u1ebfch \u0111\u1ea1i \u0111\u01b0\u1ee3c \u0111i\u1ec7n di tr\u00ean gel agarose 1,5 %.\n", "Ghi nh\u1eadn 06/06 m\u1eabu nghi\u00ean c\u1ee9u cho s\u1ea3n ph\u1ea9m PCR \u0111\u1eb7c hi\u1ec7u, s\u00e1ng r\u00f5 v\u1edbi k\u00edch th\u01b0\u1edbc t\u01b0\u01a1ng \u1ee9ng kho\u1ea3ng 900 bp \u0111\u1ed1i v\u1edbi gen ITS v\u00e0 kho\u1ea3ng 950 bp \u0111\u1ed1i v\u1edbi gen matK (H\u00ecnh 3).\n", "Gi\u1ea3i tr\u00ecnh t\u1ef1 x\u00e1c \u0111\u1ecbnh ki\u1ec3u gen c\u00e1c m\u1eabu:d\u1ef1a v\u00e0o k\u1ebft qu\u1ea3 gi\u1ea3i tr\u00ecnh t\u1ef1 m\u1eabu PCR, hi\u1ec3n th\u1ecb b\u1eb1ng ph\u1ea7n m\u1ec1m Sequencher 5.4.6 ho\u1eb7c BioEdit ver 7.2.6.1.\n", "\u0110\u1ed9 d\u00e0i \u0111o\u1ea1n gen c\u1ee7a 06 m\u1eabu nghi\u00ean c\u1ee9u \u0111\u1ed1i v\u1edbi gen ITS t\u1eeb 851 (N4) \u0111\u1ebfn 858 bp (N1); \u0111\u1ed1i v\u1edbi gen matK t\u1eeb 882 (H2) \u0111\u1ebfn 910 bp (N1).\n", "\u0110\u00e1nh gi\u00e1 \u0111\u1ed9 t\u01b0\u01a1ng \u0111\u1ed3ng: k\u1ebft qu\u1ea3 so s\u00e1nh m\u1ee9c \u0111\u1ed9 t\u01b0\u01a1ng \u0111\u1ed3ng c\u1ee7a c\u00e1c tr\u00ecnh t\u1ef1 b\u1eb1ng ch\u01b0\u01a1ng tr\u00ecnh BLAST v\u00e0 BioEdit ver 7.2.6.1 cho th\u1ea5y v\u00f9ng gen nh\u00e2n l\u00ean thu\u1ed9c \u0111\u00fang \u0111o\u1ea1n gen ITS v\u00e0 matK.\n", "Theo \u0111\u00f3, v\u00f9ng gen ITS nh\u00e2n d\u00f2ng v\u1edbi c\u1eb7p m\u1ed3i 17SE/28SE bao g\u1ed3m \u0111\u1ea7u 3' ti\u1ec3u ph\u1ea9n nh\u1ecf ribosome 18S (100bp), \u0111o\u1ea1n ITS ho\u00e0n ch\u1ec9nh d\u00e0i 610 bp (ITS1, 5,8S v\u00e0 ITS2), v\u00e0 \u0111\u1ea7u 5' ti\u1ec3u ph\u1ea7n l\u1edbn ribosome 28S (135 bp).\n", "Trong v\u00f9ng gen ITS, \u0111o\u1ea1n ITS1 d\u00e0i 122 bp, ti\u1ebfp theo l\u00e0 \u0111o\u1ea1n 5,8S d\u00e0i 162 bp v\u00e0 \u0111o\u1ea1n ITS2 d\u00e0i 227 bp.\n", "Ba m\u1eabu H.\n", "nepalenis N1, N2 v\u00e0 N3 gi\u1ed1ng nhau 100% v\u00e0 t\u01b0\u01a1ng \u0111\u1ed3ng ho\u00e0n to\u00e0n v\u1edbi H.\n", "nepalensis \u0111\u1ed1i ch\u1ee9ng (AJ131238.1); m\u1eabu N4 sai kh\u00e1c v\u1edbi H.\n", "nepalensis \u0111\u1ed1i ch\u1ee9ng \u1edf 1 v\u1ecb tr\u00ed n\u1eb1m \u1edf nucleotide 385.\n", "Trong nh\u00f3m m\u1eabu H.\n", "helix, m\u1eabu H1 gi\u1ed1ng 100% v\u1edbi H.\n", "helix \u0111\u1ed1i ch\u1ee9ng (AM503887.2), m\u1eabu H2 sai kh\u00e1c v\u1edbi H.\n", "helix \u0111\u1ed1i ch\u1ee9ng \u1edf hai v\u1ecb tr\u00ed 38 l\u00e0 v\u00e0 129.\n", "\u0110\u1ed1i v\u1edbi v\u00f9ng gen matK, ph\u1ea3n \u1ee9ng nh\u00e2n d\u00f2ng s\u1eed d\u1ee5ng c\u1eb7p m\u1ed3i 390F/1326R thu \u0111\u01b0\u1ee3c \u0111o\u1ea1n gen d\u00e0i kho\u1ea3ng 920 bp.\n", "V\u00f9ng tr\u00ecnh t\u1ef1 n\u00e0y n\u1eb1m ho\u00e0n to\u00e0n trong gen matK c\u00f3 \u0111\u1ed9 d\u00e0i kho\u1ea3ng1500 bp.\n", "B\u1ed1n m\u1eabu H.\n", "nepalenis N1, N2, N3, v\u00e0 N4 c\u00f3 tr\u00ecnh t\u1ef1 gi\u1ed1ng nhau v\u00e0 t\u01b0\u01a1ng \u0111\u1ed3ng 100% v\u1edbi H.\n", "nepalenis \u0111\u1ed1i ch\u1ee9ng (GQ434260.1).\n", "Hai m\u1eabu H1,\n", "H2 t\u01b0\u01a1ng \u0111\u1ed3ng 100% v\u1edbi H.\n", "helix \u0111\u1ed1i ch\u1ee9ng (AJ319073.1).\n", "Th\u00f4ng tin chi ti\u1ebft v\u1ec1 c\u00e1c nucleotide sai kh\u00e1c gi\u1eefa c\u00e1c m\u1eabu nghi\u00ean c\u1ee9u v\u00e0 c\u00e1c m\u1eabu \u0111\u1ed1i ch\u1ee9ng \u0111\u01b0\u1ee3c tr\u00ecnh b\u00e0y chi ti\u1ebft trong B\u1ea3ng 2.\n", "B\u1ea3ng 2.\n", "C\u00e1c nucleotide sai kh\u00e1c tr\u00ean v\u00f9ng tr\u00ecnh t\u1ef1 ITS v\u00e0 matK gi\u1eefa c\u00e1c m\u1eabu nghi\u00ean c\u1ee9u v\u00e0 c\u00e1c m\u1eabu \u0111\u1ed1i ch\u1ee9ng.\n", "Hedera nepalensis \u0111\u1ed1i ch\u1ee9ng cho ITS: Tr\u00ecnh t\u1ef1 AJ131238.1; Hedera nepalensis \u0111\u1ed1i ch\u1ee9ng cho matK: Tr\u00ecnh t\u1ef1\n", "GQ434260.1; Hedera helix \u0111\u1ed1i ch\u1ee9ng cho ITS: Tr\u00ecnh t\u1ef1 AM503887.2; Hedera helix \u0111\u1ed1i ch\u1ee9ng cho matK: Tr\u00ecnh t\u1ef1 AJ319073.1.\n", "Tr\u00ecnh t\u1ef1 ITS matK\n", "V\u1ecb tr\u00ed 23 38 103 129 193 385 462 527 556 557 588 613 789\n", "H.nepalensis \u0111\u1ed1i ch\u1ee9ng\n", "T A C C C C C A G A C T G\n", "N1.............\n", "N2.............\n", "N3.............\n", "N4.....\n", "T.......\n", "H.\n", "helix \u0111\u1ed1i ch\u1ee9ng\n", "C.\n", "T A T.\n", "T C A G G G A\n", "H1 C.\n", "T A T.\n", "T C A G G G A\n", "H2 C T T.\n", "T.\n", "T C A G G G A 4.\n", "B\u00e0n lu\u1eadn\n", "T\u1ebf b\u00e0o th\u1ef1c v\u1eadt kh\u00f3 thu h\u1ed3i ADN do n\u00f3 c\u00f3 l\u1edbp th\u00e0nh cellulose d\u00e0y v\u00e0 c\u1ee9ng.\n", "Nghi\u00ean c\u1ee9u c\u1ee7a\n", "Danka Boselov\u00e1 v\u00e0 c\u1ed9ng s\u1ef1 khuy\u1ebfn c\u00e1o s\u1eed d\u1ee5ng m\u1eabu l\u00e1 non, t\u01b0\u01a1i \u0111\u1ec3 t\u00e1ch chi\u1ebft ADN b\u1edfi khi \u0111\u00f3 h\u00e0m l\u01b0\u1ee3ng ADN c\u00f2n cao v\u00e0 th\u00e0nh cellulose v\u1eabn c\u00f2n m\u1ec1m d\u1ebbo [17].\n", "Trong ph\u1ea1m vi nghi\u00ean c\u1ee9u n\u00e0y, do kh\u00f4ng \u0111\u1ee7 \u0111i\u1ec1u ki\u1ec7n s\u1eed d\u1ee5ng m\u1eabu l\u00e1 t\u01b0\u01a1i, ch\u00fang t\u00f4i s\u1eed d\u1ee5ng m\u1eabu l\u00e1 kh\u00f4 \u0111\u01b0\u1ee3c b\u1ea3o qu\u1ea3n trong silicagel.\n", "V\u00ec v\u1eady \u0111\u1ec3 l\u1ef1a ch\u1ecdn \u0111\u01b0\u1ee3c m\u1ed9t quy tr\u00ecnh t\u00e1ch chi\u1ebft ADN t\u1ed1i \u01b0u cho m\u1eabu l\u00e1 kh\u00f4 D\u00e2y th\u01b0\u1eddng xu\u00e2n c\u00e0ng tr\u1edf n\u00ean kh\u00f3 kh\u0103n h\u01a1n.\n", "Theo nghi\u00ean c\u1ee9u c\u1ee7a t\u00e1c gi\u1ea3 D.D.\n", "Long v\u00e0 c\u1ed9ng s\u1ef1 (2019) v\u1ec1 ph\u00e2n t\u00edch \u0111a h\u00ecnh di truy\u1ec1n v\u1edbi ch\u1ec9 th\u1ecb\n", "GBSSI, t\u00e1ch chi\u1ebft m\u1eabu D\u00e2y th\u01b0\u1eddng xu\u00e2n \u0111\u01b0\u1ee3c khuy\u1ebfn c\u00e1o s\u1eed d\u1ee5ng GeneJET Plant Genomic\n", "DNA Purification Mini Kit [18].\n", "Ch\u00ednh v\u00ec v\u1eady, ch\u00fang t\u00f4i \u0111\u00e3 ti\u1ebfn h\u00e0nh t\u00e1ch chi\u1ebft ADN v\u1edbi kit th\u01b0\u01a1ng m\u1ea1i n\u00e0y.\n", "K\u1ebft qu\u1ea3 ph\u00e2n t\u00edch cho th\u1ea5y, n\u1ed3ng \u0111\u1ed9 ADN thu \u0111\u01b0\u1ee3c t\u1eeb 20 mg m\u1eabu l\u00e1 kh\u00f4 l\u00e0 t\u01b0\u01a1ng \u0111\u1ed1i cao so v\u1edbi nghi\u00ean c\u1ee9u c\u1ee7a Danka\n", "Boselov\u00e1 v\u00e0 c\u1ed9ng s\u1ef1 [17].\n", "M\u1ed9t s\u1ed1 m\u1eabu c\u00f3 gi\u00e1 tr\u1ecb\n", "OD 260/280 n\u1eb1m ngo\u00e0i kho\u1ea3ng 1,8 - 2,0 c\u00f3 th\u1ec3 do t\u1ed3n d\u01b0 m\u1ed9t s\u1ed1 t\u1ea1p ch\u1ea5t nh\u01b0 polysacaride, polyphenol, c\u00e1c h\u1ee3p ch\u1ea5t th\u1ee9 c\u1ea5p kh\u00e1c nhau trong t\u1ebf b\u00e0o th\u1ef1c v\u1eadt sau khi t\u00e1ch chi\u1ebft [19].\n", "Tuy nhi\u00ean, c\u00e1c m\u1eabu n\u00e0y v\u1eabn nh\u00e2n d\u00f2ng c\u00e1c gen ITS v\u00e0 matK 100%, cho b\u0103ng \u0111i\u1ec7n di s\u00e1ng r\u00f5 v\u00e0 \u0111\u1eb7c hi\u1ec7u, \u0111\u1ee7 \u0111i\u1ec1u ki\u1ec7n s\u1eed d\u1ee5ng cho c\u00e1c ph\u00e2n t\u00edch gen ti\u1ebfp theo.\n", "Nh\u01b0 v\u1eady, GeneJET Plant Genomic\n", "DNA Purification Mini Kit c\u1ee7a Thermo\n", "Scientific l\u00e0 kit t\u00e1ch chi\u1ebft ADN hi\u1ec7u qu\u1ea3 t\u1eeb m\u1eabu l\u00e1 kh\u00f4 D\u00e2y th\u01b0\u1eddng xu\u00e2n ph\u1ee5c v\u1ee5 ph\u00e2n t\u00edch v\u1edbi ch\u1ec9 th\u1ecb ITS v\u00e0 matK.\n", "Theo nghi\u00ean c\u1ee9u c\u1ee7a Sun v\u00e0 c\u1ed9ng s\u1ef1 v\u1edbi ch\u1ec9 th\u1ecb ITS, nhi\u1ec7t \u0111\u1ed9 g\u1eafn m\u1ed3i t\u1ed1i \u01b0u c\u1ee7a c\u1eb7p m\u1ed3i 17SE/26SE d\u00f9ng v\u1edbi ADN khu\u00f4n thu \u0111\u01b0\u1ee3c t\u1eeb m\u1eabu Sorghum bicolor v\u00e0 Taq ADN polymerase l\u00e0 58 C [15].\n", "V\u1edbi gen matK, C\u00faenoud v\u00e0 c\u1ed9ng s\u1ef1 (2002) \u0111\u00e3 ch\u1ecdn 48 C l\u00e0m nhi\u1ec7t \u0111\u1ed9 g\u1eafn m\u1ed3i cho c\u1eb7p m\u1ed3i 390F/1326R khi ph\u00e2n t\u00edch c\u00e1c m\u1eabu thu\u1ed9c b\u1ed9 Caryophyllales [16].\n", "Nhi\u1ec7t \u0111\u1ed9 g\u1eafn m\u1ed3i kh\u00e1c nhau \u1edf c\u00e1c nghi\u00ean c\u1ee9u n\u00e0y so v\u1edbi nghi\u00ean c\u1ee9u c\u1ee7a ch\u00fang t\u00f4i l\u00e0 do s\u1ef1 kh\u00e1c nhau ADN polymerase \u0111\u01b0\u1ee3c s\u1eed d\u1ee5ng, th\u1eadm ch\u00ed c\u00f3 th\u1ec3 do \u1ea3nh h\u01b0\u1edfng b\u1edfi h\u1ec7 thi\u1ebft b\u1ecb kh\u00e1c nhau.\n", "Ch\u00ednh v\u00ec v\u1eady, t\u1ed1i \u01b0u nhi\u1ec7t \u0111\u1ed9 g\u1eafn m\u1ed3i l\u00e0 r\u1ea5t quan tr\u1ecdng v\u00e0 c\u1ea7n \u0111\u01b0\u1ee3c th\u1ef1c hi\u1ec7n \u0111\u1ea7u ti\u00ean \u0111\u1ec3 c\u00f3 quy tr\u00ecnh PCR \u1ed5n \u0111\u1ecbnh.\n", "Th\u00f4ng qua k\u1ebft qu\u1ea3 t\u1ed1i \u01b0u, ch\u00fang t\u00f4i \u0111\u00e3 \u0111\u01b0a ra \u0111\u01b0\u1ee3c chu tr\u00ecnh nhi\u1ec7t d\u00f9ng chung cho c\u1ea3 hai gen ITS v\u00e0 matK, gi\u00fap ph\u00e2n t\u00edch c\u00f9ng l\u00fac hai gen n\u00e0y trong m\u1ed9t l\u1ea7n ch\u1ea1y m\u00e1y PCR.\n", "\u0110\u1ed1i v\u1edbi m\u1eabu th\u1ef1c v\u1eadt, n\u1ed3ng \u0111\u1ed9 ADN khu\u00f4n cao th\u01b0\u1eddng \u1ee9c ch\u1ebf ph\u1ea3n \u1ee9ng nh\u00e2n d\u00f2ng do s\u1ef1 t\u1ed3n t\u1ea1i c\u1ee7a c\u00e1c t\u1ea1p ch\u1ea5t c\u00f2n t\u1ed3n l\u01b0u c\u00f9ng ADN khu\u00f4n.\n", "\u0110i\u1ec1u n\u00e0y th\u1ec3 hi\u1ec7n r\u00f5 trong H\u00ecnh 2A2, khi n\u1ed3ng \u0111\u1ed9 ADN khu\u00f4n cao h\u01a1n 5 ng/\u00b5L, l\u01b0\u1ee3ng s\u1ea3n ph\u1ea3m PCR thu \u0111\u01b0\u1ee3c gi\u1ea3m th\u1ec3 hi\u1ec7n qua b\u0103ng \u0111i\u1ec7n di gi\u1ea3m d\u1ea7n v\u1ec1 \u0111\u1ed9 s\u00e1ng.\n", "Ch\u00ednh v\u00ec v\u1eady, t\u1ea5t c\u1ea3 c\u00e1c m\u1eabu nghi\u00ean c\u1ee9u \u0111\u1ec1u \u0111\u01b0\u1ee3c pha lo\u00e3ng v\u1ec1 n\u1ed3ng \u0111\u1ed9 5 ng/\u00b5L \u0111\u1ec3 ti\u1ebfn h\u00e0nh ph\u1ea3n \u1ee9ng khu\u1ebfch \u0111\u1ea1i gen.\n", "N\u1ed3ng \u0111\u1ed9 m\u1ed3i trong ph\u1ea3n \u1ee9ng PCR c\u0169ng l\u00e0 m\u1ed9t th\u00f4ng s\u1ed1 quan trong.\n", "N\u1ed3ng \u0111\u1ed9 m\u1ed3i 0,3 \u00b5M cho ph\u1ea3n \u1ee9ng PCR l\u00ean \u1ed5n \u0111\u1ecbnh nh\u1ea5t.\n", "D\u1ef1a tr\u00ean k\u1ebft qu\u1ea3 so s\u00e1nh c\u00e1c m\u1eabu nghi\u00ean c\u1ee9u tr\u00ean ph\u1ea7n m\u1ec1m BLAST, ch\u00fang t\u00f4i \u0111\u00e3 nh\u00e2n d\u00f2ng th\u00e0nh c\u00f4ng v\u00e0 ch\u00ednh x\u00e1c 02 v\u00f9ng tr\u00ecnh t\u1ef1 quan t\u00e2m l\u00e0 ITS v\u00e0 matK \u1edf D\u00e2y th\u01b0\u1eddng xu\u00e2n v\u1edbi hi\u1ec7u su\u1ea5t cao, c\u00f3 th\u1ec3 \u00e1p d\u1ee5ng m\u1edf r\u1ed9ng tr\u00ean c\u1ee1 m\u1eabu l\u1edbn h\u01a1n ph\u1ee5c v\u1ee5 cho c\u00e1c nghi\u00ean c\u1ee9u ph\u00e2n t\u00edch \u0111a d\u1ea1ng di truy\u1ec1n.\n", "K\u1ebft qu\u1ea3 ph\u00e2n t\u00edch cho th\u1ea5y b\u1ed1n m\u1eabu N1, N2, N3, N4 t\u01b0\u01a1ng \u0111\u1ed3ng 99,8% - 100% v\u1edbi tr\u00ecnh t\u1ef1 H.\n", "nepalenis tham chi\u1ebfu, hai m\u1eabu H1 v\u00e0 H2 t\u01b0\u01a1ng \u0111\u1ed3ng 99,8% - 100% v\u1edbi tr\u00ecnh t\u1ef1 H.\n", "helix tham chi\u1ebfu.\n", "Nh\u01b0 v\u1eady, k\u1ebft qu\u1ea3 ph\u00e2n t\u00edch gen b\u01b0\u1edbc \u0111\u1ea7u cho th\u1ea5y c\u00f3 s\u1ef1 t\u01b0\u01a1ng \u0111\u1ed3ng v\u1edbi k\u1ebft qu\u1ea3 ph\u00e2n lo\u1ea1i d\u1ef1a tr\u00ean h\u00ecnh th\u00e1i.\n", "Nh\u01b0 v\u1eady ch\u00fang t\u00f4i khuy\u1ebfn c\u00e1o ti\u1ebfp t\u1ee5c thu th\u1eadp v\u00e0 ph\u00e2n t\u00edch c\u00e1c m\u1eabu D\u00e2y th\u01b0\u1eddng xu\u00e2n kh\u00e1c v\u1edbi ch\u1ec9 th\u1ecb ITS v\u00e0 matK \u0111\u1ec3 c\u00f3 \u0111\u01b0\u1ee3c b\u1ee9c tranh to\u00e0n c\u1ea3nh h\u01a1n v\u1ec1 \u0111a d\u1ea1ng di truy\u1ec1n c\u1ee7a lo\u00e0i n\u00e0y.\n", "\u0110\u1ed1i v\u1edbi ch\u1ec9 th\u1ecb ITS, c\u1eb7p m\u1ed3i 17SE/28SE \u0111\u01b0\u1ee3c s\u1eed d\u1ee5ng l\u1ea7n \u0111\u1ea7u ti\u00ean b\u1edfi Sun v\u00e0 c\u1ed9ng s\u1ef1 (1994) trong ph\u00e2n t\u00edch ph\u00e1t sinh gen c\u00e2y cao l\u01b0\u01a1ng (Sorghum bicolor), nh\u00e2n l\u00ean \u0111o\u1ea1n gen ITS d\u00e0i kho\u1ea3ng 588 bp [15].\n", "Ngo\u00e0i ra, c\u1eb7p m\u1ed3i n\u00e0y c\u0169ng \u0111\u00e3 \u0111\u01b0\u1ee3c s\u1eed d\u1ee5ng \u1edf nghi\u00ean c\u1ee9u \u0111\u00e1nh gi\u00e1 \u0111a d\u1ea1ng di truy\u1ec1n \u1edf chi Lan ho\u00e0ng th\u1ea3o (Dendrobium) v\u00e0 \u0111o\u1ea1n gen ITS \u0111\u01b0\u1ee3c nh\u00e2n l\u00ean c\u00f3 \u0111\u1ed9 d\u00e0i 857 bp [20], k\u1ebft qu\u1ea3 n\u00e0y t\u01b0\u01a1ng \u0111\u1ed3ng v\u1edbi \u0111\u1ed9 d\u00e0i v\u00f9ng gen ITS c\u1ee7a D\u00e2y th\u01b0\u1eddng xu\u00e2n \u0111\u01b0\u1ee3c nh\u00e2n l\u00ean trong nghi\u00ean c\u1ee9u n\u00e0y.\n", "\u0110\u1eb7c bi\u1ec7t, R.\n", "Vargas v\u00e0 c\u1ed9ng s\u1ef1 (1999) \u0111\u00e3 c\u00f3 nghi\u00ean c\u1ee9u v\u1ec1 27 tr\u00ecnh t\u1ef1 c\u1ee7a 12 lo\u00e0i thu\u1ed9c chi Hedera c\u0169ng s\u1eed d\u1ee5ng \u0111o\u1ea1n m\u1ed3i 17SE/28SE.\n", "Ph\u00e2n th\u00edch ki\u1ec3u nh\u00e2n cho th\u1ea5y lo\u00e0i H.\n", "nepalensis v\u00e0 H.\n", "helix c\u00f3 b\u1ed9 nhi\u1ec5m s\u1eafc th\u1ec3 l\u01b0\u1ee1ng b\u1ed9i 2n l\u00e0 48.\n", "C\u0169ng t\u01b0\u01a1ng \u0111\u1ed3ng v\u1edbi nghi\u00ean c\u1ee9u c\u1ee7a ch\u00fang t\u00f4i, ph\u00e2n t\u00edch c\u1ee7a\n", "R.\n", "Vargas cho th\u1ea5y trong \u0111o\u1ea1n ITS ho\u00e0n ch\u1ec9nh d\u00e0i 610 bp th\u00ec v\u00f9ng ITS1 d\u00e0i 221-223 bp, 5,8S d\u00e0i 163 bp v\u00e0 v\u00f9ng ITS2 d\u00e0i 224 bp.\n", "C\u00f3 r\u1ea5t \u00edt c\u00e1c \u0111\u1ed9t bi\u1ebfn \u0111i\u1ec3m \u0111\u01b0\u1ee3c t\u00ecm th\u1ea5y \u1edf v\u00f9ng tr\u00ecnh t\u1ef1 ITS nh\u01b0ng ch\u1ec9 th\u1ecb n\u00e0y v\u1eabn ph\u00e2n lo\u1ea1i th\u00e0nh c\u00f4ng \u0111\u01b0\u1ee3c H.\n", "nepalensis v\u1edbi H.\n", "helix v\u00e0 10 lo\u00e0i kh\u00e1c thu\u1ed9c chi Hedera [21].\n", "Nghi\u00ean c\u1ee9u n\u00e0y ch\u00ednh l\u00e0 c\u01a1 s\u1edf \u0111\u1ec3 ch\u00fang t\u00f4i l\u1ef1a ch\u1ecdn ch\u1ec9 th\u1ecb ITS ph\u00e2n t\u00edch \u0111a d\u1ea1ng di truy\u1ec1n tr\u00ean D\u00e2y th\u01b0\u1eddng xu\u00e2n \u1edf\n", "Vi\u1ec7t Nam.\n", "\u0110\u1ed1i v\u1edbi ch\u1ec9 th\u1ecb matK, c\u1eb7p m\u1ed3i 390F/1326R s\u1eed d\u1ee5ng trong nghi\u00ean c\u1ee9u n\u00e0y \u0111\u00e3 \u0111\u01b0\u1ee3c \u1ee9ng d\u1ee5ng trong nhi\u1ec1u nghi\u00ean c\u1ee9u tr\u01b0\u1edbc \u0111\u00f3 v\u00e0 \u0111\u01b0\u1ee3c khuy\u1ebfn c\u00e1o l\u00e0m m\u00e3 v\u1ea1ch trong ph\u00e2n lo\u1ea1i th\u1ef1c v\u1eadt.\n", "Trong nghi\u00ean c\u1ee9u c\u1ee7a Lei v\u00e0 c\u1ed9ng s\u1ef1 (2014) tr\u00ean 27 lo\u00e0i th\u1ef1c v\u1eadt c\u00f3 \u0111\u1ed9c thu\u1ed9c 22 chi v\u00e0 17 h\u1ecd \u1edf\n", "Trung Qu\u1ed1c, c\u1eb7p m\u1ed3i n\u00e0y \u0111\u01b0\u1ee3c \u0111\u00e1nh gi\u00e1 l\u00e0 hi\u1ec7u qu\u1ea3 cao trong \u0111\u1ecbnh danh lo\u00e0i [22].\n", "Ngo\u00e0i ra, Sun v\u00e0 c\u1ed9ng s\u1ef1 (2001) c\u0169ng nh\u00e2n l\u00ean \u0111\u01b0\u1ee3c \u0111o\u1ea1n gen matK d\u00e0i 907 bp gi\u00fap ph\u00e2n bi\u1ec7t Helleborus v\u1edbi c\u00e1c chi kh\u00e1c [23].\n", "N\u0103m 2002, C\u00faenouds\u1eed d\u1ee5ng c\u1eb7p m\u1ed3i 390F/1326R khu\u1ebfch \u0111\u1ea1i kho\u1ea3ng 930 bp tr\u00ecnh t\u1ef1 matK gi\u00fap ph\u00e2n lo\u1ea1i trong b\u1ed9\n", "Caryophyllales [16].\n", "\u0110\u1ed9 d\u00e0i \u0111o\u1ea1n gen matK \u0111\u01b0\u1ee3c nh\u00e2n l\u00ean b\u1edfi c\u1eb7p m\u1ed3i 390F/1326R c\u1ee7a c\u00e1c nghi\u00ean c\u1ee9u tr\u00ean kh\u00e1 t\u01b0\u01a1ng \u0111\u1ed3ng v\u1edbi nghi\u00ean c\u1ee9u c\u1ee7a ch\u00fang t\u00f4i.\n", "\u0110\u1ed1i v\u1edbi chi Hedera, Grivet v\u00e0 c\u1ed9ng s\u1ef1 (2002) \u0111\u00e3 s\u1eed d\u1ee5ng 5 c\u1eb7p m\u1ed3i g\u1ed1i nhau \u0111\u1ec3 nh\u00e2n d\u00f2ng \u0111\u01b0\u1ee3c \u0111o\u1ea1n gen trnK d\u00e0i 2474 bp v\u00e0 ch\u1ee9a to\u00e0n b\u1ed9 gen matK.\n", "Nghi\u00ean c\u1ee9u n\u00e0y \u0111\u00e3 ch\u1ec9 ra v\u1edbi 5 \u0111\u1ed9t bi\u1ebfn \u0111i\u1ec3m thu\u1ed9c v\u00f9ng exon c\u1ee7a matK \u0111\u00e3 cho ph\u00e9p x\u00e1c \u0111\u1ecbnh \u0111\u01b0\u1ee3c 6 halotype thu\u1ed9c 4 lo\u00e0i l\u00e0 H.\n", "helix v\u00e0 H.\n", "hibernica, H.\n", "maderensis v\u00e0 H.\n", "Maroccana [13].\n", "Nh\u01b0 v\u1eady, tuy v\u00f9ng tr\u00ecnh t\u1ef1 matK c\u00f3 t\u00ednh b\u1ea3o th\u1ee7 cao nh\u01b0ng v\u1eabn l\u00e0 m\u1ed9t ch\u1ec9 th\u1ecb ti\u1ec1m n\u0103ng trong vi\u1ec7c ph\u00e2n lo\u1ea1i v\u00e0 \u0111\u1ecbnh danh c\u00e1c lo\u00e0i thu\u1ed9c chi Hedera.\n"], "5": ["5.\n", "K\u1ebft lu\u1eadn\n", "Ch\u00fang t\u00f4i \u0111\u00e3 x\u00e2y d\u1ef1ng \u0111\u01b0\u1ee3c quy tr\u00ecnh ph\u00e2n t\u00edch gen ITS v\u00e0 matK tr\u00ean D\u00e2y th\u01b0\u1eddng xu\u00e2n.\n", "K\u1ebft qu\u1ea3 n\u00e0y s\u1ebd l\u00e0 ti\u1ec1n \u0111\u1ec1 cho c\u00e1c nghi\u00ean c\u1ee9u ph\u00e2n t\u00edch \u0111a d\u1ea1ng di truy\u1ec1n v\u00e0 \u0111\u00e1nh gi\u00e1 ch\u1ea5t l\u01b0\u1ee3ng ngu\u1ed3n gen, ph\u1ee5c v\u1ee5 cho c\u00f4ng t\u00e1c b\u1ea3o t\u1ed3n v\u00e0 ph\u00e1t tri\u1ec3n ngu\u1ed3n d\u01b0\u1ee3c li\u1ec7u D\u00e2y th\u01b0\u1eddng xu\u00e2n t\u1ea1i Vi\u1ec7t Nam.\n", "C\u00e1c t\u00e1c gi\u1ea3 ch\u00e2n th\u00e0nh c\u1ea3m \u01a1n nh\u00f3m nghi\u00ean c\u1ee9u c\u1ee7a PGS.\n", "TS.\n", "Ph\u1ea1m Thanh Huy\u1ec1n (Khoa T\u00e0i nguy\u00ean D\u01b0\u1ee3c li\u1ec7u, Vi\u1ec7n D\u01b0\u1ee3c li\u1ec7u) \u0111\u00e3 gi\u00fap thu th\u1eadp m\u1eabu v\u1eadt ph\u1ee5c v\u1ee5 cho nghi\u00ean c\u1ee9u n\u00e0y.\n", "L\u1eddi c\u1ea3m \u01a1n\n", "Ch\u00fang t\u00f4i tr\u00e2n tr\u1ecdng c\u1ea3m \u01a1n B\u1ed9 Khoa h\u1ecdc v\u00e0\n", "C\u00f4ng ngh\u1ec7 Vi\u1ec7t Nam \u0111\u00e3 t\u00e0i tr\u1ee3 cho \u0111\u1ec1 t\u00e0i m\u00e3 s\u1ed1\n", "NVQG-2018/02 \u0111\u1ec3 th\u1ef1c hi\u1ec7n nghi\u00ean c\u1ee9u n\u00e0y.\n"]}, "Word count": 3584}