{"title": "Original Article\n", "content": {"0": ["T\u00f3m t\u1eaft: Vi\u00eam m\u1ea1ch d\u1ecb \u1ee9ng hay c\u00f2n g\u1ecdi l\u00e0 Henoch-Schonlein Purpura th\u01b0\u1eddng g\u1eb7p \u1edf tr\u1ebb em.\n", "M\u1ee5c ti\u00eau nghi\u00ean c\u1ee9u: m\u00f4 t\u1ea3 \u0111\u1eb7c \u0111i\u1ec3m l\u00e2m s\u00e0ng, c\u1eadn l\u00e2m s\u00e0ng c\u1ee7a vi\u00eam mao m\u1ea1ch d\u1ecb \u1ee9ng \u1edf tr\u1ebb em.\n", "\u0110\u1ed1i t\u01b0\u1ee3ng nghi\u00ean c\u1ee9u: tr\u1ebb \u0111\u01b0\u1ee3c ch\u1ea9n \u0111o\u00e1n vi\u00eam mao m\u1ea1ch d\u1ecb \u1ee9ng v\u00e0o \u0111i\u1ec1u tr\u1ecb t\u1ea1i Khoa Nhi, B\u1ec7nh vi\u1ec7n\n", "B\u1ea1ch Mai trong th\u1eddi gian t\u1eeb th\u00e1ng 01 n\u0103m 2017 \u0111\u1ebfn h\u1ebft th\u00e1ng 12 n\u0103m 2018.\n", "Ph\u01b0\u01a1ng ph\u00e1p nghi\u00ean c\u1ee9u: m\u00f4 t\u1ea3 lo\u1ea1t ca b\u1ec7nh.\n", "K\u1ebft qu\u1ea3: tu\u1ed5i trung b\u00ecnh kh\u1edfi ph\u00e1t b\u1ec7nh l\u00e0 9,1 \u00b1 3,2 tu\u1ed5i.\n", "T\u1ef7 l\u1ec7 tr\u1ebb trai/tr\u1ebb g\u00e1i l\u00e0 1,17:1.\n", "T\u1ec9 l\u1ec7 b\u1ec7nh kh\u1edfi ph\u00e1t v\u00e0o m\u00f9a \u0111\u00f4ng xu\u00e2n cao nh\u1ea5t (38%), 44% tr\u01b0\u1eddng h\u1ee3p c\u00f3 nhi\u1ec5m tr\u00f9ng tr\u01b0\u1edbc khi kh\u1edfi ph\u00e1t b\u1ec7nh.\n", "Tri\u1ec7u ch\u1ee9ng l\u00e2m s\u00e0ng g\u1eb7p nhi\u1ec1u nh\u1ea5t l\u00e0 ban xu\u1ea5t huy\u1ebft \u0111\u1ed1i x\u1ee9ng 2 b\u00ean (90%), 68,0% c\u00f3 c\u00e1c bi\u1ec3u hi\u1ec7n t\u1ea1i c\u01a1 quan ti\u00eau ho\u00e1, 18,0% c\u00f3 t\u1ed5n th\u01b0\u01a1ng th\u1eadn.\n", "K\u1ebft qu\u1ea3 \u0111i\u1ec1u tr\u1ecb: 78% tr\u1ebb kh\u1ecfi ho\u00e0n to\u00e0n, 16% tr\u1ebb c\u00f3 t\u00e1i ph\u00e1t, kh\u00f4ng thuy\u00ean gi\u1ea3m l\u00e0 6%.\n", "K\u1ebft lu\u1eadn: vi\u00eam m\u1ea1ch d\u1ecb \u1ee9ng c\u00f3 bi\u1ec3u hi\u1ec7n ch\u00ednh l\u00e0 c\u00e1c ban xu\u1ea5t huy\u1ebft \u0111\u1ed1i x\u1ee9ng, k\u00e8m theo tri\u1ec7u ch\u1ee9ng t\u1ea1i \u0111\u01b0\u1eddng ti\u00eau ho\u00e1, t\u1ed5n th\u01b0\u01a1ng th\u1eadn \u00edt g\u1eb7p h\u01a1n, t\u1ec9 l\u1ec7 \u0111i\u1ec1u tr\u1ecb kh\u1ecfi cao.\n", "T\u1eeb kho\u00e1: Vi\u00eam th\u1eadn, Schonlein Henoch Purpura.\n"], "1": ["1.\n", "\u0110\u1eb7t v\u1ea5n \u0111\u1ec1\n", "Vi\u00eam mao m\u1ea1ch d\u1ecb \u1ee9ng (VMMD\u01af) hay c\u00f2n g\u1ecdi l\u00e0 Henoch Schonlein purpura \u2013 (HSP) l\u00e0 b\u1ec7nh th\u01b0\u1eddng g\u1eb7p \u1edf tr\u1ebb em.\n", "Tri\u1ec7u ch\u1ee9ng l\u00e0 ban xu\u1ea5t huy\u1ebft tr\u00ean da, vi\u00eam kh\u1edbp, \u0111au b\u1ee5ng v\u00e0 c\u00e1c bi\u1ec3u hi\u1ec7n t\u1ed5n th\u01b0\u01a1ng th\u1eadn.\n", "Nhi\u1ec1u nghi\u00ean c\u1ee9u tr\u00ean th\u1ebf gi\u1edbi \u0111\u00e3 ch\u1ec9 ra r\u1eb1ng m\u1ee9c \u0111\u1ed9 t\u1ed5n th\u01b0\u01a1ng th\u1eadn (Henoch Schonlein purpura nephritis, HSPN) l\u00e0 m\u1ed9t y\u1ebfu t\u1ed1 ti\u00ean l\u01b0\u1ee3ng l\u00e2u d\u00e0i c\u1ee7a b\u1ec7nh.\n", "V\u00ec v\u1eady _* T\u00e1c gi\u1ea3 li\u00ean h\u1ec7.\n", "t\u1ed5n th\u01b0\u01a1ng th\u1eadn c\u1ea7n \u0111\u01b0\u1ee3c kh\u1ea3o s\u00e1t \u1edf t\u1ea5t c\u1ea3 c\u00e1c b\u1ec7nh nh\u00e2n HSP [1].\n", "T\u1ea1i Vi\u1ec7t Nam, nghi\u00ean c\u1ee9u v\u1ec1 VMMD\u01af n\u00f3i chung ch\u01b0a \u0111\u1ea7y \u0111\u1ee7, cho \u0111\u1ebfn nay, t\u1ea1i Khoa Nhi, c\u1ee9u v\u1ec1 b\u1ec7nh n\u00e0y \u1edf tr\u1ebb em.\n", "V\u00ec v\u1eady t\u00f4i th\u1ef1c hi\u1ec7n nghi\u00ean c\u1ee9u n\u00e0y v\u1edbi hai m\u1ee5c ti\u00eau sau: i) M\u00f4 t\u1ea3 c\u00e1c \u0111\u1eb7c \u0111i\u1ec3m d\u1ecbch t\u1ec5 h\u1ecdc l\u00e2m s\u00e0ng v\u00e0 c\u1eadn l\u00e2m s\u00e0ng c\u1ee7a VMMD\u01af \u1edf tr\u1ebb em t\u1ea1i Khoa Nhi, B\u1ec7nh vi\u1ec7n\n", "B\u1ea1ch Mai; ii) \u0110\u00e1nh gi\u00e1 k\u1ebft qu\u1ea3 b\u01b0\u1edbc \u0111\u1ea7u \u0111i\u1ec1u tr\u1ecb b\u1ec7nh.\n"], "2": ["2.\n", "\u0110\u1ed1i t\u01b0\u1ee3ng ph\u01b0\u01a1ng ph\u00e1p nghi\u00ean c\u1ee9u 2.1.\n", "\u0110\u1ed1i t\u01b0\u1ee3ng nghi\u00ean c\u1ee9u 50 tr\u1ebb \u0111\u01b0\u1ee3c ch\u1ea9n \u0111o\u00e1n VMMD\u01af \u0111i\u1ec1u tr\u1ecb t\u1ea1i th\u00e1ng 01 n\u0103m 2017 \u0111\u1ebfn th\u00e1ng 12 n\u0103m 2018.\n", "2.2.\n", "Ph\u01b0\u01a1ng ph\u00e1p nghi\u00ean c\u1ee9u\n", "Nghi\u00ean c\u1ee9u m\u00f4 t\u1ea3 lo\u1ea1t ca b\u1ec7nh.\n", "C\u1ee1 m\u1eabu nghi\u00ean c\u1ee9u: t\u1ea5t c\u1ea3 b\u1ec7nh nh\u00e2n ph\u00f9 h\u1ee3p v\u1edbi ti\u00eau chu\u1ea9n ch\u1ea9n \u0111o\u00e1n.\n", "Ti\u00eau chu\u1ea9n l\u1ef1a ch\u1ecdn: Tr\u1ebb \u2264 15 tu\u1ed5i, \u0111\u01b0\u1ee3c ch\u1ea9n \u0111o\u00e1n VMMD\u01af theo ti\u00eau chu\u1ea9n c\u1ee7a\n", "EULAR/ PRES/ PRINTO (Ankara 2008): khi b\u1ec7nh nh\u00e2n c\u00f3 ban xu\u1ea5t huy\u1ebft d\u1ea1ng ch\u1ea5m n\u1ed1t n\u1ed5i g\u1edd tr\u00ean m\u1eb7t da v\u00e0 \u00edt nh\u1ea5t 1 trong 4 tri\u1ec7u ch\u1ee9ng [1]: i) \u0110au b\u1ee5ng lan to\u1ea3; ii) Sinh thi\u1ebft t\u1ed5n th\u01b0\u01a1ng da v\u00e0 m\u1ea1ch m\u00e1u c\u00f3 l\u1eafng \u0111\u1ecdng IgA; iii) Vi\u00eam kh\u1edbp (c\u1ea5p, b\u1ea5t k\u1ef3 kh\u1edbp n\u00e0o) ho\u1eb7c \u0111au kh\u1edbp; iv)\n", "T\u1ed5n th\u01b0\u01a1ng th\u1eadn (h\u1ed3ng c\u1ea7u ni\u1ec7u ho\u1eb7c protein ni\u1ec7u).\n", "T\u1ed5n th\u01b0\u01a1ng th\u1eadn \u0111\u01b0\u1ee3c \u0111\u1ecbnh ngh\u0129a l\u00e0:\n", "Protein/creatinin ni\u1ec7u > 20 mg/mmol ho\u1eb7c h\u1ed3ng c\u1ea7u ni\u1ec7u d\u01b0\u01a1ng t\u00ednh tr\u00ean 2+ ho\u1eb7c suy th\u1eadn v\u1edbi m\u1ee9c l\u1ecdc c\u1ea7u th\u1eadn (MLCT) d\u01b0\u1edbi 90 ml/1,73m2/ph\u00fat t\u00ednh theo c\u00f4ng th\u1ee9c Schwartz.\n", "Ti\u00eau chu\u1ea9n lo\u1ea1i tr\u1eeb: c\u00e1c b\u1ec7nh nh\u00e2n HSP kh\u00f4ng c\u00f3 t\u1ed5n th\u01b0\u01a1ng th\u1eadn, b\u1ec7nh nh\u00e2n v\u00e0 gia \u0111\u00ecnh b\u1ec7nh nh\u00e2n kh\u00f4ng \u0111\u1ed3ng \u00fd tham gia nghi\u00ean c\u1ee9u.\n", "Tr\u1ebb m\u1eafc VMMD \u0111\u01b0\u1ee3c \u0111i\u1ec1u tr\u1ecb theo ph\u00e1c \u0111\u1ed3 th\u1ed1ng nh\u1ea5t c\u1ee7a \u0110\u1ed3ng thu\u1eadn trong \u0111i\u1ec1u tr\u1ecb H\u1ed9i\n", "Th\u1ea5p h\u1ecdc ch\u00e2u \u00c2u [2].\n", "2.3.X\u1eed l\u00fd s\u1ed1 li\u1ec7u\n", "S\u1ed1 li\u1ec7u x\u1eed l\u00fd b\u1eb1ng ph\u1ea7n m\u1ec1m SPSS 16.0.\n"], "3": ["3.\n", "K\u1ebft qu\u1ea3 nghi\u00ean c\u1ee9u 3.1.\n", "\u0110\u1eb7c \u0111i\u1ec3m d\u1ecbch t\u1ebf h\u1ecdc\n", "Tu\u1ed5i m\u1eafc t\u1eeb 4 \u0111\u1ebfn 15 tu\u1ed5i, t\u1eadp trung nhi\u1ec1u \u1edf tr\u1ebb t\u1eeb 6 \u0111\u1ebfn 8 tu\u1ed5i.\n", "Tu\u1ed5i trung b\u00ecnh b\u1ecb b\u1ec7nh l\u00e0 9,1\u00b13,2 tu\u1ed5i.\n", "K\u1ebft qu\u1ea3 ph\u00e2n b\u1ed1 v\u1ec1 gi\u1edbi: tr\u1ebb trai chi\u1ebfm 54% cao h\u01a1n tr\u1ebb g\u00e1i 46% kh\u00e1c bi\u1ec7t kh\u00f4ng c\u00f3 \u00fd ngh\u0129a th\u1ed1ng k\u00ea v\u1edbi p=0,06.\n", "Bi\u1ec3u \u0111\u1ed3 1.\n", "Ph\u00e2n b\u1ed1 s\u1ed1 b\u1ec7nh nh\u00e2n theo c\u00e1c th\u00e1ng trong n\u0103m.\n", "Nh\u1eadn x\u00e9t: th\u1eddi \u0111i\u1ec3m kh\u1edfi ph\u00e1t b\u1ec7nh\n", "VMMD\u01af t\u1eadp chung nhi\u1ec1u \u1edf c\u00e1c th\u00e1ng 11 \u0111\u1ebfn th\u00e1ng 3.\n", "G\u1eb7p nhi\u1ec1u nh\u1ea5t l\u00e0 v\u00e0o m\u00f9a \u0111\u00f4ng xu\u00e2n v\u1edbi 38,0%, m\u00f9a h\u00e8 \u00edt g\u1eb7p nh\u1ea5t v\u1edbi 14,0%.\n", "B\u1ea3ng 1.\n", "C\u00e1c y\u1ebfu t\u1ed1 kh\u1edfi ph\u00e1t b\u1ec7nh (n=50)\n", "Nhi\u1ec5m tr\u00f9ng S\u1ed1 l\u01b0\u1ee3ng T\u1ef7 l\u1ec7 %\n", "Nhi\u1ec5m tr\u00f9ng \u0111\u01b0\u1eddng h\u00f4 h\u1ea5p tr\u00ean 10 20,0\n", "Nhi\u1ec5m tr\u00f9ng \u0111\u01b0\u1eddng h\u00f4 h\u1ea5p d\u01b0\u1edbi 4 8,0\n", "Nhi\u1ec5m tr\u00f9ng ti\u1ebft ni\u1ec7u 4 8,0\n", "Vi\u00eam d\u1ea1 d\u00e0y \u2013 ru\u1ed9t 3 6,0\n", "Vi\u00eam m\u00f4 t\u1ebf b\u00e0o da 1 2,0\n", "T\u1ed5ng 22 44,0\n", "Nh\u1eadn x\u00e9t: c\u00f3 44,0% b\u1ec7nh nh\u00e2n kh\u1edfi ph\u00e1t b\u1ec7nh c\u00f3 c\u00e1c nhi\u1ec5m tr\u00f9ng k\u00e8m theo, v\u00e0 ch\u1ee7 y\u1ebfu l\u00e0 nhi\u1ec5m tr\u00f9ng \u0111\u01b0\u1eddng h\u00f4 h\u1ea5p v\u1edbi 20,0%.\n", "1 2 3 4 5 6 7 8 9 10 11 12 5 5\n", "S \u1ed1 l \u01b0 \u1ee3 n g\n", "Th\u00e1ng\n", "B\u1ea3ng 2.\n", "Tri\u1ec7u ch\u1ee9ng l\u00e2m s\u00e0ng khi kh\u1edfi ph\u00e1t (n=50)\n", "Tri\u1ec7u ch\u1ee9ng\n", "S\u1ed1 l\u01b0\u1ee3ng\n", "T\u1ef7 l\u1ec7 %\n", "Ban xu\u1ea5t huy\u1ebft \u1edf da \u0111\u01a1n thu\u1ea7n 21 42,0\n", "\u0110au b\u1ee5ng \u0111\u01a1n thu\u1ea7n 9 18,0\n", "S\u01b0ng \u0111au kh\u1edbp \u0111\u01a1n thu\u1ea7n 3 6,0\n", "Ban da v\u00e0 \u0111au kh\u1edbp 8 16,0\n", "Ban da v\u00e0 \u0111au b\u1ee5ng 5 10,0\n", "\u0110au kh\u1edbp v\u00e0 \u0111au b\u1ee5ng 2 4,0\n", "N\u00f4n m\u00e1u 1 2,0\n", "Ti\u1ec3u \u0111\u1ecf 1 2,0\n", "T\u1ed5ng 50 100,0\n", "Nh\u1eadn x\u00e9t: tri\u1ec7u ch\u1ee9ng \u0111\u1ea7u ti\u00ean th\u01b0\u1eddng g\u1eb7p l\u00e0 n\u1ed5i ban xu\u1ea5t huy\u1ebft \u1edf da \u0111\u01a1n thu\u1ea7n, \u0111au b\u1ee5ng \u0111\u01a1n thu\u1ea7n, ban xu\u1ea5t huy\u1ebft k\u1ebft h\u1ee3p s\u01b0ng \u0111au kh\u1edbp v\u1edbi t\u1ef7 l\u1ec7 l\u1ea7n l\u01b0\u1ee3t l\u00e0 44,0%; 16,0%; 16,0%.\n", "B\u1ea3ng 3.\n", "C\u00e1c tri\u1ec7u ch\u1ee9ng l\u00e2m s\u00e0ng giai \u0111o\u1ea1n to\u00e0n ph\u00e1t (n=50)\n", "C\u01a1 quan n % Tri\u1ec7u ch\u1ee9ng n %\n", "Da 45 90,0 Ban da 45 90,0\n", "Kh\u1edbp 28 56,0 S\u01b0ng \u0111au kh\u1edbp 28 56,0\n", "Ti\u00eau ho\u00e1 34 68,0\n", "\u0110au b\u1ee5ng 32 64,0\n", "N\u00f4n m\u00e1u 6 12,0\n", "\u0110i ngo\u00e0i ph\u00e2n m\u00e1u 12 24,0\n", "Ti\u00eau ch\u1ea3y 5 10,0\n", "Th\u1eadn 9 18,0\n", "\u0110\u00e1i m\u00e1u \u0111\u1ea1i th\u1ec3 6 12,0\n", "Ph\u00f9 4 8,0\n", "T\u0103ng huy\u1ebft \u00e1p 6 12,0\n", "Tri\u1ec7u ch\u1ee9ng kh\u00e1c\n", "S\u1ed1t 5 10,0\n", "S\u01b0ng n\u1ec1 b\u00ecu 3 6,0\n", "Nh\u1eadn x\u00e9t: VMMD\u01af \u1ea3nh h\u01b0\u1edfng \u0111\u1ebfn c\u00e1c c\u01a1 quan da, ti\u00eau ho\u00e1, kh\u1edbp, th\u1eadn v\u1edbi t\u1ef7 l\u1ec7 l\u1ea7n l\u01b0\u1ee3t l\u00e0 90,0%; 68,0%; 56,0%; 18,0%.\n", "Trong \u0111\u00f3 tri\u1ec7u ch\u1ee9ng g\u1eb7p nhi\u1ec1u nh\u1ea5t l\u00e0 ban xu\u1ea5t huy\u1ebft tr\u00ean da, \u0111au b\u1ee5ng v\u00e0 s\u01b0ng \u0111au kh\u1edbp v\u1edbi t\u1ef7 l\u1ec7 l\u1ea7n l\u01b0\u1ee3t l\u00e0: 90,0%; 64,0%; 56,0%.\n", "B\u1ea3ng 4.\n", "C\u00e1c \u0111\u1eb7c \u0111i\u1ec3m v\u1ec1 x\u00e9t nghi\u1ec7m m\u00e1u (n=50)\n", "X\u00e9t nghi\u1ec7m n %\n", "Gi\u00e1 tr\u1ecb trung b\u00ecnh\n", "C\u00f4ng th\u1ee9c m\u00e1u\n", "Gi\u1ea3m h\u1ed3ng c\u1ea7u 1 2,0\n", "Gi\u1ea3m huy\u1ebft s\u1eafc t\u1ed1 1 2,0 130,1\u00b113,5g/L\n", "T\u0103ng b\u1ea1ch c\u1ea7u 16 32,0 15,3\u00b17,1 G/L\n", "S\u1ed1 l\u01b0\u1ee3ng b\u1ea1ch c\u1ea7u\n", "TB 427,4\u00b1132,2\n", "G/L\n", "Sinh ho\u00e1 m\u00e1u\n", "T\u0103ng\n", "ALT 1 2,0\n", "T\u0103ng\n", "AST 2 4,0\n", "T\u0103ng ure 4 8,0\n", "T\u0103ng\n", "CRP 17 34,0 17,3\u00b119,8 mg/l\n", "Nh\u1eadn x\u00e9t: t\u0103ng CRP v\u00e0 t\u0103ng b\u1ea1ch c\u1ea7u l\u00e0 2 thay \u0111\u1ed5i ph\u1ed5 bi\u1ebfn nh\u1ea5t trong nghi\u00ean c\u1ee9u n\u00e0y v\u1edbi t\u1ef7 l\u1ec7 l\u1ea7n l\u01b0\u1ee3t l\u00e0 34,0% v\u00e0 32,0%.\n", "B\u1ea3ng 5.\n", "\u0110i\u1ec1u tr\u1ecb vi\u00eam mao m\u1ea1ch d\u1ecb \u1ee9ng\n", "Ph\u01b0\u01a1ng ph\u00e1p \u0111i\u1ec1u tr\u1ecb\n", "S\u1ed1 l\u01b0\u1ee3ng (n)\n", "T\u1ef7 l\u1ec7 (%)\n", "Kh\u00f4ng \u0111i\u1ec1u tr\u1ecb corticoit (kh\u00e1ng Histamin) 12 24,0\n", "\u0110i\u1ec1u tr\u1ecb corticoid\n", "U\u1ed1ng prednisolon 26 52,0 76,0\n", "Truy\u1ec1n methypredni solon 9 18,0\n", "Truy\u1ec1n methypredni solon v\u00e0 thu\u1ed1c \u1ee9c ch\u1ebf mi\u1ec5n d\u1ecbch 3 6,0\n", "T\u1ed5ng 50 100,0\n", "Nh\u1eadn x\u00e9t: ph\u00e1c \u0111\u1ed3 \u0111i\u1ec1u tr\u1ecb b\u1eb1ng prednisolon \u0111\u01b0\u1ee3c s\u1eed d\u1ee5ng nhi\u1ec1u nh\u1ea5t 52,0% trong \u0111i\u1ec1u tr\u1ecb b\u1ec7nh nh\u00e2n VMMD\u01af \u1edf nghi\u00ean c\u1ee9u n\u00e0y.\n", "B\u1ea3ng 6.\n", "K\u1ebft qu\u1ea3 \u0111i\u1ec1u tr\u1ecb sau 3 th\u00e1ng theo d\u00f5i\n", "K\u1ebft qu\u1ea3 \u0111i\u1ec1u tr\u1ecb S\u1ed1 l\u01b0\u1ee3ng (n)\n", "T\u1ef7 l\u1ec7 (%)\n", "Kh\u1ecfi ho\u00e0n to\u00e0n 39 78,0\n", "Kh\u00f4ng thuy\u00ean gi\u1ea3m 3 6,0\n", "T\u00e1i ph\u00e1t\n", "Sau 1 th\u00e1ng 6 12,0 16,0\n", "Sau 3 th\u00e1ng 2 4,0\n", "Nh\u1eadn x\u00e9t: 78,0% s\u1ed1 b\u1ec7nh nh\u00e2n kh\u1ecfi b\u1ec7nh ho\u00e0n to\u00e0n; 16,0% b\u1ec7nh nh\u00e2n t\u00e1i ph\u00e1t v\u00e0 6,0% b\u1ec7nh nh\u00e2n v\u1eabn ch\u01b0a \u0111\u1ea1t \u0111\u01b0\u1ee3c thuy\u00ean gi\u1ea3m trong qu\u00e1 tr\u00ecnh \u0111i\u1ec1u tr\u1ecb.\n"], "4": ["4.\n", "B\u00e0n lu\u1eadn 4.1.\n", "\u0110\u1eb7c \u0111i\u1ec3m d\u1ecbch t\u1ec5 h\u1ecdc, l\u00e2m s\u00e0ng v\u00e0 c\u1eadn l\u00e2m s\u00e0ng\n", "Theo k\u1ebft qu\u1ea3 nghi\u00ean c\u1ee9u s\u1ef1 ph\u00e2n b\u1ed1 theo tu\u1ed5i c\u1ee7a b\u1ec7nh nh\u00e2n VMMD\u01af l\u00e0 t\u1eeb 4 \u0111\u1ebfn 15 tu\u1ed5i, g\u1eb7p nhi\u1ec1u nh\u1ea5t \u1edf b\u1ec7nh nh\u00e2n t\u1eeb 6 \u0111\u1ebfn 8 tu\u1ed5i.\n", "Tu\u1ed5i trung b\u00ecnh b\u1ecb b\u1ec7nh l\u00e0 9,1\u00b13,2 tu\u1ed5i.\n", "K\u1ebft qu\u1ea3 n\u00e0y kh\u00f4ng c\u00f3 s\u1ef1 kh\u00e1c bi\u1ec7t nhi\u1ec1u v\u1edbi k\u1ebft qu\u1ea3 nghi\u00ean c\u1ee9u c\u1ee7a Liu v\u00e0 cs (2015, n=325) c\u00f3 \u0111\u1ed9 tu\u1ed5i trung b\u00ecnh l\u00e0 8,4 \u00b1 2,9 [3].\n", "Theo k\u1ebft qu\u1ea3 nghi\u00ean c\u1ee9u, b\u1ec7nh nh\u00e2n VMMD\u01af g\u1eb7p \u1edf c\u1ea3 2 gi\u1edbi, trong \u0111\u00f3 tr\u1ebb trai g\u1eb7p nhi\u1ec1u h\u01a1n tr\u1ebb g\u00e1i, t\u1ef7 l\u1ec7 tr\u1ebb trai/tr\u1ebb g\u00e1i = 1,17:1 kh\u00f4ng kh\u00e1c bi\u1ec7t v\u1edbi k\u1ebft qu\u1ea3 nghi\u00ean c\u1ee9u c\u1ee7a L\u00ea Th\u1ecb Minh H\u01b0\u01a1ng (2013, n=216), Lee (2016, n=212) l\u1ea7n l\u01b0\u1ee3t cho t\u1ef7 l\u1ec7 tr\u1ebb trai/ tr\u1ebb g\u00e1i l\u00e0 1,7; 1,23; 1,9 [4, 5].\n", "Theo qu\u1ea3 nghi\u00ean c\u1ee9u trong h\u00ecnh 1 cho th\u1ea5y b\u1ec7nh xu\u1ea5t hi\u1ec7n v\u1edbi t\u1ef7 l\u1ec7 cao h\u01a1n trong c\u00e1c th\u00e1ng m\u00f9a \u0111\u00f4ng, xu\u00e2n, thu, h\u00e8 l\u1ea7n l\u01b0\u1ee3t l\u00e0 38,0%; 28,0%; 20,0%; 14,0%.\n", "T\u00ednh ch\u1ea5t m\u00f9a trong b\u1ec7nh VMMD\u01af c\u00f3 th\u1ec3 l\u00e0 do tr\u1ebb em th\u01b0\u1eddng b\u1ecb nhi\u1ec5m tr\u00f9ng \u0111\u01b0\u1eddng h\u00f4 h\u1ea5p trong nh\u1eefng ng\u00e0y l\u1ea1nh \u0111\u00e2y l\u00e0 m\u1ed9t trong nh\u1eefng y\u1ebfu t\u1ed1 kh\u1edfi ph\u00e1t b\u1ec7nh VMMD\u01af.\n", "B\u1ea3ng 1 cho th\u1ea5y 44,0% b\u1ec7nh nh\u00e2n kh\u1edfi c\u00f3 k\u00e8m theo nhi\u1ec5m tr\u00f9ng tr\u01b0\u1edbc \u0111\u00f3, trong \u0111\u00f3 ch\u1ee7 y\u1ebfu li\u00ean quan \u0111\u1ebfn nhi\u1ec5m tr\u00f9ng \u0111\u01b0\u1eddng h\u00f4 h\u1ea5p tr\u00ean v\u1edbi 20,0% v\u00e0 tr\u1ebb m\u1eafc c\u00e1c b\u1ec7nh vi\u00eam ph\u1ed5i ph\u1ebf qu\u1ea3n \u1edf 8,0%, ngo\u00e0i ra nhi\u1ec5m khu\u1ea9n \u0111\u01b0\u1eddng ti\u1ebft ni\u1ec7u v\u00e0 nhi\u1ec5m khu\u1ea9n \u0111\u01b0\u1eddng ti\u00eau ho\u00e1 c\u0169ng g\u1eb7p \u1edf 8,0% v\u00e0 6,0%.\n", "Trong nghi\u00ean c\u1ee9u c\u1ee7a Liu v\u00e0 cs t\u1ef7 l\u1ec7 b\u1ec7nh nh\u00e2n kh\u1edfi ph\u00e1t b\u1ec7nh li\u00ean quan \u0111\u1ebfn y\u1ebfu t\u1ed1 nhi\u1ec5m tr\u00f9ng l\u00e0 57,2% v\u00e0 nhi\u1ec5m tr\u00f9ng \u0111\u01b0\u1eddng h\u00f4 h\u1ea5p tr\u00ean c\u0169ng l\u00e0 ch\u1ee7 y\u1ebfu 36,6% [3].\n", "C\u00e1c k\u1ebft qu\u1ea3 nghi\u00ean c\u1ee9u tr\u00ean th\u1ebf gi\u1edbi \u0111\u1ec1u nh\u1eadn th\u1ea5y c\u00f3 m\u1ed1i li\u00ean quan gi\u1eefa c\u00e1c b\u1ec7nh nhi\u1ec5m tr\u00f9ng v\u00e0 b\u1ec7nh, \u0111\u1eb7c bi\u1ec7t l\u00e0 nhi\u1ec5m tr\u00f9ng h\u00f4 h\u1ea5p tr\u00ean \u0111\u1ebfn s\u1ef1 kh\u1edfi ph\u00e1t b\u1ec7nh.\n", "Bi\u1ec3u hi\u1ec7n l\u00e2m s\u00e0ng khi kh\u1edfi ph\u00e1t b\u1ec7nh trong B\u1ea3ng 2 cho th\u1ea5y tri\u1ec7u ch\u1ee9ng l\u00e2m s\u00e0ng b\u1ec7nh kh\u00e1 \u0111a d\u1ea1ng, trong \u0111\u00f3 tri\u1ec7u ch\u1ee9ng \u0111\u1ea7u ti\u00ean th\u01b0\u1eddng g\u1eb7p nh\u1ea5t l\u00e0 ban xu\u1ea5t huy\u1ebft tr\u00ean da \u0111\u01a1n thu\u1ea7n, \u0111au b\u1ee5ng \u0111\u01a1n thu\u1ea7n, t\u1ef7 l\u1ec7 c\u00e1c tri\u1ec7u ch\u1ee9ng l\u1ea7n l\u01b0\u1ee3t l\u00e0 42,0%; 18,0%; 16,0%.\n", "T\u00e1c gi\u1ea3 L\u00ea Th\u1ecb Minh H\u01b0\u01a1ng v\u00e0 cs th\u1ea5y n\u1ed5i ban, \u0111au b\u1ee5ng, \u0111au kh\u1edbp l\u00e0 3 tri\u1ec7u ch\u1ee9ng kh\u1edfi \u0111\u1ea7u ch\u00ednh v\u1edbi t\u1ef7 l\u1ec7 40,0%; 32,0%; 17,0% [4].\n", "Nh\u01b0 v\u1eady, tri\u1ec7u ch\u1ee9ng kh\u1edfi ph\u00e1t \u0111\u1ea7u ti\u00ean g\u1eb7p nhi\u1ec1u nh\u1ea5t l\u00e0 ban xu\u1ea5t huy\u1ebft \u1edf da nh\u01b0ng v\u1edbi t\u1ef7 l\u1ec7 kh\u00f4ng nhi\u1ec1u 42,0%, \u0111i\u1ec1u n\u00e0y d\u1ec5 d\u1eabn \u0111\u1ebfn nh\u1ea7m v\u1edbi c\u00e1c b\u1ec7nh vi\u00eam d\u1ea1 d\u00e0y, vi\u00eam kh\u1edbp,...\n", "trong giai \u0111o\u1ea1n \u0111\u1ea7u.\n", "Theo k\u1ebft qu\u1ea3 nghi\u00ean c\u1ee9u trong b\u1ea3ng 3 v\u1ec1 c\u00e1c bi\u1ec3u hi\u1ec7n l\u00e2m s\u00e0ng \u1edf giai \u0111o\u1ea1n to\u00e0n ph\u00e1t cho th\u1ea5y ban da g\u1eb7p \u1edf h\u1ea7u h\u1ebft b\u1ec7nh nh\u00e2n (90,0%).\n", "T\u00ednh ch\u1ea5t xu\u1ea5t hi\u1ec7n \u1edf v\u00f9ng th\u1ea5p c\u1ee7a ban c\u00f3 th\u1ec3 li\u00ean quan \u0111\u1ebfn d\u00f2ng m\u00e1u \u1edf khu v\u1ef1c n\u00e0y ch\u1eadm h\u01a1n n\u00ean kh\u1ea3 n\u0103ng t\u00edch lu\u1ef9 c\u00e1c ph\u1ee9c h\u1ee3p mi\u1ec5n d\u1ecbch cao h\u01a1n, ngo\u00e0i ra \u00e1p l\u1ef1c cao h\u01a1n c\u0169ng l\u00e0m qu\u00e1 tr\u00ecnh tho\u00e1t m\u1ea1ch di\u1ec5n ra d\u1ec5 d\u00e0ng h\u01a1n.\n", "Ban da m\u1edd d\u1ea7n trong 1 \u0111\u1ebfn 38 ng\u00e0y v\u00e0 trung b\u00ecnh l\u00e0 10,8\u00b18,7 ng\u00e0y, bi\u1ec3u hi\u1ec7n \u1edf kh\u1edbp l\u00e0 s\u01b0ng kh\u1edbp v\u00e0 \u0111au kh\u1edbp g\u1eb7p 56,0% v\u00e0 c\u00e1c kh\u1edbp l\u1edbn \u1edf chi d\u01b0\u1edbi (\u0111\u1ea7u g\u1ed1i, c\u1ed5 ch\u00e2n).\n", "C\u00e1c tri\u1ec7u ch\u1ee9ng ch\u00ednh \u1edf \u0111\u01b0\u1eddng ti\u00eau ho\u00e1 l\u00e0 \u0111au b\u1ee5ng (64,0%) v\u1edbi \u0111\u1eb7c \u0111i\u1ec3m m\u01a1 h\u1ed3 kh\u00f4ng r\u00f5 v\u1ecb tr\u00ed \u0111au, b\u1ec7nh nh\u00e2n nh\u1eadn th\u1ea5y \u0111au xung quanh r\u1ed1n ho\u1eb7c c\u00f3 th\u1ec3 lan to\u1ea3 to\u00e0n b\u1ee5ng.\n", "Xu\u1ea5t huy\u1ebft ti\u00eau ho\u00e1 c\u0169ng g\u1eb7p \u1edf m\u1ed9t t\u1ef7 l\u1ec7 \u0111\u00e1ng k\u1ec3 (\u0111i ngo\u00e0i ph\u00e2n m\u00e1u 24,0% v\u00e0 n\u00f4n m\u00e1u 12,0%), m\u1ed9t s\u1ed1 b\u1ec7nh nh\u00e2n c\u00f3 bi\u1ec3u hi\u1ec7n r\u1ed1i lo\u1ea1n ti\u00eau ho\u00e1 nh\u01b0 \u0111i ngo\u00e0i ph\u00e2n l\u1ecfng \u1edf 10%.\n", "T\u00e1c gi\u1ea3 L\u00ea Th\u1ecb Minh H\u01b0\u01a1ng v\u00e0 cs c\u0169ng cho k\u1ebft qu\u1ea3 \u0111au b\u1ee5ng l\u00e0 bi\u1ec3u hi\u1ec7n ch\u00ednh c\u1ee7a \u0111\u01b0\u1eddng ti\u00eau ho\u00e1 60,9% sau \u0111\u00f3 \u0111\u1ebfn \u1ec9a m\u00e1u 21,1% v\u00e0 n\u00f4n m\u00e1u 9,6% [4].\n", "Nh\u1eefng tri\u1ec7u ch\u1ee9ng n\u00e0y \u0111\u01b0\u1ee3c g\u00e2y ra b\u1edfi s\u1ef1 xu\u1ea5t huy\u1ebft d\u01b0\u1edbi ni\u00eam m\u1ea1c v\u00e0 ph\u00f9 n\u1ec1 c\u1ee7a th\u00e0nh ru\u1ed9t l\u00e0m b\u1ec7nh nh\u00e2n \u0111au b\u1ee5ng v\u00e0 th\u01b0\u1eddng k\u00e8m theo c\u1ea3m gi\u00e1c bu\u1ed3n n\u00f4n, n\u00f4n v\u00e0 ti\u00eau ch\u1ea3y.\n", "Trong nghi\u00ean c\u1ee9u c\u1ee7a t\u00f4i, nh\u00f3m tri\u1ec7u ch\u1ee9ng l\u00e2m s\u00e0ng c\u1ee7a t\u1ed5n th\u01b0\u01a1ng th\u1eadn ch\u1ec9 chi\u1ebfm 18,0% l\u00e0 th\u1ea5p so v\u1edbi c\u00e1c nghi\u00ean c\u1ee9u kh\u00e1c l\u00e0 do t\u1ed5n th\u01b0\u01a1ng th\u1eadn \u1edf c\u00e1c nghi\u00ean c\u1ee9u kh\u00e1c.T\u1ed5n th\u01b0\u01a1ng th\u1eadn trong VMMD\u01af l\u00e0 t\u1ed5n th\u01b0\u01a1ng n\u1eb7ng n\u1ec1 v\u00e0 nguy hi\u1ec3m, \u0111\u00f4i khi kh\u00f4ng bi\u1ec3u hi\u1ec7n \u1edf tri\u1ec7u ch\u1ee9ng l\u00e2m s\u00e0ng, m\u00e0 ch\u00fang ta c\u1ea7n l\u00e0m x\u00e9t nghi\u1ec7m n\u01b0\u1edbc ti\u1ec3u \u0111\u1ec3 \u0111\u00e1nh gi\u00e1 ti\u1ec3u m\u00e1u vi th\u1ec3 v\u00e0 protein ni\u1ec7u.\n", "\u0110\u1eb7c bi\u1ec7t t\u1ed5n th\u01b0\u01a1ng th\u1eadn c\u00f3 th\u1ec3 k\u00e9o d\u00e0i \u0111\u1ebfn 6 th\u00e1ng sau m\u1edbi bi\u1ec3u hi\u1ec7n, do \u0111\u00f3, s\u1ed1 b\u1ec7nh nh\u00e2n t\u1ed5n th\u01b0\u01a1ng th\u1eadn th\u1ef1c s\u1ef1 c\u00f3 th\u1ec3 c\u00f2n t\u0103ng th\u00eam.Theo nghi\u00ean c\u1ee9u \u0111a trung t\u00e2m c\u1ee7a Buscatti v\u00e0 cs trong 10 n\u0103m tr\u00ean 296 tr\u1ebb m\u1eafc VMMD\u01af t\u1ea1i khu v\u1ef1c ch\u00e2u M\u1ef9 - La tinh th\u1ea5y t\u1ed5n th\u01b0\u01a1ng th\u1eadn xu\u1ea5t hi\u1ec7n 47%, tr\u1ebb c\u00f3 t\u1ed5n th\u01b0\u01a1ng th\u1eadn s\u1ebd c\u00f3 t\u1ef7 l\u1ec7 xu\u1ea5t huy\u1ebft ti\u00eau ho\u00e1, t\u00e1i ph\u00e1t dai d\u1eb3ng cao h\u01a1n h\u1eb3n nh\u00f3m kh\u00f4ng c\u00f3 t\u1ed5n th\u01b0\u01a1ng th\u1eadn [6].\n", "K\u1ebft qu\u1ea3 x\u00e9t nghi\u1ec7m c\u1eadn l\u00e2m s\u00e0ng trong b\u1ea3ng 4 cho th\u1ea5y thi\u1ebfu m\u00e1u g\u1eb7p \u1edf 2%, n\u1ed3ng \u0111\u1ed9 huy\u1ebft s\u1eafc t\u1ed1 trung b\u00ecnh l\u00e0 130,1\u00b113,5g/L, trong nghi\u00ean c\u1ee9u c\u1ee7a L\u00ea Th\u1ecb Minh H\u01b0\u01a1ng v\u00e0 c\u1ed9ng s\u1ef1 (2013, n=261) huy\u1ebft s\u1eafc t\u1ed1 trung b\u00ecnh h\u1ed3ng c\u1ea7u l\u00e0 125\u00b116g/L [4].\n", "Cho th\u1ea5y VMMD\u01af \u00edt g\u1eb7p b\u1ec7nh nh\u00e2n thi\u1ebfu m\u00e1u m\u1eb7c d\u00f9 c\u00f3 t\u00ecnh tr\u1ea1ng t\u1ed5n th\u01b0\u01a1ng v\u00e0 xu\u1ea5t huy\u1ebft c\u00e1c mao m\u1ea1ch nh\u1ecf.\n", "T\u1ee9c l\u00e0 m\u1ee9c \u0111\u1ed9 xu\u1ea5t huy\u1ebft l\u00e0 kh\u00f4ng n\u1eb7ng n\u1ec1, b\u1ec7nh nh\u00e2n \u00edt khi r\u01a1i v\u00e0o t\u00ecnh tr\u1ea1ng thi\u1ebfu m\u00e1u.\n", "T\u0103ng b\u1ea1ch c\u1ea7u v\u00e0 t\u0103ng\n", "CRP l\u00e0 2 bi\u1ebfn \u0111\u1ed5i ch\u00ednh c\u1ee7a b\u1ec7nh nh\u00e2n\n", "VMMD\u01af.\n", "S\u1ed1 l\u01b0\u1ee3ng b\u1ea1ch c\u1ea7u trung b\u00ecnh l\u00e0 15,3\u00b17,1 G/L, trong \u0111\u00f3 s\u1ed1 b\u1ec7nh nh\u00e2n t\u0103ng b\u1ea1ch c\u1ea7u tr\u00ean 15 G/L chi\u1ebfm t\u1ef7 l\u1ec7 32,0%.\n", "CRP trung b\u00ecnh l\u00e0 17,3\u00b119,8 mg/l trong \u0111\u00f3 34,0% b\u1ec7nh nh\u00e2n t\u0103ng CRP >6mg/l.\n", "Cho th\u1ea5y s\u1ef1 k\u1ebft h\u1ee3p c\u1ee7a t\u00ecnh tr\u1ea1ng nhi\u1ec5m tr\u00f9ng v\u1edbi b\u1ec7nh \u1edf m\u1ed9t t\u1ef7 l\u1ec7 t\u01b0\u01a1ng \u0111\u1ed1i cao.\n", "K\u1ebft qu\u1ea3 c\u1ee7a ch\u00fang t\u00f4i c\u0169ng kh\u00e1 t\u01b0\u01a1ng \u0111\u1ed3ng k\u1ebft qu\u1ea3 nghi\u00ean c\u1ee9u c\u1ee7a L\u00ea Th\u1ecb Minh\n", "H\u01b0\u01a1ng v\u00e0 cs v\u1edbi s\u1ed1 l\u01b0\u1ee3ng b\u1ea1ch c\u1ea7u trung b\u00ecnh l\u00e0 14,7\u00b17,0 G/L, c\u00f3 36% b\u1ec7nh nh\u00e2n b\u1ea1ch c\u1ea7u t\u0103ng tr\u00ean 15G/L [4].\n", "S\u1ed1 l\u01b0\u1ee3ng ti\u1ec3u c\u1ea7u trung b\u00ecnh l\u00e0 427,4\u00b1132,2 G/L.\n", "Kh\u00f4ng c\u00f3 b\u1ec7nh nh\u00e2n n\u00e0o gi\u1ea3m ti\u1ec3u c\u1ea7u trong nghi\u00ean c\u1ee9u, th\u1ec3 hi\u1ec7n r\u1eb1ng gi\u1ea3m ti\u1ec3u c\u1ea7u kh\u00f4ng ph\u1ea3i l\u00e0 c\u01a1 ch\u1ebf b\u1ec7nh sinh c\u1ee7a t\u00ecnh tr\u1ea1ng xu\u1ea5t huy\u1ebft trong b\u1ec7nh VMMD\u01af.\n", "M\u1ed9t s\u1ed1 \u00edt b\u1ec7nh nh\u00e2n c\u00f3 t\u0103ng men gan (4%), t\u0103ng ure (8%).\n", "Nh\u00ecn chung y v\u0103n ghi nh\u1eadn th\u1ea5y c\u00e1c thay \u0111\u1ed5i x\u00e9t nhi\u1ec7m m\u00e1u \u00edt c\u00f3 gi\u00e1 tr\u1ecb ch\u1ea9n \u0111oan b\u1ec7nh nh\u00e2n m\u1eafc\n", "VMMD\u01af m\u00e0 ch\u1ee7 y\u1ebfu \u0111\u1ec3 lo\u1ea1i tr\u1eeb m\u1ed9t s\u1ed1 tr\u01b0\u1eddng h\u1ee3p m\u00e0 l\u00e2m s\u00e0ng ch\u01b0a r\u00f5 r\u00e0ng.\n", "4.2.\n", "\u0110\u00e1nh gi\u00e1 k\u1ebft qu\u1ea3 \u0111i\u1ec1u tr\u1ecb\n", "Th\u1ed1ng k\u00ea c\u00e1c thu\u1ed1c \u0111i\u1ec1u tr\u1ecb trong B\u1ea3ng 5 cho th\u1ea5y s\u1ed1 b\u1ec7nh nh\u00e2n kh\u00f4ng c\u1ea7n \u0111i\u1ec1u tr\u1ecb b\u1eb1ng corticoit chi\u1ebfm 24,0%.\n", "Nh\u00f3m b\u1ec7nh nh\u00e2n n\u00e0y th\u01b0\u1eddng ch\u1ec9 \u0111\u01b0\u1ee3c k\u00ea \u0111\u01a1n thu\u1ed1c kh\u00e1ng histamin, \u0111i\u1ec1u tr\u1ecb tri\u1ec7u ch\u1ee9ng.\n", "Hi\u1ec7n t\u1ea1i ch\u01b0a c\u00f3 khuy\u1ebfn c\u00e1o th\u1ed1ng nh\u1ea5t cao trong vi\u1ec7c \u0111i\u1ec1u tr\u1ecb VMMD\u01af b\u1eb1ng corticoid m\u1ed9t c\u00e1ch h\u1ec7 th\u1ed1ng do c\u00e1c t\u00e1c gi\u1ea3 cho r\u1eb1ng ng\u0103n ng\u1eeba \u0111\u01b0\u1ee3c t\u1ed5n th\u01b0\u01a1ng th\u1eadn ho\u1eb7c bi\u1ebfn ch\u1ee9ng \u1edf \u0111\u01b0\u1eddng ti\u00eau ho\u00e1, c\u0169ng kh\u00f4ng l\u00e0m thay \u0111\u1ed5i t\u1ef7 l\u1ec7 t\u00e1i ph\u00e1t.\n", "Tuy nhi\u00ean, corticoid c\u00f3 vai tr\u00f2 trong vi\u1ec7c ki\u1ec3m so\u00e1t tri\u1ec7u ch\u1ee9ng c\u1ee7a b\u1ec7nh, \u0111\u1eb7c bi\u1ec7t trong \u0111i\u1ec1u tr\u1ecb \u0111au b\u1ee5ng, \u0111au kh\u1edbp v\u00e0 ban xu\u1ea5t huy\u1ebft.\n", "Trong nghi\u00ean c\u1ee9u c\u1ee7a ch\u00fang t\u00f4i, c\u00f3 76% tr\u1ebb \u0111\u01b0\u1ee3c \u0111i\u1ec1u tr\u1ecb b\u1eb1ng corticoit, trong \u0111\u00f3 u\u1ed1ng prednisolon li\u1ec1u 1 mg/kg/ng\u00e0y \u0111\u01b0\u1ee3c \u00e1p d\u1ee5ng \u1edf 52,0% b\u1ec7nh nh\u00e2n.\n", "Nghi\u00ean c\u1ee9u c\u1ee7a Lee v\u00e0 cs \u1edf Khoa Nhi, B\u1ec7nh vi\u1ec7n Sanggye, H\u00e0n Qu\u1ed1c c\u0169ng cho ph\u1ea7n l\u1edbn \u0111i\u1ec1u tr\u1ecb VMMD\u01af b\u1eb1ng corticoid (88,7%), trong \u0111\u00f3 44,3% l\u00e0 corticoid li\u1ec1u th\u1ea5p v\u1edbi li\u1ec1u trung b\u00ecnh 1,02mg/kg/ng\u00e0y v\u00e0 8,9% l\u00e0 corticoid li\u1ec1u cao v\u1edbi li\u1ec1u trung b\u00ecnh l\u00e0 2,01 mg/kg/ng\u00e0y [5].\n", "C\u00f3 2 b\u1ec7nh nh\u00e2n c\u00f3 h\u1ed9i ch\u1ee9ng th\u1eadn h\u01b0 v\u00e0 1 b\u1ec7nh nh\u00e2n protein ni\u1ec7u dai d\u1eb3ng trong nghi\u00ean c\u1ee9u \u0111ang ph\u1ea3i s\u1eed d\u1ee5ng ph\u00e1c \u0111\u1ed3 truy\u1ec1n methyprednisolon k\u1ebft h\u1ee3p v\u1edbi thu\u1ed1c \u1ee9c ch\u1ebf mi\u1ec5n d\u1ecbch h\u00e0ng th\u00e1ng.V\u1ec1 k\u1ebft qu\u1ea3 \u0111i\u1ec1u tr\u1ecb trong b\u1ea3ng 6 cho th\u1ea5y ti\u00ean l\u01b0\u1ee3ng chung c\u1ee7a\n", "VMMD\u01af trong nghi\u00ean c\u1ee9u c\u1ee7a ch\u00fang t\u00f4i l\u00e0 kh\u00e1 t\u1ed1t.\n", "Tuy nhi\u00ean \u0111\u00e3 ghi nh\u1eadn 3 tr\u01b0\u1eddng h\u1ee3p v\u1eabn ch\u01b0a \u0111\u1ea1t \u0111\u01b0\u1ee3c s\u1ef1 thuy\u00ean gi\u1ea3m khi k\u1ebft th\u00fac nghi\u00ean c\u1ee9u, c\u00e1c tr\u01b0\u1eddng h\u1ee3p n\u00e0y \u0111ang ph\u1ea3i s\u1eed d\u1ee5ng ph\u00e1c \u0111\u1ed3 \u0111i\u1ec1u tr\u1ecb k\u1ebft h\u1ee3p thu\u1ed1c \u1ee9c ch\u1ebf mi\u1ec5n d\u1ecbch h\u00e0ng th\u00e1ng v\u00e0 \u0111\u1ec1u c\u00f3 li\u00ean quan \u0111\u1ebfn t\u1ed5n th\u01b0\u01a1ng th\u1eadn dai d\u1eb3ng.\n", "Theo k\u1ebft qu\u1ea3 nghi\u00ean c\u1ee9u c\u1ee7a Delbet v\u00e0 cs theo d\u00f5i 92 tr\u1ebb b\u1ecb VMMD\u01af c\u00f3 t\u1ed5n th\u01b0\u01a1ng th\u1eadn trong v\u00f2ng 3 n\u0103m th\u1ea5y 12% tr\u1ebb kh\u00f4ng \u0111\u1ea1t \u0111\u01b0\u1ee3c thuy\u00ean gi\u1ea3m, ch\u1ec9 c\u00f3 75 % tr\u1ebb \u0111\u1ea1t \u0111\u01b0\u1ee3c thuy\u00ean gi\u1ea3m ho\u00e0n to\u00e0n.\n", "Nh\u01b0 v\u1eady n\u1ebfu tr\u1ebb b\u1ecb t\u1ed5n th\u01b0\u01a1ng th\u1eadn s\u1ebd t\u00e1i ph\u00e1t nhi\u1ec1u h\u01a1n v\u00e0 kh\u00f3 \u0111i\u1ec1u tr\u1ecb h\u01a1n [7].\n"], "5": ["5.\n", "K\u1ebft lu\u1eadn - Tu\u1ed5i m\u1eafc hay g\u1eb7p \u1edf tr\u1ebb trong \u0111\u1ed9 tu\u1ed5i \u0111i h\u1ecdc, tr\u1ebb trai g\u0103p nhi\u1ec1u h\u01a1n tr\u1ebb g\u00e1i.\n", "Th\u1eddi gian xu\u1ea5t hi\u1ec7n b\u1ec7nh th\u01b0\u1eddng v\u00e0o m\u00f9a \u0111\u00f4ng v\u00e0 m\u00f9a xu\u00e2n (t\u1eeb th\u00e1ng 11 \u0111\u1ebfn th\u00e1ng 3).\n", "B\u1ec7nh kh\u1edfi ph\u00e1t c\u00f3 li\u00ean quan \u0111\u1ebfn y\u1ebfu t\u1ed1 nhi\u1ec5m tr\u00f9ng tr\u01b0\u1edbc \u0111\u00f3; Tri\u1ec7u ch\u1ee9ng kh\u1edfi ph\u00e1t th\u01b0\u1eddng g\u1eb7p nh\u1ea5t l\u00e0 ban da, \u0111au b\u1ee5ng, trong \u0111\u00f3 ban xu\u1ea5t huy\u1ebft \u0111\u1ed1i x\u1ee9ng d\u01b0\u1edbi da g\u1eb7p nhi\u1ec1u nh\u1ea5t (tr\u00ean 90%).\n", "- T\u1ed5n th\u01b0\u01a1ng th\u1eadn kh\u00f4ng cao, th\u01b0\u1eddng \u00e2m th\u1ea7m, kh\u00f3 ph\u00e1t hi\u1ec7n, c\u00f3 th\u1ec3 t\u1eeb kh\u00f4ng tri\u1ec7u ch\u1ee9ng \u0111\u1ebfn bi\u1ec3u hi\u1ec7n c\u1ee7a vi\u00eam c\u1ea7u th\u1eadn c\u1ea5p hay h\u1ed9i ch\u1ee9ng th\u1eadn h\u01b0.\n", "- Li\u1ec7u ph\u00e1p s\u1eed d\u1ee5ng thu\u1ed1c prednisolon u\u1ed1ng li\u1ec1u 1mg/kg/ng\u00e0y l\u00e0 ph\u01b0\u01a1ng ph\u00e1p \u0111i\u1ec1u tr\u1ecb ph\u1ed5 bi\u1ebfn.\n", "B\u1ec7nh nh\u00e2n c\u00f3 h\u1ed9i ch\u1ee9ng th\u1eadn h\u01b0 t\u00e1i ph\u00e1t nhi\u1ec1u l\u1ea7n c\u1ea7n \u0111i\u1ec1u tr\u1ecb li\u1ec7u ph\u00e1p \u1ee9c ch\u1ebf mi\u1ec5n d\u1ecbch \u0111a \u0111\u00edch.\n", "\u0110a s\u1ed1 b\u1ec7nh nh\u00e2n kh\u1ecfi b\u1ec7nh ho\u00e0n to\u00e0n; 6,0% ch\u01b0a \u0111\u1ea1t \u0111\u01b0\u1ee3c thuy\u00ean gi\u1ea3m v\u00e0 16,0% b\u1ec7nh nh\u00e2n t\u00e1i ph\u00e1t sau 3 th\u00e1ng.\n", "L\u1eddi c\u1ea3m \u01a1n\n", "Nh\u00f3m nghi\u00ean c\u1ee9u xin g\u1eedi c\u1ea3m \u01a1n \u0111\u1ebfn nh\u00f3m\n", "Nghi\u00ean c\u1ee9u \u0110\u1ec1 t\u00e0i Khoa h\u1ecdc v\u00e0 C\u00f4ng ngh\u1ec7 n\u0103m c\u1ea5p c\u01a1 s\u1edf 2018 t\u1ea1i Khoa Nhi, B\u1ec7nh vi\u1ec7n B\u1ea1ch\n", "Mai, b\u1ec7nh nh\u00e2n v\u00e0 ng\u01b0\u1eddi nh\u00e0 c\u00e1c \u0111\u1ed1i t\u01b0\u1ee3ng nghi\u00ean c\u1ee9u \u0111\u00e3 gi\u00fap \u0111\u1ee1 ch\u00fang t\u00f4i ho\u00e0n th\u00e0nh nghi\u00ean c\u1ee9u n\u00e0y.\n"]}, "Word count": 3134}