{"title": "\u1ee8ng d\u1ee5ng ph\u01b0\u01a1ng ph\u00e1p thi\u1ebft k\u1ebf v\u00e0 ph\u00e2n t\u00edch d\u1eef li\u1ec7u In silico (ISIDA) trong thi\u1ebft k\u1ebf d\u1eabn ch\u1ea5t acid hydroxamic m\u1edbi \u1ee9c ch\u1ebf HDAC2\n", "content": {"0": ["T\u00f3m t\u1eaft: Nghi\u00ean c\u1ee9u thu\u1ed1c \u0111i\u1ec1u tr\u1ecb ung th\u01b0 m\u1edbi \u0111ang l\u00e0 m\u1ed1i quan t\u00e2m h\u00e0ng \u0111\u1ea7u c\u1ee7a th\u1ebf gi\u1edbi.\n", "M\u1ed9t trong s\u1ed1 c\u00e1c m\u1ee5c ti\u00eau ph\u00e2n t\u1eed \u0111\u00e1ng ch\u00fa \u00fd l\u00e0 enzym Histon Deacetylase 2 (HDAC2).\n", "Hi\u1ec7n nay, nghi\u00ean c\u1ee9u n\u00e0y, m\u00f4 t\u1ea3 m\u1ea3nh c\u1ea5u tr\u00fac ISIDA \u0111\u01b0\u1ee3c t\u00ednh to\u00e1n d\u1ef1a tr\u00ean khung c\u1ea5u tr\u00fac acid hydroxamic, nh\u1eb1m x\u00e2y d\u1ef1ng m\u00f4 h\u00ecnh to\u00e1n h\u1ecdc m\u00f4 t\u1ea3 m\u1ed1i t\u01b0\u01a1ng quan \u0111\u1ecbnh l\u01b0\u1ee3ng gi\u1eefa c\u1ea5u tr\u00fac v\u00e0 ho\u1ea1t t\u00ednh \u1ee9c ch\u1ebf HDAC2 (QSAR) \u00e1p d\u1ee5ng k\u1ef9 thu\u1eadt h\u1ed3i quy tuy\u1ebfn t\u00ednh \u0111a bi\u1ebfn (MLR) v\u00e0 thu\u1eadt gi\u1ea3i di truy\u1ec1n.\n", "K\u1ebft qu\u1ea3, ch\u00fang t\u00f4i \u0111\u00e3 x\u00e2y d\u1ef1ng th\u00e0nh c\u00f4ng ba m\u00f4 h\u00ecnh QSAR tr\u00ean ba t\u1eadp h\u1ee3p m\u1ea3nh c\u1ea5u tr\u00fac, c\u00f3 h\u1ec7 s\u1ed1 x\u00e1c \u0111\u1ecbnh R2>0,7.\n", "T\u1eeb c\u00e1c m\u00f4 h\u00ecnh n\u00e0y, c\u00e1c m\u1ea3nh c\u1ea5u tr\u00fac quan tr\u1ecdng \u0111\u01b0\u1ee3c x\u00e1c \u0111\u1ecbnh v\u00e0 \u1ee9ng d\u1ee5ng trong thi\u1ebft k\u1ebf c\u00e1c d\u1eabn ch\u1ea5t acid hydroxamic m\u1edbi c\u00f3 ho\u1ea1t t\u00ednh \u1ee9c ch\u1ebf HDAC2.\n", "K\u1ebft qu\u1ea3 c\u1ee7a nghi\u00ean c\u1ee9u g\u00f3p ph\u1ea7n \u0111\u1ecbnh h\u01b0\u1edbng cho qu\u00e1 tr\u00ecnh t\u1ed5ng h\u1ee3p v\u00e0 th\u1eed ho\u1ea1t t\u00ednh trong t\u00ecm ki\u1ebfm li\u1ec7u ph\u00e1p m\u1edbi \u0111i\u1ec1u tr\u1ecb ung th\u01b0.\n", "T\u1eeb kho\u00e1: Histon deacetylase 2; m\u1ed1i t\u01b0\u01a1ng quan \u0111\u1ecbnh l\u01b0\u1ee3ng gi\u1eefa c\u1ea5u tr\u00fac v\u00e0 ho\u1ea1t t\u00ednh (QSAR); m\u00f4 t\u1ea3 ph\u00e2n t\u1eed ISIDA; h\u1ed3i quy tuy\u1ebfn t\u00ednh \u0111a bi\u1ebfn (MLR); Acid hydroxamic.\n"], "1": ["1.\n", "\u0110\u1eb7t v\u1ea5n \u0111\u1ec1\n", "HDAC2 l\u00e0 enzym quan tr\u1ecdng thu\u1ed9c HDAC nh\u00f3m I tham gia v\u00e0o qu\u00e1 tr\u00ecnh sao ch\u00e9p, ki\u1ec3m so\u00e1t tr\u1ea1ng th\u00e1i acetyl ho\u00e1 v\u00e0 ch\u1ee9c n\u0103ng c\u1ee7a nhi\u1ec1u protein trong t\u1ebf b\u00e0o ch\u1ea5t v\u00e0 trong nh\u1eefng y\u1ebfu t\u1ed1 phi\u00ean m\u00e3 kh\u00e1c [1].\n", "Nhi\u1ec1u nghi\u00ean c\u1ee9u cho th\u1ea5y HDAC2 bi\u1ec3u hi\u1ec7n qu\u00e1 m\u1ee9c tr\u00ean nhi\u1ec1u lo\u1ea1i ung th\u01b0: ung th\u01b0 v\u00fa [2], ung th\u01b0 \u0111\u1ea1i tr\u00e0ng [3], ung th\u01b0 d\u1ea1 d\u00e0y, bi\u1ec3u m\u00f4 t\u1ebf b\u00e0o [4, 5], ung th\u01b0 bi\u1ec3u m\u00f4 ph\u1ed5i [6].\n", "Ch\u00ednh v\u00ec v\u1eady, HDAC2 \u0111\u00e3 tr\u1edf th\u00e0nh m\u1ed9t m\u1ee5c ti\u00eau ph\u00e2n t\u1eed ti\u1ec1m n\u0103ng trong t\u00ecm ki\u1ebfm thu\u1ed1c \u0111i\u1ec1u tr\u1ecb ung th\u01b0 m\u1edbi [1].\n", "Trong c\u00e1c nh\u00f3m ch\u1ea5t \u1ee9c ch\u1ebf HDAC2, c\u00e1c acid hydroxamic l\u00e0 nh\u00f3m ch\u1ea5t \u0111\u01b0\u1ee3c quan t\u00e2m nhi\u1ec1u nh\u1ea5t v\u00ec c\u00f3 c\u1ea5u tr\u00fac \u0111\u01a1n gi\u1ea3n, d\u1ec5 t\u1ed5ng h\u1ee3p v\u00e0 c\u00f3 nh\u00f3m -NHOH t\u1ea1o \u0111\u01b0\u1ee3c ph\u1ee9c b\u1ec1n v\u1edbi Zn+ \u1edf trung t\u00e2m ho\u1ea1t \u0111\u1ed9ng c\u1ee7a HDAC2, nh\u1edd \u0111\u00f3 c\u00f3 ho\u1ea1t t\u00ednh \u1ee9c ch\u1ebf enzym t\u1ed1t.\n", "C\u1ee5c qu\u1ea3n l\u00fd th\u1ef1c ph\u1ea9m v\u00e0 d\u01b0\u1ee3c ph\u1ea7m Hoa K\u1ef3 (FDA) \u0111\u00e3 ph\u00ea duy\u1ec7t m\u1ed9t acid hydroxamic \u1ee9c ch\u1ebf HDAC \u0111i\u1ec3n h\u00ecnh l\u00e0 vorinostat (th\u01b0\u1eddng g\u1ecdi l\u00e0 SAHA) v\u00e0o n\u0103m 2006 s\u1eed d\u1ee5ng trong \u0111i\u1ec1u tr\u1ecb u lympho da t\u1ebf b\u00e0o [7].\n", "Trong nghi\u00ean c\u1ee9u n\u00e0y khung hydroxamic \u0111\u01b0\u1ee3c l\u1ef1a ch\u1ecdn l\u00e0m \u0111\u1ecbnh h\u01b0\u1edbng thi\u1ebft k\u1ebf c\u00e1c h\u1ee3p ch\u1ea5t \u1ee9c ch\u1ebf HDAC2 m\u1edbi.\n", "M\u00f4 h\u00ecnh v\u1ec1 t\u01b0\u01a1ng quan \u0111\u1ecbnh l\u01b0\u1ee3ng gi\u1eefa c\u1ea5u tr\u00fac - ho\u1ea1t t\u00ednh (QSAR) \u0111\u01b0\u1ee3c x\u00e2y d\u1ef1ng gi\u00fap d\u1ef1 \u0111o\u00e1n ch\u00ednh x\u00e1c ho\u1ea1t t\u00ednh \u1ee9c ch\u1ebf HDAC2 c\u1ee7a h\u1ee3p ch\u1ea5t m\u1edbi thi\u1ebft k\u1ebf.\n", "Ch\u00fang t\u00f4i \u1ee9ng d\u1ee5ng ph\u01b0\u01a1ng ph\u00e1p thi\u1ebft k\u1ebf d\u1ef1a tr\u00ean m\u1ea3nh c\u1ea5u tr\u00fac (FBDD - Fragment based drug design) d\u1ef1a tr\u00ean m\u00f4 t\u1ea3 ph\u00e2n t\u1eed\n", "ISIDA (In SIlico design and Data Analysis) \u0111\u1ec3 t\u1ed5 h\u1ee3p ra c\u00f4ng th\u1ee9c ho\u00e1 h\u1ecdc c\u1ee7a acid hydroxamic m\u1edbi, d\u1ef1 \u0111o\u00e1n ho\u1ea1t t\u00ednh c\u1ee7a ch\u00fang t\u1eeb \u0111\u00f3 t\u00ecm ra m\u1ed9t s\u1ed1 h\u1ee3p ch\u1ea5t c\u00f3 ho\u1ea1t t\u00ednh m\u1ea1nh nh\u1ea5t, l\u00e0 ti\u1ec1n \u0111\u1ec1 cho c\u00e1c nghi\u00ean c\u1ee9u t\u1ed5ng h\u1ee3p trong t\u01b0\u01a1ng lai.\n"], "2": ["2.\n", "Nguy\u00ean li\u1ec7u v\u00e0 ph\u01b0\u01a1ng ph\u00e1p nghi\u00ean c\u1ee9u 2.1.\n", "Nguy\u00ean li\u1ec7u\n", "C\u01a1 s\u1edf d\u1eef li\u1ec7u (CSDL) cho x\u00e2y d\u1ef1ng m\u00f4 h\u00ecnh bao g\u1ed3m 45 h\u1ee3p ch\u1ea5t c\u00f3 c\u1ea5u tr\u00fac acid hydroxamic \u1ee9c ch\u1ebf HDAC2 v\u1edbi gi\u00e1 tr\u1ecb IC50 (\u0111\u01b0\u1ee3c chuy\u1ec3n \u0111\u1ed5i th\u00e0nh lgIC50, \u0111\u01a1n v\u1ecb \u03bcM) thu th\u1eadp t\u1eeb c\u00e1c b\u00e0i b\u00e1o khoa h\u1ecdc trong n\u01b0\u1edbc v\u00e0 qu\u1ed1c t\u1ebf \u0111\u00e3 c\u00f4ng b\u1ed1 [7-12].\n", "Ho\u1ea1t t\u00ednh \u0111\u01b0\u1ee3c x\u00e1c \u0111\u1ecbnh trong c\u00f9ng \u0111i\u1ec1u ki\u1ec7n th\u00ed nghi\u1ec7m (s\u1eed d\u1ee5ng\n", "Kit \u0111\u1ecbnh l\u01b0\u1ee3ng Bioscence [13]).\n", "C\u00e1c gi\u00e1 tr\u1ecb IC50 \u1ee9ng v\u1edbi m\u1ed7i h\u1ee3p ch\u1ea5t \u0111\u01b0\u1ee3c hi\u1ec7u ch\u1ec9nh, l\u1ea5y gi\u00e1 tr\u1ecb trung b\u00ecnh sau khilo\u1ea1i b\u1ecf c\u00e1c gi\u00e1 tr\u1ecb n\u1eb1m ngo\u00e0i kho\u1ea3ng gi\u1edbi h\u1ea1n [gi\u00e1 tr\u1ecb trung b\u00ecnh \u00b1 \u0111\u1ed9 l\u1ec7ch chu\u1ea9n (SD)].\n", "2.2.\n", "Ph\u01b0\u01a1ng ph\u00e1p\n", "M\u00f4 h\u00ecnh QSAR bi\u1ec3u di\u1ec5n m\u1ed1i t\u01b0\u01a1ng quan \u0111\u1ecbnh l\u01b0\u1ee3ng c\u1ea5u tr\u00fac v\u00e0 t\u00e1c d\u1ee5ng sinh h\u1ecdc c\u1ee7a c\u00e1c h\u1ee3p ch\u1ea5t d\u01b0\u1edbi bi\u1ec3u th\u1ee9c to\u00e1n h\u1ecdc, c\u00f3 c\u00f4ng th\u1ee9c to\u00e1n h\u1ecdc: Y = a1x1 + a2x2+...+ anxn [14].\n", "Trong nghi\u00ean c\u1ee9u n\u00e0y, Y l\u00e0 bi\u1ebfn ph\u1ee5 thu\u1ed9c (lgIC50), t\u01b0\u01a1ng \u1ee9ng v\u1edbi ho\u1ea1t t\u00ednh; x1, x2,...xn l\u00e0 c\u00e1c m\u00f4 t\u1ea3 ph\u00e2n t\u1eed \u0111\u1eb7c tr\u01b0ng cho c\u1ea5u tr\u00fac; a1, a2,...\n", "an l\u00e0 c\u00e1c tr\u1ecdng s\u1ed1 t\u01b0\u01a1ng \u1ee9ng v\u1edbi c\u00e1c bi\u1ebfn \u0111\u1ed9c l\u1eadp.\n", "2.2.1.\n", "T\u00ednh to\u00e1n m\u00f4 t\u1ea3 ph\u00e2n t\u1eed ISIDA\n", "C\u00e1c c\u1ea5u tr\u00fac trong CSDL \u0111\u01b0\u1ee3c l\u01b0u d\u01b0\u1edbi d\u1ea1ng t\u1ec7p c\u1ea5u tr\u00fac (SDF-Structure Data File).\n", "Ph\u01b0\u01a1ng ph\u00e1p ISIDA \u0111\u01b0\u1ee3c s\u1eed d\u1ee5ng trong t\u00ednh to\u00e1n m\u00f4 t\u1ea3 ph\u00e2n t\u1eed v\u00e0 ph\u00e2n t\u00edch d\u1eef li\u1ec7u.\n", "Ph\u1ea7n m\u1ec1m ISIDA Fragmentor2015 \u0111\u01b0\u1ee3c \u00e1p d\u1ee5ng [15], c\u00f3 \u01b0u \u0111i\u1ec3m l\u00e0 t\u00edch h\u1ee3p s\u1ed1 l\u01b0\u1ee3ng l\u1edbn v\u00e0 \u0111a d\u1ea1ng m\u1ea3nh c\u1ea5u tr\u00fac c\u00f3 m\u1eb7t trong ph\u00e2n t\u1eed, cho ph\u00e9p tu\u1ef3 bi\u1ebfn t\u1ea1o m\u1ea3nh c\u1ea5u tr\u00fac m\u1edbi tu\u1ef3 theo m\u1ee5c \u0111\u00edch.\n", "Ph\u01b0\u01a1ng ph\u00e1p n\u00e0y s\u1eed d\u1ee5ng c\u00e1c k\u00ed hi\u1ec7u d\u00e1n nh\u00e3n mang \u0111\u1eb7c t\u00ednh m\u1ea3nh c\u1ea5u tr\u00fac \u0111\u1ec3 x\u00e2y d\u1ef1ng m\u00f4 h\u00ecnh QSAR v\u00e0 thi\u1ebft k\u1ebf h\u1ee3p ch\u1ea5t m\u1edbi.\n", "C\u00e1c m\u1ea3nh c\u1ea5u tr\u00fac \u0111\u01b0\u1ee3c bi\u1ec3u di\u1ec5n th\u00f4ng qua c\u01a1 ch\u1ebf m\u00f4 t\u1ea3 theo m\u00e0u (k\u00ed hi\u1ec7u, t\u00ednh th\u00e2n d\u1ea7u, \u0111\u1ed9 pH,...) \u0111\u1ea3m b\u1ea3o li\u00ean quan gi\u1eefa m\u00e0u s\u1eafc v\u00e0 t\u00ednh ch\u1ea5t ho\u00e1 h\u1ecdc; g\u00e1n nh\u00e3n d\u1ef1a tr\u00ean gi\u00e1 tr\u1ecb \u0111i\u1ec7n th\u1ebf v\u00e0 \u0111\u1eb7c t\u00ednh d\u01b0\u1ee3c h\u1ecdc (H\u00ecnh 1).\n", "j\n", "H\u00ecnh 1.\n", "Bi\u1ec3u di\u1ec5n c\u00f4ng th\u1ee9c\n", "N-(5-hydroxypyridin-2-yl) acetamide theo ch\u01b0\u01a1ng tr\u00ecnh t\u00f4 m\u00e0u v\u00e0 g\u1eafn nh\u00e3n.\n", "Ph\u00e2n t\u1eed \u0111\u1ea7u ti\u00ean \u0111\u01b0\u1ee3c x\u00e1c \u0111\u1ecbnh c\u00e1c d\u1ea1ng \u0111\u1ed3ng ph\u00e2n, t\u00f4 m\u00e0u theo nguy\u00ean t\u1ed1 \u1edf c\u00e1c \u0111\u1ec9nh; sau \u0111\u00f3 k\u1ebft h\u1ee3p v\u1edbi d\u00e1n nh\u00e3n d\u1ef1a tr\u00ean \u0111\u1ed9 \u00e2m \u0111i\u1ec7n; cu\u1ed1i c\u00f9ng l\u00e0 k\u1ebft h\u1ee3p v\u1edbi \u0111\u1eb7c t\u00ednh d\u01b0\u1ee3c h\u1ecdc.\n", "B\u01b0\u1edbc cu\u1ed1i c\u00f9ng l\u00e0 s\u1eed d\u1ee5ng ng\u00f4n ng\u1eef l\u1eadp tr\u00ecnh Pascal t\u00ecm ki\u1ebfm v\u00e0 \u0111\u1ebfm s\u1ef1 c\u00f3 m\u1eb7t c\u00e1c m\u1ea3nh c\u1ea5u tr\u00fac \u0111\u00e3 \u0111\u00e1nh d\u1ea5u trong ph\u00e2n t\u1eed.\n", "2.2.2.\n", "Thi\u1ebft k\u1ebf t\u1eadp hu\u1ea5n luy\u1ec7n v\u00e0 ki\u1ec3m tra\n", "T\u1eadp hu\u1ea5n luy\u1ec7n (TS-training set) bao g\u1ed3m 30 ph\u00e2n t\u1eed \u0111\u01b0\u1ee3c l\u1ef1a ch\u1ecdn theo ti\u00eau ch\u00ed gi\u00e1 tr\u1ecb\n", "IC50 n\u1eb1m trong kho\u1ea3ng 0,008 \u0111\u1ebfn 35 \u00b5M \u0111\u01b0\u1ee3c s\u1eed d\u1ee5ng x\u00e2y d\u1ef1ng m\u00f4 h\u00ecnh v\u00e0 t\u1eadp ki\u1ec3m tra (PS-test set) v\u1edbi 15 ph\u00e2n t\u1eed c\u00f2n l\u1ea1i \u0111\u1ec3 \u0111\u00e1nh gi\u00e1 kh\u1ea3 n\u0103ng d\u1ef1 \u0111o\u00e1n ch\u00ednh x\u00e1c c\u1ee7a c\u00e1c m\u00f4 h\u00ecnh \u0111\u00e3 x\u00e2y d\u1ef1ng \u0111\u01b0\u1ee3c.\n", "2.2.3 Ph\u00e1t tri\u1ec3n m\u00f4 h\u00ecnh\n", "S\u1eed d\u1ee5ng k\u1ef9 thu\u1eadt ph\u00e2n t\u00edch h\u1ed3i quy tuy\u1ebfn t\u00ednh \u0111a bi\u1ebfn (MLR-Multiple Linear Regression) trong ch\u01b0\u01a1ng tr\u00ecnh STATISTICA v8.1 \u0111\u1ec3 x\u00e2y d\u1ef1ng m\u00f4 h\u00ecnh t\u01b0\u01a1ng quan ho\u1ea1t t\u00ednh \u1ee9c ch\u1ebf v\u1edbi m\u00f4 t\u1ea3 ph\u00e2n t\u1eed ISIDA.\n", "2.2.4.\n", "\u0110\u00e1nh gi\u00e1 m\u00f4 h\u00ecnh\n", "\u0110\u00e1nh gi\u00e1 n\u1ed9i tr\u00ean t\u1eadp TS cho bi\u1ebft \u0111\u1ed9 kh\u1edbp, \u0111\u1ed9 m\u1ea1nh c\u1ee7a m\u00f4 h\u00ecnh th\u00f4ng qua c\u00e1c th\u00f4ng s\u1ed1 th\u1ed1ng k\u00ea: r2- h\u1ec7 s\u1ed1 t\u01b0\u01a1ng quan, 0 <r2< 1, trong ph\u01b0\u01a1ng tr\u00ecnh h\u1ed3i quy tuy\u1ebfn t\u00ednh \u0111a bi\u1ebfn gi\u00e1 tr\u1ecb r2 c\u1ea7n \u0111\u1ea1t tr\u00ean 0,70; sai s\u1ed1 to\u00e0n ph\u01b0\u01a1ng trung b\u00ecnh (RMSE-root mean square errors); sai s\u1ed1 tuy\u1ec7t \u0111\u1ed1i (MAE-root mean square errors); t\u00ednh ph\u00f9 h\u1ee3p c\u1ee7a h\u1ec7 s\u1ed1 t\u01b0\u01a1ng quan (CCC- concordance correlation coefficient), gi\u00e1 tr\u1ecb c\u00f3 \u00fd ngh\u0129a th\u1ed1ng k\u00ea ph\u1ea3i cao h\u01a1n 0.85 [14]; F l\u00e0 ph\u00e2n ph\u1ed1i Fisher, r2 c\u00e0ng l\u1edbn th\u00ec F c\u00e0ng l\u1edbn.\n", "B\u00ean c\u1ea1nh \u0111\u00f3, \u0111\u1ed9 \u1ed5n \u0111\u1ecbnh c\u1ee7a m\u00f4 h\u00ecnh th\u00f4ng qua \u0111\u00e1nh gi\u00e1 ch\u00e9o tr\u00ean t\u1eadp TS b\u1eb1ng c\u00e1c h\u1ec7 s\u1ed1 q2\n", "LOO (h\u1ec7 s\u1ed1 leave-one-out), q2\n", "LMO (h\u1ec7 s\u1ed1 leave-more-out) [14].\n", "\u0110\u00e1nh gi\u00e1 ngo\u1ea1i m\u00f4 h\u00ecnh MLR tr\u00ean t\u1eadp PS \u0111\u1ec3 ki\u1ec3m tra kh\u1ea3 n\u0103ng d\u1ef1 \u0111o\u00e1n ch\u00ednh x\u00e1c:\n", "RMSEext v\u00e0 MAEext, Q 2F1, Q 2F2 v\u00e0 Q2F3 (gi\u00e1 tr\u1ecb ng\u01b0\u1ee1ng cho ph\u00e9p l\u00e0 0,7), CCCext v\u00e0 rm2 (gi\u00e1 tr\u1ecb ng\u01b0\u1ee1ng th\u1ea5p nh\u1ea5t l\u00e0 0,5) [16].\n", "Cu\u1ed1i c\u00f9ng, m\u00f4 h\u00ecnh MLR \u0111\u01b0\u1ee3c \u0111\u00e1nh gi\u00e1 t\u01b0\u01a1ng quan ng\u1eabu nhi\u00ean t\u01b0\u01a1ng ph\u1ea3n b\u1eb1ng ki\u1ec3m tra ng\u1eabu nhi\u00ean Y v\u1edbi 2 h\u1ec7 s\u1ed1 r2 scr v\u00e0 q2 scr.\n", "N\u1ebfu \u0111\u1ec9nh tr\u1ee5c Y kh\u00f4ng v\u01b0\u1ee3t qu\u00e1 0,3\u20130,4 \u0111\u1ed1i v\u1edbi r2 scr v\u00e0 0.05 \u0111\u1ed1i v\u1edbi q2 scrth\u00ec m\u00f4 h\u00ecnh t\u1ef1 do trong t\u01b0\u01a1ng quan, c\u00e1c bi\u1ebfn \u0111\u1ed9c l\u1eadp kh\u00f4ng \u1ea3nh h\u01b0\u1edfng l\u1eabn nhau v\u00e0 \u1ea3nh h\u01b0\u1edfng \u0111\u1ebfn k\u1ebft qu\u1ea3 d\u1ef1 \u0111o\u00e1n c\u1ee7a m\u00f4 h\u00ecnh.\n", "Qu\u00e1 tr\u00ecnh t\u00ednh to\u00e1n gi\u00e1 tr\u1ecb r2 scrv\u00e0 q2 scr \u0111\u01b0\u1ee3c l\u1eb7p l\u1ea1i 2000 l\u1ea7n.\n"], "3": ["3.\n", "K\u1ebft qu\u1ea3 v\u00e0 b\u00e0n lu\u1eadn\n", "M\u00f4 h\u00ecnh MLR: \u0110\u1ed1i v\u1edbi m\u1ed7i t\u1eadp h\u1ee3p m\u00f4 t\u1ea3 ph\u00e2n t\u1eed, ch\u00fang t\u00f4i thu \u0111\u01b0\u1ee3c m\u1ed9t m\u00f4 h\u00ecnh t\u01b0\u01a1ng \u1ee9ng nh\u01b0 sau: u\n", "M1\n", "M2\n", "M3 i\n", "C\u00e1c bi\u1ebfn V1\u2013 V24 t\u01b0\u01a1ng \u1ee9ng v\u1edbi t\u1eebng m\u00f4 h\u00ecnh l\u00e0 v\u00e2n tay c\u1ea5u tr\u00fac \u0111\u1ea1i di\u1ec7n cho c\u00e1c m\u1ea3nh c\u1ea5u tr\u00fac \u0111\u01b0\u1ee3c m\u00e3 ho\u00e1 th\u00e0nh tham s\u1ed1 nh\u1eadn c\u00e1c gi\u00e1 tr\u1ecb 0 v\u00e0 1 \u1ee9ng v\u1edbi s\u1ef1 xu\u1ea5t hi\u1ec7n c\u1ee7a ch\u00fang trong ph\u00e2n t\u1eed.\n", "\u0110\u00e1nh gi\u00e1 m\u00f4 h\u00ecnh QSAR: \u0110\u1ea7u ti\u00ean m\u00f4 h\u00ecnh QSAR x\u00e2y d\u1ef1ng \u0111\u01b0\u1ee3c tho\u1ea3 m\u00e3n y\u00eau c\u1ea7u \u0111\u1ea7u ti\u00ean l\u00e0 d\u1ef1a tr\u00ean \u0111\u00edch ph\u00e2n t\u1eed x\u00e1c \u0111\u1ecbnh \u0111\u00f3 ch\u00ednh l\u00e0 HDAC2, thu\u1eadt to\u00e1n x\u00e2y d\u1ef1ng v\u00e0 \u0111\u00e1nh gi\u00e1 c\u1ee5 th\u1ec3 r\u00f5 r\u00e0ng ho\u00e0n to\u00e0n t\u00e1i x\u00e2y d\u1ef1ng \u0111\u01b0\u1ee3c cho h\u1ee3p ch\u1ea5t m\u1edbi.\n", "V\u1ec1 \u0111\u00e1nh gi\u00e1 \u0111\u1ed9 \u1ed5n \u0111\u1ecbnh, ch\u00ednh x\u00e1c c\u1ee7a m\u00f4 h\u00ecnh ta x\u00e9t c\u00e1c th\u00f4ng s\u1ed1 th\u1ed1ng k\u00ea d\u01b0\u1edbi \u0111\u00e2y:\n", "\u0110\u00e1nh gi\u00e1 n\u1ed9i tr\u00ean t\u1eadp TS\n", "C\u00e1c gi\u00e1 tr\u1ecb th\u1ef1c nghi\u1ec7m v\u00e0 k\u1ebft qu\u1ea3 d\u1ef1 \u0111o\u00e1n c\u1ee7a m\u00f4 h\u00ecnh MLR cho t\u1eadp TS \u0111\u01b0\u1ee3c \u0111\u01b0a ra trong b\u1ea3ng 2 d\u01b0\u1edbi \u0111\u00e2y.\n", "f\n", "H\u00ecnh 2.\n", "C\u00e1c m\u1ea3nh c\u1ea5u tr\u00fac quan tr\u1ecdng \u0111\u01b0\u1ee3c l\u1ef1a ch\u1ecdn trong m\u00f4 h\u00ecnh M1, M2 v\u00e0 M3 ph\u1ea3n \u00e1nh m\u1ed1i t\u01b0\u01a1ng quan \u0111\u1ecbnh l\u01b0\u1ee3ng gi\u1eefa c\u1ea5u tr\u00fac v\u00e0 ho\u1ea1t t\u00ednh sinh h\u1ecdc \u1ee9c ch\u1ebf enzyme HDAC2.\n", "B\u1ea3ng 1.\n", "C\u00e1c th\u00f4ng s\u1ed1 \u0111\u00e1nh gi\u00e1 ch\u00e9o v\u00e0 \u0111\u1ed9 th\u00edch h\u1ee3p c\u1ee7a c\u00e1c m\u00f4 h\u00ecnh tuy\u1ebfn t\u00ednh tr\u00ean t\u1eadp TS r2 Q2\n", "LOO RMSE MAE CCC r2(scr) q2(scr) F\n", "M1 0,81 0,76 0,52 0,41 0,89 0,13 -0,34 17,8\n", "M2 0,79 0,77 0,49 0,38 0,85 0,14 -0,31 18,5\n", "M3 0,82 0,80 0,54 0,43 0,90 0,13 -0,35 19,0 f\n", "X\u00e9t t\u1ed5ng qu\u00e1t \u1edf c\u1ea3 3 m\u00f4 h\u00ecnh \u0111\u1ec1u cho gi\u00e1 tr\u1ecb r2 l\u1edbn h\u01a1n 0,70 do \u0111\u00f3 c\u00e1c m\u00f4 h\u00ecnh x\u00e2y d\u1ef1ng \u0111\u01b0\u1ee3c \u0111\u1ec1u \u0111\u1ea1t \u0111\u1ed9 tuy\u1ebfn t\u00ednh t\u1ed1t trong \u0111\u00f3 m\u00f4 h\u00ecnh\n", "M3 cho gi\u00e1 tr\u1ecb cao nh\u1ea5t l\u00e0 0,82.\n", "Gi\u00e1 tr\u1ecb q2\n", "LOO \u1edf m\u00f4 h\u00ecnh M1 l\u00e0 0,76 v\u00e0 khi thay \u0111\u1ed5i c\u00e1c bi\u1ebfn t\u1eeb\n", "V2 \u2013V8 theo xu h\u01b0\u1edbng k\u00e9o d\u00e0i m\u1ea1ch C, t\u0103ng d\u1ea7n \u0111\u1ed9 b\u1ea5t b\u00e3o ho\u00e0, th\u00eam c\u00e1c nguy\u00ean t\u1ed1 c\u00f3 \u0111\u1ed9 \u00e2m \u0111i\u1ec7n cao nh\u01b0 Cl, O, N, S ta \u0111\u01b0\u1ee3c m\u00f4 h\u00ecnh M2,\n", "M3 v\u1edbi q2\n", "LOO t\u01b0\u01a1ng \u1ee9ng t\u0103ng 0,01 v\u00e0 0,04.\n", "B\u00ean c\u1ea1nh \u0111\u00f3, th\u00f4ng s\u1ed1 ki\u1ec3m tra ng\u1eabu nhi\u00ean Y cho c\u00e1c m\u00f4 h\u00ecnh M1, M2, M3 v\u1edbi gi\u00e1 tr\u1ecb r2(scr) cao nh\u1ea5t l\u00e0 0,14 (M2) v\u00e0 q2(scr) cao nh\u1ea5t l\u00e0 -0,34 v\u1edbi m\u00f4 h\u00ecnh M1; k\u1ebft qu\u1ea3 n\u00e0y ch\u1ee9ng t\u1ecf c\u1ea3 3 m\u00f4 h\u00ecnh kh\u00f4ng m\u00f4 t\u1ea3 t\u01b0\u01a1ng quan ng\u1eabu nhi\u00ean gi\u1eefa bi\u1ebfn \u0111\u1ed9c l\u1eadp v\u00e0 bi\u1ebfn ph\u1ee5 thu\u1ed9c.\n", "Ngo\u00e0i ra, c\u00e1c m\u00f4 h\u00ecnh \u0111\u1ec1u c\u00f3 \u00fd ngh\u0129a th\u1ed1ng k\u00ea khi gi\u00e1 tr\u1ecb\n", "CCC \u0111\u1ec1u kh\u00f4ng th\u1ea5p h\u01a1n 0,85.T\u1eeb \u0111\u00f3 ch\u1ee9ng t\u1ecf \u0111\u1ed9 m\u1ea1nh, \u1ed5n \u0111\u1ecbnh v\u00e0 \u0111\u1ed9 kh\u1edbp cao c\u1ee7a c\u1ea3 3 m\u00f4 h\u00ecnh MLR.\n", "\u0110\u00e1nh gi\u00e1 ngo\u1ea1i tr\u00ean t\u1eadp PS\n", "B\u1ea3ng 2.\n", "T\u00ednh to\u00e1n kh\u1ea3 n\u0103ng d\u1ef1 \u0111o\u00e1n c\u1ee7a m\u00f4 h\u00ecnh tuy\u1ebfn t\u00ednh tr\u00ean t\u1eadp PS\n", "Q2F1 Q2F2 Q2F3 RMSEext MAEext CCC\n", "M1 0,77 0,78 0,81 0,39 0,31 0,84\n", "M2 0.76 0.79 0.76 0.40 0.32 0,80\n", "M3 0,80 0,79 0,82 0,37 0,29 0,85\n", "D\u1ef1a tr\u00ean c\u00e1c ch\u1ec9 ti\u00eau th\u00f4ng s\u1ed1 \u0111\u00e1nh gi\u00e1 \u0111\u00e3 n\u00eau, c\u1ea3 ba m\u00f4 h\u00ecnh \u0111\u1ec1u \u0111\u1ea1t y\u00eau c\u1ea7u th\u1eadm ch\u00ed gi\u00e1 tr\u1ecb Q2 r\u1ea5t cao, m\u00f4 h\u00ecnh M3 cho k\u1ebft qu\u1ea3 t\u1ed1t nh\u1ea5t v\u1edbi Q2F1, Q 2F2, Q 2F3l\u1ea7n l\u01b0\u1ee3t l\u00e0 0,80, 0,79, 0,82.\n", "C\u00e1c gi\u00e1 tr\u1ecb n\u00e0y ch\u1ee9ng t\u1ecf kh\u1ea3 n\u0103ng d\u1ef1 \u0111o\u00e1n t\u1ed1t c\u1ee7a c\u1ea3 3 m\u00f4 h\u00ecnh nh\u1ea5t l\u00e0 m\u00f4 h\u00ecnh M3.\n", "Gi\u1ea3i th\u00edch c\u01a1 ch\u1ebf\n", "\u0110\u00e2y l\u00e0 b\u01b0\u1edbc quan tr\u1ecdng \u0111\u1ec3 t\u1eeb \u0111\u00f3 \u0111\u1ecbnh h\u01b0\u1edbng thi\u1ebft k\u1ebf h\u1ee3p ch\u1ea5t m\u1edbi.\n", "C\u1ea3 ba m\u00f4 h\u00ecnh\n", "M1, M2, M3 x\u00e2y d\u1ef1ng \u0111\u01b0\u1ee3c tr\u00ean 3 t\u1eadp m\u1ea3nh c\u1ea5u tr\u00fac kh\u00e1c nhau \u0111\u1ec1u cho k\u1ebft qu\u1ea3 t\u1ed1t, t\u1eeb \u0111\u00f3 ta ho\u00e0n to\u00e0n t\u00ecm ra \u0111\u01b0\u1ee3c c\u00e1c bi\u1ebfn c\u00f3 \u1ea3nh h\u01b0\u1edfng t\u1edbi ho\u1ea1t t\u00ednh sinh h\u1ecdc.H\u00ecnh 2 l\u00e0 c\u00e1c m\u00f4 t\u1ea3 m\u1ea3nh c\u1ea5u tr\u00fac \u0111\u01b0\u1ee3c s\u1eed d\u1ee5ng trong c\u00e1c m\u00f4 h\u00ecnh\n", "QSAR.\n", "C\u00e1c m\u1ea3nh c\u00f3 h\u1ec7 s\u1ed1 nh\u1eadn gi\u00e1 tr\u1ecb \u00e2m l\u00e0 c\u00e1c y\u1ebfu t\u1ed1 t\u0103ng c\u01b0\u1eddng ho\u1ea1t \u0111\u1ed9ng \u1ee9c ch\u1ebf (gi\u1ea3m gi\u00e1 tr\u1ecb IC50).\n", "Ng\u01b0\u1ee3c l\u1ea1i, h\u1ec7 s\u1ed1 c\u00f3 gi\u00e1 tr\u1ecb d\u01b0\u01a1ng \u1ee9ng v\u1edbi c\u00e1c m\u1ea3nh c\u1ea5u tr\u00fac l\u00e0m gi\u1ea3m ho\u1ea1t t\u00ednh \u1ee9c ch\u1ebf.\n", "K\u1ebft h\u1ee3p c\u1ea3 3 m\u00f4 h\u00ecnh, 10 m\u1ea3nh c\u1ea5u tr\u00fac gi\u1eef vai tr\u00f2 quan tr\u1ecdng nh\u1ea5t \u0111\u00f3ng g\u00f3p v\u00e0o ho\u1ea1t t\u00ednh \u1ee9c ch\u1ebf HDAC2 bao g\u1ed3m V2, V3, V8, V9, V10,\n", "V11, V14, V17, V18, V22 (H\u00ecnh 2).\n", "\u0110\u00e2y l\u00e0 c\u00e1c m\u1ea3nh c\u1ea5u tr\u00fac \u0111\u01b0\u1ee3c s\u1eed d\u1ee5ng trong thi\u1ebft k\u1ebf nh\u00f3m nh\u1eadn di\u1ec7n v\u00e0 c\u1ea7u n\u1ed1i d\u1ef1a tr\u00ean c\u1ea5u tr\u00fac c\u1ed1 \u0111\u1ecbnh nh\u00f3m g\u1eafn v\u1edbi k\u1ebdm acid hydroxamic \u0111\u1ec3 t\u0103ng c\u01b0\u1eddng kh\u1ea3 n\u0103ng g\u1eafn k\u1ebft v\u00e0 ho\u1ea1t t\u00ednh \u1ee9c ch\u1ebf HDAC2.\n", "T\u1ed5 h\u1ee3p c\u00e1c m\u1ea3nh c\u1ea5u tr\u00fac n\u00e0y \u0111\u1ec3 t\u1ea1o th\u00e0nh c\u00e1c h\u1ee3p ch\u1ea5t m\u1edbi m\u1ed9t c\u00e1c t\u1ef1 \u0111\u1ed9ng b\u1eb1ng Thu\u1eadt gi\u1ea3i di truy\u1ec1n gi\u00fap t\u1ea1o ra h\u00e0ng ngh\u00ecn h\u1ee3p ch\u1ea5t [17].\n", "C\u00e1c khung c\u1ea5u tr\u00fac n\u00e0y \u0111\u01b0\u1ee3c l\u1ecdc l\u1ea7n th\u1ee9 nh\u1ea5t b\u1eb1ng vi\u1ec7c ki\u1ec3m tra xem \u0111\u00e3 t\u1eebng \u0111\u01b0\u1ee3c c\u00f4ng b\u1ed1 ch\u01b0a b\u1eb1ng c\u00e1ch t\u00ecm c\u1ea5u tr\u00fac \u0111\u1ed3ng d\u1ea1ng theo SMILES tr\u00ean trang web\n", "B\u01b0\u1edbc l\u1ecdc th\u1ee9 hai l\u00e0 d\u1ef1 \u0111o\u00e1n ho\u1ea1t t\u00ednh (IC50) c\u1ee7a c\u00e1c h\u1ee3p ch\u1ea5t \u0111\u01b0\u1ee3c thi\u1ebft k\u1ebf b\u1eb1ng ch\u00ednh nh\u1eefng m\u00f4 h\u00ecnh \u0111\u00e3 x\u00e2y d\u1ef1ng \u0111\u01b0\u1ee3c.S\u1eed d\u1ee5ng ph\u1ea7n m\u1ec1m ISIDA Fragmentor2015 t\u00ednh to\u00e1n c\u00e1c m\u00f4 t\u1ea3 ph\u00e2n t\u1eed v\u00e0 thay v\u00e0o c\u00e1c m\u00f4 h\u00ecnh M1,\n", "M2 v\u00e0 M3, l\u1ea5y trung b\u00ecnh c\u1ed9ng c\u00e1c k\u1ebft qu\u1ea3 d\u1ef1 \u0111o\u00e1n.T\u1eeb c\u00e1c c\u1ea5u tr\u00fac m\u1edbi \u0111\u00e3 t\u00ednh to\u00e1n, l\u1ecdc ra c\u00e1c c\u1ea5u tr\u00fac c\u00f3 gi\u00e1 tr\u1ecb IC50 d\u1ef1 \u0111o\u00e1n t\u1ed1t v\u00e0 kh\u1ea3 thi trong t\u1ed5ng h\u1ee3p (B\u1ea3ng 3).\n", "B\u1ea3ng 3.\n", "C\u00e1c khung c\u1ea5u tr\u00fac m\u1edbi \u0111\u01b0\u1ee3c \u0111\u1ec1 xu\u1ea5t cho thi\u1ebft k\u1ebf\n", "STT C\u1ea5u tr\u00fac D\u1ef1 \u0111o\u00e1n IC50 (\u03bcM) 1a 1,60125 2a\n", "N\n", "O\n", "O\n", "NHOH\n", "O\n", "N\n", "H 3a 0,96005 4a 0,30018 5a 1,11231 6a 4,62709 i 4.\n", "K\u1ebft lu\u1eadn v\u00e0 Ki\u1ebfn ngh\u1ecb\n", "Nh\u01b0 v\u1eady, d\u1ef1a tr\u00ean c\u01a1 s\u1edf l\u00fd thuy\u1ebft c\u1ee7a m\u00f4 t\u1ea3 m\u1ea3nh c\u1ea5u tr\u00fac ISIDA, nghi\u00ean c\u1ee9u \u0111\u00e3 x\u00e2y d\u1ef1ng th\u00e0nh c\u00f4ng 3 m\u00f4 h\u00ecnh QSAR c\u00f3 kh\u1ea3 n\u0103ng d\u1ef1 \u0111o\u00e1n gi\u00e1 tr\u1ecb IC50 trong \u1ee9c ch\u1ebf ho\u1ea1t \u0111\u1ed9ng c\u1ee7a enzyme HDAC2.\n", "Ngo\u00e0i ra nghi\u00ean c\u1ee9u \u0111\u00e3 t\u1ed5 h\u1ee3p 10 m\u1ea3nh c\u1ea5u tr\u00fac tr\u00ean n\u1ec1n khung acid hydroxamic nh\u1eb1m t\u1ea1o ra m\u1ed9t s\u1ed1 khung d\u1eabn xu\u1ea5t m\u1edbi, \u0111\u01b0\u1ee3c d\u1ef1 \u0111o\u00e1n l\u00e0 c\u00f3 t\u00e1c d\u1ee5ng \u1ee9c ch\u1ebf m\u1ea1nh tr\u00ean HDAC2.\n", "\u0110\u1eb7c bi\u1ec7t nghi\u00ean c\u1ee9u n\u00e0y \u0111\u1ec1 xu\u1ea5tkhung c\u1ea5u tr\u00fac d\u1eabn ch\u1ea5t 4a \u0111\u01b0\u1ee3c v\u1edbi ho\u1ea1t t\u00ednh m\u1ea1nh, c\u00f3 \u0111\u1eb7c \u0111i\u1ec3m ho\u00e1 h\u1ecdc kh\u00f4ng qu\u00e1 kh\u00f3 \u0111\u1ec3 t\u1ed5ng t\u1ee3p, l\u00e0 ti\u1ec1n \u0111\u1ec1 cho c\u00e1c nghi\u00ean c\u1ee9u t\u00ecm ki\u1ebfm h\u1ee3p ch\u1ea5t d\u1eabn \u0111\u01b0\u1eddng m\u1edbi trong t\u01b0\u01a1ng lai.\n", "L\u1eddi c\u1ea3m \u01a1n\n", "Nghi\u00ean c\u1ee9u \u0111\u01b0\u1ee3c th\u1ef1c hi\u1ec7n trong khu\u00f4n kh\u1ed5 \u0110\u1ec1 t\u00e0i khoa h\u1ecdc v\u00e0 c\u00f4ng ngh\u1ec7 c\u1ea5p\n", "\u0110HQGHN, m\u00e3 s\u1ed1 QG.16.24.\n"]}, "Word count": 2511}