{"title": "Original Article\n", "content": {"0": ["T\u00f3m t\u1eaft: Nghi\u00ean c\u1ee9u m\u00f4 t\u1ea3 c\u1eaft ngang \u0111\u01b0\u1ee3c th\u1ef1c hi\u1ec7n t\u1eeb th\u00e1ng 8/2021 \u2013 9/2021 nh\u1eb1m m\u00f4 t\u1ea3 \u0111\u1eb7c \u0111i\u1ec3m l\u00e2m s\u00e0ng, c\u1eadn l\u00e2m s\u00e0ng c\u1ee7a b\u1ec7nh nh\u00e2n COVID-19 \u1edf b\u1ec7nh vi\u1ec7n d\u00e3 chi\u1ebfn \u0111\u1eb7t t\u1ea1i tr\u01b0\u1eddng Cao \u0111\u1eb3ng C\u1ed9ng \u0111\u1ed3ng \u0110\u1ed3ng Th\u00e1p.\n", "Nghi\u00ean c\u1ee9u ti\u1ebfn h\u00e0nh khai th\u00e1c th\u00f4ng tin d\u1ecbch t\u1ec5 c\u1ee7a 240 \u0111\u1ed1i t\u01b0\u1ee3ng.\n", "K\u1ebft qu\u1ea3: t\u1ef7 l\u1ec7 nam/n\u1eef l\u00e0 1,2/1.\n", "Tu\u1ed5i trung b\u00ecnh l\u00e0 29,2\u00b115,1(1- 65) tu\u1ed5i.\n", "C\u00e1c tri\u1ec7u ch\u1ee9ng l\u00e2m s\u00e0ng hay g\u1eb7p l\u00e0 ho (45,8%), s\u1ed1t (45%), ng\u1ea1t m\u0169i (21,7%), m\u1ea5t kh\u1ee9u gi\u00e1c (13,8%), m\u1ea5t v\u1ecb gi\u00e1c (12,9%) v\u00e0 kh\u00f3 th\u1edf (4,6%).\n", "H\u1ea7u h\u1ebft \u0111\u1ed1i t\u01b0\u1ee3ng nghi\u00ean c\u1ee9u c\u00f3 tri\u1ec7u ch\u1ee9ng nh\u1eb9, t\u1ef7 l\u1ec7 h\u1ed3i ph\u1ee5c cao.\n", "Nghi\u00ean c\u1ee9u n\u00e0y g\u00f3p ph\u1ea7n \u0111\u01b0a ra m\u1ed9t \u0111\u00e1nh gi\u00e1 chung v\u1ec1 c\u00e1c y\u1ebfu t\u1ed1 l\u00e2m s\u00e0ng, c\u1eadn l\u00e2m s\u00e0ng, k\u1ebft qu\u1ea3 \u0111i\u1ec1u tr\u1ecb c\u1ee7a b\u1ec7nh nh\u00e2n COVID-19 n\u00f3i chung v\u00e0 b\u1ec7nh nh\u00e2n COVID-19 \u1edf b\u1ec7nh vi\u1ec7n d\u00e3 chi\u1ebfn \u0111\u1eb7t t\u1ea1i tr\u01b0\u1eddng Cao \u0111\u1eb3ng C\u1ed9ng \u0111\u1ed3ng \u0110\u1ed3ng Th\u00e1p n\u00f3i ri\u00eang, l\u00e0 c\u01a1 s\u1edf gi\u00fap cho vi\u1ec7c \u0111\u1ec1 xu\u1ea5t c\u00e1c bi\u1ec7n ph\u00e1p ph\u00f2ng ch\u1ed1ng d\u1ecbch b\u1ec7nh t\u1ed1t h\u01a1n.\n", "T\u1eeb kho\u00e1: COVID-19, \u0111\u1eb7c \u0111i\u1ec3m l\u00e2m s\u00e0ng, ch\u1ec9 s\u1ed1 Ct, k\u1ebft qu\u1ea3 \u0111i\u1ec1u tr\u1ecb.\n"], "1": ["1.\n", "M\u1edf \u0111\u1ea7u\n", "S\u1ef1 b\u00f9ng ph\u00e1t c\u1ee7a b\u1ec7nh vi\u00eam \u0111\u01b0\u1eddng h\u00f4 h\u1ea5p c\u1ea5p do coronavirus m\u1edbi (COVID-19) \u0111\u01b0\u1ee3c ph\u00e1t hi\u1ec7n t\u1ea1i V\u0169 H\u00e1n, t\u1ec9nh H\u1ed3 B\u1eafc, Trung Qu\u1ed1c v\u00e0 ti\u1ebfp t\u1ee5c l\u00e2y lan v\u1edbi t\u1ed1c \u0111\u1ed9 nhanh ch\u00f3ng tr\u00ean to\u00e0n c\u1ea7u g\u00e2y ra nh\u1eefng lo ng\u1ea1i nghi\u00eam tr\u1ecdng [1].\n", "T\u1ed5 ch\u1ee9c Y t\u1ebf Th\u1ebf Gi\u1edbi (WHO) ch\u00ednh th\u1ee9c tuy\u00ean b\u1ed1\n", "COVID-19 l\u00e0 \u0111\u1ea1i d\u1ecbch v\u00e0o ng\u00e0y 11 th\u00e1ng 3 n\u0103m 2020.\n", "Ngo\u00e0i ra, WHO \u0111\u00e3 ph\u00e2n lo\u1ea1i COVID-19 l\u00e0 m\u1ed9t \u0111\u1ea1i d\u1ecbch to\u00e0n c\u1ea7u nguy c\u01a1 r\u1ea5t cao [2].\n", "Th\u1eddi gian \u1ee7 b\u1ec7nh trung b\u00ecnh c\u1ee7a SARS-CoV-2 _* T\u00e1c gi\u1ea3 li\u00ean h\u1ec7.\n", "\u0111\u01b0\u1ee3c \u01b0\u1edbc t\u00ednh l\u00e0 5,1 ng\u00e0y v\u00e0 ph\u1ea7n l\u1edbn b\u1ec7nh nh\u00e2n s\u1ebd xu\u1ea5t hi\u1ec7n c\u00e1c tri\u1ec7u ch\u1ee9ng trong v\u00f2ng 11,5 ng\u00e0y k\u1ec3 t\u1eeb ng\u00e0y nhi\u1ec5m b\u1ec7nh.\n", "C\u00e1c tri\u1ec7u ch\u1ee9ng l\u00e2m s\u00e0ng th\u01b0\u1eddng g\u1eb7p l\u00e0 s\u1ed1t, ho, kh\u00f3 th\u1edf v\u00e0 \u00edt g\u1eb7p h\u01a1n l\u00e0 \u0111au h\u1ecdng, thi\u1ebfu m\u00e1u, r\u1ed1i lo\u1ea1n ti\u00eau ho\u00e1, ch\u00e1n \u0103n, bu\u1ed3n n\u00f4n, kh\u00f3 ch\u1ecbu, \u0111au c\u01a1 v\u00e0 ti\u00eau ch\u1ea3y [3].\n", "T\u00ednh \u0111\u1ebfn ng\u00e0y 19/1/2022 WHO c\u00f4ng b\u1ed1 tr\u00ean to\u00e0n c\u1ea7u \u0111\u00e3 c\u00f3 335.867.477 tr\u01b0\u1eddng h\u1ee3p \u0111\u01b0\u1ee3c x\u00e1c nh\u1eadn nhi\u1ec5m SARS-CoV-2, trong \u0111\u00f3 c\u00f3 5.575.756 tr\u01b0\u1eddng h\u1ee3p t\u1eed vong.\n", "T\u1ea1i Vi\u1ec7t Nam, t\u1eeb ng\u00e0y 3 th\u00e1ng 1 n\u0103m 2020 \u0111\u1ebfn ng\u00e0y 19 th\u00e1ng 1 n\u0103m 2021, \u0111\u00e3 c\u00f3 2.078.087 tr\u01b0\u1eddng h\u1ee3p \u0111\u01b0\u1ee3c x\u00e1c nh\u1eadn nhi\u1ec5m SARS-CoV-2 v\u1edbi 36.114 tr\u01b0\u1eddng h\u1ee3p t\u1eed vong [4].\n", "D\u1ecbch b\u1ec7nh COVID-19 v\u1eabn \u0111ang di\u1ec5n bi\u1ebfn kh\u00e1 ph\u1ee9c t\u1ea1p v\u1edbi s\u1ed1 ca m\u1eafc t\u0103ng nhanh v\u00e0 s\u1ed1 ca t\u1eed vong t\u0103ng r\u1ea5t cao v\u00e0 xu\u1ea5t hi\u1ec7n nhi\u1ec1u lo\u1ea1i bi\u1ebfn ch\u1ee7ng c\u1ee7a virus r\u1ea5t nguy hi\u1ec3m.\n", "V\u00ec v\u1eady, vi\u1ec7c \u0111\u00e1nh gi\u00e1 t\u00ecnh h\u00ecnh d\u1ecbch t\u1ec5 h\u1ecdc, \u0111\u1eb7c \u0111i\u1ec3m l\u00e2m s\u00e0ng, c\u1eadn l\u00e2m s\u00e0ng, k\u1ebft qu\u1ea3 \u0111i\u1ec1u tr\u1ecb \u0111\u00e3 \u0111\u01b0\u1ee3c ghi nh\u1eadn t\u1ea1i c\u00e1c c\u01a1 s\u1edf \u0111i\u1ec1u tr\u1ecb cho b\u1ec7nh nh\u1eadn nhi\u1ec5m SARS \u2013\n", "CoV \u2013 2 l\u00e0 h\u1ebft s\u1ee9c quan tr\u1ecdng trong vi\u1ec7c \u0111\u00e1nh gi\u00e1 hi\u1ec7u qu\u1ea3 \u0111i\u1ec1u tr\u1ecb v\u00e0 \u0111\u01b0a ra nh\u1eefng ph\u01b0\u01a1ng ph\u00e1p ph\u00f9 h\u1ee3p, hi\u1ec7u qu\u1ea3 cao.\n", "Do \u0111\u00f3 ch\u00fang t\u00f4i th\u1ef1c hi\u00ean nghi\u00ean c\u1ee9u n\u00e0y v\u1edbi m\u1ee5c ti\u00eau sau: M\u00f4 t\u1ea3 \u0111\u1eb7c \u0111i\u1ec3m l\u00e2m s\u00e0ng, c\u1eadn l\u00e2m s\u00e0ng, k\u1ebft qu\u1ea3 \u0111i\u1ec1u tr\u1ecb c\u1ee7a b\u1ec7nh nh\u00e2n COVID-19 \u1edf b\u1ec7nh vi\u1ec7n d\u00e3 chi\u1ebfn \u0111\u1eb7t t\u1ea1i tr\u01b0\u1eddng Cao \u0111\u1eb3ng C\u1ed9ng \u0111\u1ed3ng\n", "\u0110\u1ed3ng Th\u00e1p.\n"], "2": ["2.\n", "\u0110\u1ed1i t\u01b0\u1ee3ng v\u00e0 ph\u01b0\u01a1ng ph\u00e1p nghi\u00ean c\u1ee9u 2.1.\n", "Ph\u01b0\u01a1ng ph\u00e1p nghi\u00ean c\u1ee9u\n", "Nghi\u00ean c\u1ee9u \u0111\u01b0\u1ee3c ti\u1ebfn h\u00e0nh t\u1eeb th\u00e1ng 8/2021 \u0111\u1ebfn th\u00e1ng 9/2021 \u1edf b\u1ec7nh vi\u1ec7n d\u00e3 chi\u1ebfn \u0111\u1eb7t t\u1ea1i kho\u1ea3ng 600 gi\u01b0\u1eddng b\u1ec7nh, \u0111i\u1ec1u tr\u1ecb b\u1ec7nh nh\u00e2n t\u1ea7ng 1 trong ph\u00e2n lo\u1ea1i th\u00e1p 3 t\u1ea7ng c\u1ee7a b\u1ed9 Y t\u1ebf.\n", "Thi\u1ebft k\u1ebf nghi\u00ean c\u1ee9u: m\u00f4 t\u1ea3 c\u1eaft ngang.\n", "Ph\u01b0\u01a1ng ph\u00e1p ch\u1ecdn m\u1eabu: thu\u1eadn ti\u1ec7n.\n", "Th\u1ef1c t\u1ebf ch\u00fang t\u00f4i \u0111\u00e3 thu th\u1eadp s\u1ed1 li\u1ec7u c\u1ee7a 240 b\u1ec7nh nh\u00e2n \u0111ang \u0111i\u1ec1u tr\u1ecb b\u1ec7nh\n", "COVID-19 v\u1edbi ti\u00eau chu\u1ea9n l\u1ef1a ch\u1ecdn l\u00e0 nh\u1eefng b\u1ec7nh nh\u00e2n \u0111\u00e3 c\u00f3 k\u1ebft qu\u1ea3 ch\u1ea9n \u0111o\u00e1n x\u00e1c \u0111\u1ecbnh b\u1eb1ng x\u00e9t nghi\u1ec7m RT-PCR.\n", "Ti\u00eau chu\u1ea9n lo\u1ea1i tr\u1eeb l\u00e0 nh\u1eefng b\u1ec7nh nh\u00e2n kh\u00f4ng \u0111\u1ed3ng \u00fd tham gia nghi\u00ean c\u1ee9u ho\u1eb7c b\u1ec7nh nh\u00e2n kh\u00f4ng \u0111\u1ee7 ti\u00eau chu\u1ea9n tr\u00ean.\n", "2.2.\n", "Bi\u1ebfn s\u1ed1 nghi\u00ean c\u1ee9u\n", "S\u1ed1 li\u1ec7u nghi\u00ean c\u1ee9u \u0111\u01b0\u1ee3c thu th\u1eadp b\u1edfi c\u00e1c th\u00e0nh vi\u00ean trong nh\u00f3m nghi\u00ean c\u1ee9u.\n", "Nghi\u00ean c\u1ee9u vi\u00ean \u0111\u00e3 \u0111\u01b0\u1ee3c t\u1eadp hu\u1ea5n tr\u01b0\u1edbc v\u1ec1 c\u00e1ch ph\u1ecfng v\u1ea5n b\u1ec7nh nh\u00e2n v\u00e0 ghi ch\u00e9p th\u00f4ng tin trong h\u1ed3 s\u01a1 b\u1ec7nh \u00e1n b\u1edfi gi\u00e1o vi\u00ean h\u01b0\u1edbng d\u1eabn.\n", "C\u1ee5 th\u1ec3 c\u00e1c th\u00f4ng tin \u0111\u1eb7c \u0111i\u1ec3m bao g\u1ed3m: tu\u1ed5i, gi\u1edbi t\u00ednh, tri\u1ec7u ch\u1ee9ng l\u00e2m s\u00e0ng \u0111\u01b0\u1ee3c thu th\u1eadp vi\u00ean ph\u1ecfng v\u1ea5n tr\u1ef1c ti\u1ebfp ng\u01b0\u1eddi b\u1ec7nh; Ch\u1ec9 s\u1ed1 CT, k\u1ebft qu\u1ea3 \u0111i\u1ec1u tr\u1ecb \u0111\u01b0\u1ee3c ghi ch\u00e9p l\u1ea1i t\u1eeb h\u1ed3 s\u01a1 b\u1ec7nh \u00e1n v\u00e0o phi\u1ebfu b\u1ec7nh \u00e1n nghi\u00ean c\u1ee9u.\n", "Sau khi thu th\u1eadp, s\u1ed1 li\u1ec7u \u0111\u01b0\u1ee3c l\u00e0m s\u1ea1ch v\u00e0 nh\u1eadp b\u1eb1ng ph\u1ea7n m\u1ec1m Epidata 3.1, sau \u0111\u00f3 \u0111\u01b0\u1ee3c ph\u00e2n t\u00edch b\u1eb1ng ph\u1ea7n m\u1ec1m STATA 14.0.\n", "X\u1eed l\u00fd s\u1ed1 li\u1ec7u theo c\u00e1c thu\u1eadt to\u00e1n th\u1ed1ng k\u00ea sinh h\u1ecdc.\n", "M\u1ee9c \u00fd ngh\u0129a th\u1ed1ng k\u00ea p<0,05 \u0111\u01b0\u1ee3c s\u1eed d\u1ee5ng trong th\u1ed1ng k\u00ea suy lu\u1eadn.\n", "2.3.\n", "\u0110\u1ea1o \u0111\u1ee9c nghi\u00ean c\u1ee9u\n", "\u0110\u1ea1o \u0111\u1ee9c nghi\u00ean c\u1ee9u: \u0111\u1ec1 c\u01b0\u01a1ng nghi\u00ean c\u1ee9u \u0111\u01b0\u1ee3c s\u1ef1 \u0111\u1ed3ng \u00fd c\u1ee7a h\u1ed9i \u0111\u1ed3ng \u0111\u1ea1o \u0111\u1ee9c nghi\u00ean c\u1ee9u Tr\u01b0\u1eddng 3.\n", "K\u1ebft qu\u1ea3 nghi\u00ean c\u1ee9u 3.1.\n", "\u0110\u1eb7c \u0111i\u1ec3m d\u1ecbch t\u1ec5 c\u1ee7a \u0111\u1ed1i t\u01b0\u1ee3ng nghi\u00ean c\u1ee9u (\u0110TNC)\n", "B\u1ea3ng 1.\n", "\u0110\u1eb7c \u0111i\u1ec3m chung c\u1ee7a \u0110TNC\n", "\u0110\u1eb7c \u0111i\u1ec3m chung\n", "S\u1ed1 l\u01b0\u1ee3ng (n=240)\n", "T\u1ef7 l\u1ec7 (%)\n", "Tu\u1ed5i <12 35 14,6 12 \u2264 tu\u1ed5i<18 34 14,2 18 \u2264 tu\u1ed5i<60 167 69,6 \u2265 60 4 1,6\n", "Gi\u1edbi t\u00ednh\n", "Nam 130 54,2\n", "N\u1eef 110 45,8\n", "\u0110a s\u1ed1 \u0110TNC \u1edf trong nh\u00f3m tu\u1ed5i t\u1eeb 18 \u0111\u1ebfn d\u01b0\u1edbi 60 v\u1edbi t\u1ef7 l\u1ec7 69,6%, nh\u00f3m d\u01b0\u1edbi 12 tu\u1ed5i chi\u1ebfm t\u1ef7 l\u1ec7 14,6%, t\u1eeb 12 \u0111\u1ebfn d\u01b0\u1edbi 18 tu\u1ed5i chi\u1ebfm 14,2% v\u00e0 nh\u00f3m t\u1eeb 60 tu\u1ed5i tr\u1edf l\u00ean ch\u1ec9 chi\u1ebfm t\u1ef7 l\u1ec7 1,6%.\n", "Tu\u1ed5i trung b\u00ecnh c\u1ee7a \u0110TNC l\u00e0 29,2 tu\u1ed5i trong \u0111\u00f3 \u0111\u1ed1i t\u01b0\u1ee3ng nh\u1ecf nh\u1ea5t l\u00e0 1 tu\u1ed5i v\u00e0 cao nh\u1ea5t l\u00e0 65 tu\u1ed5i.\n", "T\u1ef7 l\u1ec7 nam/n\u1eef l\u00e0 1,2/1.\n", "3.2.\n", "\u0110\u00e1nh gi\u00e1 bi\u1ec3u hi\u1ec7n l\u00e2m s\u00e0ng, c\u1eadn l\u00e2m s\u00e0ng, k\u1ebft qu\u1ea3 \u0111i\u1ec1u tr\u1ecb c\u1ee7a b\u1ec7nh nh\u00e2n m\u1eafc COVID-19\n", "T\u1ef7 l\u1ec7 \u0111\u1ed1i t\u01b0\u1ee3ng nghi\u00ean c\u1ee9u c\u00f3 tri\u1ec7u ch\u1ee9ng s\u1ed1t, ho chi\u1ebfm kh\u00e1 cao l\u1ea7n l\u01b0\u1ee3t l\u00e0 45,8% v\u00e0 45%; m\u1ed9t s\u1ed1 tri\u1ec7u ch\u1ee9ng kh\u00e1c nh\u01b0 ng\u1ea1t m\u0169i, m\u1ea5t kh\u1ee9u gi\u00e1c, m\u1ea5t v\u1ecb gi\u00e1c, kh\u00f3 th\u1edf chi\u1ebfm t\u1ef7 l\u1ec7 \u00edt h\u01a1n l\u1ea7n l\u01b0\u1ee3t l\u00e0 21,7%, 13,8%, 12,9% v\u00e0 4,6%.\n", "Kh\u00f4ng c\u00f3 b\u1ec7nh nh\u00e2n n\u00e0o bi\u1ec3u hi\u1ec7n co k\u00e9o c\u01a1 h\u00f4 h\u1ea5p hay b\u1ea5t th\u01b0\u1eddng khi nghe ph\u1ed5i.\n", "Bi\u1ec3u \u0111\u1ed3 1.\n", "\u0110\u1eb7c \u0111i\u1ec3m v\u1ec1 tri\u1ec7u ch\u1ee9ng l\u00e2m s\u00e0ng c\u1ee7a \u0110TNC.\n", "B\u1ea3ng 2.\n", "\u0110\u1eb7c \u0111i\u1ec3m v\u1ec1 k\u1ebft qu\u1ea3 x\u00e9t nghi\u1ec7m RT\u2013PCR SARS-CoV-2 c\u1ee7a \u0110TNC\n", "X\u00e9t nghi\u1ec7m\n", "K\u1ebft qu\u1ea3\n", "L\u1ea7n 1 L\u1ea7n 2 L\u1ea7n 3\n", "S\u1ed1 l\u01b0\u1ee3ng (n=240)\n", "T\u1ef7 l\u1ec7 (%)\n", "S\u1ed1 l\u01b0\u1ee3ng (n=240)\n", "T\u1ef7 l\u1ec7 (%)\n", "S\u1ed1 l\u01b0\u1ee3ng (n=240)\n", "T\u1ef7 l\u1ec7 (%) <20 109 45,4 0 0,0 0 0,0 20 - <30 89 37,1 12 5,0 2 0,8 \u2265 30 42 17,5 38 15,8 33 13,8\n", "\u00c2m t\u00ednh 0 0 190 79,2 205 85,4\n", "T\u1ed5ng s\u1ed1 240 100,0 240 100,0 240 100,0\n", "Trong l\u1ea7n x\u00e9t nghi\u1ec7m SARS-CoV-2 d\u01b0\u01a1ng t\u00ednh \u0111\u1ea7u ti\u00ean, \u0111a s\u1ed1 b\u1ec7nh nh\u00e2n d\u01b0\u01a1ng t\u00ednh CT nh\u1ecf h\u01a1n 20 v\u1edbi t\u1ef7 l\u1ec7 45,4%, nh\u00f3m d\u01b0\u01a1ng t\u00ednh CT t\u1eeb 20 \u0111\u1ebfn d\u01b0\u1edbi 30 chi\u1ebfm 37,1%, c\u00f2n l\u1ea1i 17,5% \u0111\u1ed1i t\u01b0\u1ee3ng d\u01b0\u01a1ng t\u00ednh CT tr\u00ean 30.\n", "Trong l\u1ea7n x\u00e9t nghi\u1ec7m th\u1ee9 2 (ng\u00e0y th\u1ee9 10 sau l\u1ea7n x\u00e9t nghi\u1ec7m \u0111\u1ea7u ti\u00ean), \u0111a s\u1ed1 b\u1ec7nh nh\u00e2n c\u00f3 k\u1ebft qu\u1ea3 x\u00e9t nghi\u1ec7m \u00e2m t\u00ednh chi\u1ebfm t\u1ef7 l\u1ec7 79,2%, nh\u00f3m d\u01b0\u01a1ng t\u00ednh CT t\u1eeb 30 tr\u1edf l\u00ean c\u00f3 t\u1ef7 l\u1ec7 15,8%, ch\u1ec9 c\u00f2n 5% b\u1ec7nh nh\u00e2n d\u01b0\u01a1ng t\u00ednh CT d\u01b0\u1edbi 30.\n", "Trong l\u1ea7n x\u00e9t nghi\u1ec7m th\u1ee9 3 (ng\u00e0y th\u1ee9 3 sau l\u1ea7n x\u00e9t nghi\u1ec7m l\u1ea7n 2 c\u00f2n d\u01b0\u01a1ng t\u00ednh), t\u1ef7 l\u1ec7 b\u1ec7nh nh\u00e2n c\u00f3 k\u1ebft qu\u1ea3 x\u00e9t nghi\u1ec7m \u00e2m t\u00ednh l\u00e0 cao nh\u1ea5t 85,4%, t\u1ef7 l\u1ec7 d\u01b0\u01a1ng t\u00ednh CT t\u1eeb 30 tr\u1edf l\u00ean chi\u1ebfm 13,8%, ch\u1ec9 c\u00f3 2 \u0111\u1ed1i t\u01b0\u1ee3ng d\u01b0\u01a1ng t\u00ednh CT t\u1eeb 20 \u0111\u1ebfn d\u01b0\u1edbi 30 chi\u1ebfm 0,8%.\n", "B\u1ea3ng 3.\n", "K\u1ebft qu\u1ea3 \u0111i\u1ec1u tr\u1ecb c\u1ee7a \u0110TNC\n", "K\u1ebft qu\u1ea3 \u0111i\u1ec1u tr\u1ecb\n", "S\u1ed1 l\u01b0\u1ee3ng (n=240)\n", "T\u1ef7 l\u1ec7 (%)\n", "\u0110\u1ee1 v\u00e0 ra vi\u1ec7n 239 99,6\n", "N\u1eb7ng ph\u1ea3i chuy\u1ec3n t\u1ea7ng 1 0,4\n", "Di\u1ec5n bi\u1ebfn kh\u00e1c 0 0,0\n", "T\u1ed5ng s\u1ed1 240 100,0\n", "H\u1ea7u h\u1ebft \u0111\u1ed1i t\u01b0\u1ee3ng nghi\u00ean c\u1ee9u \u0111\u1ee1 v\u00e0 ra vi\u1ec7n v\u1edbi t\u1ef7 l\u1ec7 r\u1ea5t cao 99,6%.\n", "Ch\u1ec9 c\u00f3 1 b\u1ec7nh nh\u00e2n n\u1eb7ng ph\u1ea3i chuy\u1ec3n t\u1ea7ng chi\u1ebfm t\u1ef7 l\u1ec7 0,4%.\n", "B\u1ea3ng 4.\n", "M\u1ed1i li\u00ean quan gi\u1eefa ch\u1ec9 s\u1ed1 CT l\u1ea7n 1 v\u00e0 tri\u1ec7u ch\u1ee9ng l\u00e2m s\u00e0ng c\u1ee7a \u0110TNC\n", "Tri\u1ec7u ch\u1ee9ng l\u00e2m s\u00e0ng\n", "CT l\u1ea7n 1\n", "C\u00f3 Kh\u00f4ng\n", "T\u1ed5ng s\u1ed1 (%) p n % n % <20 84 77,1 25 22,9 100,0 0,05 20 - <30 61 68,5 28 31,5 100,0 \u226530 24 57,1 18 42,9 100,0\n", "T\u1ed5ng s\u1ed1 169 70,4 71 29,6 100,0\n", "S\u1ed1t Ho Kh\u00f3 th\u1edf\n", "Ng\u1ea1t m\u0169i\n", "M\u1ea5t kh\u1ee9u gi\u00e1c\n", "M\u1ea5t v\u1ecb gi\u00e1c\n", "Rale ph\u1ed5i\n", "Co k\u00e9o c\u01a1 h\u00f4 h\u1ea5p 45.8 45 13.8 12.9 0 0 3.3.\n", "M\u1ed9t s\u1ed1 y\u1ebfu t\u1ed1 li\u00ean quan gi\u1eefa tri\u1ec7u ch\u1ee9ng l\u00e2m s\u00e0ng v\u00e0 c\u1eadn l\u00e2m s\u00e0ng c\u1ee7a \u0110TNC\n", "T\u1ef7 l\u1ec7 c\u00f3 tri\u1ec7u ch\u1ee9ng l\u00e2m s\u00e0ng c\u1ee7a \u0111\u1ed1i t\u01b0\u1ee3ng nghi\u00ean c\u1ee9u kh\u00e1c nhau gi\u1eefa c\u00e1c nh\u00f3m: CT l\u1ea7n 1 d\u01b0\u1edbi 20, t\u1eeb 20 \u0111\u1ebfn d\u01b0\u1edbi 30, t\u1eeb 30 tr\u1edf l\u00ean v\u1edbi t\u1ef7 l\u1ec7 l\u1ea7n l\u01b0\u1ee3t l\u00e0 77,1%, 68,5%, 57,1%.\n", "S\u1ef1 kh\u00e1c nhau n\u00e0y kh\u00f4ng c\u00f3 \u00fd ngh\u0129a th\u1ed1ng k\u00ea (p=0,05).\n", "B\u1ea3ng 5.\n", "M\u1ed1i li\u00ean quan gi\u1eefa ch\u1ec9 s\u1ed1 CT l\u1ea7n 1 v\u00e0 m\u1ed9t s\u1ed1 tri\u1ec7u ch\u1ee9ng l\u00e2m s\u00e0ng c\u1ee5 th\u1ec3 c\u1ee7a \u0110TNC\n", "CT l\u1ea7n 1\n", "Tri\u1ec7u ch\u1ee9ng l\u00e2m s\u00e0ng <20 20 \u2264 <30 \u226530 n - % p n % n % n %\n", "S\u1ed1t\n", "C\u00f3 51 46,8 43 48,3 16 38,1 (45,8) 0,53\n", "Kh\u00f4ng 58 53,2 46 51,7 26 61,9 (54,2)\n", "T\u1ed5ng 109 100,0 89 100,0 42 100,0 100,0\n", "Ho\n", "C\u00f3 59 54,1 38 42,7 11 26,2 (45,0) 0,01\n", "Kh\u00f4ng 50 45,9 51 57,3 31 73,8 (55,0)\n", "T\u1ed5ng 109 100,0 89 100,0 42 100,0 100,0\n", "Kh\u00f3 th\u1edf\n", "C\u00f3 7 6,4 4 4,5 0 0,0 (4,6) 0,3\n", "Kh\u00f4ng 102 93,6 85 95,5 42 100,0 (95,4)\n", "T\u1ed5ng 109 100,0 89 100,0 42 100,0 100,0\n", "Ng\u1ea1t m\u0169i\n", "C\u00f3 32 29,4 13 14,6 7 16,7 (21,7) 0,03\n", "Kh\u00f4ng 77 70,6 76 85,4 35 83,3 (78,3)\n", "T\u1ed5ng 109 100,0 89 100,0 42 100,0 100,0\n", "M\u1ea5t kh\u1ee9u gi\u00e1c\n", "C\u00f3 22 20,2 8 9,0 3 7,1 (13,8) 0,03\n", "Kh\u00f4ng 87 79,8 81 91,0 39 92,9 (86,2)\n", "T\u1ed5ng 109 100,0 89 100,0 42 100,0 100,0\n", "M\u1ea5t v\u1ecb gi\u00e1c\n", "C\u00f3 21 19,3 7 7,9 3 7,1 (12,9) 0,03\n", "Kh\u00f4ng 88 80,7 82 92,1 39 92,9 (87,1)\n", "T\u1ed5ng 109 100,0 89 100,0 42 100,0 100,0\n", "T\u1ef7 l\u1ec7 c\u00f3 tri\u1ec7u ch\u1ee9ng s\u1ed1t c\u1ee7a \u0111\u1ed1i t\u01b0\u1ee3ng nghi\u00ean c\u1ee9u kh\u00e1c nhau gi\u1eefa c\u00e1c nh\u00f3m: CT l\u1ea7n 1 d\u01b0\u1edbi 20, t\u1eeb 20 \u0111\u1ebfn d\u01b0\u1edbi 30, t\u1eeb 30 tr\u1edf l\u00ean v\u1edbi t\u1ef7 l\u1ec7 l\u1ea7n l\u01b0\u1ee3t l\u00e0 46,8%, 48,3%, 38,1%.\n", "S\u1ef1 kh\u00e1c nhau n\u00e0y kh\u00f4ng c\u00f3 \u00fd ngh\u0129a th\u1ed1ng k\u00ea (p = 0,53).\n", "T\u1ef7 l\u1ec7 c\u00f3 tri\u1ec7u ch\u1ee9ng ho c\u1ee7a \u0111\u1ed1i t\u01b0\u1ee3ng nghi\u00ean c\u1ee9u kh\u00e1c nhau gi\u1eefa c\u00e1c nh\u00f3m: CT l\u1ea7n 1 d\u01b0\u1edbi 20, t\u1eeb 20 \u0111\u1ebfn d\u01b0\u1edbi 30, t\u1eeb 30 tr\u1edf l\u00ean v\u1edbi t\u1ef7 l\u1ec7 l\u1ea7n l\u01b0\u1ee3t l\u00e0 54,1%, 42,7%, 26,2%.\n", "S\u1ef1 kh\u00e1c nhau n\u00e0y c\u00f3 \u00fd ngh\u0129a th\u1ed1ng k\u00ea (p = 0,01).\n", "T\u1ef7 l\u1ec7 c\u00f3 tri\u1ec7u ch\u1ee9ng kh\u00f3 th\u1edf c\u1ee7a \u0111\u1ed1i t\u01b0\u1ee3ng nghi\u00ean c\u1ee9u kh\u00e1c nhau gi\u1eefa c\u00e1c nh\u00f3m: CT l\u1ea7n 1 d\u01b0\u1edbi 20, t\u1eeb 20 \u0111\u1ebfn d\u01b0\u1edbi 30, t\u1eeb 30 tr\u1edf l\u00ean v\u1edbi t\u1ef7 l\u1ec7 l\u1ea7n l\u01b0\u1ee3t l\u00e0 6,4%, 4,5%, 0,0%.\n", "S\u1ef1 kh\u00e1c nhau n\u00e0y kh\u00f4ng c\u00f3 \u00fd ngh\u0129a th\u1ed1ng k\u00ea (p = 0,3).\n", "T\u1ef7 l\u1ec7 c\u00f3 tri\u1ec7u ch\u1ee9ng ng\u1ea1t m\u0169i c\u1ee7a \u0111\u1ed1i t\u01b0\u1ee3ng nghi\u00ean c\u1ee9u kh\u00e1c nhau gi\u1eefa c\u00e1c nh\u00f3m: CT l\u1ea7n 1 d\u01b0\u1edbi 20, t\u1eeb 20 \u0111\u1ebfn d\u01b0\u1edbi 30, t\u1eeb 30 tr\u1edf l\u00ean v\u1edbi t\u1ef7 l\u1ec7 l\u1ea7n l\u01b0\u1ee3t l\u00e0 29,4%, 14,6%, 16,7%.\n", "S\u1ef1 kh\u00e1c nhau n\u00e0y c\u00f3 \u00fd ngh\u0129a th\u1ed1ng k\u00ea (p = 0,03).\n", "T\u1ef7 l\u1ec7 c\u00f3 tri\u1ec7u ch\u1ee9ng m\u1ea5t kh\u1ee9u gi\u00e1c c\u1ee7a \u0111\u1ed1i t\u01b0\u1ee3ng nghi\u00ean c\u1ee9u kh\u00e1c nhau gi\u1eefa c\u00e1c nh\u00f3m: CT l\u1ea7n 1 d\u01b0\u1edbi 20, t\u1eeb 20 \u0111\u1ebfn d\u01b0\u1edbi 30, t\u1eeb 30 tr\u1edf l\u00ean v\u1edbi t\u1ef7 l\u1ec7 l\u1ea7n l\u01b0\u1ee3t l\u00e0 20,2%, 9,0%, 7,1%.\n", "S\u1ef1 kh\u00e1c nhau n\u00e0y c\u00f3 \u00fd ngh\u0129a th\u1ed1ng k\u00ea (p = 0,03).\n", "T\u1ef7 l\u1ec7 c\u00f3 tri\u1ec7u ch\u1ee9ng m\u1ea5t v\u1ecb gi\u00e1c c\u1ee7a \u0111\u1ed1i t\u01b0\u1ee3ng nghi\u00ean c\u1ee9u kh\u00e1c nhau gi\u1eefa c\u00e1c nh\u00f3m: CT l\u1ea7n 1 d\u01b0\u1edbi 20, t\u1eeb 20 \u0111\u1ebfn d\u01b0\u1edbi 30, t\u1eeb 30 tr\u1edf l\u00ean v\u1edbi t\u1ef7 l\u1ec7 l\u1ea7n l\u01b0\u1ee3t l\u00e0 19,3%, 7,9%, 7,1%.\n", "S\u1ef1 kh\u00e1c nhau n\u00e0y c\u00f3 \u00fd ngh\u0129a th\u1ed1ng k\u00ea (p = 0,03).\n"], "4": ["4.\n", "B\u00e0n lu\u1eadn\n", "T\u1ed5ng s\u1ed1 \u0110TNC tham gia l\u00e0 240 ng\u01b0\u1eddi v\u1edbi \u0111\u1ed9 tu\u1ed5i trung b\u00ecnh l\u00e0 29,2 \u00b1 15,1 tu\u1ed5i, tu\u1ed5i nh\u1ecf nh\u1ea5t l\u00e0 1 v\u00e0 tu\u1ed5i l\u1edbn nh\u1ea5t l\u00e0 65 tu\u1ed5i.\n", "H\u1ea7u h\u1ebft \u0110TNC thu\u1ed9c nh\u00f3m tu\u1ed5i t\u1eeb 18-60 tu\u1ed5i chi\u1ebfm t\u1ec9 l\u1ec7 cao nh\u1ea5t v\u1edbi 69,6%, sau \u0111\u00f3 l\u00e0 nh\u00f3m tu\u1ed5i < 12 tu\u1ed5i chi\u1ebfm t\u1ec9 l\u1ec7 14,6%, ti\u1ebfp theo l\u00e0 nh\u00f3m tu\u1ed5i t\u1eeb 12-18 tu\u1ed5i chi\u1ebfm t\u1ec9 l\u1ec7 14,2% v\u00e0 chi\u1ebfm t\u1ec9 l\u1ec7 th\u1ea5p nh\u1ea5t l\u00e0 nh\u00f3m tu\u1ed5i > 60 tu\u1ed5i chi\u1ebfm t\u1ec9 l\u1ec7 1,6%.\n", "K\u1ebft qu\u1ea3 n\u00e0y kh\u00e1 t\u01b0\u01a1ng \u0111\u1ed3ng v\u1edbi nghi\u00ean c\u1ee9u c\u1ee7a\n", "Yewei Xie tr\u00ean 55.294 b\u1ec7nh nh\u00e2n COVID-19, ph\u1ea7n l\u1edbn \u0110TNC \u1edf \u0111\u1ed9 tu\u1ed5i t\u1eeb 30-69 tu\u1ed5i chi\u1ebfm 77,8% [4].\n", "\u0110\u00e2y l\u00e0 nh\u00f3m \u0110TNC trong \u0111\u1ed9 tu\u1ed5i lao \u0111\u1ed9ng, th\u01b0\u1eddng xuy\u00ean ti\u1ebfp x\u00fac, g\u1eb7p g\u1ee1 nhi\u1ec1u ng\u01b0\u1eddi n\u00ean c\u00f3 t\u1ec9 l\u1ec7 m\u1eafc b\u1ec7nh cao h\u01a1n.\n", "B\u1ec7nh nh\u00e2n nam m\u1eafc COVID-19 chi\u1ebfm 54,2% nhi\u1ec1u h\u01a1n so v\u1edbi b\u1ec7nh nh\u00e2n n\u1eef (45,8%).\n", "T\u1ef7 l\u1ec7 nam/ n\u1eef l\u00e0 1,2/1.\n", "K\u1ebft qu\u1ea3 n\u00e0y ph\u00f9 h\u1ee3p v\u1edbi nghi\u00ean c\u1ee9u c\u1ee7a Yewei Xie c\u00f3 51,4% b\u1ec7nh nh\u00e2n nam m\u1eafc COVID-19 [4].\n", "\u0110i\u1ec1u n\u00e0y cho th\u1ea5y kh\u00f4ng c\u00f3 s\u1ef1 kh\u00e1c bi\u1ec7t v\u1ec1 gi\u1edbi t\u00ednh trong vi\u1ec7c m\u1eafc\n", "COVID-19.\n", "Ho, s\u1ed1t l\u00e0 c\u00e1c tri\u1ec7u ch\u1ee9ng ch\u00ednh c\u1ee7a COVID- 19.\n", "Nghi\u00ean c\u1ee9u c\u1ee7a ch\u00fang t\u00f4i cho th\u1ea5y \u0110TNC c\u00f3 c\u00e1c tri\u1ec7u ch\u1ee9ng ho, s\u1ed1t chi\u1ebfm t\u1ec9 l\u1ec7 l\u1ea7n l\u01b0\u1ee3t l\u00e0 45% v\u00e0 45,8%.\n", "K\u1ebft qu\u1ea3 n\u00e0y t\u01b0\u01a1ng \u0111\u1ed3ng v\u1edbi nghi\u00ean c\u1ee9u c\u1ee7a Tr\u1ea7n V\u0103n Giang v\u00e0 Nguy\u1ec5n Th\u1ecb Ng\u1ecdc v\u1ec1 tri\u1ec7u ch\u1ee9ng th\u01b0\u1eddng g\u1eb7p c\u1ee7a vi\u00eam ph\u1ed5i do\n", "COVID-19 l\u00e0 ho (87,6%), s\u1ed1t (81,8%) \u0111\u01b0\u1ee3c th\u1ef1c hi\u1ec7n t\u1ea1i b\u1ec7nh vi\u1ec7n b\u1ec7nh nhi\u1ec7t \u0111\u1edbi Trung \u01b0\u01a1ng [5].\n", "Theo nghi\u00ean c\u1ee9u c\u1ee7a Wei-jie Guan v\u1ec1 7736 b\u1ec7nh nh\u00e2n m\u1eafc COVID-19 t\u1ea1i Trung Qu\u1ed1c, t\u1ec9 l\u1ec7 b\u1ec7nh nh\u00e2n xu\u1ea5t hi\u1ec7n s\u1ed1t l\u00e0 43,8% b\u1ec7nh nh\u00e2n khi nh\u1eadp [6].\n", "K\u1ebft qu\u1ea3 c\u1ee7a ch\u00fang t\u00f4i t\u01b0\u01a1ng \u0111\u1ed3ng v\u1edbi Wei- jie Guan v\u1ec1 t\u1ec9 l\u1ec7 b\u1ec7nh nh\u00e2n xu\u1ea5t hi\u1ec7n s\u1ed1t v\u00e0 t\u1ec9 l\u1ec7 b\u1ec7nh nh\u00e2n xu\u1ea5t hi\u1ec7n ho th\u1ea5p h\u01a1n [6].Ti\u1ebfp \u0111\u1ebfn l\u00e0 c\u00e1c tri\u1ec7u ch\u1ee9ng ng\u1ea1t m\u0169i chi\u1ebfm t\u1ec9 l\u1ec7 21,7%, r\u1ed1i lo\u1ea1n kh\u1ee9u gi\u00e1c chi\u1ebfm t\u1ec9 l\u1ec7 l\u00e0 13,8%, r\u1ed1i lo\u1ea1n v\u1ecb gi\u00e1c chi\u1ebfm t\u1ec9 l\u1ec7 l\u00e0 12,9% v\u00e0 kh\u00f3 th\u1edf chi\u1ebfm t\u1ec9 l\u1ec7 4,6%.\n", "T\u1ec9 l\u1ec7 b\u1ec7nh nh\u00e2n b\u1ecb r\u1ed1i lo\u1ea1n kh\u1ee9u gi\u00e1c v\u00e0 v\u1ecb gi\u00e1c chi\u1ebfm t\u1ec9 l\u1ec7 kh\u00e1 cao c\u00f3 th\u1ec3 do t\u00e1c nh\u00e2n g\u00e2y b\u1ec7nh l\u00e0 ch\u1ee7ng Delta, kh\u00e1c bi\u1ec7t so v\u1edbi ch\u1ee7ng\n", "Alpha v\u00e0 Omicron.\n", "\u0110i\u1ec1u n\u00e0y ph\u00f9 h\u1ee3p v\u1edbi nghi\u00ean c\u1ee9u c\u1ee7a Yonghyun Lee [7].\n", "Kh\u00f4ng c\u00f3 b\u1ec7nh nh\u00e2n n\u00e0o xu\u1ea5t hi\u1ec7n co k\u00e9o c\u01a1 h\u00f4 h\u1ea5p hay xu\u1ea5t hi\u1ec7n b\u1ea5t th\u01b0\u1eddng khi nghe ph\u1ed5i.\n", "Trong l\u1ea7n x\u00e9t nghi\u1ec7m SARS-CoV-2 d\u01b0\u01a1ng t\u00ednh \u0111\u1ea7u ti\u00ean, \u0111a s\u1ed1 b\u1ec7nh nh\u00e2n d\u01b0\u01a1ng t\u00ednh CT nh\u1ecf h\u01a1n 20 v\u1edbi t\u1ef7 l\u1ec7 45,4%, nh\u00f3m d\u01b0\u01a1ng t\u00ednh CT t\u1eeb 20 \u0111\u1ebfn d\u01b0\u1edbi 30 chi\u1ebfm 37,1%, c\u00f2n l\u1ea1i 17,5% \u0111\u1ed1i t\u01b0\u1ee3ng d\u01b0\u01a1ng t\u00ednh CT tr\u00ean 30.\n", "Trong l\u1ea7n x\u00e9t nghi\u1ec7m th\u1ee9 2, \u0111a s\u1ed1 b\u1ec7nh nh\u00e2n c\u00f3 k\u1ebft qu\u1ea3 x\u00e9t nghi\u1ec7m \u00e2m t\u00ednh chi\u1ebfm t\u1ef7 l\u1ec7 79,2%, nh\u00f3m d\u01b0\u01a1ng t\u00ednh CT t\u1eeb 30 tr\u1edf l\u00ean c\u00f3 t\u1ef7 l\u1ec7 15,8%, ch\u1ec9 c\u00f2n 5% b\u1ec7nh nh\u00e2n d\u01b0\u01a1ng t\u00ednh Ct d\u01b0\u1edbi 30.\n", "Trong l\u1ea7n x\u00e9t nghi\u1ec7m th\u1ee9 3, t\u1ef7 l\u1ec7 b\u1ec7nh nh\u00e2n c\u00f3 k\u1ebft qu\u1ea3 x\u00e9t nghi\u1ec7m \u00e2m t\u00ednh l\u00e0 cao nh\u1ea5t 85,4%, t\u1ef7 l\u1ec7 d\u01b0\u01a1ng t\u00ednh Ct t\u1eeb 30 tr\u1edf l\u00ean chi\u1ebfm 13,8%, ch\u1ec9 c\u00f3 2 \u0111\u1ed1i t\u01b0\u1ee3ng d\u01b0\u01a1ng t\u00ednh Ct t\u1eeb 20 \u0111\u1ebfn d\u01b0\u1edbi 30 chi\u1ebfm 0,8%.\n", "Ch\u1ec9 s\u1ed1 CT c\u00f3 xu h\u01b0\u1edbng t\u0103ng d\u1ea7n theo th\u1eddi gian v\u00e0 ti\u1ebfn d\u1ea7n \u0111\u1ebfn \u2265 30, \u0111i\u1ec1u n\u00e0y ph\u00f9 h\u1ee3p v\u1edbi nghi\u00ean c\u1ee9u c\u1ee7a Anika Singanayagam l\u00e0 trong tu\u1ea7n \u0111\u1ea7u ti\u00ean sau khi kh\u1edfi ph\u00e1t tri\u1ec7u ch\u1ee9ng (ng\u00e0y 2-7), gi\u00e1 tr\u1ecb CT trung b\u00ecnh l\u00e0 28,18; trong tu\u1ea7n th\u1ee9 hai (ng\u00e0y 8-14), gi\u00e1 tr\u1ecb CT trung b\u00ecnh l\u00e0 30,65 v\u00e0 sau 14 ng\u00e0y, gi\u00e1 tr\u1ecb CT trung b\u00ecnh l\u00e0 31,6 [8].\n", "H\u1ea7u h\u1ebft \u0111\u1ed1i t\u01b0\u1ee3ng nghi\u00ean c\u1ee9u kh\u1ecfi b\u1ec7nh v\u00e0 ra vi\u1ec7n v\u1edbi t\u1ef7 l\u1ec7 r\u1ea5t cao 99,6%.\n", "Ch\u1ec9 c\u00f3 1 b\u1ec7nh nh\u00e2n n\u1eb7ng ph\u1ea3i chuy\u1ec3n t\u1ea7ng chi\u1ebfm t\u1ef7 l\u1ec7 0,4%.\n", "\u0110i\u1ec1u n\u00e0y kh\u00e1c bi\u1ec7t r\u1ea5t l\u1edbn so v\u1edbi t\u1ef7 l\u1ec7 h\u1ed3i ph\u1ee5c tr\u00ean th\u1ebf gi\u1edbi (90,54%) v\u00e0 t\u1ef7 l\u1ec7 ph\u1ee5c \u1edf Vi\u1ec7t Nam (92,89%) [3].\n", "S\u1ef1 kh\u00e1c bi\u1ec7t n\u00e0y c\u00f3 th\u1ec3 \u0111\u01b0\u1ee3c l\u00ed gi\u1ea3i r\u1eb1ng nghi\u00ean c\u1ee9u c\u1ee7a ch\u00fang t\u00f4i \u0111\u01b0\u1ee3c th\u1ef1c hi\u1ec7n t\u1ea1i t\u1ea7ng 1 c\u1ee7a m\u00f4 h\u00ecnh th\u00e1p 3 t\u1ea7ng do b\u1ed9 Y t\u1ebf quy \u0111\u1ecbnh, c\u00e1c b\u1ec7nh nh\u00e2n \u0111\u1ec1u thu\u1ed9c nh\u00f3m \u00edt nguy c\u01a1 do tu\u1ed5i tr\u1ebb, kh\u00f4ng b\u1ec7nh n\u1ec1n ho\u1eb7c b\u1ec7nh n\u1ec1n \u0111\u00e3 \u0111\u01b0\u1ee3c ki\u1ec3m so\u00e1t \u1ed5n \u0111\u1ecbnh, l\u01b0\u1ee3ng b\u1ec7nh nh\u00e2n kh\u00f4ng v\u01b0\u1ee3t qu\u00e1 n\u0103ng l\u1ef1c \u0111i\u1ec1u tr\u1ecb c\u1ee7a b\u1ec7nh vi\u1ec7n do \u0111\u00f3 \u0111a s\u1ed1 b\u1ec7nh nh\u00e2n \u0111\u00e1p \u1ee9ng t\u1ed1t \u0111i\u1ec1u tr\u1ecb c\u00f3 chuy\u1ec3n bi\u1ebfn x\u1ea5u.\n", "Trong nghi\u00ean c\u1ee9u c\u1ee7a ch\u00fang t\u00f4i, b\u1ec7nh nh\u00e2n c\u00f3 m\u1ea5t kh\u1ee9u gi\u00e1c v\u00e0 m\u1ea5t v\u1ecb gi\u00e1c chi\u1ebfm t\u1ef7 l\u1ec7 cao nh\u1ea5t \u1edf gi\u00e1 tr\u1ecb Ct th\u1ea5p l\u1ea7n lu\u1ee3t l\u00e0 20,2% v\u00e0 19,3%, t\u1eadp trung ch\u1ee7 y\u1ebfu \u1edf m\u1ee9c CT < 20, do \u0111\u00f3 t\u1ea3i l\u01b0\u1ee3ng virus cao h\u01a1n c\u00e1c b\u1ec7nh nh\u00e2n kh\u00e1c, c\u00e1c tri\u1ec7u ch\u1ee9ng l\u00e2m s\u00e0ng xu\u1ea5t hi\u1ec7n nhi\u1ec1u, bi\u1ec3u hi\u1ec7n r\u1ea7m r\u1ed9.\n", "K\u1ebft qu\u1ea3 n\u00e0y t\u01b0\u01a1ng \u0111\u1ed3ng v\u1edbi k\u1ebft qu\u1ea3 nghi\u00ean c\u1ee9u c\u1ee7a Avani Jain [9].\n", "Ch\u00fang t\u00f4i c\u0169ng t\u00ecm \u0111\u01b0\u1ee3c s\u1ef1 t\u01b0\u01a1ng \u0111\u1ed3ng n\u00e0y \u1edf b\u1ec7nh nh\u00e2n c\u00f3 tri\u1ec7u ch\u1ee9ng ho, ng\u1ea1t m\u0169i t\u1eadp trung ch\u1ee7 y\u1ebfu \u1edf m\u1ee9c CT < 20, c\u00e1c tri\u1ec7u ch\u1ee9ng n\u00e0y chi\u1ebfm t\u1ef7 l\u1ec7 l\u1ea7n l\u01b0\u1ee3t l\u00e0 54,1% v\u00e0 29,4%.\n"], "5": ["5.\n", "K\u1ebft lu\u1eadn\n", "\u0110\u1ed9 tu\u1ed5i trung b\u00ecnh l\u00e0 29,2 \u00b1 15,1 tu\u1ed5i, h\u1ea7u h\u1ebft ng\u01b0\u1eddi b\u1ec7nh thu\u1ed9c nh\u00f3m tu\u1ed5i t\u1eeb 18-60 tu\u1ed5i (69,6%).\n", "Ng\u01b0\u1eddi b\u1ec7nh nam m\u1eafc COVID-19 c\u00f3 xu h\u01b0\u1edbng hay g\u1eb7p h\u01a1n n\u1eef v\u1edbi t\u1ef7 l\u1ec7 nam/ n\u1eef l\u00e0 1,2/1.\n", "Trong nghi\u00ean c\u1ee9u, ch\u00fang t\u00f4i th\u1ea5y c\u00e1c tri\u1ec7u ch\u1ee9ng l\u00e2m s\u00e0ng \u0111i\u1ec3n h\u00ecnh nh\u1ea5t l\u00e0 ho (45,8%), s\u1ed1t (45%), ng\u1ea1t m\u0169i (21,7%), m\u1ea5t kh\u1ee9u gi\u00e1c (13,8%), m\u1ea5t v\u1ecb gi\u00e1c (12,9%) v\u00e0 kh\u00f3 th\u1edf (4,6%).\n", "\u0110\u1ed3ng th\u1eddi c\u00e1c tri\u1ec7u ch\u1ee9ng m\u1ea5t kh\u1ee9u gi\u00e1c v\u00e0 m\u1ea5t v\u1ecb gi\u00e1c th\u01b0\u1eddng g\u1eb7p \u1edf c\u00e1c \u0111\u1ed1i t\u01b0\u1ee3ng nghi\u00ean c\u1ee9u c\u00f3 gi\u00e1 tr\u1ecb CT th\u1ea5p h\u01a1n so v\u1edbi c\u00e1c \u0111\u1ed1i t\u01b0\u1ee3ng nghi\u00ean c\u1ee9u kh\u00f4ng c\u00f3 c\u00e1c tri\u1ec7u ch\u1ee9ng n\u00e0y.\n"]}, "Word count": 3091}