{"title": "Th\u1ef1c tr\u1ea1ng s\u1eed d\u1ee5ng thu\u1ed1c tr\u00ean b\u1ec7nh nh\u00e2n tr\u1ea7m c\u1ea3m t\u1ea1i Vi\u1ec7n\n", "content": {"0": ["T\u00f3m t\u1eaft: R\u1ed1i lo\u1ea1n tr\u1ea7m c\u1ea3m l\u00e0 m\u1ed9t trong c\u00e1c b\u1ec7nh l\u00fd g\u00e2y ra g\u00e1nh n\u1eb7ng b\u1ec7nh t\u1eadt cho b\u1ec7nh nh\u00e2n.\n", "Vi\u1ec7c s\u1eed d\u1ee5ng thu\u1ed1c trong \u0111i\u1ec1u tr\u1ecb tr\u1ea7m c\u1ea3m v\u1eabn ch\u01b0a c\u00f3 h\u01b0\u1edbng d\u1eabn \u0111i\u1ec1u tr\u1ecb chu\u1ea9n t\u1ea1i Vi\u1ec7t Nam.\n", "Ph\u01b0\u01a1ng ph\u00e1p nghi\u00ean c\u1ee9u: Nghi\u00ean c\u1ee9u thu\u1ea7n t\u1eadp tr\u00ean 65 b\u1ec7nh nh\u00e2n tr\u1ea7m c\u1ea3m t\u1ea1i Vi\u00ean S\u1ee9c kho\u1ebb\n", "T\u00e2m th\u1ea7n Qu\u1ed1c gia \u2013 B\u1ec7nh vi\u1ec7n B\u1ea1ch Mai nh\u1eb1m \u0111\u00e1nh \u0111\u01b0a ra th\u1ef1c tr\u1ea1ng s\u1eed d\u1ee5ng thu\u1ed1c, bi\u1ebfn c\u1ed1 b\u1ea5t l\u1ee3i v\u00e0 hi\u1ec7u qu\u1ea3 \u0111i\u1ec1u tr\u1ecb.\n", "K\u1ebft qu\u1ea3: cho th\u1ea5y sertralin l\u00e0 thu\u1ed1c \u0111\u01b0\u1ee3c s\u1eed d\u1ee5ng nhi\u1ec1u nh\u1ea5t (39.5%), ti\u1ebfp \u0111\u1ebfn l\u00e0 mirtazapin (38,3%).\n", "Bi\u1ebfn c\u1ed1 b\u1ea5t l\u1ee3i tr\u00ean tri\u1ec7u ch\u1ee9ng hay g\u1eb7p nh\u1ea5t l\u00e0 tr\u00ean cholinergic.\n", "C\u00f3 12 b\u1ec7nh nh\u00e2n (18,5%) \u0111\u01b0\u1ee3c ghi nh\u1eadn g\u1eb7p bi\u1ebfn c\u1ed1 b\u1ea5t l\u1ee3i tr\u00ean c\u00e2n n\u1eb7ng.\n", "T\u1ec9 l\u1ec7 thuy\u00ean gi\u1ea3m \u0111i\u1ec3m theo thang HAM-D 17 sau qu\u00e1 tr\u00ecnh \u0111i\u1ec1u tr\u1ecb l\u00e0 66,2\u00b113,8%.\n", "K\u1ebft lu\u1eadn: C\u00e1c thu\u1ed1c ch\u1ed1ng tr\u1ea7n c\u1ea3m m\u1edbi \u0111\u01b0\u1ee3c s\u1eed d\u1ee5ng nhi\u1ec1u v\u00e0 c\u00f3 hi\u1ec7u qu\u1ea3 tr\u00ean c\u00e1c b\u1ec7nh nh\u00e2n tr\u1ea7m c\u1ea3m \u1edf Vi\u1ec7t Nam.\n", "B\u00e1c s\u0129 l\u00e2m s\u00e0ng c\u1ea7n ch\u00fa \u00fd \u0111\u1ebfn bi\u1ebfn c\u1ed1 b\u1ea5t l\u1ee3i c\u1ee7a thu\u1ed1c nh\u01b0 t\u00e1c d\u1ee5ng tr\u00ean cholinergic v\u00e0 tr\u00ean c\u00e2n n\u1eb7ng.\n", "T\u1eeb kho\u00e1: Thu\u1ed1c ch\u1ed1ng tr\u1ea7m c\u1ea3m, tr\u1ea7m c\u1ea3m, t\u00e1c d\u1ee5ng ph\u1ee5, s\u1eed d\u1ee5ng thu\u1ed1c.\n"], "1": ["1.\n", "\u0110\u1eb7t v\u1ea5n \u0111\u1ec1\n", "Tr\u1ea7m c\u1ea3m l\u00e0 m\u1ed9t trong nh\u1eefng r\u1ed1i lo\u1ea1n t\u00e2m th\u1ea7n ph\u1ed5 bi\u1ebfn, \u1ea3nh h\u01b0\u1edfng t\u1edbi ng\u01b0\u1eddi b\u1ec7nh, gia \u0111\u00ecnh v\u00e0 x\u00e3 h\u1ed9i.\n", "\u0110i\u1ec1u tr\u1ecb tr\u1ea7m c\u1ea3m \u0111\u00f2i h\u1ecfi t\u1ed1n r\u1ea5t nhi\u1ec1u th\u1eddi gian, k\u1ebft h\u1ee3p s\u1eed d\u1ee5ng c\u00e1c li\u1ec7u ph\u00e1p kh\u00e1c nhau.\n", "Trong \u0111\u00f3 li\u1ec7u ph\u00e1p ho\u00e1 d\u01b0\u1ee3c v\u1eabn \u0111\u01b0\u1ee3c coi l\u00e0 li\u1ec7u ph\u00e1p \u0111i\u1ec1u tr\u1ecb th\u01b0\u1eddng d\u00f9ng nh\u1ea5t [1].\n", "Tr\u00ean th\u1ef1c t\u1ebf l\u00e2m s\u00e0ng, c\u00e1c thu\u1ed1c ch\u1ed1ng tr\u1ea7m c\u1ea3m v\u1edbi nhi\u1ec1u c\u01a1 ch\u1ebf cho hi\u1ec7u qu\u1ea3 cao trong \u0111i\u1ec1u tr\u1ecb nh\u01b0ng c\u0169ng c\u00f3 nhi\u1ec1u t\u00e1c d\u1ee5ng ph\u1ee5 v\u00e0 t\u01b0\u01a1ng t\u00e1c thu\u1ed1c c\u00f3 th\u1ec3 x\u1ea3y ra trong qu\u00e1 tr\u00ecnh s\u1eed d\u1ee5ng [2].\n", "Vi\u1ec7n S\u1ee9c kho\u1ebb T\u00e2m th\u1ea7n - B\u1ec7nh c\u00e1c b\u1ec7nh l\u00fd r\u1ed1i lo\u1ea1n t\u00e2m th\u1ea7n, trong \u0111\u00f3 c\u00f3 b\u1ec7nh l\u00fd tr\u1ea7m c\u1ea3m.\n", "Nghi\u00ean c\u1ee9u n\u00e0y \u0111\u01b0\u1ee3c th\u1ef1c hi\u1ec7n nh\u1eb1m \u0111\u01b0a ra th\u1ef1c tr\u1ea1ng v\u1ec1 t\u00ecnh h\u00ecnh s\u1eed d\u1ee5ng thu\u1ed1c tr\u00ean b\u1ec7nh nh\u00e2n tr\u1ea7m c\u1ea3m t\u1ea1i Vi\u1ec7n S\u1ee9c kho\u1ebb T\u00e2m th\u1ea7n \u2013 B\u1ec7nh vi\u1ec7n B\u1ea1ch Mai.\n"], "2": ["2.\n", "\u0110\u1ed1i t\u01b0\u1ee3ng v\u00e0 ph\u01b0\u01a1ng ph\u00e1p nghi\u00ean c\u1ee9u 2.1.\n", "\u0110\u1ed1i t\u01b0\u1ee3ng nghi\u00ean c\u1ee9u\n", "C\u00e1c b\u1ec7nh \u00e1n c\u1ee7a b\u1ec7nh nh\u00e2n \u0111ang \u0111\u01b0\u1ee3c \u0111i\u1ec1u tr\u1ecb n\u1ed9i tr\u00fa t\u1ea1i Vi\u1ec7n S\u1ee9c kho\u1ebb T\u00e2m th\u1ea7n \u2013 B\u1ec7nh\n", "Ti\u00eau chu\u1ea9n l\u1ef1a ch\u1ecdn:\n", "T\u1ea5t c\u1ea3 c\u00e1c b\u1ec7nh \u00e1n c\u1ee7a b\u1ec7nh nh\u00e2n \u0111\u01b0\u1ee3c ch\u1ea9n \u0111o\u00e1n r\u1ed1i lo\u1ea1n tr\u1ea7m c\u1ea3m (M\u00e3 b\u1ec7nh \u00e1n F32 v\u00e0 F33 theo ICD-10) c\u00f3 s\u1eed d\u1ee5ng \u00edt nh\u1ea5t m\u1ed9t thu\u1ed1c ch\u1ed1ng tr\u1ea7m c\u1ea3m.\n", "Ti\u00eau chu\u1ea9n lo\u1ea1i tr\u1eeb:\n", "B\u1ec7nh nh\u00e2n chuy\u1ec3n khoa kh\u00e1c trong qu\u00e1 tr\u00ecnh \u0111i\u1ec1u tr\u1ecb\n", "B\u1ec7nh nh\u00e2n kh\u00f4ng tu\u00e2n th\u1ee7 \u0111i\u1ec1u tr\u1ecb 2.2.\n", "Ph\u01b0\u01a1ng ph\u00e1p nghi\u00ean c\u1ee9u\n", "Nghi\u00ean c\u1ee9u ti\u1ebfn c\u1ee9u theo d\u00f5i d\u1ecdc, kh\u00f4ng can thi\u1ec7p, thu th\u1eadp k\u1ebft qu\u1ea3 d\u1ef1a tr\u00ean phi\u1ebfu kh\u1ea3o s\u00e1t.\n", "2.3.\n", "X\u1eed l\u00fd k\u1ebft qu\u1ea3\n", "Ph\u00e2n t\u00edch c\u00e1c gi\u00e1 tr\u1ecb thu \u0111\u01b0\u1ee3c b\u1eb1ng ph\u1ea7n m\u1ec1m th\u1ed1ng k\u00ea y h\u1ecdc SPSS 20.0.\n", "Gi\u00e1 tr\u1ecb kh\u00e1c nhau c\u00f3 \u00fd ngh\u0129a th\u1ed1ng k\u00ea n\u1ebfu p<0,05.\n", "B\u1ea3ng 1.\n", "\u0110\u1eb7c \u0111i\u1ec3m chung c\u1ee7a nh\u00f3m b\u1ec7nh nh\u00e2n nghi\u00ean c\u1ee9u (n = 65)\n", "Ti\u00eau ch\u00ed \u0111\u00e1nh gi\u00e1 S\u1ed1 b\u1ec7nh nh\u00e2n\n", "T\u1ec9 l\u1ec7 %\n", "Gi\u1edbi t\u00ednh Nam 25 38,5\n", "N\u1eef 40 61,5\n", "Tu\u1ed5i 42,0\u00b116,5 <16 1 1,6 16-45 32 49,2 45-65 24 36,9 >65 8 12,3\n", "C\u00e1c th\u1ec3 l\u00e2m s\u00e0ng v\u00e0 m\u1ee9c \u0111\u1ed9\n", "M\u00e3 s\u1ed1\n", "Giai \u0111o\u1ea1n tr\u1ea7m c\u1ea3m\n", "V\u1eeba kh\u00f4ng c\u00f3 tri\u1ec7u ch\u1ee9ng c\u01a1 th\u1ec3\n", "F32.10 3 4,6\n", "V\u1eeba c\u00f3 tri\u1ec7u ch\u1ee9ng c\u01a1 th\u1ec3\n", "F32.11 20 30,8\n", "N\u1eb7ng kh\u00f4ng c\u00f3 lo\u1ea1n th\u1ea7n\n", "F32.2 6 9,2\n", "N\u1eb7ng c\u00f3 lo\u1ea1n th\u1ea7n F32.3 5 7,7\n", "T\u1ed5ng 34 52,3\n", "R\u1ed1i lo\u1ea1n tr\u1ea7m c\u1ea3m t\u00e1i di\u1ec5n\n", "V\u1eeba kh\u00f4ng c\u00f3 tri\u1ec7u ch\u1ee9ng c\u01a1 th\u1ec3\n", "F33.10 3 4,6\n", "V\u1eeba c\u00f3 tri\u1ec7u ch\u1ee9ng c\u01a1 th\u1ec3\n", "F33.11 19 29,2\n", "N\u1eb7ng kh\u00f4ng c\u00f3 lo\u1ea1n th\u1ea7n\n", "F33.2 2 3,1\n", "N\u1eb7ng c\u00f3 lo\u1ea1n th\u1ea7n F33.3 7 10,8\n", "T\u1ed5ng 31 47,7 3.\n", "K\u1ebft qu\u1ea3 nghi\u00ean c\u1ee9u 3.1.\n", "\u0110\u1eb7c \u0111i\u1ec3m chung c\u1ee7a m\u1eabu nghi\u00ean c\u1ee9u\n", "T\u1ef7 l\u1ec7 b\u1ec7nh nh\u00e2n (BN) n\u1eef/nam l\u00e0 40/25 = 1,6/1.\n", "Tu\u1ed5i trung b\u00ecnh 42,0\u00b116,5 tu\u1ed5i, trong \u0111\u00f3 \u0111\u1ed9 tu\u1ed5i t\u1eeb 16-45 chi\u1ebfm t\u1ec9 l\u1ec7 cao nh\u1ea5t (49,2%).\n", "M\u1eabu nghi\u00ean c\u1ee9u c\u00f3 34 BN (chi\u1ebfm 52,3%) \u1edf giai \u0111o\u1ea1n tr\u1ea7m c\u1ea3m v\u00e0 31 BN (chi\u1ebfm 47,7%) r\u1ed1i lo\u1ea1n tr\u1ea7m c\u1ea3m t\u00e1i di\u1ec5n.\n", "Kh\u00f4ng c\u00f3 BN n\u00e0o trong nh\u00f3m nghi\u00ean c\u1ee9u m\u1eafc tr\u1ea7m c\u1ea3m nh\u1eb9.\n", "S\u1ed1\n", "BN tr\u1ea7m c\u1ea3m v\u1eeba c\u00f3 tri\u1ec7u ch\u1ee9ng c\u01a1 th\u1ec3 chi\u1ebfm t\u1ec9 l\u1ec7 cao nh\u1ea5t, \u1edf giai \u0111o\u1ea1n tr\u1ea7m c\u1ea3m l\u00e0 30,8% v\u00e0 tr\u1ea7m c\u1ea3m t\u00e1i di\u1ec5n l\u00e0 29,2%.\n", "T\u1ec9 l\u1ec7 BN m\u1eafc tr\u1ea7m c\u1ea3m n\u1eb7ng chi\u1ebfm 16,9% (trong \u0111\u00f3 n\u1eb7ng kh\u00f4ng lo\u1ea1n th\u1ea7n l\u00e0 9,2%, n\u1eb7ng c\u00f3 lo\u1ea1n th\u1ea7n l\u00e0 7,7%).\n", "V\u1edbi tr\u1ea7m c\u1ea3m t\u00e1i di\u1ec5n, s\u1ed1 BN m\u1eafc tr\u1ea7m c\u1ea3m n\u1eb7ng l\u00e0 13,9% (trong \u0111\u00f3 n\u1eb7ng kh\u00f4ng lo\u1ea1n th\u1ea7n l\u00e0 3,1% v\u00e0 n\u1eb7ng c\u00f3 lo\u1ea1n th\u1ea7n l\u00e0 10,8%).\n", "3.2.\n", "Kh\u1ea3o s\u00e1t th\u1ef1c tr\u1ea1ng s\u1eed d\u1ee5ng thu\u1ed1c ch\u1ed1ng tr\u1ea7m c\u1ea3m\n", "C\u00e1c nh\u00f3m thu\u1ed1c ch\u1ed1ng tr\u1ea7m c\u1ea3m \u0111\u01b0\u1ee3c s\u1eed d\u1ee5ng trong \u0111i\u1ec1u tr\u1ecb r\u1ed1i lo\u1ea1n tr\u1ea7m c\u1ea3m\n", "Trong c\u00e1c thu\u1ed1c \u0111\u01b0\u1ee3c s\u1eed d\u1ee5ng tr\u00ean BN nghi\u00ean c\u1ee9u, nh\u00f3m SSRI \u0111\u01b0\u1ee3c s\u1eed d\u1ee5ng nhi\u1ec1u nh\u1ea5t, \u0111i\u1ec3n h\u00ecnh l\u00e0 sertralin chi\u1ebfm t\u1ec9 l\u1ec7 39,5%.\n", "Thu\u1ed1c hay \u0111\u01b0\u1ee3c s\u1eed d\u1ee5ng ti\u1ebfp theo l\u00e0 mirtazapin, chi\u1ebfm 38,3%.\n", "Nh\u00f3m TCA \u0111\u01b0\u1ee3c s\u1eed d\u1ee5ng \u00edt nh\u1ea5t 18,5%.\n", "B\u1ea3ng 2.\n", "C\u00e1c thu\u1ed1c ch\u1ed1ng tr\u1ea7m c\u1ea3m s\u1eed d\u1ee5ng trong \u0111i\u1ec1u tr\u1ecb\n", "Nh\u00f3m T\u00ean thu\u1ed1c H\u00e0m l\u01b0\u1ee3ng S\u1ed1 l\u01b0\u1ee3t d\u00f9ng T\u1ec9 l\u1ec7 %\n", "TCA Amitriptylin 25mg 15 18,5\n", "SSRI\n", "Sertralin 50mg 32 39,5\n", "Paroxetin 20mg 1 1,2\n", "Fluvoxamin 100mg 2 2,5\n", "\u0110\u1ed1i kh\u00e1ng \u03b12- adrenergic\n", "Mirtazapin 30mg 31 38,3\n", "T\u1ed5ng 81 100\n", "TCA: Thu\u1ed1c ch\u1ed1ng tr\u1ea7m c\u1ea3m ba v\u00f2ng; SSRI: Nh\u00f3m thu\u1ed1c \u1ee9c ch\u1ebf thu h\u1ed3i serotonin\n", "C\u00e1c thu\u1ed1c h\u1ed7 tr\u1ee3 \u0111i\u1ec1u tr\u1ecb tri\u1ec7u ch\u1ee9ng t\u00e2m th\u1ea7n tr\u00ean b\u1ec7nh nh\u00e2n tr\u1ea7m c\u1ea3m.\n", "T\u1ec9 l\u1ec7 BN s\u1eed d\u1ee5ng k\u1ebft h\u1ee3p th\u00eam thu\u1ed1c an th\u1ea7n diazepam chi\u1ebfm cao nh\u1ea5t (67,7%).\n", "Trong nh\u00f3m thu\u1ed1c an th\u1ea7n kinh, olanzapin \u0111\u01b0\u1ee3c s\u1eed d\u1ee5ng k\u1ebft h\u1ee3p nhi\u1ec1u nh\u1ea5t (44,6%), ti\u1ebfp \u0111\u1ebfn l\u00e0 sulpirid (18,5%), haloperidol (15,4%).\n", "Ch\u1ec9 c\u00f3 3\n", "BN s\u1eed d\u1ee5ng k\u1ebft h\u1ee3p thu\u1ed1c ch\u1ec9nh kh\u00ed s\u1eafc (4,6%).\n", "B\u1ea3ng 3.\n", "C\u00e1c thu\u1ed1c h\u1ed7 tr\u1ee3 \u0111i\u1ec1u tr\u1ecb tri\u1ec7u ch\u1ee9ng t\u00e2m th\u1ea7n tr\u00ean b\u1ec7nh nh\u00e2n tr\u1ea7m c\u1ea3m\n", "Nh\u00f3m thu\u1ed1c Ho\u1ea1t ch\u1ea5t S\u1ed1\n", "BN\n", "T\u1ec9 l\u1ec7 %\n", "An th\u1ea7n kinh (ATK)\n", "Olanzapin 29 44,6\n", "Risperidon 5 7,7\n", "Quetiapin 6 9,2\n", "Haloperidol 10 15,4\n", "Sulpirid 12 18,5\n", "An th\u1ea7n Diazepam 44 67,7\n", "Ch\u1ec9nh kh\u00ed s\u1eafc Acid valproic 3 4,6\n", "Ph\u00e1c \u0111\u1ed3 \u0111i\u1ec1u tr\u1ecb tr\u1ea7m c\u1ea3m s\u1eed d\u1ee5ng tr\u00ean b\u1ec7nh nh\u00e2n r\u1ed1i lo\u1ea1n tr\u1ea7m c\u1ea3m\n", "Ph\u00e1c \u0111\u1ed3 \u0111\u01b0\u1ee3c l\u1ef1a ch\u1ecdn nhi\u1ec1u nh\u1ea5t l\u00e0 thu\u1ed1c ch\u1ed1ng tr\u1ea7m c\u1ea3m v\u00e0 an th\u1ea7n kinh (CTC + ATK), v\u1edbi t\u1ec9 l\u1ec7 s\u1eed d\u1ee5ng t\u1ea1i th\u1eddi \u0111i\u1ec3m ban \u0111\u1ea7u chi\u1ebfm v\u00e0 sau qu\u00e1 tr\u00ecnh thay \u0111\u1ed5i thu\u1ed1c l\u00e0 66,1% v\u00e0 67,7%.\n", "B\u1ea3ng 4.\n", "Ph\u00e1c \u0111\u1ed3 \u0111i\u1ec1u tr\u1ecb \u0111\u01b0\u1ee3c s\u1eed d\u1ee5ng tr\u00ean b\u1ec7nh nh\u00e2n tr\u1ea7m c\u1ea3m\n", "Ph\u00e1c \u0111\u1ed3\n", "S\u1ed1 b\u1ec7nh nh\u00e2n (T\u1ec9 l\u1ec7 %)\n", "Ban \u0111\u1ea7u Thay th\u1ebf\n", "CTC 20 (30,8) 13 (20,0%)\n", "CTC + ATK 43 (66,1) 44 (67,7%)\n", "CTC + CTC 2 (3,1) 5 (7,7%)\n", "CTC + CTC + ATK 0 (0) 3 (4,6%)\n", "T\u1ed5ng 65 (100%) 65 (100%)\n", "C\u00e1c li\u1ec7u ph\u00e1p \u0111i\u1ec1u tr\u1ecb ph\u1ed1i h\u1ee3p tr\u00ean b\u1ec7nh nh\u00e2n r\u1ed1i lo\u1ea1n tr\u1ea7m c\u1ea3m.\n", "Trong 65 b\u1ec7nh nh\u00e2n nghi\u00ean c\u1ee9u, li\u1ec7u ph\u00e1p t\u00e2m l\u00fd \u0111\u01b0\u1ee3c s\u1eed d\u1ee5ng tr\u00ean 42 b\u1ec7nh nh\u00e2n (chi\u1ebfm 64,62%), c\u00f3 13 b\u1ec7nh nh\u00e2n s\u1eed d\u1ee5ng TMS (chi\u1ebfm 21,54%) v\u00e0 9 b\u1ec7nh nh\u00e2n s\u1eed d\u1ee5ng ph\u1ed1i h\u1ee3p c\u1ea3 li\u1ec7u ph\u00e1p t\u00e2m l\u00fd v\u00e0 TMS (chi\u1ebfm 13,85%).\n", "B\u1ea3ng 5.\n", "C\u00e1c li\u1ec7u ph\u00e1p \u0111i\u1ec1u tr\u1ecb \u0111\u01b0\u1ee3c s\u1eed d\u1ee5ng ph\u1ed1i h\u1ee3p li\u1ec7u ph\u00e1p ho\u00e1 d\u01b0\u1ee3c\n", "C\u00e1c li\u1ec7u ph\u00e1p \u0111i\u1ec1u tr\u1ecb \u0111\u01b0\u1ee3c s\u1eed d\u1ee5ng\n", "S\u1ed1 b\u1ec7nh nh\u00e2n\n", "T\u1ec9 l\u1ec7 (%)\n", "Li\u1ec7u ph\u00e1p t\u00e2m l\u00fd 42 64,61\n", "Li\u1ec7u ph\u00e1p k\u00edch th\u00edch t\u1eeb xuy\u00ean s\u1ecd (TMS) 14 21,54\n", "Li\u1ec7u ph\u00e1p t\u00e2m l\u00fd + TMS 9 13,85\n", "T\u1ed5ng 65 100 3.3.\n", "C\u00e1c bi\u1ebfn c\u1ed1 b\u1ea5t l\u1ee3i (ADE) ghi nh\u1eadn trong qu\u00e1 tr\u00ecnh s\u1eed d\u1ee5ng thu\u1ed1c\n", "Ghi nh\u1eadn ADE tr\u00ean tri\u1ec7u ch\u1ee9ng c\u1ee7a nh\u00f3m b\u1ec7nh nh\u00e2n nghi\u00ean c\u1ee9u.\n", "7.7% 18.5% 24.6% 4.6% 7.7% 15.4% 1.6% 12.3% 13.9% 4.6% 1.6% 9.2% 3.1%\n", "H\u1ea1 HA t\u01b0 th\u1ebf\n", "Kh\u00f4 mi\u1ec7ng\n", "Nh\u00ecn m\u1edd\n", "Gi\u1ea3m t\u00ecnh d\u1ee5c\n", "Bu\u1ed3n n\u00f4n\n", "M\u1ea9n \u0111\u1ecf\n", "T\u0103ng nguy c\u01a1...\n", "H\u00ecnh 1.\n", "T\u1ec9 l\u1ec7 ADE tr\u00ean tri\u1ec7u ch\u1ee9ng c\u1ee7a nh\u00f3m b\u1ec7nh nh\u00e2n nghi\u00ean c\u1ee9u.\n", "Bi\u1ebfn c\u1ed1 hay g\u1eb7p nh\u1ea5t tr\u00ean to\u00e0n b\u1ed9 nh\u00f3m BN nghi\u00ean c\u1ee9u l\u00e0 tr\u00ean cholinergic: kh\u00f4 mi\u1ec7ng (24,6%), t\u00e1o b\u00f3n (18,5%).\n", "Ti\u1ebfp \u0111\u1ebfn hay g\u1eb7p c\u00e1c bi\u1ebfn c\u1ed1 tr\u00ean th\u1ea7n kinh: \u0111au \u0111\u1ea7u (15,4%), b\u1ed3n ch\u1ed3n (12,3%).\n", "C\u00f3 1 BN (1,6%) b\u1ecb m\u1ea9n \u0111\u1ecf v\u00e0 1\n", "BN (1,6%) g\u1eb7p bi\u1ebfn c\u1ed1 b\u1ea5t l\u1ee3i g\u00e2y suy gi\u1ea3m ch\u1ee9c n\u0103ng t\u00ecnh d\u1ee5c.\n", "C\u00e1c bi\u1ebfn c\u1ed1 ch\u1ee7 y\u1ebfu \u1edf m\u1ee9c \u0111\u1ed9 nh\u1eb9, kh\u00f4ng c\u00f3 bi\u1ebfn c\u1ed1 n\u00e0o \u1edf m\u1ee9c \u0111\u1ed9 n\u1eb7ng.\n", "Ghi nh\u1eadn s\u1ef1 thay \u0111\u1ed5i c\u00e2n n\u1eb7ng tr\u00ean nh\u00f3m b\u1ec7nh nh\u00e2n nghi\u00ean c\u1ee9u.\n", "H\u00ecnh 2.\n", "T\u1ec9 l\u1ec7 thay \u0111\u1ed5i c\u00e2n n\u1eb7ng c\u1ee7a BN.\n", "Ch\u00edn b\u1ec7nh nh\u00e2n theo d\u00f5i c\u00f3 tr\u1ecdng l\u01b0\u1ee3ng c\u01a1 th\u1ec3 t\u0103ng v\u1eeba (chi\u1ebfm 13,8%) v\u00e0 3 BN c\u00f3 tr\u1ecdng l\u01b0\u1ee3ng c\u01a1 th\u1ec3 t\u0103ng nhi\u1ec1u (chi\u1ebfm 4,6%).\n", "T\u1ed5ng c\u1ed9ng c\u00f3 12 BN c\u00f3 m\u1ee9c t\u0103ng tr\u1ecdng l\u01b0\u1ee3ng c\u01a1 th\u1ec3 >7% (chi\u1ebfm 18,46%).\n", "3.4.\n", "Hi\u1ec7u qu\u1ea3 \u0111i\u1ec1u tr\u1ecb th\u00f4ng qua m\u1ee9c \u0111\u1ed9 thuy\u00ean gi\u1ea3m \u0111i\u1ec3m HAM-D17\n", "T\u1ed5ng \u0111i\u1ec3m HAM-D 17 tr\u00ean b\u1ec7nh nh\u00e2n nghi\u00ean c\u1ee9u t\u1ea1i c\u00e1c th\u1eddi \u0111i\u1ec3m \u0111\u00e1nh gi\u00e1\n", "M\u1ee9c thuy\u00ean gi\u1ea3m \u0111i\u1ec3m c\u1ee7a c\u1ea3 \u0111\u1ee3t \u0111i\u1ec1u tr\u1ecb l\u00e0 11,5 \u00b1 3,9.\n", "M\u1ee9c \u0111i\u1ec3m HAM-D 17 c\u00f3 s\u1ef1 kh\u00e1c nhau gi\u1eefa c\u00e1c th\u1eddi \u0111i\u1ec3m \u0111\u00e1nh gi\u00e1 v\u1edbi p0/1, p1/2, p2/3 \u0111\u1ec1u < 0,01.\n", "\u0110i\u1ec1u \u0111\u00f3 cho th\u1ea5y, to\u00e0n b\u1ed9 c\u00e1c tri\u1ec7u ch\u1ee9ng c\u1ee7a r\u1ed1i lo\u1ea1n tr\u1ea7m c\u1ea3m c\u00f3 s\u1ef1 c\u1ea3i thi\u1ec7n r\u00f5 r\u1ec7t ngay sau 1 tu\u1ea7n \u0111i\u1ec1u tr\u1ecb, sau 2 tu\u1ea7n v\u00e0 tr\u01b0\u1edbc khi ra vi\u1ec7n (B\u1ea3ng 6).\n", "B\u1ea3ng 6.\n", "T\u1ed5ng \u0111i\u1ec3m HAM-D 17 tr\u00ean b\u1ec7nh nh\u00e2n nghi\u00ean c\u1ee9u theo c\u00e1c tu\u1ea7n \u0111i\u1ec1u tr\u1ecb\n", "T0 (n =65)\n", "T1 (n =65)\n", "T2 (n =62)\n", "T3 (n =58)\n", "P\n", "\u0110i\u1ec3m HAM-D 17 ( x \u00b1 SD) 17,3\u00b14,2 12,4\u00b13,6 8,7\u00b12,9 5,8\u00b12,5 p0/1 = 0,0001 p1/2 = 0,0001 p2/3 = 0,0001 \u0110i\u1ec3m thuy\u00ean gi\u1ea3m( x \u00b1 SD) 4,9\u00b12,3 3,8\u00b12,2 2,9\u00b11,3\n", "T\u1ec9 l\u1ec7 thuy\u00ean gi\u1ea3m c\u00e1c tri\u1ec7u ch\u1ee9ng qua m\u1ee9c \u0111\u1ed9 thuy\u00ean gi\u1ea3m \u0111i\u1ec3m HAM-D 17.\n", "T\u1ec9 l\u1ec7 thuy\u00ean gi\u1ea3m c\u00e1c tri\u1ec7u ch\u1ee9ng l\u00e2m s\u00e0ng chung v\u00e0 c\u00e1c nh\u00f3m tri\u1ec7u ch\u1ee9ng ch\u00ednh c\u00f3 s\u1ef1 kh\u00e1c nhau gi\u1eefa c\u00e1c th\u1eddi \u0111i\u1ec3m \u0111\u00e1nh gi\u00e1 v\u1edbi p1/2, p2/3 < 0,01.\n", "\u0110i\u1ec1u n\u00e0y cho th\u1ea5y c\u00e1c tri\u1ec7u ch\u1ee9ng l\u00e2m s\u00e0ng \u0111\u1ec1u \u0111\u01b0\u1ee3c c\u1ea3i thi\u1ec7n qua c\u00e1c th\u1eddi \u0111i\u1ec3m \u0111\u00e1nh gi\u00e1.\n", "B\u1ea3ng 7.\n", "T\u1ec9 l\u1ec7 thuy\u00ean gi\u1ea3m c\u00e1c tri\u1ec7u ch\u1ee9ng l\u00e2m s\u00e0ng theo thang HAM-D 17\n", "Nh\u00f3m tri\u1ec7u ch\u1ee9ng T\u1ec9 l\u1ec7 thuy\u00ean gi\u1ea3m (%)( x \u00b1 SD)\n", "Sau 1 tu\u1ea7n (n = 65) Sau 2 tu\u1ea7n (n = 62) Tr\u01b0\u1edbc ra vi\u1ec7n (n = 58) p\n", "Tri\u1ec7u ch\u1ee9ng chung 28,2\u00b111,6 49,6\u00b114,6 66,2\u00b113,8 p1/2 = 0,0001 p2/3 = 0,0001\n", "Kh\u00ed s\u1eafc 31,7\u00b120,9 52,3\u00b120,7 69,0\u00b119,6 p1/2 = 0,0001 p2/3 = 0,0001\n", "Gi\u1ea5c ng\u1ee7 40,4\u00b127,1 76,7\u00b131,9 83,1\u00b118,5 p1/2 = 0,0001 p2/3 = 0,0001\n", "V\u1eadn \u0111\u1ed9ng 26,5\u00b115,3 42,9\u00b130,2 65,1\u00b123,3 p1/2 = 0,0001 p2/3 = 0,0001\n", "Lo \u00e2u 19,3\u00b117,0 31,3\u00b125,6 46,0\u00b127,4 p1/2 = 0,0001 p2/3 = 0,0001\n", "R\u1ed1i lo\u1ea1n c\u01a1 th\u1ec3 v\u00e0 nh\u1eadn th\u1ee9c 24,1\u00b117,4 44,9\u00b120,3 61,8\u00b119,3 p1/2 = 0,0001 p2/3 = 0,0001\n", "B\u00e0n lu\u1eadn\n", "Trong nghi\u00ean c\u1ee9u c\u1ee7a ch\u00fang t\u00f4i cho th\u1ea5y t\u1ec9 l\u1ec7 c\u00e1c thu\u1ed1c SSRI (sertralin, paroxetin) \u0111\u01b0\u1ee3c s\u1eed d\u1ee5ng nhi\u1ec1u nh\u1ea5t, ti\u1ebfp \u0111\u1ebfn l\u00e0 mirtazapin, th\u1ea5p nh\u1ea5t l\u00e0 ch\u1ed1ng tr\u1ea7m c\u1ea3m ba v\u00f2ng.\n", "Theo h\u01b0\u1edbng d\u1eabn \u0111i\u1ec1u tr\u1ecb c\u1ee7a h\u1ed9i t\u00e2m th\u1ea7n Hoa K\u1ef3 [[1]], v\u1edbi h\u1ea7u h\u1ebft b\u1ec7nh nh\u00e2n (BN), l\u1ef1a ch\u1ecdn t\u1ed1i \u01b0u ban \u0111\u1ea7u l\u00e0 SSRI, mirtazapin ho\u1eb7c bupropion.\n", "Nh\u01b0 v\u1eady vi\u1ec7c l\u1ef1a ch\u1ecdn s\u1eed d\u1ee5ng thu\u1ed1c ch\u1ed1ng tr\u1ea7m c\u1ea3m t\u1ea1i Vi\u1ec7n S\u1ee9c kho\u1ebb T\u00e2m th\u1ea7n l\u00e0 ph\u00f9 h\u1ee3p v\u1edbi xu th\u1ebf chung tr\u00ean th\u1ebf gi\u1edbi.\n", "Ph\u00e1c \u0111\u1ed3 \u0111\u01b0\u1ee3c s\u1eed d\u1ee5ng nhi\u1ec1u nh\u1ea5t l\u00e0 k\u1ebft h\u1ee3p ch\u1ed1ng tr\u1ea7m c\u1ea3m v\u00e0 an th\u1ea7n kinh (CTC + ATK) (chi\u1ebfm 66,1%).\n", "Li\u1ec7u ph\u00e1p k\u1ebft h\u1ee3p ch\u1ed1ng tr\u1ea7m c\u1ea3m v\u00e0 an th\u1ea7n kinh c\u0169ng l\u00e0 li\u1ec7u ph\u00e1p hay \u0111\u01b0\u1ee3c s\u1eed d\u1ee5ng tr\u00ean l\u00e2m s\u00e0ng hi\u1ec7n nay, v\u1eeba t\u0103ng hi\u1ec7u qu\u1ea3 \u0111i\u1ec1u tr\u1ecb tr\u00ean b\u1ec7nh nh\u00e2n, v\u1eeba h\u1ea1n ch\u1ebf t\u00e1c d\u1ee5ng ph\u1ee5 do s\u1eed d\u1ee5ng thu\u1ed1c ch\u1ed1ng tr\u1ea7m c\u1ea3m li\u1ec1u cao v\u00e0 m\u1ed9t s\u1ed1 thu\u1ed1c ch\u1ed1ng lo\u1ea1n th\u1ea7n nh\u01b0\n", "Risperidon, Quetiapin, Olanzapin \u0111\u00e3 \u0111\u01b0\u1ee3c ch\u1ee9ng minh c\u00f3 hi\u1ec7u qu\u1ea3 trong \u0111i\u1ec1u tr\u1ecb tr\u1ea7m c\u1ea3m [3].\n", "T\u1ec9 l\u1ec7 BN s\u1eed d\u1ee5ng k\u1ebft h\u1ee3p th\u00eam thu\u1ed1c an th\u1ea7n diazepam chi\u1ebfm 67,7% do \u0111a s\u1ed1 BN khi nh\u1eadp vi\u1ec7n c\u00f3 tri\u1ec7u ch\u1ee9ng b\u1ed3n ch\u1ed3n, m\u1ea5t ng\u1ee7 dai d\u1eb3ng, m\u1ec7t m\u1ecfi.\n", "C\u00e1c bi\u1ebfn c\u1ed1 b\u1ea5t l\u1ee3i ghi nh\u1eadn \u0111\u01b0\u1ee3c ch\u1ee7 y\u1ebfu tr\u00ean h\u1ec7 cholinergic, tuy nhi\u00ean ch\u01b0a th\u1ec3 k\u1ebft lu\u1eadn \u0111\u01b0\u1ee3c ch\u00ednh x\u00e1c thu\u1ed1c g\u00e2y ra c\u00e1c bi\u1ebfn c\u1ed1 b\u1ea5t l\u1ee3i tr\u00ean.\n", "C\u00f3 12 BN c\u00f3 m\u1ee9c t\u0103ng c\u00e2n >7% (chi\u1ebfm 18,5%).\n", "Nh\u01b0 v\u1eady vi\u1ec7c t\u0103ng tr\u1ecdng l\u01b0\u1ee3ng c\u01a1 th\u1ec3 c\u00f3 th\u1ec3 coi l\u00e0 m\u1ed9t bi\u1ebfn c\u1ed1 b\u1ea5t l\u1ee3i c\u00f3 th\u1ec3 g\u1eb7p tr\u00ean BN.\n", "\u0110i\u1ec1u n\u00e0y \u0111\u1eb7c bi\u1ec7t l\u01b0u \u00fd v\u1edbi\n", "BN th\u1eeba c\u00e2n do c\u00f3 th\u1ec3 d\u1eabn \u0111\u1ebfn c\u00e1c b\u1ec7nh l\u00fd li\u00ean quan kh\u00e1c do b\u00e9o ph\u00ec nh\u01b0 ti\u1ec3u \u0111\u01b0\u1eddng, tim m\u1ea1ch, t\u0103ng huy\u1ebft \u00e1p [4].\n", "V\u1ec1 hi\u1ec7u qu\u1ea3 \u0111i\u1ec1u tr\u1ecb: t\u1ec9 l\u1ec7 thuy\u00ean gi\u1ea3m theo thang HAM-D 17 tr\u00ean nh\u00f3m BN nghi\u00ean c\u1ee9u sau \u0111i\u1ec1u tr\u1ecb l\u00e0 66,2\u00b113,8%.\n", "M\u1ee9c \u0111i\u1ec3m HAM-D 17 c\u00f3 s\u1ef1 kh\u00e1c nhau gi\u1eefa c\u00e1c th\u1eddi \u0111i\u1ec3m \u0111\u00e1nh gi\u00e1 v\u1edbi p0/1, p1/2, p2/3 \u0111\u1ec1u < 0,01.\n", "T\u1ec9 l\u1ec7 thuy\u00ean gi\u1ea3m c\u00e1c nh\u00f3m tri\u1ec7u ch\u1ee9ng ch\u00ednh c\u0169ng c\u00f3 s\u1ef1 kh\u00e1c bi\u1ec7t c\u00f3 \u00fd ngh\u0129a th\u1ed1ng k\u00ea v\u1edbi p1/2, p2/3 < 0,01.\n", "Nh\u01b0 v\u1eady tr\u00ean to\u00e0n b\u1ed9 BN, t\u1ec9 l\u1ec7 thuy\u00ean gi\u1ea3m b\u1ec7nh th\u1ec3 hi\u1ec7n ngay sau tu\u1ea7n \u0111\u1ea7u ti\u00ean \u0111i\u1ec1u tr\u1ecb v\u00e0 t\u0103ng d\u1ea7n \u1edf c\u00e1c tu\u1ea7n ti\u1ebfp theo trong qu\u00e1 tr\u00ecnh \u0111i\u1ec1u tr\u1ecb.\n", "\u0110i\u1ec1u n\u00e0y ph\u1ea3n \u00e1nh hi\u1ec7u qu\u1ea3 v\u00e0 m\u1ee9c \u0111\u1ed9 \u0111\u00e1p \u1ee9ng th\u1ef1c t\u1ebf trong \u0111i\u1ec1u tr\u1ecb tr\u00ean l\u00e2m s\u00e0ng.\n", "K\u1ebft lu\u1eadn\n", "Sertralin l\u00e0 thu\u1ed1c ch\u1ed1ng tr\u1ea7m c\u1ea3m \u0111\u01b0\u1ee3c s\u1eed d\u1ee5ng nhi\u1ec1u nh\u1ea5t (39,5%), ti\u1ebfp \u0111\u1ebfn l\u00e0 mirtazapin (38,3%).\n", "Ph\u00e1c \u0111\u1ed3 \u0111\u01b0\u1ee3c s\u1eed d\u1ee5ng nhi\u1ec1u nh\u1ea5t l\u00e0 k\u1ebft h\u1ee3p thu\u1ed1c ch\u1ed1ng tr\u1ea7m c\u1ea3m v\u00e0 an th\u1ea7n kinh (66,1%).\n", "Bi\u1ebfn c\u1ed1 b\u1ea5t l\u1ee3i tr\u00ean tri\u1ec7u ch\u1ee9ng hay g\u1eb7p nh\u1ea5t l\u00e0 tr\u00ean cholinergic.\n", "C\u00f3 12 b\u1ec7nh nh\u00e2n (18,5%) \u0111\u01b0\u1ee3c ghi nh\u1eadn g\u1eb7p bi\u1ebfn c\u1ed1 b\u1ea5t l\u1ee3i tr\u00ean c\u00e2n n\u1eb7ng.\n", "\u0110i\u1ec3m HAM-D 17 c\u00f3 s\u1ef1 thuy\u00ean gi\u1ea3m c\u00f3 \u00fd ngh\u0129a th\u1ed1ng k\u00ea t\u1ea1i c\u00e1c th\u1eddi \u0111i\u1ec3m \u0111\u00e1nh gi\u00e1.\n", "T\u1ec9 l\u1ec7 thuy\u00ean gi\u1ea3m \u0111i\u1ec3m theo thang HAM-D 17 sau qu\u00e1 tr\u00ecnh \u0111i\u1ec1u tr\u1ecb l\u00e0 66,2\u00b113,8%.\n"]}, "Word count": 2390}