{"title": "Original Article\n", "content": {"0": ["T\u00f3m t\u1eaft: M\u1ee5c ti\u00eau: M\u00f4 t\u1ea3 tri\u1ec7u ch\u1ee9ng l\u00e2m s\u00e0ng, c\u1eadn l\u00e2m s\u00e0ng, \u0111\u00e1nh gi\u00e1 k\u1ebft qu\u1ea3 \u0111i\u1ec1u tr\u1ecb vi\u00eam ph\u1ed5i s\u01a1 sinh t\u1ea1i B\u1ec7nh vi\u1ec7n S\u1ea3n Nhi B\u1eafc Ninh n\u0103m 2018.\n", "\u0110\u1ed1i t\u01b0\u1ee3ng nghi\u00ean c\u1ee9u: b\u1ec7nh nh\u00e2n vi\u00eam ph\u1ed5i s\u01a1 sinh v\u00e0o \u0111i\u1ec1u tr\u1ecb t\u1eeb 01/05/2018 \u0111\u1ebfn th\u00e1ng 01/05/2019.\n", "Ph\u01b0\u01a1ng ph\u00e1p nghi\u00ean c\u1ee9u: nghi\u00ean c\u1ee9u m\u00f4 t\u1ea3.\n", "K\u1ebft qu\u1ea3 nghi\u00ean c\u1ee9u: nghi\u00ean c\u1ee9u tr\u00ean 200 tr\u1ebb \u0111\u01b0\u1ee3c ch\u1ea9n \u0111o\u00e1n vi\u00eam ph\u1ed5i s\u01a1 sinh, trong \u0111\u00f3 c\u00f3 57,0% l\u00e0 tr\u1ebb nam, t\u1ef7 l\u1ec7 nam/n\u1eef l\u00e0 1,33.\n", "C\u00f3 67 (33,5%) b\u1ec7nh nhi trong \u0111\u1ed9 tu\u1ed5i t\u1eeb 0-7 ng\u00e0y.\n", "C\u00f3 13,5% b\u1ec7nh nhi l\u00e0 s\u01a1 sinh non th\u00e1ng.\n", "\u1ede tr\u1ebb non th\u00e1ng: d\u1ea5u hi\u1ec7u l\u00e2m s\u00e0ng hay g\u1eb7p nh\u1ea5t l\u00e0 ho (96,4%), nh\u1ecbp th\u1edf nhanh (42,9%), kh\u00f2 kh\u00e8 (89,3%), r\u00fat l\u00f5m l\u1ed3ng ng\u1ef1c (35,7%), ran \u1ea9m nh\u1ecf h\u1ea1t (85,7%), t\u00edm (32,1%), c\u01a1n ng\u1eebng th\u1edf (21,4%).\n", "\u1ede tr\u1ebb \u0111\u1ee7 th\u00e1ng: tri\u1ec7u ch\u1ee9ng g\u1eb7p nhi\u1ec1u nh\u1ea5t l\u00e0 ho (89,5%), t\u00edm (6,9%), r\u00fat l\u00f5m l\u1ed3ng ng\u1ef1c (18,6%), ran \u1ea9m nh\u1ecf h\u1ea1t (77,9%).\n", "C\u00f3 28,5% tr\u1ebb c\u00f3 s\u1ed1 l\u01b0\u1ee3ng b\u1ea1ch c\u1ea7u t\u0103ng ho\u1eb7c gi\u1ea3m, 26,0% b\u1ec7nh nhi c\u00f3 t\u0103ng CRP.\n", "C\u00f4ng th\u1ee9c kh\u00e1ng sinh \u0111\u01b0\u1ee3c s\u1eed d\u1ee5ng nhi\u1ec1u nh\u1ea5t l\u00e0 Cefalosporin +\n", "Amikacin \u0111\u01b0\u1ee3c s\u1eed d\u1ee5ng trong 30% c\u00e1c tr\u01b0\u1eddng h\u1ee3p.\n", "121/200 tr\u01b0\u1eddng h\u1ee3p nu\u00f4i c\u1ea5y c\u00f3 m\u1ecdc vi khu\u1ea9n, trong \u0111\u00f3, 35,5% l\u00e0 K.\n", "pneumoniae, 27,3% l\u00e0 H.influenzae, 21,5% l\u00e0 E.coli, 14,0% l\u00e0 S.aureus.\n", "Th\u1eddi gian \u0111i\u1ec1u tr\u1ecb trung b\u00ecnh l\u00e0 8,6 \u00b1 3,8 ng\u00e0y.\n", "K\u1ebft lu\u1eadn: Vi\u00eam ph\u1ed5i s\u01a1 sinh g\u1eb7p nhi\u1ec1u h\u01a1n \u1edf tr\u1ebb nam, bi\u1ec3u hi\u1ec7n l\u00e2m s\u00e0ng ch\u1ee7 y\u1ebfu l\u00e0 ho, th\u1edf nhanh, ran \u1ea9m nh\u1ecf h\u1ea1t.\n", "S\u1eed d\u1ee5ng kh\u00e1ng sinh ph\u1ed1i h\u1ee3p c\u00f3 hi\u1ec7u qu\u1ea3 trong \u0111i\u1ec1u tr\u1ecb vi\u00eam ph\u1ed5i \u1edf tr\u1ebb s\u01a1 sinh.\n", "T\u1eeb kho\u00e1: Vi\u00eam ph\u1ed5i s\u01a1 sinh; Nh\u1ecbp th\u1edf nhanh; C\u01a1n ng\u1eebng th\u1edf; S\u1eed d\u1ee5ng kh\u00e1ng sinh.\n"], "1": ["1.\n", "\u0110\u1eb7t v\u1ea5n \u0111\u1ec1\n", "Vi\u00eam ph\u1ed5i l\u00e0 b\u1ec7nh c\u00f3 t\u1ec9 l\u1ec7 m\u1eafc b\u1ec7nh cao nh\u1ea5t v\u00e0 l\u00e0 nguy\u00ean nh\u00e2n t\u1eed vong h\u00e0ng \u0111\u1ea7u \u1edf tr\u1ebb s\u01a1 sinh.\n", "B\u1ec7nh c\u00f3 th\u1ec3 x\u1ea3y ra s\u1edbm ngay nh\u1eefng ng\u00e0y \u0111\u1ea7u sau \u0111\u1ebb.\n", "Nghi\u00ean c\u1ee9u t\u1ea1i Khoa S\u01a1 sinh B\u1ec7nh vi\u1ec7n _T\u00e1c gi\u1ea3 li\u00ean h\u1ec7.\n", "Nhi Trung \u01b0\u01a1ng, t\u1ec9 l\u1ec7 vi\u00eam ph\u1ed5i s\u01a1 sinh chi\u1ebfm 90,3% s\u1ed1 b\u1ec7nh nh\u00e2n v\u00e0o \u0111i\u1ec1u tr\u1ecb (trong \u0111\u00f3 t\u1eed vong l\u00e0 9,7%) [1].\n", "Nghi\u00ean c\u1ee9u c\u1ee7a Nguy\u1ebfn Tu\u1ea5n\n", "Ng\u1ecdc v\u00e0 CS t\u1ea1i Khoa Nhi B\u1ec7nh vi\u00ean trung \u01b0\u01a1ng\n", "Th\u00e1i Nguy\u00ean th\u1ea5y vi\u00eam ph\u1ed5i chi\u1ebfm 84,3% c\u00e1c\n", "Friedrich Reiterer (2013), h\u01a1n m\u1ed9t n\u1eeda s\u1ed1 ca vi\u00eam ph\u1ed5i s\u01a1 sinh t\u1eed vong v\u00e0 l\u00e0 nguy\u00ean nh\u00e2n t\u1eed vong h\u00e0ng \u0111\u1ea7u \u1edf tr\u1ebb s\u01a1 sinh [3].\n", "Theo C.J.\n", "Lin v\u00e0 CS t\u1ec9 l\u1ec7 vi\u00eam ph\u1ed5i s\u01a1 sinh n\u0103m 2002 l\u00e0 7,0% \u0111\u00e3 t\u0103ng l\u00ean 19,0% v\u00e0o n\u0103m n\u0103m 2005 [4].\n", "\u0110\u00e3 c\u00f3 nhi\u1ec1u nghi\u00ean c\u1ee9u \u0111\u1eb7c \u0111i\u1ec3m l\u00e2m s\u00e0ng, c\u1eadn l\u00e2m s\u00e0ng v\u00e0 k\u1ebft qu\u1ea3 \u0111i\u1ec1u tr\u1ecb vi\u00eam ph\u1ed5i s\u01a1 sinh.\n", "Tuy nhi\u00ean, nh\u1eadn \u0111\u1ecbnh c\u1ee7a c\u00e1c t\u00e1c gi\u1ea3 v\u1eabn c\u00f2n nhi\u1ec1u \u0111i\u1ec3m kh\u00e1c bi\u1ec7t [5, 6].\n", "T\u1ea1i B\u1ec7nh vi\u1ec7n S\u1ea3n Nhi B\u1eafc\n", "Ninh, h\u00e0ng n\u0103m c\u00f3 s\u1ed1 l\u01b0\u1ee3ng l\u1edbn tr\u1ebb s\u01a1 sinh v\u00e0o \u0111i\u1ec1u tr\u1ecb, trong \u0111\u00f3 vi\u00eam ph\u1ed5i chi\u1ebfm t\u1ec9 l\u1ec7 r\u1ea5t cao.\n", "V\u1eady nh\u01b0ng \u0111\u1eb7c \u0111i\u1ec3m l\u00e2m s\u00e0ng, c\u1eadn l\u00e2m s\u00e0ng v\u00e0 k\u1ebft qu\u1ea3 \u0111i\u1ec1u tr\u1ecb vi\u00eam ph\u1ed5i s\u01a1 sinh t\u1ea1i B\u1eafc Ninh th\u1ebf n\u00e0o v\u1eabn ch\u01b0a \u0111\u01b0\u1ee3c nghi\u00ean c\u1ee9u.\n", "\u0110\u1ec3 tr\u1ea3 l\u1eddi cho v\u1ea5n \u0111\u1ec1 n\u00e0y, ch\u00fang t\u00f4i ti\u1ebfn h\u00e0nh nghi\u00ean c\u1ee9u: \u0110\u1eb7c \u0111i\u1ec3m l\u00e2m s\u00e0ng, c\u1eadn l\u00e2m s\u00e0ng v\u00e0 k\u1ebft qu\u1ea3 \u0111i\u1ec1u tr\u1ecb vi\u00eam ph\u1ed5i s\u01a1 sinh t\u1ea1i B\u1ec7nh vi\u1ec7n S\u1ea3n Nhi B\u1eafc\n", "Ninh nh\u1eb1m m\u1ee5c ti\u00eau: 1.\n", "M\u00f4 t\u1ea3 \u0111\u1eb7c \u0111i\u1ec3m l\u00e2m s\u00e0ng, c\u1eadn l\u00e2m s\u00e0ng vi\u00eam ph\u1ed5i s\u01a1 sinh t\u1ea1i b\u1ec7nh vi\u1ec7n S\u1ea3n Nhi B\u1eafc Ninh.\n"], "2": ["2.\n", "\u0110\u1ed1i t\u01b0\u1ee3ng v\u00e0 ph\u01b0\u01a1ng ph\u00e1p nghi\u00ean c\u1ee9u 2.1.\n", "\u0110\u1ed1i t\u01b0\u1ee3ng nghi\u00ean c\u1ee9u\n", "Tr\u1ebb s\u01a1 sinh \u0111\u01b0\u1ee3c ch\u1ea9n \u0111o\u00e1n l\u00e0 vi\u00eam ph\u1ed5i v\u00e0o \u0111i\u1ec1u tr\u1ecb t\u1ea1i \u0110\u01a1n nguy\u00ean S\u01a1 sinh - Khoa N\u1ed9i Nhi - B\u1ec7nh vi\u1ec7n S\u1ea3n - Nhi B\u1eafc Ninh trong th\u1eddi gian t\u1eeb 01/05/2018 \u0111\u1ebfn 01/05/2019.\n", "2.2.\n", "Ph\u01b0\u01a1ng ph\u00e1p nghi\u00ean c\u1ee9u - Thi\u1ebft k\u1ebf nghi\u00ean c\u1ee9u: nghi\u00ean c\u1ee9u m\u00f4 t\u1ea3 - M\u1eabu nghi\u00ean c\u1ee9u: + C\u1ee1 m\u1eabu: \u00c1p d\u1ee5ng c\u00f4ng th\u1ee9c t\u00ednh c\u1ee1 m\u1eabu \u01b0\u1edbc t\u00ednh m\u1ed9t t\u1ec9 l\u1ec7 trong qu\u1ea7n th\u1ec3: n = Z1\u03b1/2 2 P(1P) d2\n", "Trong \u0111\u00f3: n: c\u1ee1 m\u1eabu c\u1ea7n thi\u1ebft.\n", "p: t\u1ec9 l\u1ec7 c\u00f3 r\u00fat l\u00f5m l\u1ed3ng ng\u1ef1c trong vi\u00eam ph\u1ed5i s\u01a1 sinh, ch\u1ecdn p=0,78 (theo NC c\u1ee7a F.\n", "Reiterer l\u00e0 0,78%) [3]).\n", "d: kho\u1ea3ng sai l\u1ec7ch cho ph\u00e9p , ch\u1ecdn d = 0,06.\n", ": m\u1ee9c \u00fd ngh\u0129a th\u1ed1ng k\u00ea.\n", "Z1 - /2: gi\u00e1 tr\u1ecb t\u1edbi h\u1ea1n ph\u00e2n b\u1ed1 chu\u1ea9n.\n", "Ch\u1ecdn = 0,05, ta c\u00f3 Z1 - /2 = 1,96.\n", "Thay v\u00e0o c\u00f4ng th\u1ee9c, c\u1ee1 m\u1eabu t\u1ed1i thi\u1ec3u l\u00e0 184 tr\u1ebb.\n", "+ Ch\u1ecdn m\u1eabu: ch\u1ecdn v\u00e0o nghi\u00ean c\u1ee9u t\u1ea5t c\u1ea3 tr\u1ebb s\u01a1 sinh \u0111\u1ee7 ti\u00eau chu\u1ea9n ch\u1ea9n \u0111o\u00e1n vi\u00eam ph\u1ed5i v\u00e0o \u0111i\u1ec1u tr\u1ecb trong th\u1eddi gian nghi\u00ean c\u1ee9u.\n", "Ti\u00eau chu\u1ea9n ch\u1ea9n \u0111o\u00e1n vi\u00eam ph\u1ed5i theo TCYTTG: nh\u1ecbp th\u1edf nhanh, c\u01a1n ng\u1eebng th\u1edf > 20s, ho xu\u1ea5t ti\u1ebft \u0111\u1eddm, d\u1ea5u hi\u1ec7u suy h\u00f4 h\u1ea5p, s\u1ed1t ho\u1eb7c h\u1ea1 th\u00e2n nhi\u1ec7t, ph\u1ea3n x\u1ea1 k\u00e9m, nghe ph\u1ed5i c\u00f3 ran \u1ea9m c\u00f3 th\u1ec3 k\u00e8m ran r\u00edt, ran ng\u00e1y; X.quang ph\u1ed3i c\u00f3 \u0111\u00e1m m\u1edd r\u1ea3i r\u00e1c hai ph\u1ed5i, ho\u1eb7c t\u1eadp trung \u1edf m\u1ed9t 1 thu\u1ef3 ho\u1eb7c 1 ph\u00e2n thu\u1ef3 ph\u1ed5i.\n", "Lo\u1ea1i tr\u1eeb nh\u1eefng tr\u1ebb c\u00f3 k\u00e8m theo c\u00e1c d\u1ecb t\u1eadt b\u1ea9m sinh kh\u00e1c, nhi\u1ec5m tr\u00f9ng huy\u1ebft, tr\u1ebb sinh non d\u01b0\u1edbi 32 tu\u1ea7n.\n", "- C\u00e1c bi\u1ebfn s\u1ed1 nghi\u00ean c\u1ee9u: + \u0110\u1eb7c \u0111i\u1ec3m chung: tu\u1ed5i t\u00ednh theo ng\u00e0y; gi\u1edbi: nam ho\u1eb7c n\u1eef.\n", "+ C\u00e1c ch\u1ec9 s\u1ed1 l\u00e2m s\u00e0ng, c\u1eadn l\u00e2m s\u00e0ng:\n", "To\u00e0n th\u00e2n: c\u00e2n n\u1eb7ng; nhi\u1ec7t \u0111\u1ed9 \u0111o \u1edf n\u00e1ch (s\u1ed1t khi \u2265 37.5\u00b0C, h\u1ea1 th\u00e2n nhi\u1ec7t khi \u2264 35oC).\n", "B\u1ecf b\u00fa, b\u00fa k\u00e9m.\n", "Th\u1ea7n kinh: b\u00ecnh th\u01b0\u1eddng, k\u00edch th\u00edch, li b\u00ec.\n", "D\u1ea5u hi\u1ec7u v\u1ec1 h\u00f4 h\u1ea5p: ho, kh\u00f2 kh\u00e8.\n", "Nh\u1ecbp th\u1edf nhanh n\u1ebfu \u2265 60 l\u1ea7n/ph\u00fat\n", "D\u1ea5u hi\u1ec7u r\u00fat l\u00f5m l\u1ed3ng ng\u1ef1c: c\u00f3/kh\u00f4ng\n", "T\u00edm: t\u00edm m\u00f4i, quanh m\u00f4i, \u0111\u1ea7u chi, to\u00e0n th\u00e2n, ch\u1ec9 s\u1ed1 SpO2 < 95%.\n", "Ran t\u1ea1i ph\u1ed5i: nghe th\u1ea5y ran \u1ea9m nh\u1ecf h\u1ea1t, ran n\u1ed5 khi kh\u00e1m ph\u1ed5i.\n", "X.quang ph\u1ed5i: n\u1ed1t m\u1edd r\u1ea3i r\u00e1c, t\u1ed5n th\u01b0\u01a1ng khu tr\u00fa\n", "X\u00e9t nghi\u1ec7m huy\u1ebft h\u1ecdc: s\u1ed1 l\u01b0\u1ee3ng b\u1ea1ch c\u1ea7u, huy\u1ebft s\u1eafc t\u1ed1, CRP.\n", "X\u00e9t nghi\u1ec7m vi sinh, k\u1ebft qu\u1ea3 kh\u00e1ng sinh \u0111\u1ed3 + Ch\u1ec9 s\u1ed1 \u0111\u00e1nh gi\u00e1 k\u1ebft qu\u1ea3 \u0111i\u1ec1u tr\u1ecb.\n", "S\u1eed d\u1ee5ng kh\u00e1ng sinh: \u0111\u01b0\u1eddng d\u00f9ng; th\u1eddi gian \u0111i\u1ec1u tr\u1ecb; di\u1ec5n bi\u1ebfn c\u00e1c tri\u1ec7u ch\u1ee9ng l\u00e2m s\u00e0ng, c\u1eadn l\u00e2m s\u00e0ng.\n", "K\u1ebft qu\u1ea3 \u0111i\u1ec1u tr\u1ecb: kh\u1ecfi, t\u1eed vong/xin v\u1ec1..\n", "Ng\u00e0y \u0111i\u1ec1u tr\u1ecb trung b\u00ecnh.\n", "- X\u1eed l\u00fd s\u1ed1 li\u1ec7u: nh\u1eadp v\u00e0 x\u1eed l\u00fd s\u1ed1 li\u1ec7u b\u1eb1ng ph\u1ea7n m\u1ec1m SPSS 20.0.\n", "S\u1eed d\u1ee5ng test \u03c72 \u0111\u1ec3 so s\u00e1nh hai t\u1ec9 l\u1ec7, test t \u0111\u1ec3 so s\u00e1nh hai gi\u00e1 tr\u1ecb trung b\u00ecnh.\n", "- \u0110\u1ea1o \u0111\u1ee9c trong nghi\u00ean c\u1ee9u: Nghi\u00ean c\u1ee9u \u0111\u01b0\u1ee3c th\u00f4ng qua b\u1edfi H\u1ed9i \u0111\u1ed3ng \u0110\u1ea1o \u0111\u1ee9c Tr\u01b0\u1eddng 3.\n", "K\u1ebft qu\u1ea3 nghi\u00ean c\u1ee9u\n", "B\u1ea3ng 3.1.\n", "Ph\u00e2n b\u1ed1 b\u1ec7nh nh\u00e2n theo ng\u00e0y tu\u1ed5i khi nh\u1eadp vi\u1ec7n v\u00e0 gi\u1edbi\n", "Tu\u1ed5i nh\u1eadp vi\u1ec7n\n", "Gi\u1edbi T\u1ed5ng\n", "Nam N\u1eef n % n % n % 0 \u2013 7 ng\u00e0y 38 33,3 29 33,7 67 33,5 8 \u2013 14 ng\u00e0y 30 26,3 24 27,9 54 27,0 15 \u2013 21 ng\u00e0y 23 20,2 21 24,4 44 22,0 22 \u2013 28 ng\u00e0y 23 20,2 12 14,0 35 17,5\n", "T\u1ed5ng 114 57,0 86 43,0 200 100\n", "Nh\u1eadn x\u00e9t: T\u1ec9 l\u1ec7 tr\u1ebb nam chi\u1ebfm 57,0%.\n", "T\u1ec9 l\u1ec7 tr\u1ebb d\u01b0\u1edbi 7 ng\u00e0y tu\u1ed5i nh\u1eadp vi\u1ec7n l\u00e0 33,5%.\n", "B\u1ea3ng 3.2.\n", "T\u1ea7n su\u1ea5t c\u00e1c d\u1ea5u hi\u1ec7u l\u00e2m s\u00e0ng c\u1ee7a b\u1ec7nh nh\u00e2n\n", "Tri\u1ec7u ch\u1ee9ng l\u00e2m s\u00e0ng\n", "\u0110\u1ee7 th\u00e1ng (172 tr\u1ebb)\n", "Non th\u00e1ng (28 tr\u1ebb) p n % n %\n", "Ho 154 89,5 27 96,4 < 0,05\n", "Kh\u00f2 kh\u00e8 121 70,3 25 89,3 < 0,05\n", "Ran \u1ea9m nh\u1ecf h\u1ea1t 134 77,9 24 85,7 < 0,05\n", "Nh\u1ecbp th\u1edf > 60 l\u1ea7n/ph\u00fat 47 36,7 12 42,9 ----\n", "R\u00fat l\u00f5m l\u1ed3ng ng\u1ef1c n\u1eb7ng 32 18,6 10 35,7 > 0,05\n", "T\u00edm 29 16,9 9 32,1 > 0,05\n", "S\u1ed1t 37 21,5 6 21,4 < 0,05\n", "C\u01a1n ng\u1eebng th\u1edf 8 4,7 6 21,4 > 0,05\n", "Ran r\u00edt 30 17,4 5 17,9 < 0,05\n", "Th\u1edf < 40 l\u1ea7n/ph\u00fat 14 8,2 3 10,7 ----\n", "H\u1ea1 nhi\u1ec7t \u0111\u1ed9 36 20,9 3 10,7 ----\n", "R\u1ed1i lo\u1ea1n ti\u00eau ho\u00e1 21 12,2 2 7,1 > 0,05\n", "Nh\u1eadn x\u00e9t: - \u1ede tr\u1ebb non th\u00e1ng: d\u1ea5u hi\u1ec7u l\u00e2m s\u00e0ng hay g\u1eb7p nh\u1ea5t l\u00e0 ho chi\u1ebfm 96,4%, nh\u1ecbp th\u1edf nhanh theo tu\u1ed5i chi\u1ebfm 42,9%, tri\u1ec7u ch\u1ee9ng kh\u00f2 kh\u00e8 chi\u1ebfm 89,3%, r\u00fat l\u00f5m l\u1ed3ng ng\u1ef1c chi\u1ebfm 35,7%, ran \u1ea9m nh\u1ecf h\u1ea1t chi\u1ebfm 85,7%, t\u00edm chi\u1ebfm 32,1%, 21,4% tr\u1ebb c\u00f3 c\u01a1n ng\u1eebng th\u1edf.\n", "- \u1ede tr\u1ebb \u0111\u1ee7 th\u00e1ng: c\u00e1c d\u1ea5u hi\u1ec7u l\u00e2m s\u00e0ng hay g\u1eb7p nh\u1ea5t l\u00e0 ho chi\u1ebfm t\u1ef7 l\u1ec7 89,5%, t\u00edm chi\u1ebfm 16,9%, r\u00fat l\u00f5m l\u1ed3ng ng\u1ef1c chi\u1ebfm t\u1ef7 l\u1ec7 18,6%, ran \u1ea9m nh\u1ecf h\u1ea1t chi\u1ebfm 77,9%.\n", "B\u1ea3ng 3.4.\n", "K\u1ebft qu\u1ea3 x\u00e9t nghi\u1ec7m m\u00e1u\n", "K\u1ebft qu\u1ea3 S\u1ed1 b\u1ec7nh nh\u00e2n T\u1ef7 l\u1ec7\n", "S\u1ed1 l\u01b0\u1ee3ng b\u1ea1ch c\u1ea7u\n", "B\u00ecnh th\u01b0\u1eddng 123 61,5\n", "T\u0103ng ho\u1eb7c gi\u1ea3m 77 38,5\n", "B\u1ea1ch c\u1ea7u \u0111a nh\u00e2n trung t\u00ednh\n", "B\u00ecnh th\u01b0\u1eddng 24 12,0\n", "T\u0103ng ho\u1eb7c gi\u1ea3m 176 88,0\n", "CRP (mg/L) \u2264 10 148 74,0 > 10 52 26,0\n", "Nh\u1eadn x\u00e9t: c\u00f3 38,5% b\u1ec7nh nhi c\u00f3 thay \u0111\u1ed5i s\u1ed1 l\u01b0\u1ee3ng b\u1ea1ch c\u1ea7u; 88,0% thay \u0111\u1ed5i b\u1ea1ch c\u1ea7u \u0111a nh\u00e2n trung t\u00ednh; 26% c\u00f3 CRP tr\u0103ng tr\u00ean 10mg/L.\n", "B\u1ea3ng 3.5.\n", "H\u00ecnh \u1ea3nh X.Q ph\u1ed5i\n", "T\u1ed5n th\u01b0\u01a1ng Non th\u00e1ng(1) (28 tr\u1ebb)\n", "\u0110\u1ee7 th\u00e1ng(2) (172 tr\u1ebb) p (1)(2) n % n %\n", "Lan to\u1ea3 24 85,7 126 73,3 > 0,05 Khu tr\u00fa 1 3,6 15 8,7\n", "Kh\u00f4ng th\u1ea5y t\u1ed5n th\u01b0\u01a1ng 3 10,7 31 18,0\n", "Nh\u1eadn x\u00e9t: Vi\u00eam ph\u1ed5i s\u01a1 sinh \u0111i\u1ec3n h\u00ecnh l\u00e0 t\u1ed5n th\u01b0\u01a1ng lan to\u1ea3 c\u1ea3 2 b\u00ean.\n", "Kh\u00f4ng c\u00f3 s\u1ef1 kh\u00e1c bi\u1ec7t gi\u1eefa t\u1ed5n th\u01b0\u01a1ng ph\u1ed5i gi\u1eefa nh\u00f3m sinh non v\u00e0 nh\u00f3m \u0111\u1ee7 th\u00e1ng.\n", "B\u1ea3ng 3.6.\n", "K\u1ebft qu\u1ea3 nu\u00f4i c\u1ea5y vi khu\u1ea9n\n", "Vi khu\u1ea9n S\u1ed1 l\u01b0\u1ee3ng T\u1ef7 l\u1ec7\n", "Klebsiella pneumoniae 43 35,5\n", "H.I 33 27,3\n", "E.\n", "Coli 26 21,5\n", "Staphylococcus aureus 17 14,0\n", "Kh\u00e1c 2 1,7\n", "T\u1ed5ng 121 100\n", "Nh\u1eadn x\u00e9t: C\u00f3 43 b\u1ec7nh nhi vi\u00eam ph\u1ed5i do Klebsiella pneumoniae, 33 b\u1ec7nh nhi vi\u00eam ph\u1ed5i do H.I, 26 b\u1ec7nh nhi nhi\u1ec5m khu\u1ea9n do E.\n", "Coli, 17 b\u1ec7nh nhi vi\u00eam ph\u1ed5i do Staphylococcus aureus.\n", "Ngo\u00e0i ra c\u00f3 2 b\u1ec7nh nhi nhi\u1ec5m khu\u1ea9n do c\u00e1c vi khu\u1ea9n kh\u00e1c, c\u00f3 79 tr\u01b0\u1eddng h\u1ee3p c\u1ea5y vi khu\u1ea9n \u00e2m t\u00ednh.\n", "B\u1ea3ng 3.7.\n", "C\u00f4ng th\u1ee9c kh\u00e1ng sinh \u0111\u00e3 s\u1eed d\u1ee5ng cho b\u1ec7nh nh\u00e2n\n", "C\u00f4ng th\u1ee9c kh\u00e1ng sinh ph\u1ed1i h\u1ee3p S\u1ed1 tr\u1ebb T\u1ec9 l\u1ec7 %\n", "Cefalosporin + Amikacin 60 30,0\n", "Cefoperazone + Sulbactam 40 20,0\n", "Cefalosporin + Gentamycin 15 7,5\n", "Cefalosporin + Azithromycin 9 4,5\n", "\u0110\u01a1n tr\u1ecb li\u1ec7u 85 42,5\n", "Th\u1eddi gian s\u1eed d\u1ee5ng kh\u00e1ng sinh trung b\u00ecnh 8,6 \u00b1 3,8 ng\u00e0y\n", "Nh\u1eadn x\u00e9t: C\u00f4ng th\u1ee9c kh\u00e1ng sinh \u0111\u01b0\u1ee3c s\u1eed d\u1ee5ng nhi\u1ec1u nh\u1ea5t l\u00e0 Cefalosporin + Amikacin \u0111\u01b0\u1ee3c s\u1eed d\u1ee5ng trong 30% c\u00e1c tr\u01b0\u1eddng h\u1ee3p, 20% c\u00e1c tr\u01b0\u1eddng h\u1ee3p s\u1eed d\u1ee5ng c\u00f4ng th\u1ee9c Cefoperazone + Sulbactam.\n", "Th\u1eddi gian s\u1eed d\u1ee5ng kh\u00e1ng sinh trung b\u00ecnh l\u00e0 8,6\u00b13,8 ng\u00e0y.\n", "B\u1ea3ng 3.8.\n", "K\u1ebft qu\u1ea3 \u0111\u1ec1u tr\u1ecb c\u1ee7a b\u1ec7nh nh\u00e2n\n", "S\u1ed1 tr\u1ebb kh\u1ecfi\n", "Tu\u1ed5i thai\n", "S\u1ed1 tr\u1ebb Kh\u1ecfi b\u1ec7nh p\n", "S\u1ed1 l\u01b0\u1ee3ng T\u1ec9 l\u1ec7 %\n", "Non th\u00e1ng 28 20 71,4 < 0,05 \u0110\u1ee7 th\u00e1ng 172 168 97,7\n", "T\u1ed5ng s\u1ed1 200 188 94,0\n", "Nh\u1eadn x\u00e9t: t\u1ec9 l\u1ec7 tr\u1ebb \u0111i\u1ec1u tr\u1ecb kh\u1ecfi l\u00e0 94,0%; t\u1ec9 l\u1ec7 kh\u1ecfi b\u1ec7nh \u1edf tr\u1ebb non th\u00e1ng th\u1ea5p h\u01a1n so v\u1edbi tr\u1ebb \u0111\u1ee7 th\u00e1ng (71,4% so v\u1edbi 97,7%; v\u1edbi p<0,05).\n"], "4": ["4.\n", "B\u00e0n lu\u1eadn 4.1.\n", "\u0110\u1eb7c \u0111i\u1ec3m chung c\u1ee7a \u0111\u1ed1i t\u01b0\u1ee3ng nghi\u00ean c\u1ee9u\n", "Nghi\u00ean c\u1ee9u c\u1ee7a ch\u00fang t\u00f4i l\u1ea5y t\u1ea5t c\u1ea3 c\u00e1c \u0111\u1ed1i t\u01b0\u1ee3ng b\u1ec7nh nhi t\u1eeb 0 \u0111\u1ebfn 28 ng\u00e0y tu\u1ed5i.\n", "Trong \u0111\u00f3 c\u00f3 67 b\u1ec7nh nhi d\u01b0\u1edbi 7 ng\u00e0y tu\u1ed5i chi\u1ebfm t\u1ef7 l\u1ec7 33,5%.\n", "K\u1ebft qu\u1ea3 c\u1ee7a ch\u00fang t\u00f4i c\u0169ng t\u01b0\u01a1ng t\u1ef1 nh\u01b0 k\u1ebft qu\u1ea3 nghi\u00ean c\u1ee9u c\u1ee7a t\u00e1c gi\u1ea3 Khu Th\u1ecb Kh\u00e1nh\n", "Dung n\u0103m 2003 t\u1ea1i B\u1ec7nh vi\u1ec7n Nhi Trung \u01b0\u01a1ng khi nghi\u00ean c\u1ee9u v\u1ec1 \u0111\u1eb7c \u0111i\u1ec3m l\u00e2m s\u00e0ng, vi khu\u1ea9n v\u00e0 m\u1ed9t s\u1ed1 y\u1ebfu t\u1ed1 li\u00ean quan \u0111\u1ebfn vi\u00eam ph\u1ed5i s\u01a1 sinh \u0111\u00e3 \u0111\u01b0a ra k\u1ebft qu\u1ea3 t\u1ef7 l\u1ec7 tr\u1ebb m\u1eafc vi\u00eam ph\u1ed5i <7 ng\u00e0y chi\u1ebfm t\u1ef7 l\u1ec7 38% [1].\n", "Theo nghi\u00ean c\u1ee9u c\u1ee7a\n", "Nguy\u1ec5n Th\u1ecb Kim Anh (2009) khi nghi\u00ean c\u1ee9u v\u1ec1 vi\u00eam ph\u1ed5i s\u01a1 sinh c\u00f3 \u0111\u1ebfn 26,3% c\u00e1c tr\u1ebb nh\u1eadp vi\u1ec7n c\u00f3 th\u1eddi gian d\u01b0\u1edbi 7 ng\u00e0y tu\u1ed5i [7].\n", "Ph\u00e2n lo\u1ea1i theo ng\u00e0y tu\u1ed5i nh\u01b0 v\u1eady s\u1ebd gi\u00fap ch\u00fang ta c\u00f3 th\u1ec3 x\u00e1c \u0111\u1ecbnh \u0111\u01b0\u1ee3c \u0111\u00f3 l\u00e0 vi\u00eam ph\u1ed5i s\u01a1 sinh kh\u1edfi ph\u00e1t s\u1edbm hay vi\u00eam ph\u1ed5i s\u01a1 sinh kh\u1edfi ph\u00e1t mu\u1ed9n.\n", "C\u00e1c nguy\u00ean nh\u00e2n do vi\u00eam ph\u1ed5i kh\u1edfi ph\u00e1t s\u1edbm c\u0169ng kh\u00e1c nhau.\n", "C\u00e1c vi\u00eam ph\u1ed5i s\u01a1 sinh s\u1edbm ch\u1ee7 y\u1ebfu do t\u1eeb ph\u00eda m\u1eb9 trong qu\u00e1 tr\u00ecnh mang thai ho\u1eb7c c\u00e1c tai bi\u1ebfn c\u1ee7a s\u1ea3n khoa g\u00e2y n\u00ean.\n", "\u0110\u1ed1i v\u1edbi c\u00e1c vi\u00eam ph\u1ed5i s\u01a1 sinh mu\u1ed9n c\u00f3 th\u1ec3 do m\u1eafc c\u00e1c vi khu\u1ea9n t\u1ea1i c\u1ed9ng \u0111\u1ed3ng mang l\u1ea1i.\n", "Trong nghi\u00ean c\u1ee9u c\u1ee7a ch\u00fang t\u00f4i t\u1ef7 l\u1ec7 tr\u1ebb nam chi\u1ebfm 57,0%, t\u1ef7 l\u1ec7 nam/n\u1eef = 1,33/1, k\u1ebft qu\u1ea3 nghi\u00ean c\u1ee9u c\u1ee7a ch\u00fang t\u00f4i c\u0169ng t\u01b0\u01a1ng t\u1ef1 v\u1edbi k\u1ebft qu\u1ea3 nghi\u00ean c\u1ee9u c\u1ee7a m\u1ed9t s\u1ed1 t\u00e1c gi\u1ea3 kh\u00e1c.\n", "Theo c\u00e1c t\u00e1c gi\u1ea3 kh\u00e1c \u0111a ph\u1ea7n c\u00e1c b\u1ec7nh nhi m\u1eafc vi\u00eam ph\u1ed5i ch\u1ee7 y\u1ebfu \u1edf tr\u1ebb nam.\n", "Theo Nguy\u1ec5n Th\u1ecb Kim\n", "Anh nghi\u00ean c\u1ee9u t\u1ea1i b\u1ec7nh vi\u1ec7n Nhi \u0111\u1ed3ng 2 n\u0103m 2009 t\u1ef7 l\u1ec7 nam/n\u1eef = 1,5/1 [7].\n", "Theo nghi\u00ean c\u1ee9u c\u1ee7a Lihong Yang n\u0103m 2018 v\u1ec1 t\u1ef7 l\u1ec7 m\u1eafc v\u00e0 y\u1ebfu t\u1ed1 nguy c\u01a1 vi\u00eam ph\u1ed5i s\u01a1 sinh t\u1ea1i Trung Qu\u1ed1c t\u1ef7 l\u1ec7 nam/n\u1eef =1,4/1 [8].\n", "C\u00e1c t\u00e1c gi\u1ea3 cho r\u1eb1ng \u0111i\u1ec1u n\u00e0y c\u00f3 li\u00ean quan \u0111\u1ebfn gen \u0111i\u1ec1u ho\u00e0 mi\u1ec5n d\u1ecbch tr\u00ean nhi\u1ec5m s\u1eafc th\u1ec3 X, \u1edf n\u1eef c\u00f3 g\u1ea5p \u0111\u00f4i s\u1ed1 gen n\u00e0y v\u00ec v\u1eady kh\u1ea3 n\u0103ng \u0111i\u1ec1u ho\u00e0 mi\u1ec5n d\u1ecbch cao h\u01a1n nam.\n", "Trong t\u1ed5ng s\u1ed1 200 tr\u1ebb s\u01a1 sinh m\u1eafc vi\u00eam ph\u1ed5i ch\u00fang t\u00f4i th\u1ea5y c\u00f3 13,5% b\u1ec7nh nhi l\u00e0 s\u01a1 sinh c\u00f3 tu\u1ed5i thai < 37 tu\u1ea7n thai (28 tr\u1ebb).\n", "T\u1ef7 l\u1ec7 n\u00e0y c\u1ee7a ch\u00fang t\u00f4i t\u01b0\u01a1ng \u1ee9ng v\u1edbi t\u1ef7 l\u1ec7 tr\u1ebb c\u00f3 c\u00e2n n\u1eb7ng khi sinh th\u1ea5p (d\u01b0\u1edbi 2500g) chi\u1ebfm 10,0%.\n", "\u0110\u00e2y l\u00e0 m\u1ed9t trong nh\u1eefng y\u1ebfu t\u1ed1 nguy c\u01a1 quan tr\u1ecdng c\u1ee7a vi\u00eam ph\u1ed5i s\u01a1 sinh.\n", "4.2.\n", "\u0110\u1eb7c \u0111i\u1ec3m l\u00e2m s\u00e0ng, c\u1eadn l\u00e2m s\u00e0ng c\u1ee7a vi\u00eam ph\u1ed5i s\u01a1 sinh\n", "Trong nghi\u00ean c\u1ee9u c\u1ee7a ch\u00fang t\u00f4i, ho l\u00e0 m\u1ed9t trong c\u00e1c l\u00fd do h\u00e0ng \u0111\u1ea7u khi\u1ebfn cho tr\u1ebb nh\u1eadp vi\u1ec7n, c\u00f3 t\u1edbi 87,0% tr\u1ebb nh\u1eadp vi\u1ec7n v\u00ec ho, t\u1ef7 l\u1ec7 b\u1ec7nh nh\u00e2n c\u00f3 s\u1ed1t l\u00e0 21,0%.\n", "T\u1ef7 l\u1ec7 b\u1ec7nh nh\u00e2n h\u1ea1 th\u00e2n nhi\u1ec7t l\u00e0 19,5%.\n", "C\u00f3 s\u1ef1 kh\u00e1c bi\u1ec7t gi\u1eefa tr\u1ebb s\u01a1 sinh non th\u00e1ng v\u00e0 tr\u1ebb s\u01a1 sinh \u0111\u1ee7 th\u00e1ng.\n", "Nghi\u00ean c\u1ee9u c\u1ee7a ch\u00fang t\u00f4i cho th\u1ea5y tri\u1ec7u ch\u1ee9ng r\u1ed1i lo\u1ea1n ti\u00eau ho\u00e1 chi\u1ebfm t\u1ea7n su\u1ea5t kh\u00f4ng cao.\n", "\u1ede tr\u1ebb s\u01a1 sinh \u0111\u1ee7 th\u00e1ng, t\u1ea7n su\u1ea5t g\u1eb7p r\u1ed1i lo\u1ea1n ti\u00eau ho\u00e1 l\u00e0 12,2% v\u00e0 7,1% \u0111\u1ed1i v\u1edbi tr\u1ebb s\u01a1 sinh non th\u00e1ng.\n", "T\u1ef7 l\u1ec7 b\u1ec7nh nh\u00e2n th\u1edf nhanh > 60 l\u1ea7n/ph\u00fat trong nghi\u00ean c\u1ee9u c\u1ee7a ch\u00fang t\u00f4i chi\u1ebfm t\u1ef7 l\u1ec7 l\u00e0 81,6% \u0111\u1ed1i v\u1edbi tr\u1ebb s\u01a1 sinh \u0111\u1ee7 th\u00e1ng, 76,7 % \u1edf tr\u1ebb s\u01a1 sinh non th\u00e1ng.\n", "Ran \u1ea9m nh\u1ecf h\u1ea1t g\u1eb7p \u1edf 77,9% \u0111\u1ed1i v\u1edbi tr\u1ebb s\u01a1 sinh \u0111\u1ee7 th\u00e1ng, 85,7% \u1edf tr\u1ebb s\u01a1 sinh non th\u00e1ng; ran r\u00edt g\u1eb7p \u1edf 17,4% \u0111\u1ed1i v\u1edbi tr\u1ebb s\u01a1 sinh \u0111\u1ee7 th\u00e1ng v\u00e0 17,9% \u0111\u1ed1i v\u1edbi tr\u1ebb s\u01a1 sinh non th\u00e1ng.\n", "K\u1ebft qu\u1ea3 nghi\u00ean c\u1ee9u c\u1ee7a ch\u00fang t\u00f4i c\u0169ng t\u01b0\u01a1ng t\u1ef1 c\u00e1c k\u1ebft qu\u1ea3 nghi\u00ean c\u1ee9u c\u1ee7a Nguy\u1ec5n Th\u1ecb Kim Anh [7], Shetal Shah [9],\n", "Khu Th\u1ecb Kh\u00e1nh Dung [1] v\u00e0 \u0110\u1ed7 Th\u1ecb B\u00edch V\u00e2n [10].\n", "T\u1ef7 l\u1ec7 b\u1ec7nh nh\u00e2n c\u00f3 b\u1ea1ch c\u1ea7u t\u1eeb 5000- 20000/mm3 chi\u1ebfm t\u1ef7 l\u1ec7 61,5%, b\u1ec7nh nh\u00e2n c\u00f3 s\u1ed1 l\u01b0\u1ee3ng b\u1ea1ch c\u1ea7u >20000/mm3 ho\u1eb7c d\u01b0\u1edbi 5000/mm3 chi\u1ebfm t\u1ef7 l\u1ec7 38,5%, t\u1ef7 l\u1ec7 b\u1ea1ch c\u1ea7u \u0111a nh\u00e2n trung t\u00ednh t\u0103ng ho\u1eb7c gi\u1ea3m chi\u1ebfm 88,0%, t\u1ef7 l\u1ec7 b\u1ec7nh nh\u00e2n c\u00f3 t\u0103ng CRP chung l\u00e0 26,0%.\n", "K\u1ebft qu\u1ea3 nghi\u00ean c\u1ee9u c\u1ee7a ch\u00fang t\u00f4i t\u01b0\u01a1ng t\u1ef1 c\u1ee7a\n", "Nguy\u1ec5n Th\u1ecb Kim Anh [7] v\u00e0 Khu Th\u1ecb Kh\u00e1nh\n", "Dung [1].\n", "Ch\u1ee5p X-quang tim ph\u1ed5i lu\u00f4n \u0111\u01b0\u1ee3c coi l\u00e0 m\u1ed9t x\u00e9t nghi\u1ec7m quan tr\u1ecdng \u0111\u1ec3 ch\u1ea9n \u0111o\u00e1n vi\u00eam ph\u1ed5i [4].\n", "K\u1ebft qu\u1ea3 kh\u00f4ng nh\u1eefng gi\u00fap \u00edch r\u1ea5t nhi\u1ec1u cho nh\u1eefng tr\u01b0\u1eddng h\u1ee3p l\u00e2m s\u00e0ng kh\u00f4ng r\u00f5 r\u00e0ng, m\u00e0\n", "X-quang c\u00f2n gi\u00fap \u0111\u1ecbnh khu \u0111\u01b0\u1ee3c t\u1ed5n th\u01b0\u01a1ng v\u00e0 theo d\u00f5i \u0111i\u1ec1u tr\u1ecb.\n", "V\u00ec v\u1eady t\u1ea5t c\u1ea3 b\u1ec7nh nh\u00e2n trong nh\u00f3m nghi\u00ean c\u1ee9u \u0111\u1ec1u \u0111\u01b0\u1ee3c ch\u00fang t\u00f4i ch\u1ec9 \u0111\u1ecbnh ch\u1ee5p X-quang ngay sau khi v\u00e0o vi\u1ec7n.\n", "Trong nghi\u00ean c\u1ee9u c\u1ee7a ch\u00fang t\u00f4i t\u1ef7 l\u1ec7 b\u1ec7nh nhi c\u00f3 t\u1ed5n th\u01b0\u01a1ng lan to\u1ea3 chi\u1ebfm t\u1ef7 l\u1ec7 85,7% \u1edf tr\u1ebb non th\u00e1ng v\u00e0 73,3% \u1edf tr\u1ebb \u0111\u1ee7 th\u00e1ng.\n", "K\u1ebft qu\u1ea3 n\u00e0y th\u1ec3 hi\u1ec7n h\u00ecnh \u1ea3nh n\u1ed1t m\u1edd r\u1ea3i r\u00e1c 2 b\u00ean ph\u1ebf tr\u01b0\u1eddng chi\u1ebfm \u01b0u th\u1ebf trong vi\u00eam ph\u1ed5i do vi khu\u1ea9n.\n", "\u0110\u1ed1i v\u1edbi tr\u1ebb s\u01a1 sinh c\u00e1c vi\u00eam nhi\u1ec5m th\u01b0\u1eddng c\u00f3 xu h\u01b0\u1edbng lan to\u1ea3 do \u0111\u00f3 t\u1ed5n th\u01b0\u01a1ng c\u1ea3 2 b\u00ean ph\u1ed5i s\u1ebd chi\u1ebfm \u01b0u th\u1ebf.\n", "C\u00f3 m\u1ed9t s\u1ed1 t\u00e1c gi\u1ea3 c\u0169ng \u0111\u01b0a ra gi\u1ea3 thuy\u1ebft ph\u1ebf qu\u1ea3n b\u00ean ph\u1ea3i to h\u01a1n v\u00e0 d\u1ed1c h\u01a1n so v\u1edbi ph\u1ebf qu\u1ea3n b\u00ean tr\u00e1i n\u00ean c\u00e1c vi khu\u1ea9n, virus c\u00f9ng v\u1edbi c\u00e1c ch\u1ea5t t\u1eeb v\u00f9ng m\u0169i h\u1ecdng d\u1ec5 \u0111i v\u00e0o b\u00ean ph\u1ed5i ph\u1ea3i h\u01a1n ph\u1ed5i tr\u00e1i.\n", "K\u1ebft qu\u1ea3 nghi\u00ean c\u1ee9u v\u1ec1 vi khu\u1ea9n: K\u1ebft qu\u1ea3 cho th\u1ea5y trong s\u1ed1 200 ca \u0111\u01b0\u1ee3c c\u1ea5y, ph\u1ea7n l\u1edbn nu\u00f4i c\u1ea5y c\u00f3 k\u1ebft qu\u1ea3, \u1edf tr\u1ebb \u0111\u1ee7 th\u00e1ng c\u00f3 103/172 ca d\u01b0\u01a1ng t\u00ednh chi\u1ebfm 59,9%, \u1edf tr\u1ebb non th\u00e1ng t\u1ef7 l\u1ec7 n\u00e0y l\u00e0 18/28 tr\u1ebb chi\u1ebfm 64,2.\n", "Trong s\u1ed1 c\u00e1c vi khu\u1ea9n ph\u00e2n l\u1eadp \u0111\u01b0\u1ee3c h\u00e0ng \u0111\u1ea7u l\u00e0 Klebsiella pneumoniae chi\u1ebfm t\u1ef7 l\u1ec7 35,5%, sau \u0111\u00f3 l\u00e0 Hemophilus influenza chi\u1ebfm t\u1ef7 l\u1ec7 27,3%, E.Coli chi\u1ebfm t\u1ef7 l\u1ec7 21,5% v\u00e0 t\u1ee5 c\u1ea7u v\u00e0ng chi\u1ebfm 14,0%.\n", "K\u1ebft qu\u1ea3 ph\u00e2n l\u1eadp vi khu\u1ea9n c\u1ee7a ch\u00fang t\u00f4i t\u01b0\u01a1ng t\u1ef1 so v\u1edbi k\u1ebft qu\u1ea3 nghi\u00ean c\u1ee9u c\u1ee7a V\u0169 Th\u1ecb Ph\u01b0\u01a1ng (57% so v\u1edbi 78,5%) [11].\n", "4.3.\n", "K\u1ebft qu\u1ea3 \u0111i\u1ec1u tr\u1ecb\n", "C\u00f4ng th\u1ee9c ph\u1ed1i h\u1ee3p kh\u00e1ng sinh nhi\u1ec1u nh\u1ea5t l\u00e0\n", "Cephalosporin + Amikacin (30,0%), t\u1ef7 l\u1ec7 tr\u1ebb s\u1eed d\u1ee5ng 1 lo\u1ea1i kh\u00e1ng sinh \u0111\u01a1n thu\u1ea7n v\u1eabn chi\u1ebfm t\u1ef7 l\u1ec7 cao (42,5%).\n", "Th\u1eddi gian s\u1eed d\u1ee5ng kh\u00e1ng sinh trung b\u00ecnh 8,6 \u00b1 3,8 ng\u00e0y.\n", "T\u1ef7 l\u1ec7 b\u1ec7nh nh\u00e2n \u0111\u01b0\u1ee3c \u0111i\u1ec1u tr\u1ecb kh\u1ecfi trong nghi\u00ean c\u1ee9u c\u1ee7a ch\u00fang t\u00f4i l\u00e0 94,0%; c\u00f3 6,0% b\u1ec7nh nh\u00e2n di\u1ec5n bi\u1ebfn n\u1eb7ng l\u00ean \u0111\u01b0\u1ee3c chuy\u1ec3n tuy\u1ebfn \u0111i\u1ec1u tr\u1ecb v\u00e0 t\u1eed vong.\n", "K\u1ebft qu\u1ea3 nghi\u00ean c\u1ee9u c\u1ee7a ch\u00fang t\u00f4i t\u01b0\u01a1ng t\u1ef1 so v\u1edbi k\u1ebft qu\u1ea3 c\u1ee7a Nguy\u1ec5n\n", "Th\u1ecb Kim Anh v\u00e0 V\u0169 Th\u1ecb Ph\u01b0\u01a1ng [5, 9].\n"], "5": ["5.\n", "K\u1ebft lu\u1eadn 5.1.\n", "\u0110\u1eb7c \u0111i\u1ec3m l\u00e2m s\u00e0ng, c\u1eadn l\u00e2m s\u00e0ng c\u1ee7a vi\u00eam ph\u1ed5i s\u01a1 sinh - C\u00f3 33,5% b\u1ec7nh nhi trong \u0111\u1ed9 tu\u1ed5i t\u1eeb 0-7 ng\u00e0y.\n", "C\u00f3 13,5% b\u1ec7nh nhi l\u00e0 s\u01a1 sinh non th\u00e1ng - Tri\u1ec7u ch\u1ee9ng l\u00e2m s\u00e0ng: 87,0% b\u1ec7nh nhi c\u00f3 ho; kh\u00f2 kh\u00e8 chi\u1ebfm 57,5%; kh\u00f3 th\u1edf v\u00e0 t\u00edm ch\u1ec9 chi\u1ebfm 0,5%; ch\u1ec9 15,0% tr\u1ebb c\u00f3 s\u1ed1t chi\u1ebfm 15,0%.\n", "- C\u00f3 38,5% b\u1ec7nh nhi c\u00f3 thay \u0111\u1ed5i s\u1ed1 l\u01b0\u1ee3ng b\u1ea1ch c\u1ea7u; 88,0% b\u1ec7nh nhi c\u00f3 thay \u0111\u1ed5i b\u1ea1ch c\u1ea7u trung t\u00ednh.\n", "T\u1ec9 l\u1ec7 CRP >10mg/L l\u00e0 26,0%.\n", "- C\u00f3 121/200 b\u1ec7nh nhi nu\u00f4i c\u1ea5y b\u1ec7nh ph\u1ea9m d\u01b0\u01a1ng t\u00ednh, trong \u0111\u00f3 g\u1eb7p nhi\u1ec1u nh\u1ea5t l\u00e0\n", "K.pneumoniae chi\u1ebfm 35,5%.\n", "- H\u00ecnh \u1ea3nh X.quang ph\u1ed5i ch\u1ee7 y\u1ebfu l\u00e0 t\u1ed5n th\u01b0\u01a1ng lan to\u1ea3 c\u1ea3 2 b\u00ean ph\u1ed5i.\n", "5.2.\n", "K\u1ebft qu\u1ea3 \u0111i\u1ec1u tr\u1ecb vi\u00eam ph\u1ed5i s\u01a1 sinh - Th\u1eddi gian s\u1eed d\u1ee5ng kh\u00e1ng sinh trung b\u00ecnh l\u00e0 8,6\u00b13,8 ng\u00e0y.\n", "- C\u00f4ng th\u1ee9c kh\u00e1ng sinh \u0111\u01b0\u1ee3c s\u1eed d\u1ee5ng nhi\u1ec1u nh\u1ea5t l\u00e0 Cefalosporin + Amikacin \u0111\u01b0\u1ee3c s\u1eed d\u1ee5ng trong 30% c\u00e1c tr\u01b0\u1eddng h\u1ee3p.\n", "- T\u1ec9 l\u1ec7 \u0111i\u1ec1u tr\u1ecb kh\u1ecfi l\u00e0 94,0%\n"]}, "Word count": 3225}