{"title": "Original Article\n", "content": {"0": ["T\u00f3m t\u1eaft: C\u1ea5p ph\u00e1t thu\u1ed1c b\u1ea3o hi\u1ec3m y t\u1ebf (BHYT) ngo\u1ea1i tr\u00fa l\u00e0 giai \u0111o\u1ea1n kh\u00f4ng th\u1ec3 thi\u1ebfu trong chu\u1ed7i cung \u1ee9ng t\u1ea1i b\u1ec7nh vi\u1ec7n.\n", "Nghi\u00ean c\u1ee9u m\u00f4 t\u1ea3 c\u1eaft ngang kh\u1ea3o s\u00e1t c\u00e1c y\u1ebfu t\u1ed1 t\u00e1c \u0111\u1ed9ng v\u00e0 \u0111o l\u01b0\u1eddng m\u1ee9c \u0111\u1ed9 h\u00e0i l\u00f2ng c\u1ee7a ng\u01b0\u1eddi b\u1ec7nh v\u1ec1 d\u1ecbch v\u1ee5 c\u1ea5p ph\u00e1t thu\u1ed1c BHYT ngo\u1ea1i tr\u00fa t\u1ea1i B\u1ec7nh vi\u1ec7n \u0110\u1ea1i h\u1ecdc Y\n", "D\u01b0\u1ee3c Th\u00e0nh ph\u1ed1 H\u1ed3 Ch\u00ed Minh (BV\u0110HYDTPHCM) n\u0103m 2019 th\u00f4ng qua b\u1ed9 c\u00e2u h\u1ecfi kh\u1ea3o s\u00e1t.\n", "Trong 389 ng\u01b0\u1eddi b\u1ec7nh \u0111\u01b0\u1ee3c \u0111\u01b0a v\u00e0o nghi\u00ean c\u1ee9u ph\u1ea7n l\u1edbn \u0111\u1ebfn t\u1eeb c\u00e1c t\u1ec9nh th\u00e0nh kh\u00e1c (74,3%), trong kho\u1ea3ng 30 \u2013 44 tu\u1ed5i (41,6%).\n", "K\u1ebft qu\u1ea3 thu \u0111\u01b0\u1ee3c 4 nh\u00f3m nh\u00e2n t\u1ed1 t\u00e1c \u0111\u1ed9ng \u0111\u1ebfn s\u1ef1 h\u00e0i l\u00f2ng c\u1ee7a ng\u01b0\u1eddi b\u1ec7nh (s\u1ef1 tin c\u1eady, n\u0103ng l\u1ef1c ph\u1ee5c v\u1ee5, s\u1ef1 \u0111\u1ed3ng c\u1ea3m, ph\u01b0\u01a1ng ti\u1ec7n h\u1eefu h\u00ecnh), \u0111i\u1ec3n h\u00ecnh l\u00e0 S\u1ef1 tin c\u1eady c\u00f3 m\u1ee9c \u0111\u1ed9 \u1ea3nh h\u01b0\u1edfng m\u1ea1nh nh\u1ea5t (42%).\n", "Nh\u00ecn chung, s\u1ef1 h\u00e0i l\u00f2ng c\u1ee7a ng\u01b0\u1eddi b\u1ec7nh v\u1ec1 d\u1ecbch v\u1ee5 c\u1ea5p ph\u00e1t thu\u1ed1c\n", "BHYT ngo\u1ea1i tr\u00fa \u1edf m\u1ee9c H\u00e0i l\u00f2ng \u0111\u1ebfn Ho\u00e0n to\u00e0n h\u00e0i l\u00f2ng (4,19 \u2013 4,36).\n", "Nghi\u00ean c\u1ee9u ghi nh\u1eadn m\u1ed9t s\u1ed1 \u0111i\u1ec3m ch\u01b0a mang l\u1ea1i s\u1ef1 h\u00e0i l\u00f2ng cao cho ng\u01b0\u1eddi b\u1ec7nh nh\u01b0 th\u1eddi gian c\u1ea5p ph\u00e1t thu\u1ed1c.\n", "B\u1ec7nh vi\u1ec7n c\u1ea7n c\u00f3 c\u00e1c gi\u1ea3i ph\u00e1p c\u1ea3i thi\u1ec7n ch\u1ea5t l\u01b0\u1ee3ng nh\u1eb1m n\u00e2ng cao s\u1ef1 h\u00e0i l\u00f2ng c\u1ee7a ng\u01b0\u1eddi b\u1ec7nh.\n", "T\u1eeb kho\u00e1: S\u1ef1 h\u00e0i l\u00f2ng, ch\u1ea5t l\u01b0\u1ee3ng d\u1ecbch v\u1ee5, c\u1ea5p ph\u00e1t thu\u1ed1c, B\u1ec7nh vi\u1ec7n \u0110\u1ea1i h\u1ecdc Y D\u01b0\u1ee3c Th\u00e0nh ph\u1ed1\n", "H\u1ed3 Ch\u00ed Minh.\n"], "1": ["1.\n", "M\u1edf \u0111\u1ea7u\n", "V\u1edbi s\u1ef1 ph\u00e1t tri\u1ec3n c\u1ee7a x\u00e3 h\u1ed9i, c\u00e1c y\u00eau c\u1ea7u c\u1ee7a ng\u01b0\u1eddi b\u1ec7nh v\u1ec1 ch\u1ea5t l\u01b0\u1ee3ng d\u1ecbch v\u1ee5 y t\u1ebf t\u1eeb \u0111\u00f3 c\u0169ng \u0111\u01b0\u1ee3c n\u00e2ng cao.\n", "B\u00ean c\u1ea1nh tr\u00ecnh \u0111\u1ed9 chuy\u00ean m\u00f4n c\u1ee7a c\u00e1n b\u1ed9 y t\u1ebf, k\u0129 thu\u1eadt hi\u1ec7n \u0111\u1ea1i th\u00ec s\u1ef1 h\u00e0i l\u00f2ng c\u1ee7a ng\u01b0\u1eddi b\u1ec7nh c\u0169ng \u0111\u01b0\u1ee3c xem l\u00e0 th\u01b0\u1edbc \u0111o v\u1ec1 ch\u1ea5t l\u01b0\u1ee3ng d\u1ecbch v\u1ee5 y t\u1ebf t\u1ea1i c\u01a1 s\u1edf kh\u00e1m ch\u1eefa b\u1ec7nh \u0111\u00e3 \u0111\u01b0\u1ee3c quy \u0111\u1ecbnh t\u1ea1i Th\u00f4ng t\u01b0 s\u1ed1 19/2013/TT-\n", "BYT ban h\u00e0nh ng\u00e0y 12/07/2013, do \u0111\u00f3 \u0111\u00f2i h\u1ecfi _* T\u00e1c gi\u1ea3 li\u00ean h\u1ec7.\n", "c\u00e1c nh\u00e0 qu\u1ea3n l\u00fd ph\u1ea3i n\u1eafm b\u1eaft k\u1ecbp th\u1eddi c\u00e1c y\u1ebfu t\u1ed1 t\u00e1c \u0111\u1ed9ng \u0111\u1ebfn s\u1ef1 h\u00e0i l\u00f2ng c\u1ee7a ng\u01b0\u1eddi b\u1ec7nh \u0111\u1ec3 c\u00f3 th\u1ec3 \u0111\u01b0a ra c\u00e1c bi\u1ec7n ph\u00e1p c\u1ea3i ti\u1ebfn ph\u00f9 h\u1ee3p.\n", "Nghi\u00ean c\u1ee9u v\u1ec1 s\u1ef1 h\u00e0i l\u00f2ng c\u1ee7a ng\u01b0\u1eddi b\u1ec7nh \u0111\u00e3 \u0111\u01b0\u1ee3c th\u1ef1c hi\u1ec7n nhi\u1ec1u \u1edf trong v\u00e0 ngo\u00e0i n\u01b0\u1edbc, tuy nhi\u00ean ch\u1ee7 y\u1ebfu t\u1eadp trung v\u00e0o d\u1ecbch v\u1ee5 ch\u0103m s\u00f3c s\u1ee9c kho\u1ebb t\u1ea1i ph\u00e1t thu\u1ed1c ngo\u1ea1i tr\u00fa l\u00e0 m\u1ed9t kh\u00e2u kh\u00f4ng th\u1ec3 thi\u1ebfu trong chu\u1ed7i cung \u1ee9ng t\u1ea1i b\u1ec7nh vi\u1ec7n \u0111\u1eb7c bi\u1ec7t l\u00e0 thu\u1ed1c b\u1ea3o hi\u1ec3m y t\u1ebf, c\u00f3 vai tr\u00f2 quan tr\u1ecdng v\u00e0 t\u1ea7m \u1ea3nh h\u01b0\u1edfng l\u1edbn \u0111\u1ebfn c\u00f4ng t\u00e1c kh\u00e1m ch\u1eefa b\u1ec7nh.\n", "Ch\u00ednh v\u00ec l\u00fd do \u0111\u00f3, nghi\u00ean c\u1ee9u \u0111\u01b0\u1ee3c ti\u1ebfn h\u00e0nh nh\u1eb1m m\u1ee5c \u0111\u00edch x\u00e1c \u0111\u1ecbnh s\u1ef1 h\u00e0i l\u00f2ng, c\u00e1c y\u1ebfu t\u1ed1 t\u00e1c \u0111\u1ed9ng \u0111\u1ebfn s\u1ef1 h\u00e0i l\u00f2ng c\u1ee7a ng\u01b0\u1eddi b\u1ec7nh v\u1ec1 d\u1ecbch v\u1ee5 c\u1ea5p ph\u00e1t thu\u1ed1c b\u1ea3o hi\u1ec3m y t\u1ebf ngo\u1ea1i tr\u00fa, g\u00f3p ph\u1ea7n \u0111\u00e1nh gi\u00e1, \u0111\u1ec1 xu\u1ea5t gi\u1ea3i ph\u00e1p nh\u1eb1m n\u00e2ng cao h\u01a1n n\u1eefa ch\u1ea5t l\u01b0\u1ee3ng d\u1ecbch v\u1ee5 ch\u0103m s\u00f3c s\u1ee9c kho\u1ebb t\u1ea1i BV\u0110HYDTPHCM.\n"], "2": ["2.\n", "Ph\u01b0\u01a1ng ph\u00e1p nghi\u00ean c\u1ee9u 2.1.\n", "Thi\u1ebft k\u1ebf nghi\u00ean c\u1ee9u\n", "Nghi\u00ean c\u1ee9u m\u00f4 t\u1ea3 c\u1eaft ngang kh\u1ea3o s\u00e1t \u0111\u1eb7c \u0111i\u1ec3m nh\u00e2n kh\u1ea9u v\u00e0 \u0111o l\u01b0\u1eddng s\u1ef1 h\u00e0i l\u00f2ng v\u1ec1 ch\u1ea5t l\u01b0\u1ee3ng d\u1ecbch v\u1ee5 c\u1ea5p ph\u00e1t thu\u1ed1c B\u1ea3o hi\u1ec3m y t\u1ebf (BHYT) ngo\u1ea1i tr\u00fa c\u1ee7a ng\u01b0\u1eddi b\u1ec7nh.\n", "Nghi\u00ean c\u1ee9u ph\u1ecfng v\u1ea5n tr\u1ef1c ti\u1ebfp ng\u1eabu nhi\u00ean ng\u01b0\u1eddi b\u1ec7nh s\u1eed d\u1ee5ng BHYT trong \u0111i\u1ec1u tr\u1ecb ngo\u1ea1i tr\u00fa, c\u00f3 \u0111\u1ed9 tu\u1ed5i \u2265 18 tu\u1ed5i, \u0111\u1ee7 n\u0103ng l\u1ef1c h\u00e0nh vi v\u00e0 \u0111\u1ed3ng \u00fd tham gia tr\u1ea3 l\u1eddi b\u1ea3ng c\u00e2u h\u1ecfi v\u00e0 \u0111i\u1ec1u tr\u1ecb ngo\u1ea1i tr\u00fa t\u1ea1i BV\n", "\u0110HYDTPHCM\u2013 c\u01a1 s\u1edf 1, t\u1eeb th\u00e1ng 1 \u0111\u1ebfn th\u00e1ng 6 n\u0103m 2019.\n", "C\u1ee1 m\u1eabu nghi\u00ean c\u1ee9u \u0111\u01b0\u1ee3c x\u00e1c \u0111\u1ecbnh qua c\u00f4ng th\u1ee9c: n = Z(1 \u03b1/2) 2 p(1 p) d2\n", "Trong \u0111\u00f3:\n", "Z: H\u1ec7 s\u1ed1 ph\u00e2n ph\u1ed1i chu\u1ea9n; \u03b1: M\u1ee9c \u00fd ngh\u0129a th\u1ed1ng k\u00ea; p: T\u1ef7 l\u1ec7 \u01b0\u1edbc \u0111o\u00e1n; d: Sai s\u1ed1 cho ph\u00e9p.\n", "Nghi\u00ean c\u1ee9u l\u1ef1a ch\u1ecdn Z = 1,96 (\u0111\u1ed9 tin c\u1eady 95%), \u03b1 = 0,05, p = 0,5 v\u00e0 d = 0,05.\n", "Qua \u0111\u00f3, c\u1ee1 m\u1eabu ph\u00f9 h\u1ee3p nghi\u00ean c\u1ee9u l\u00e0 384 ng\u01b0\u1eddi b\u1ec7nh.\n", "\u0110\u1ec3 gi\u1ea3m thi\u1ec3u th\u1ea5t tho\u00e1t trong qu\u00e1 tr\u00ecnh thu th\u1eadp s\u1ed1 li\u1ec7u, nghi\u00ean c\u1ee9u t\u0103ng c\u1ee1 m\u1eabu l\u00ean 30% t\u01b0\u01a1ng \u0111\u01b0\u01a1ng 500 ng\u01b0\u1eddi b\u1ec7nh.\n", "K\u1ebf ho\u1ea1ch thu th\u1eadp d\u1eef li\u1ec7u \u0111\u01b0\u1ee3c thi\u1ebft k\u1ebf nh\u01b0 sau: m\u1ed7i ng\u00e0y ph\u1ecfng v\u1ea5n ng\u1eabu nhi\u00ean 15 ng\u01b0\u1eddi b\u1ec7nh, trong \u0111\u00f3, bu\u1ed5i s\u00e1ng (9-1h): 8 ng\u01b0\u1eddi b\u1ec7nh, bu\u1ed5i chi\u1ec1u (14-16h): 7 ng\u01b0\u1eddi b\u1ec7nh; ng\u1eebng thu th\u1eadp d\u1eef li\u1ec7u khi \u0111\u1ea1t \u0111\u01b0\u1ee3c c\u1ee1 m\u1eabu mong mu\u1ed1n.\n", "2.2.\n", "N\u1ed9i dung nghi\u00ean c\u1ee9u 2.2.1.\n", "Kh\u1ea3o s\u00e1t \u0111\u1eb7c \u0111i\u1ec3m ng\u01b0\u1eddi b\u1ec7nh\n", "Nghi\u00ean c\u1ee9u s\u1eed d\u1ee5ng b\u1ea3ng c\u00e2u h\u1ecfi \u0111\u1ec3 thu th\u1eadp c\u00e1c th\u00f4ng tin c\u01a1 b\u1ea3n c\u1ee7a ng\u01b0\u1eddi b\u1ec7nh v\u1edbi 6 bi\u1ebfn \u0111\u1ecbnh t\u00ednh: tu\u1ed5i, gi\u1edbi t\u00ednh, n\u01a1i c\u01b0 tr\u00fa, tr\u00ecnh \u0111\u1ed9 h\u1ecdc v\u1ea5n, ngh\u1ec1 nghi\u1ec7p v\u00e0 s\u1ed1 l\u1ea7n kh\u00e1m.\n", "C\u00e1c bi\u1ebfn n\u00e0y \u0111\u01b0\u1ee3c ph\u00e2n t\u00edch th\u1ed1ng k\u00ea m\u00f4 t\u1ea3 d\u01b0\u1edbi d\u1ea1ng s\u1ed1 l\u01b0\u1ee3ng (t\u1ef7 l\u1ec7 ph\u1ea7n tr\u0103m).\n", "2.2.2.\n", "\u0110o l\u01b0\u1eddng s\u1ef1 h\u00e0i l\u00f2ng c\u1ee7a ng\u01b0\u1eddi b\u1ec7nh\n", "Nghi\u00ean c\u1ee9u ti\u1ebfn h\u00e0nh qua 2 giai \u0111o\u1ea1n:\n", "Giai \u0111o\u1ea1n 1: x\u00e2y d\u1ef1ng thang \u0111o\n", "Thang \u0111o SERVQUAL \u0111\u01b0\u1ee3c gi\u1edbi thi\u1ec7u v\u00e0o n\u0103m 1988 b\u1edfi Parasuraman v\u00e0 c\u1ed9ng s\u1ef1, l\u00e0 c\u00f4ng c\u1ee5 \u0111o l\u01b0\u1eddng ch\u1ea5t l\u01b0\u1ee3ng d\u1ecbch v\u1ee5 kinh \u0111i\u1ec3n \u0111\u01b0\u1ee3c nhi\u1ec1u nh\u00e0 nghi\u00ean c\u1ee9u \u1ee9ng d\u1ee5ng r\u1ed9ng r\u00e3i nh\u1ea5t th\u1ebf gi\u1edbi [5] v\u00e0 c\u0169ng \u0111\u01b0\u1ee3c s\u1eed d\u1ee5ng kh\u00e1 ph\u1ed5 bi\u1ebfn \u0111\u1ec3 kh\u1ea3o s\u00e1t v\u1ec1 s\u1ef1 h\u00e0i l\u00f2ng c\u1ee7a ng\u01b0\u1eddi b\u1ec7nh t\u1ea1i c\u00e1c thuy\u1ebft c\u1ee7a thang \u0111o SERVQUAL, c\u00f9ng v\u1edbi vi\u1ec7c tham kh\u1ea3o \u00fd ki\u1ebfn c\u1ee7a 5 d\u01b0\u1ee3c s\u0129 v\u00e0 30 ng\u01b0\u1eddi b\u1ec7nh \u0111\u1ec3 th\u1ed1ng nh\u1ea5t v\u1ec1 n\u1ed9i dung c\u00e1c m\u1ee5c kh\u1ea3o s\u00e1t trong b\u1ed9 c\u00e2u h\u1ecfi, nh\u00f3m nghi\u00ean c\u1ee9u \u0111\u00e3 x\u00e2y d\u1ef1ng b\u1ed9 c\u00e2u h\u1ecfi \u0111o l\u01b0\u1eddng s\u1ef1 h\u00e0i l\u00f2ng c\u1ee7a ng\u01b0\u1eddi b\u1ec7nh v\u1ec1 d\u1ecbch v\u1ee5 c\u1ea5p ph\u00e1t thu\u1ed1c BHYT ngo\u1ea1i tr\u00fa th\u00f4ng qua 26 bi\u1ebfn (m\u1ed7i bi\u1ebfn 1 c\u00e2u h\u1ecfi \u0111\u01b0\u1ee3c \u0111\u00e1nh gi\u00e1 theo thang \u0111o Likert 5 m\u1ee9c \u0111\u1ed9 t\u1eeb ho\u00e0n to\u00e0n kh\u00f4ng h\u00e0i l\u00f2ng \u0111\u1ebfn ho\u00e0n to\u00e0n h\u00e0i l\u00f2ng) \u0111\u01b0\u1ee3c chia th\u00e0nh 5 nh\u00f3m th\u00e0nh ph\u1ea7n: (1) S\u1ef1 tin c\u1eady, (2) Kh\u1ea3 n\u0103ng \u0111\u00e1p \u1ee9ng, (3) N\u0103ng l\u1ef1c ph\u1ee5c v\u1ee5, (4) S\u1ef1 \u0111\u1ed3ng c\u1ea3m, (5) Ph\u01b0\u01a1ng ti\u1ec7n h\u1eefu h\u00ecnh c\u00f9ng v\u1edbi 1 bi\u1ebfn v\u1ec1 s\u1ef1 h\u00e0i l\u00f2ng chung c\u1ee7a ng\u01b0\u1eddi b\u1ec7nh.\n", "\u0110\u1ed9 tin c\u1eady thang \u0111o \u0111\u01b0\u1ee3c \u0111\u00e1nh gi\u00e1 th\u00f4ng qua h\u1ec7 s\u1ed1 Cronbach's Alpha v\u00e0 gi\u00e1 tr\u1ecb t\u01b0\u01a1ng quan bi\u1ebfn t\u1ed5ng nh\u1eb1m \u0111\u00e1nh gi\u00e1 m\u1ee9c \u0111\u1ed9 \u0111\u1ed3ng nh\u1ea5t c\u1ee7a c\u00e1c bi\u1ebfn th\u00e0nh ph\u1ea7n, thang \u0111o \u0111\u01b0\u1ee3c ch\u1ea5p nh\u1eadn khi h\u1ec7 s\u1ed1 Cronbach's Alpha > 0,6 v\u00e0 c\u00e1c bi\u1ebfn c\u00f3 h\u1ec7 s\u1ed1 t\u01b0\u01a1ng quan bi\u1ebfn t\u1ed5ng > 0,3 [9].\n", "Giai \u0111o\u1ea1n 2: ph\u00e2n t\u00edch s\u1ef1 h\u00e0i l\u00f2ng c\u1ee7a ng\u01b0\u1eddi b\u1ec7nh.\n", "Nghi\u00ean c\u1ee9u s\u1eed d\u1ee5ng ph\u01b0\u01a1ng ph\u00e1p r\u00fat tr\u00edch nh\u00e2n t\u1ed1 Principal Component Analysis (PCA) v\u1edbi ph\u00e9p xoay Varimax trong ph\u00e2n t\u00edch nh\u00e2n t\u1ed1 (EFA), nh\u1eb1m m\u1ee5c \u0111\u00edch thu nh\u1ecf th\u00f4ng tin, t\u1eadp h\u1ee3p c\u00e1c bi\u1ebfn c\u00f3 li\u00ean quan ch\u1eb7t ch\u1ebd \u0111\u01b0\u1ee3c x\u1ebfp v\u00e0o chung m\u1ed9t nh\u00f3m nh\u00e2n t\u1ed1.\n", "Trong \u0111\u00f3, 2 \u0111i\u1ec1u ki\u1ec7n c\u1ea7n c\u00f3 \u0111\u1ec3 th\u1ef1c hi\u1ec7n ph\u00e2n t\u00edch EFA l\u00e0: H\u1ec7 s\u1ed1\n", "KMO n\u1eb1m trong kho\u1ea3ng 0,5 \u0111\u1ebfn 1; Ph\u00e9p ki\u1ec3m\n", "Bartlett cho Sig < 0,05.\n", "B\u1ea3ng 1.\n", "Thang \u0111o d\u00f9ng kh\u1ea3o s\u00e1t ch\u00ednh th\u1ee9c\n", "STT M\u00e3 ho\u00e1 Ti\u00eau ch\u00ed\n", "Th\u00e0nh ph\u1ea7n tin c\u1eady 1 TC1 S\u1ef1 ch\u00ednh x\u00e1c trong ch\u1ea9n \u0111o\u00e1n v\u00e0 k\u00ea \u0111\u01a1n thu\u1ed1c 2 TC2 Nh\u00e0 thu\u1ed1c b\u1ec7nh vi\u1ec7n cung c\u1ea5p \u0111\u00fang lo\u1ea1i thu\u1ed1c \u0111\u01b0\u1ee3c k\u00ea trong \u0111\u01a1n \u0111i\u1ec1u tr\u1ecb 3 TC3 Nh\u00e0 thu\u1ed1c b\u1ec7nh vi\u1ec7n cung c\u1ea5p thu\u1ed1c c\u00f3 ngu\u1ed3n g\u1ed1c r\u00f5 r\u00e0ng 4 TC4 Nh\u00e0 thu\u1ed1c b\u1ec7nh vi\u1ec7n cung c\u1ea5p thu\u1ed1c \u0111\u1ea3m b\u1ea3o ch\u1ea5t l\u01b0\u1ee3ng 5 TC5 Gi\u00e1 thu\u1ed1c \u0111\u01b0\u1ee3c ni\u00eam y\u1ebfu c\u00f4ng khai, th\u1ec3 hi\u1ec7n r\u00f5 tr\u00ean phi\u1ebfu l\u00e3nh thu\u1ed1c\n", "Th\u00e0nh ph\u1ea7n \u0111\u00e1p \u1ee9ng 6 DU1 Nh\u00e0 thu\u1ed1c \u0111\u00e1p \u1ee9ng \u0111\u1ea7y \u0111\u1ee7 s\u1ed1 lo\u1ea1i thu\u1ed1c theo nhu c\u1ea7u \u0111i\u1ec1u tr\u1ecb 7 DU2 Nh\u00e0 thu\u1ed1c \u0111\u00e1p \u1ee9ng \u0111\u1ea7y \u0111\u1ee7 s\u1ed1 l\u01b0\u1ee3ng thu\u1ed1c theo nhu c\u1ea7u \u0111i\u1ec1u tr\u1ecb 8 DU3 Chi ph\u00ed m\u1ed9t \u0111\u01a1n thu\u1ed1c c\u00f3 \u0111\u00e1p \u1ee9ng \u0111\u01b0\u1ee3c kh\u1ea3 n\u0103ng kinh t\u1ebf c\u1ee7a ng\u01b0\u1eddi b\u1ec7nh\n", "Th\u00e0nh ph\u1ea7n n\u0103ng l\u1ef1c ph\u1ee5c v\u1ee5 9 PV1 Th\u1eddi gian ch\u1edd \u0111\u1ee3i nh\u1eadn thu\u1ed1c h\u1ee3p l\u00fd 10 PV2 H\u01b0\u1edbng d\u1eabn s\u1eed d\u1ee5ng thu\u1ed1c \u0111\u1ea7y \u0111\u1ee7 v\u00e0 ch\u00ednh x\u00e1c 11 PV3 Nh\u00e0 thu\u1ed1c c\u00f3 D\u01b0\u1ee3c s\u0129 qu\u1ea3n l\u00fd chuy\u00ean m\u00f4n, ki\u1ec3m tra s\u1eed d\u1ee5ng thu\u1ed1c, t\u01b0 v\u1ea5n s\u1eed d\u1ee5ng thu\u1ed1c 12 PV4 Nh\u00e2n vi\u00ean nh\u00e0 thu\u1ed1c lu\u00f4n ki\u1ec3m tra k\u1ef9 tr\u01b0\u1edbc khi giao thu\u1ed1c cho ng\u01b0\u1eddi b\u1ec7nh 13 PV5 \u00cdt khi x\u1ea3y ra sai s\u00f3t trong vi\u1ec7c c\u1ea5p ph\u00e1t thu\u1ed1c c\u1ee7a nh\u00e2n vi\u00ean nh\u00e0 thu\u1ed1c 14 PV6 Ng\u01b0\u1eddi b\u1ec7nh c\u00f3 th\u1ec3 mua thu\u1ed1c ngo\u00e0i danh m\u1ee5c BHYT t\u1ea1i nh\u00e0 thu\u1ed1c 15 PV7 Th\u1eddi gian ho\u1ea1t \u0111\u1ed9ng \u0111\u00e1p \u1ee9ng \u0111\u01b0\u1ee3c nhu c\u1ea7u ng\u01b0\u1eddi b\u1ec7nh\n", "Th\u00e0nh ph\u1ea7n \u0111\u1ed3ng c\u1ea3m 16 DC1 Nh\u00e2n vi\u00ean nh\u00e0 thu\u1ed1c h\u1ed7 tr\u1ee3 gi\u1ea3i \u0111\u00e1p th\u1eafc m\u1eafc li\u00ean quan \u0111\u1ebfn vi\u1ec7c kh\u00e1m ch\u1eefa b\u1ec7nh 17 DC2 Nh\u00e2n vi\u00ean nh\u00e0 thu\u1ed1c c\u00f3 th\u00e1i \u0111\u1ed9 vui v\u1ebb, ho\u00e0 nh\u00e3 18 DC3 Nh\u00e2n vi\u00ean giao thu\u1ed1c nhi\u1ec7t t\u00ecnh, c\u00f3 gi\u1ecdng n\u00f3i nh\u1ecf nh\u1eb9 19 DC4 Nh\u00e2n vi\u00ean nh\u00e0 thu\u1ed1c kh\u00f4ng ph\u00e2n bi\u1ec7t kh\u00e1c h\u00e0ng khi ph\u1ee5c v\u1ee5 20 DC5 Nh\u00e0 thu\u1ed1c kh\u00f4ng t\u01b0 v\u1ea5n, b\u00e1n nh\u1eefng thu\u1ed1c kh\u00f4ng c\u1ea7n thi\u1ebft 21 DC6 Nh\u00e2n vi\u00ean nh\u00e0 thu\u1ed1c lu\u00f4n l\u1eafng nghe k\u1ef9 c\u00e1c y\u00eau c\u1ea7u c\u1ee7a kh\u00e1ch h\u00e0ng\n", "Th\u00e0nh ph\u1ea7n ph\u01b0\u01a1ng ti\u1ec7n h\u1eefu h\u00ecnh 22 HH1\n", "Nh\u00e0 thu\u1ed1c c\u00f3 trang thi\u1ebft b\u1ecb hi\u1ec7n \u0111\u1ea1i (m\u00e0n h\u00ecnh giao thu\u1ed1c, m\u00e1y thanh to\u00e1n ti\u1ec1n, ph\u1ea7n m\u1ec1m....) 23 HH2 Quy tr\u00ecnh t\u1eeb l\u00fac n\u1ed9p \u0111\u01a1n thu\u1ed1c \u0111\u1ebfn l\u00fac \u0111\u01b0\u1ee3c c\u1ea5p ph\u00e1t thu\u1ed1c \u0111\u01a1n gi\u1ea3n, thu\u1eadn ti\u1ec7n 24 HH3 C\u00e1c bi\u1ec3n b\u00e1o \u0111\u01b0\u1ee3c \u0111\u00e1nh s\u1ed1, ch\u1ec9 d\u1eabn d\u1ec5 hi\u1ec3u 25 HH4 M\u00f4i tr\u01b0\u1eddng khu\u00f4n vi\u00ean nh\u00e0 thu\u1ed1c s\u1ea1ch, tho\u00e1ng, c\u00f3 \u0111\u1ea7y \u0111\u1ee7 gh\u1ebf ng\u1ed3i cho ng\u01b0\u1eddi b\u1ec7nh\n", "S\u1ef1 h\u00e0i l\u00f2ng chung 26 HLC Ng\u01b0\u1eddi b\u1ec7nh h\u00e0i l\u00f2ng khi \u0111\u01b0\u1ee3c \u0111i\u1ec1u tr\u1ecb v\u00e0 l\u00e3nh thu\u1ed1c BHYT t\u1ea1i BV \u0110HYD TPHCM.\n", "2.3.\n", "Ph\u00e2n t\u00edch d\u1eef li\u1ec7u\n", "Sau khi thu th\u1eadp d\u1eef li\u1ec7u, nghi\u00ean c\u1ee9u ti\u1ebfn h\u00e0nh s\u00e0ng l\u1ecdc v\u00e0 lo\u1ea1i c\u00e1c phi\u1ebfu kh\u00f4ng \u0111\u1ea1t y\u00eau c\u1ea7u: i) thi\u1ebfu th\u00f4ng tin \u1edf ph\u1ea7n \u0111o l\u01b0\u1eddng s\u1ef1 h\u00e0i l\u00f2ng, ii) th\u00f4ng tin kh\u00f4ng r\u00f5 r\u00e0ng (ng\u01b0\u1eddi b\u1ec7nh tr\u1ea3 l\u1eddi theo m\u1ed9t quy lu\u1eadt nh\u1ea5t \u0111\u1ecbnh nh\u01b0 zik zak ho\u1eb7c tr\u1ea3 l\u1eddi gi\u1ed1ng nhau \u1edf t\u1ea5t c\u1ea3 c\u00e2u h\u1ecfi).\n", "\u0110\u1ec3 \u0111o l\u01b0\u1eddng s\u1ef1 h\u00e0i l\u00f2ng c\u1ee7a ng\u01b0\u1eddi b\u1ec7nh nh\u00f3m nghi\u00ean c\u1ee9u \u0111\u00e3 s\u1eed d\u1ee5ng thang \u0111o Likert 5 m\u1ee9c \u0111\u1ed9 t\u1eeb ho\u00e0n to\u00e0n kh\u00f4ng h\u00e0i l\u00f2ng \u0111\u1ebfn ho\u00e0n to\u00e0n h\u00e0i l\u00f2ng.\n", "Thang \u0111i\u1ec3m x\u00e2y d\u1ef1ng d\u1ef1a tr\u00ean b\u01b0\u1edbc nh\u1ea3y l\u00e0 (n-1)/n = (5-1)/5 = 0,8.\n", "\u0110i\u1ec3m 1,00 \u20131,80 1,81 \u2013 2,60 2,61 \u2013 3,40 3,41 \u2013 4,20 4,21 \u2013 5\n", "M\u1ee9c \u0111\u1ed9 Ho\u00e0n to\u00e0n kh\u00f4ng h\u00e0i l\u00f2ng Kh\u00f4ng h\u00e0i l\u00f2ng Trung ho\u00e0 H\u00e0i l\u00f2ng Ho\u00e0n to\u00e0n h\u00e0i l\u00f2ng\n", "Ph\u00e2n t\u00edch t\u01b0\u01a1ng quan Pearson th\u00f4ng qua gi\u00e1 tr\u1ecb r \u0111\u00e1nh gi\u00e1 m\u1ee9c \u0111\u1ed9 t\u01b0\u01a1ng quan c\u1ee7a c\u00e1c nh\u00e2n t\u1ed1.\n", "B\u1ea3ng 2.\n", "Ph\u00e2n lo\u1ea1i m\u1ee9c \u0111\u1ed9 t\u01b0\u01a1ng quan theo gi\u00e1 tr\u1ecb r [10]\n", "Gi\u00e1 tr\u1ecb r 0,00\u2013 0,19 0,20 \u2013 0,39 0,40 \u2013 0,59 0,60 \u2013 0,79 0,80 \u2013 1,00\n", "M\u1ee9c \u0111\u1ed9 t\u01b0\u01a1ng quan R\u1ea5t y\u1ebfu Y\u1ebfu Trung b\u00ecnh M\u1ea1nh R\u1ea5t m\u1ea1nh\n", "Ph\u00e2n t\u00edch h\u1ed3i quy \u0111a bi\u1ebfn d\u1ef1a tr\u00ean gi\u00e1 tr\u1ecb trung b\u00ecnh c\u1ee7a c\u00e1c bi\u1ebfn quan s\u00e1t \u0111\u00e3 \u0111\u01b0\u1ee3c ki\u1ec3m \u0111\u1ecbnh Cronbach's Alpha v\u00e0 EFA, s\u1eed d\u1ee5ng ph\u01b0\u01a1ng ph\u00e1p Enter (bi\u1ebfn \u0111\u01b0\u1ee3c \u0111\u01b0a v\u00e0o c\u00f9ng l\u00fac), ch\u1ecdn l\u1ecdc c\u00e1c bi\u1ebfn n\u1ebfu m\u1ee9c \u00fd ngh\u0129a < 0,05.\n", "Ph\u00e2n t\u00edch h\u1ed3i quy \u0111\u01b0\u1ee3c s\u1eed d\u1ee5ng \u0111\u1ec3 ki\u1ec3m \u0111\u1ecbnh m\u00f4 h\u00ecnh, ki\u1ec3m \u0111\u1ecbnh c\u00e1c gi\u1ea3 thuy\u1ebft nghi\u00ean c\u1ee9u, \u0111\u1ed3ng th\u1eddi x\u00e1c \u0111\u1ecbnh tr\u1ecdng s\u1ed1 c\u1ee7a t\u1eebng nh\u00e2n t\u1ed1 t\u00e1c \u0111\u1ed9ng \u0111\u1ebfn h\u00e0i l\u00f2ng chung (HLC) ng\u01b0\u1eddi b\u1ec7nh.\n", "Ph\u01b0\u01a1ng tr\u00ecnh h\u1ed3i quy tuy\u1ebfn t\u00ednh c\u00f3 d\u1ea1ng sau:\n", "HLC = \u03b20 + \u03b2 i n i=1 xi\n", "Trong \u0111\u00f3: n: S\u1ed1 l\u01b0\u1ee3ng th\u00e0nh ph\u1ea7n; \u03b20: H\u1ec7 s\u1ed1 t\u1ef1 do; \u03b2i: H\u1ec7 s\u1ed1 h\u1ed3i quy ri\u00eang ph\u1ea7n; xi: Gi\u00e1 tr\u1ecb c\u1ee7a bi\u1ebfn \u0111\u1ed9c l\u1eadp.\n", "D\u1eef li\u1ec7u \u0111\u01b0\u1ee3c ph\u00e2n t\u00edch b\u1eb1ng ph\u1ea7n m\u1ec1m\n", "SPSS 20, m\u1ee9c c\u00f3 \u00fd ngh\u0129a th\u1ed1ng k\u00ea khi gi\u00e1 tr\u1ecb p < 0,05.\n"], "3": ["3.\n", "K\u1ebft qu\u1ea3 nghi\u00ean c\u1ee9u 3.1.\n", "\u0110\u1eb7c \u0111i\u1ec3m ng\u01b0\u1eddi b\u1ec7nh\n", "K\u1ebft qu\u1ea3 \u0111\u01b0\u1ee3c ph\u00e2n t\u00edch t\u1eeb 389 phi\u1ebfu \u0111\u1ea1t c\u00e1c ti\u00eau ch\u00ed, nghi\u00ean c\u1ee9u ghi nh\u1eadn ph\u1ea7n l\u1edbn ng\u01b0\u1eddi b\u1ec7nh n\u1eb1m \u1edf \u0111\u1ed9 tu\u1ed5i 30 \u2013 44 (41,6%), h\u1ea7u h\u1ebft \u0111\u1ebfn t\u1eeb c\u00e1c t\u1ec9nh th\u00e0nh kh\u00e1c (74,3%) v\u00e0 \u0111a ph\u1ea7n ng\u01b0\u1eddi b\u1ec7nh ngo\u1ea1i tr\u00fa BHYT \u0111\u1ebfn kh\u00e1m t\u1eeb l\u1ea7n th\u1ee9 2 tr\u1edf l\u00ean (92,8%).\n", "B\u1ea3ng 3.\n", "\u0110\u1eb7c \u0111i\u1ec3m ng\u01b0\u1eddi b\u1ec7nh\n", "Ch\u1ec9 s\u1ed1 nghi\u00ean c\u1ee9u\n", "T\u1ea7n s\u1ed1 (c\u1ee1 m\u1eabu n=389)\n", "T\u1ef7 l\u1ec7 (%)\n", "Gi\u1edbi t\u00ednh\n", "Nam 145 37,3\n", "N\u1eef 244 62,7\n", "Tu\u1ed5i 18-29 60 15,4 30-44 162 41,6 45-59 116 29,8 \u2265 60 51 13,1\n", "N\u01a1i c\u01b0 tr\u00fa\n", "TP H\u1ed3 Ch\u00ed Minh 100 25,7\n", "T\u1ec9nh/Tp kh\u00e1c 289 74,3\n", "Tr\u00ecnh \u0111\u1ed9 h\u1ecdc v\u1ea5n\n", "C\u1ea5p 1 7 1,8\n", "C\u1ea5p 2 87 22,4\n", "C\u1ea5p 3 131 33,7\n", "Cao \u0111\u1eb3ng/Trung h\u1ecdc 51 13,1\n", "Khuy\u1ebft 22 5,7\n", "Ngh\u1ec1 nghi\u1ec7p\n", "H\u1ecdc sinh/Sinh vi\u00ean 15 3,9\n", "Lao \u0111\u1ed9ng tay ch\u00e2n 125 32,1\n", "Lao \u0111\u1ed9ng tr\u00ed \u00f3c 113 29,0\n", "N\u1ed9i tr\u1ee3 84 21,6\n", "Ngh\u1ec9 h\u01b0u/m\u1ea5t s\u1ee9c/l\u1edbn tu\u1ed5i 40 10,3\n", "Khuy\u1ebft 12 3,1\n", "S\u1ed1 l\u1ea7n kh\u00e1m\n", "L\u1ea7n \u0111\u1ea7u ti\u00ean 28 7,2\n", "T\u1eeb l\u1ea7n th\u1ee9 2 361 92,8\n", "B\u1ea3ng 4.\n", "K\u1ebft qu\u1ea3 ph\u00e2n t\u00edch Cronbach's Alpha c\u1ee7a 5 th\u00e0nh ph\u1ea7n\n", "Th\u00e0nh ph\u1ea7n TC DU PV DC HH\n", "Cronbach's Alpha 0,915 0,761 0,838 0,882 0,867 3.2.\n", "Ki\u1ec3m \u0111\u1ecbnh \u0111\u1ed9 tin c\u1eady thang \u0111o\n", "T\u1eeb k\u1ebft qu\u1ea3 tr\u00ean cho th\u1ea5y c\u1ea3 5 th\u00e0nh ph\u1ea7n \u0111\u1ec1u c\u00f3 tr\u1ecb s\u1ed1 Cronbach's Alpha > 0,6 n\u00ean thang \u0111o \u0111\u1ea1t y\u00eau c\u1ea7u v\u1ec1 \u0111\u1ed9 tin c\u1eady.\n", "Trong \u0111\u00f3, t\u1eebng bi\u1ebfn quan s\u00e1t trong t\u1eebng th\u00e0nh ph\u1ea7n \u0111\u1ec1u c\u00f3 t\u01b0\u01a1ng quan bi\u1ebfn \u2013 t\u1ed5ng cao > 0,3 n\u00ean \u0111\u01b0\u1ee3c ch\u1ea5p nh\u1eadn v\u00e0 \u0111\u01b0a v\u00e0o ph\u00e2n t\u00edch EFA.\n", "Tuy nhi\u00ean, bi\u1ebfn DU3 (chi ph\u00ed m\u1ed9t \u0111\u01a1n thu\u1ed1c c\u00f3 \u0111\u00e1p \u1ee9ng \u0111\u01b0\u1ee3c kinh t\u1ebf c\u1ee7a ng\u01b0\u1eddi b\u1ec7nh) c\u00f3 h\u1ec7 s\u1ed1 Cronbach's Alpha n\u1ebfu lo\u1ea1i b\u1ecf bi\u1ebfn l\u00e0 0,89 > 0,761 \u2013 h\u1ec7 s\u1ed1 Cronbach's\n", "Alpha hi\u1ec7n t\u1ea1i c\u1ee7a th\u00e0nh ph\u1ea7n DU, th\u00eam v\u00e0o \u0111\u00f3 th\u00ec th\u1ef1c t\u1ebf cho th\u1ea5y vi\u1ec7c c\u1ea5p ph\u00e1t thu\u1ed1c BHYT t\u1ea1i BV\u0110HYDTPHCM \u2013 tuy\u1ebfn tr\u00ean trong thanh to\u00e1n BHYT, n\u00ean ng\u01b0\u1eddi b\u1ec7nh xem \u0111\u00e2y kh\u00f4ng ph\u1ea3i l\u00e0 m\u1ed9t y\u1ebfu t\u1ed1 quan tr\u1ecdng \u0111\u1ec3 \u0111\u00e1nh gi\u00e1 th\u00e0nh ph\u1ea7n \u0111\u00e1p \u1ee9ng trong ch\u1ea5t l\u01b0\u1ee3ng c\u1ea5p ph\u00e1t thu\u1ed1c BHYT, k\u1ebft h\u1ee3p k\u1ebft qu\u1ea3 t\u1eeb Cronbach's Alpha v\u00e0 ph\u00e2n t\u00edch th\u1ef1c t\u1ebf, nh\u00f3m nghi\u00ean c\u1ee9u quy\u1ebft \u0111\u1ecbnh lo\u1ea1i b\u1ecf bi\u1ebfn DU3 c\u00f2n l\u1ea1i 24 bi\u1ebfn \u0111\u1ea1t y\u00eau c\u1ea7u v\u00e0 \u0111\u01b0\u1ee3c v\u00e0o ph\u00e2n t\u00edch EFA.\n", "3.3.\n", "Ph\u00e2n t\u00edch nh\u00e2n t\u1ed1 kh\u00e1m ph\u00e1 EFA\n", "Th\u00f4ng qua 2 l\u1ea7n ph\u00e2n t\u00edch nh\u00e2n t\u1ed1 v\u1edbi 24 bi\u1ebfn, nh\u00f3m nghi\u00ean c\u1ee9u thu \u0111\u01b0\u1ee3c k\u1ebft qu\u1ea3 nh\u01b0 sau:\n", "Ph\u00e2n t\u00edch nh\u00e2n t\u1ed1 l\u1ea7n 1:\n", "H\u1ec7 s\u1ed1 KMO = 0,936 \u0111\u1ea1t y\u00eau c\u1ea7u v\u00e0 ph\u00e9p ki\u1ec3m Bartlett cho Sig = 0,000 cho th\u1ea5y ph\u00e2n t\u00edch nh\u00e2n t\u1ed1 l\u00e0 th\u00edch h\u1ee3p v\u1edbi d\u1eef li\u1ec7u nghi\u00ean c\u1ee9u.\n", "K\u1ebft qu\u1ea3 EFA thu \u0111\u01b0\u1ee3c 4 nh\u00f3m nh\u00e2n t\u1ed1 t\u1ea1i Eigenvalue l\u00e0 1,165 > 1, ph\u01b0\u01a1ng sai tr\u00edch \u0111\u01b0\u1ee3c b\u1eb1ng 63,292% cho bi\u1ebft 4 nh\u00f3m nh\u00e2n t\u1ed1 gi\u1ea3i th\u00edch \u0111\u01b0\u1ee3c 63,292% bi\u1ebfn thi\u00ean c\u1ee7a d\u1eef li\u1ec7u nghi\u00ean c\u1ee9u.\n", "Tuy nhi\u00ean, bi\u1ebfn HH1 c\u00f3 h\u1ec7 s\u1ed1 t\u1ea3i nh\u00e2n t\u1ed1 (Factor loading) < 0,5 n\u00ean kh\u00f4ng \u0111\u1ea1t y\u00eau c\u1ea7u, \u0111\u01b0\u1ee3c lo\u1ea1i b\u1ecf v\u00e0 ti\u1ebfn h\u00e0nh ki\u1ec3m \u0111\u1ecbnh EFA l\u1ea7n 2 cho 23 bi\u1ebfn c\u00f2n l\u1ea1i.\n", "Ph\u00e2n t\u00edch nh\u00e2n t\u1ed1 l\u1ea7n 2:\n", "H\u1ec7 s\u1ed1 KMO = 0,935 v\u00e0 ki\u1ec3m \u0111\u1ecbnh Bartlett c\u00f3\n", "Sig = 0,000 \u0111\u1ea1t y\u00eau c\u1ea7u, do v\u1eady c\u00e1c bi\u1ebfn quan s\u00e1t c\u00f3 s\u1ef1 t\u01b0\u01a1ng quan v\u1edbi nhau x\u00e9t tr\u00ean ph\u1ea1m vi t\u1ed5ng th\u1ec3, th\u00eam v\u00e0o \u0111\u00f3, Eigenvalue = 1,139 > 1, ph\u01b0\u01a1ng sai tr\u00edch t\u1ed5ng thu \u0111\u01b0\u1ee3c 63,770%, ph\u00f9 h\u1ee3p \u0111i\u1ec1u ki\u1ec7n ph\u00e2n t\u00edch EFA v\u00e0 cho th\u1ea5y 4 nh\u00f3m nh\u00e2n t\u1ed1 sau ph\u00e2n t\u00edch l\u1ea7n 2 gi\u1ea3i th\u00edch \u0111\u01b0\u1ee3c 63,770% bi\u1ebfn thi\u00ean d\u1eef li\u1ec7u nghi\u00ean c\u1ee9u.\n", "K\u1ebft qu\u1ea3 ph\u00e2n t\u00edch nh\u00e2n t\u1ed1 l\u1ea7n 2 c\u1ee7a 23 bi\u1ebfn quan s\u00e1t thu \u0111\u01b0\u1ee3c 4 nh\u00f3m nh\u00e2n t\u1ed1, t\u1ea5t c\u1ea3 c\u00e1c bi\u1ebfn c\u00f3 tr\u1ecdng s\u1ed1 t\u1ea3i nh\u00e2n t\u1ed1 \u0111\u1ec1u > 0,5 n\u00ean c\u00e1c bi\u1ebfn quan s\u00e1t \u0111\u1ec1u quan tr\u1ecdng trong c\u00e1c nh\u00e2n t\u1ed1, c\u00f3 \u00fd ngh\u0129a thi\u1ebft th\u1ef1c.\n", "M\u00f4 h\u00ecnh ban \u0111\u1ea7u c\u1ee7a nghi\u00ean c\u1ee9u g\u1ed3m 5 th\u00e0nh ph\u1ea7n, th\u00f4ng qua 2 l\u1ea7n ph\u00e2n t\u00edch nh\u00e2n t\u1ed1\n", "EFA cho th\u1ea5y nh\u00e2n t\u1ed1 \u0110\u00e1p \u1ee9ng (DU) c\u00f3 m\u1ed1i li\u00ean quan ch\u1eb7t ch\u1ebd v\u1edbi S\u1ef1 tin c\u1eady (TC) \u0111\u01b0\u1ee3c g\u1ed9p chung v\u00e0o m\u1ed9t nh\u00f3m, qua \u0111\u00f3 nghi\u00ean c\u1ee9u thu \u0111\u01b0\u1ee3c 4 nh\u00f3m nh\u00e2n t\u1ed1: S\u1ef1 tin c\u1eady (TC), N\u0103ng l\u1ef1c ph\u1ee5c v\u1ee5 (PV), S\u1ef1 \u0111\u1ed3ng c\u1ea3m (DC), Ph\u01b0\u01a1ng ti\u1ec7n h\u1eefu h\u00ecnh (HH) t\u00e1c \u0111\u1ed9ng \u0111\u1ebfn s\u1ef1 h\u00e0i l\u00f2ng v\u1ec1 d\u1ecbch v\u1ee5 c\u1ea5p ph\u00e1t thu\u1ed1c BHYT ngo\u1ea1i tr\u00fa c\u1ee7a ng\u01b0\u1eddi b\u1ec7nh.\n", "B\u1ea3ng 5.\n", "4 th\u00e0nh ph\u1ea7n nh\u00e2n t\u1ed1 sau ph\u00e2n t\u00edch EFA\n", "Nh\u00e2n t\u1ed1 (M\u00e3 ho\u00e1)\n", "S\u1ef1 tin c\u1eady (TC)\n", "N\u0103ng l\u1ef1c ph\u1ee5c v\u1ee5 (PV)\n", "S\u1ef1 \u0111\u1ed3ng c\u1ea3m (DC)\n", "Ph\u01b0\u01a1ng ti\u1ec7n h\u1eefu h\u00ecnh (HH)\n", "S\u1ed1 l\u01b0\u1ee3ng/Danh s\u00e1ch bi\u1ebfn 7 bi\u1ebfn: TC1, TC2,\n", "TC3, TC4, TC5, DU1,\n", "DU2.\n", "7 bi\u1ebfn: PV1, PV2,\n", "PV3, PV4, PV5, PV6,\n", "PV7.\n", "6 bi\u1ebfn: DC1, DC2,\n", "DC3, DC4, DC5,\n", "DC6.\n", "3 bi\u1ebfn: HH2,\n", "HH3, HH4.\n", "3.4.\n", "Ph\u00e2n t\u00edch t\u01b0\u01a1ng quan\n", "K\u1ebft qu\u1ea3 ph\u00e2n t\u00edch t\u01b0\u01a1ng quan Pearson cho th\u1ea5y t\u1ea5t c\u1ea3 c\u00e1c bi\u1ebfn \u0111\u1ed9c l\u1eadp \u0111\u1ec1u c\u00f3 s\u1ef1 t\u01b0\u01a1ng quan v\u1edbi bi\u1ebfn ph\u1ee5 thu\u1ed9c t\u1eeb m\u1ee9c \u0111\u1ed9 trung b\u00ecnh \u0111\u1ebfn m\u1ea1nh dao \u0111\u1ed9ng 0,585 \u2013 0.689.\n", "Trong \u0111\u00f3, bi\u1ebfn ph\u1ee5 thu\u1ed9c H\u00e0i l\u00f2ng chung t\u01b0\u01a1ng quan nhi\u1ec1u nh\u1ea5t v\u1edbi bi\u1ebfn \u0111\u1ed9c l\u1eadp Tin c\u1eady, \u00edt nh\u1ea5t v\u1edbi bi\u1ebfn\n", "\u0110\u1ed3ng c\u1ea3m.\n", "S\u1ef1 t\u01b0\u01a1ng quan gi\u1eefa c\u00e1c bi\u1ebfn \u0111\u1ed9c l\u1eadp v\u1edbi nhau trong kho\u1ea3ng 0,513 \u2013 0,697 thu\u1ed9c m\u1ee9c \u0111\u1ed9 trung b\u00ecnh \u0111\u1ebfn m\u1ea1nh, do \u0111\u00f3 khi ph\u00e2n t\u00edch h\u1ed3i quy \u0111a bi\u1ebfn nghi\u00ean c\u1ee9u th\u1eadn tr\u1ecdng v\u1edbi tr\u01b0\u1eddng h\u1ee3p \u0111a c\u1ed9ng tuy\u1ebfn c\u00f3 th\u1ec3 x\u1ea3y ra trong m\u00f4 h\u00ecnh l\u00e0m \u1ea3nh h\u01b0\u1edfng \u0111\u1ebfn k\u1ebft qu\u1ea3 ph\u00e2n t\u00edch.\n", "B\u1ea3ng 6.\n", "K\u1ebft qu\u1ea3 ki\u1ec3m \u0111\u1ecbnh t\u01b0\u01a1ng quan Pearson\n", "B\u1ea3ng 7.\n", "K\u1ebft qu\u1ea3 ph\u00e2n t\u00edch h\u1ed3i quy \u0111a bi\u1ebfn\n", "M\u00f4 h\u00ecnh\n", "H\u1ec7 s\u1ed1 ch\u01b0a chu\u1ea9n ho\u00e1\n", "H\u1ec7 s\u1ed1 chu\u1ea9n ho\u00e1\n", "Gi\u00e1 tr\u1ecb ki\u1ec3m \u0111\u1ecbnh t\n", "M\u1ee9c \u00fd ngh\u0129a th\u1ed1ng k\u00ea (Sig.)\n", "Th\u1ed1ng k\u00ea c\u1ed9ng tuy\u1ebfn\n", "B\n", "\u0110\u1ed9 l\u1ec7ch chu\u1ea9n\n", "Beta\n", "\u0110\u1ed9 ch\u1ea5p nh\u1eadn (Tolerance)\n", "H\u1ec7 s\u1ed1 ph\u00f3ng \u0111\u1ea1i ph\u01b0\u01a1ng sai (VIF)\n", "H\u1eb1ng s\u1ed1 0,554 0,168 3,296 0,001\n", "TC 0,344 0,052 0,361 6,630 0,000 0,397 2,516\n", "HH 0,146 0,039 0,175 3,714 0,000 0,529 1,890\n", "DC 0,168 0,047 0,169 3,567 0,000 0,524 1,909\n", "PV 0,160 0,055 0,154 2,925 0,004 0,425 2,351\n", "Gi\u00e1 tr\u1ecb ki\u1ec3m \u0111\u1ecbnh\n", "F 115,891 (Sig = 0,000)\n", "R 0,740\n", "R2 0,547\n", "R2 hi\u1ec7u ch\u1ec9nh 0,542 * C\u00e1c nh\u00e2n t\u1ed1 \u0111\u01b0\u1ee3c s\u1eafp x\u1ebfp theo m\u1ee9c \u0111\u1ed9 \u1ea3nh h\u01b0\u1edfng l\u00ean s\u1ef1 h\u00e0i l\u00f2ng gi\u1ea3m d\u1ea7n d\u1ef1a tr\u00ean h\u1ec7 s\u1ed1 h\u1ed3i quy chu\u1ea9n ho\u00e1 3.5.\n", "Ph\u00e2n t\u00edch h\u1ed3i quy \u0111a bi\u1ebfn\n", "Ki\u1ec3m \u0111\u1ecbnh F Change c\u00f3 Sig < 0,05 t\u1ed3n t\u1ea1i m\u00f4 h\u00ecnh tuy\u1ebfn t\u00ednh gi\u1eefa bi\u1ebfn ph\u1ee5 thu\u1ed9c v\u1edbi c\u00e1c bi\u1ebfn \u0111\u1ed9c l\u1eadp.\n", "H\u1ec7 s\u1ed1 VIF c\u1ee7a c\u00e1c bi\u1ebfn \u0111\u1ed9c l\u1eadp \u0111\u1ec1u nh\u1ecf h\u01a1n 10 cho th\u1ea5y m\u1ed1i quan h\u1ec7 t\u01b0\u01a1ng quan c\u1ee7a c\u00e1c nh\u00e2n t\u1ed1 \u0111\u00e3 ch\u1ecdn kh\u00f4ng g\u00e2y hi\u1ec7n t\u01b0\u1ee3ng \u0111a c\u1ed9ng tuy\u1ebfn.\n", "Nh\u01b0 v\u1eady, c\u1ea3 4 y\u1ebfu t\u1ed1 \u0111\u1ec1u c\u00f3 \u1ea3nh h\u01b0\u1edfng l\u00ean s\u1ef1 h\u00e0i l\u00f2ng c\u1ee7a ng\u01b0\u1eddi b\u1ec7nh v\u00e0 \u0111\u00e2y l\u00e0 m\u1ed1i quan h\u1ec7 c\u00f9ng chi\u1ec1u (H\u1ec7 s\u1ed1 B mang d\u1ea5u +), \u0111\u01b0\u1ee3c th\u1ec3 hi\u1ec7n qua ph\u01b0\u01a1ng tr\u00ecnh h\u1ed3i quy sau:\n", "HLC = 0,554 + 0,344*TC + 0,168*DC + 0,160*PV + 0,146*HH\n", "Ph\u01b0\u01a1ng tr\u00ecnh h\u1ed3i quy c\u00f3 R2 = 0,547 cho th\u1ea5y 54,7% s\u1ef1 bi\u1ebfn thi\u00ean c\u1ee7a bi\u1ebfn h\u00e0i l\u00f2ng chung \u0111\u01b0\u1ee3c gi\u1ea3i th\u00edch b\u1edfi 4 nh\u00e2n t\u1ed1 \u1ea3nh h\u01b0\u1edfng.\n"], "4": ["4.\n", "B\u00e0n lu\u1eadn\n", "Nghi\u00ean c\u1ee9u thu th\u1eadp \u0111\u01b0\u1ee3c d\u1eef li\u1ec7u t\u1eeb 389 ng\u01b0\u1eddi b\u1ec7nh (sau khi lo\u1ea1i 111 phi\u1ebfu kh\u00f4ng \u0111\u1ea1t ti\u00eau ch\u00ed) v\u1edbi m\u1ee9c \u0111\u1ed9 th\u1ea5t tho\u00e1t l\u00e0 22,2%.\n", "Trong \u0111\u00f3, \u0111a ph\u1ea7n l\u00e0 c\u00e1c \u0111\u1ed1i t\u01b0\u1ee3ng 30 \u2013 44 tu\u1ed5i \u0111\u1ebfn t\u1eeb t\u1ec9nh th\u00e0nh kh\u00e1c \u0111\u1ebfn kh\u00e1m ngo\u1ea1i tr\u00fa t\u1eeb l\u1ea7n th\u1ee9 2 tr\u1edf l\u00ean \u1edf BV\u0110HYDTPHCM.\n", "\u0110i\u1ec1u n\u00e0y kh\u00e1 ph\u00f9 h\u1ee3p v\u1edbi th\u1ef1c t\u1ebf khi BV\u0110HYDTPHCM l\u00e0 b\u1ec7nh\n", "PV TC DC HH HLC\n", "PV 1\n", "TC 0,697* 0,000\n", "DC 0,634* 0,000 0,632* 0,000\n", "HH 0,607* 0,000 0,648* 0,000 0,513* 0,000\n", "HLC 0,620* 0,000 0,689* 0,000 0,585* 0,000 0,590* 0,000 ** T\u01b0\u01a1ng quan \u0111\u1ea1t m\u1ee9c \u00fd ngh\u0129a 0,01 th\u00e0nh kh\u00e1c \u0111\u1ebfn \u0111i\u1ec1u tr\u1ecb c\u00e1c b\u1ec7nh m\u1ea1n t\u00ednh.\n", "T\u1eeb l\u00fd thuy\u1ebft thang \u0111o SERVQUAL nghi\u00ean c\u1ee9u \u0111\u00e3 x\u00e2y d\u1ef1ng thang \u0111o bao g\u1ed3m 26 bi\u1ebfn v\u00e0 k\u1ebft qu\u1ea3 ph\u00e2n t\u00edch Cronbach's Alpha cho th\u1ea5y thang \u0111o \u0111\u1ea1t \u0111\u1ed9 tin c\u1eady.\n", "Qua 2 l\u1ea7n ph\u00e2n t\u00edch nh\u00e2n t\u1ed1 EFA, nghi\u00ean c\u1ee9u thu \u0111\u01b0\u1ee3c 4 nh\u00f3m nh\u00e2n t\u1ed1 v\u1edbi 23 bi\u1ebfn \u0111\u1ed9c l\u1eadp v\u00e0 1 bi\u1ebfn ph\u1ee5 thu\u1ed9c.\n", "Nh\u00ecn chung, nghi\u00ean c\u1ee9u thu \u0111\u01b0\u1ee3c s\u1ef1 h\u00e0i l\u00f2ng c\u1ee7a ng\u01b0\u1eddi b\u1ec7nh \u0111\u1ed1i v\u1edbi d\u1ecbch v\u1ee5 c\u1ea5p ph\u00e1t thu\u1ed1c ngo\u1ea1i tr\u00fa BHYT t\u1ea1i BV\u0110HYDTPHCM n\u1eb1m \u1edf m\u1ee9c H\u00e0i l\u00f2ng \u0111\u1ebfn Ho\u00e0n to\u00e0n h\u00e0i l\u00f2ng (4,19 \u2013 4,36), \u0111i\u1ec1u n\u00e0y c\u0169ng kh\u00e1 ph\u00f9 h\u1ee3p v\u1edbi kh\u1ea3o s\u00e1t s\u01a1 b\u1ed9 s\u1ef1 h\u00e0i l\u00f2ng c\u1ee7a ng\u01b0\u1eddi b\u1ec7nh t\u1ea1i BV\u0110HYD\n", "TPHCM v\u1ec1 d\u1ecbch v\u1ee5 c\u1ea5p ph\u00e1t, h\u01b0\u1edbng d\u1eabn s\u1eed d\u1ee5ng thu\u1ed1c do B\u1ed9 Y T\u1ebf c\u00f4ng b\u1ed1 n\u0103m 2018 l\u00e0 4,42/5 [11].\n", "C\u1ee5 th\u1ec3 trong t\u1eebng nh\u00e2n t\u1ed1 nh\u01b0 sau:\n", "Nh\u00e2n t\u1ed1 s\u1ef1 tin c\u1eady: nghi\u00ean c\u1ee9u \u0111\u00e3 ghi nh\u1eadn s\u1ef1 h\u00e0i l\u00f2ng c\u1ee7a ng\u01b0\u1eddi b\u1ec7nh kh\u00e1 cao khi \u0111i\u1ec3m dao \u0111\u1ed9ng t\u1eeb 4,09 \u2013 4,33.\n", "Trong \u0111\u00f3, ng\u01b0\u1eddi b\u1ec7nh v\u00f4 c\u00f9ng h\u00e0i l\u00f2ng khi gi\u00e1 thu\u1ed1c \u0111\u01b0\u1ee3c ni\u00eam y\u1ebft r\u00f5 r\u00e0ng (4,33), b\u00ean c\u1ea1nh \u0111\u00f3 v\u1ea5n \u0111\u1ec1 ng\u01b0\u1eddi b\u1ec7nh kh\u00f4ng h\u00e0i l\u00f2ng nh\u1ea5t trong t\u1ea5t c\u1ea3 7 bi\u1ebfn c\u1ee7a S\u1ef1 tin c\u1eady l\u00e0 vi\u1ec7c nh\u00e0 thu\u1ed1c \u0111\u00e1p \u1ee9ng \u0111\u1ea7y \u0111\u1ee7 s\u1ed1 l\u01b0\u1ee3ng (4,10) c\u0169ng nh\u01b0 s\u1ed1 lo\u1ea1i thu\u1ed1c (4,09) cho nhu c\u1ea7u \u0111i\u1ec1u tr\u1ecb c\u00f2n th\u1ea5p.\n", "L\u00e0 nh\u00e2n t\u1ed1 v\u1edbi m\u1ee9c \u0111\u1ed9 \u1ea3nh h\u01b0\u1edfng cao nh\u1ea5t \u0111\u1ebfn s\u1ef1 h\u00e0i l\u00f2ng c\u1ee7a ng\u01b0\u1eddi b\u1ec7nh do \u0111\u00f3 \u0111\u00f2i h\u1ecfi nh\u00e0 qu\u1ea3n l\u00fd c\u1ea7n ph\u1ea3i t\u1eadp trung gi\u1ea3i quy\u1ebft c\u1ea5p thi\u1ebft c\u00e1c v\u1ea5n \u0111\u1ec1 ch\u01b0a mang l\u1ea1i s\u1ef1 h\u00e0i l\u00f2ng cho ng\u01b0\u1eddi b\u1ec7nh.\n", "V\u00ec v\u1eady, \u0111\u1ec3 gia t\u0103ng s\u1ef1 h\u00e0i l\u00f2ng c\u1ee7a ng\u01b0\u1eddi b\u1ec7nh, nghi\u00ean c\u1ee9u \u0111\u1ec1 xu\u1ea5t ph\u00eda th\u1ea7u ph\u00f9 h\u1ee3p v\u1edbi nhu c\u1ea7u s\u1eed d\u1ee5ng thu\u1ed1c th\u1ef1c t\u1ebf c\u1ee7a ng\u01b0\u1eddi b\u1ec7nh, b\u1ed9 ph\u1eadn cung \u1ee9ng n\u00ean theo d\u00f5i s\u00e1t t\u00ecnh h\u00ecnh s\u1eed d\u1ee5ng thu\u1ed1c \u0111\u1ec3 ti\u1ebfn h\u00e0nh mua thu\u1ed1c \u0111\u00e1p \u1ee9ng k\u1ecbp th\u1eddi tr\u00e1nh t\u00ecnh tr\u1ea1ng h\u1ebft thu\u1ed1c cung c\u1ea5p cho ng\u01b0\u1eddi b\u1ec7nh, x\u00e2y d\u1ef1ng h\u1ec7 th\u1ed1ng ph\u01b0\u01a1ng ti\u1ec7n nh\u1eb1m gi\u00fap vi\u1ec7c l\u1eadp d\u1ef1 tr\u00f9 s\u00e1t v\u1edbi t\u00ecnh h\u00ecnh s\u1eed d\u1ee5ng thu\u1ed1c th\u1ef1c t\u1ebf t\u1ea1i nh\u00e0 thu\u1ed1c.\n", "Nh\u00e2n t\u1ed1 ph\u01b0\u01a1ng ti\u1ec7n h\u1eefu h\u00ecnh: \u0111i\u1ec3m s\u1ed1 ng\u01b0\u1eddi b\u1ec7nh d\u00e0nh cho nh\u00e2n t\u1ed1 c\u00f3 m\u1ee9c \u0111\u1ed9 \u1ea3nh h\u01b0\u1edfng th\u1ee9 hai kh\u00e1 cao 4,14 \u2013 4,23.\n", "Nh\u1edd v\u00e0o vi\u1ec7c c\u00e1c bi\u1ec3n b\u00e1o t\u1ea1i nh\u00e0 thu\u1ed1c \u0111\u01b0\u1ee3c \u0111\u00e1nh s\u1ed1, ch\u1ec9 d\u1eabn d\u1ec5 hi\u1ec3u (4,23) v\u00e0 quy tr\u00ecnh t\u1eeb l\u00fac n\u1ed9p \u0111\u1ebfn l\u00fac nh\u1eadn thu\u1ed1c \u0111\u01a1n gi\u1ea3n, thu\u1eadn ti\u1ec7n \u0111em \u0111\u1ebfn s\u1ef1 h\u00e0i l\u00f2ng cho ng\u01b0\u1eddi b\u1ec7nh (4,20), b\u1ec7nh vi\u1ec7n c\u00f3 th\u1ec3 l\u1ea5y \u0111\u00f3 l\u00e0m c\u01a1 s\u1edf \u0111\u1ec3 ti\u1ebfp t\u1ee5c duy tr\u00ec v\u00e0 ph\u00e1t huy h\u01a1n trong t\u01b0\u01a1ng lai.\n", "Tuy nhi\u00ean, nghi\u00ean c\u1ee9u v\u1eabn ghi nh\u1eadn \u0111\u01b0\u1ee3c \u00fd ki\u1ebfn c\u1ee7a ng\u01b0\u1eddi b\u1ec7nh cho th\u1ea5y khu\u00f4n vi\u00ean b\u00ean ngo\u00e0i nh\u00e0 thu\u1ed1c kh\u00e1 nh\u1ecf, g\u00e2y n\u00ean c\u1ea3m gi\u00e1c kh\u00f4ng tho\u1ea3i m\u00e1i khi l\u01b0\u1ee3ng ng\u01b0\u1eddi b\u1ec7nh \u0111\u00f4ng.\n", "Nh\u00e0 thu\u1ed1c n\u00ean c\u00f3 nh\u1eefng gi\u1ea3i ph\u00e1p gi\u00fap c\u1ea3i thi\u1ec7n t\u00ecnh tr\u1ea1ng n\u00e0y nh\u01b0: b\u1ed1 tr\u00ed th\u00eam gh\u1ebf ng\u1ed3i cho ng\u01b0\u1eddi b\u1ec7nh l\u00fac ch\u1edd l\u1ea5y thu\u1ed1c, ph\u00e2n lu\u1ed3ng ng\u01b0\u1eddi b\u1ec7nh x\u1ebfp h\u00e0ng l\u1ea5y thu\u1ed1c, tr\u1ed3ng th\u00eam nhi\u1ec1u c\u00e2y xanh trong khu\u00f4n vi\u00ean nh\u1eb1m n\u00e2ng cao s\u1ef1 h\u00e0i l\u00f2ng c\u1ee7a ng\u01b0\u1eddi b\u1ec7nh v\u1edbi d\u1ecbch v\u1ee5 c\u1ea5p ph\u00e1t thu\u1ed1c ngo\u1ea1i tr\u00fa t\u1ea1i b\u1ec7nh vi\u1ec7n.\n", "Nh\u00e2n t\u1ed1 s\u1ef1 \u0111\u1ed3ng c\u1ea3m: nghi\u00ean c\u1ee9u cho th\u1ea5y nh\u00e2n vi\u00ean nh\u00e0 thu\u1ed1c \u0111\u00e3 th\u1ec3 hi\u1ec7n \u0111\u01b0\u1ee3c s\u1ef1 t\u1eadn t\u00ecnh, kh\u00f4ng ph\u00e2n bi\u1ec7t trong vi\u1ec7c c\u1ea5p ph\u00e1t thu\u1ed1c cho ng\u01b0\u1eddi b\u1ec7nh khi \u0111i\u1ec3m s\u1ed1 trung b\u00ecnh t\u1eeb 4,19 \u0111\u1ebfn 4,49, th\u1ec3 hi\u1ec7n ng\u01b0\u1eddi b\u1ec7nh r\u1ea5t h\u00e0i l\u00f2ng v\u1ec1 c\u00e1ch th\u1ee9c giao thu\u1ed1c nhi\u1ec7t t\u00ecnh, gi\u1ecdng n\u00f3i nh\u1ecf nh\u1eb9 c\u1ee7a nh\u00e2n vi\u00ean t\u1ea1i nh\u00e0 thu\u1ed1c (4,49).\n", "\u0110\u00e2y l\u00e0 \u0111i\u1ec1u r\u1ea5t t\u1ed1t m\u00e0 nh\u00e0 thu\u1ed1c BV\u0110HYDTPHCM \u0111\u00e3 th\u1ef1c hi\u1ec7n \u0111\u01b0\u1ee3c, b\u1ec7nh vi\u1ec7n c\u1ea7n ti\u1ebfp t\u1ee5c duy tr\u00ec v\u00e0 ng\u00e0y c\u00e0ng c\u1ea3i thi\u1ec7n h\u01a1n \u0111\u1ec3 n\u00e2ng cao s\u1ef1 h\u00e0i l\u00f2ng c\u1ee7a ng\u01b0\u1eddi b\u1ec7nh v\u1ec1 d\u1ecbch v\u1ee5 c\u1ea5p ph\u00e1t c\u1ee7a nh\u00e0 thu\u1ed1c.\n", "Nh\u00e2n t\u1ed1 n\u0103ng l\u1ef1c ph\u1ee5c v\u1ee5: tuy l\u00e0 nh\u00e2n t\u1ed1 v\u1edbi m\u1ee9c \u0111\u1ed9 \u1ea3nh h\u01b0\u1edfng th\u1ea5p nh\u1ea5t nh\u01b0ng c\u0169ng ph\u1ea7n n\u00e0o g\u00f3p ph\u1ea7n mang \u0111\u1ebfn s\u1ef1 h\u00e0i l\u00f2ng c\u1ee7a ng\u01b0\u1eddi b\u1ec7nh, k\u1ebft qu\u1ea3 thu \u0111\u01b0\u1ee3c \u0111i\u1ec3m s\u1ed1 s\u1ef1 h\u00e0i l\u00f2ng c\u1ee7a ng\u01b0\u1eddi b\u1ec7nh d\u00e0nh cho c\u00e1c bi\u1ebfn thu\u1ed9c nh\u00e2n t\u1ed1 n\u00e0y r\u01a1i v\u00e0o kho\u1ea3ng 3,97 \u2013 4,32.\n", "Ng\u01b0\u1eddi b\u1ec7nh r\u1ea5t h\u00e0i l\u00f2ng khi nh\u00e0 thu\u1ed1c c\u00f3 D\u01b0\u1ee3c s\u0129 chuy\u00ean m\u00f4n ki\u1ec3m tra s\u1eed d\u1ee5ng thu\u1ed1c, t\u01b0 v\u1ea5n s\u1eed d\u1ee5ng thu\u1ed1c (4,32) \u0111\u00e2y l\u00e0 \u0111i\u1ec1u kh\u00e1 ph\u00f9 h\u1ee3p khi c\u00f4ng t\u00e1c d\u01b0\u1ee3c l\u00e2m s\u00e0ng t\u1ea1i b\u1ec7nh vi\u1ec7n ph\u00e1t tri\u1ec3n kh\u00e1 m\u1ea1nh.\n", "B\u00ean c\u1ea1nh \u0111\u00f3, \u1edf nh\u00e2n t\u1ed1 n\u00e0y c\u00f3 th\u00eam m\u1ed9t \u0111i\u1ec3m thu\u1eadn l\u1ee3i m\u00e0 ng\u01b0\u1eddi b\u1ec7nh c\u0169ng kh\u00e1 h\u00e0i l\u00f2ng khi c\u00f3 th\u1ec3 mua \u0111\u01b0\u1ee3c c\u00e1c thu\u1ed1c ngo\u00e0i danh m\u1ee5c BHYT t\u1ea1i nh\u00e0 thu\u1ed1c (4,16), gi\u00fap cho ng\u01b0\u1eddi b\u1ec7nh kh\u00f4ng t\u1ed1n th\u00eam th\u1eddi gian \u0111\u1ec3 mua c\u00e1c thu\u1ed1c ngo\u00e0i danh m\u1ee5c\n", "BHYT.\n", "Tuy nhi\u00ean, th\u1eddi gian ng\u01b0\u1eddi b\u1ec7nh ch\u1edd \u0111\u1ee3i \u0111\u1ec3 nh\u1eadn thu\u1ed1c ghi nh\u1eadn \u0111i\u1ec3m s\u1ed1 th\u1ea5p nh\u1ea5t trong t\u1ea5t c\u1ea3 24 bi\u1ebfn \u0111\u1ed9c l\u1eadp \u0111\u01b0\u1ee3c kh\u1ea3o s\u00e1t trong nghi\u00ean c\u1ee9u (3,97), \u0111\u00e2y c\u0169ng l\u00e0 v\u1ea5n \u0111\u1ec1 hay g\u1eb7p ph\u1ea3i t\u1ea1i c\u00e1c b\u1ec7nh vi\u1ec7n trung t\u00e2m, tuy\u1ebfn tr\u00ean khi s\u1ed1 l\u01b0\u1ee3ng ng\u01b0\u1eddi b\u1ec7nh kh\u00e1 \u0111\u00f4ng, \u0111\u1eb7c bi\u1ec7t v\u00e0o c\u00e1c gi\u1edd cao \u0111i\u1ec3m.\n", "\u0110\u1ec3 thu ng\u1eafn th\u1eddi gian c\u1ea5p ph\u00e1t thu\u1ed1c nh\u00e0 thu\u1ed1c c\u1ea7n ph\u1ea3i t\u1ed1i \u01b0u ho\u00e1 t\u1eebng c\u00f4ng \u0111o\u1ea1n trong quy tr\u00ecnh c\u1ea5p ph\u00e1t thu\u1ed1c b\u1eb1ng vi\u1ec7c \u00e1p d\u1ee5ng c\u00e1c m\u00f4 h\u00ecnh c\u1ea3i ti\u1ebfn ch\u1ea5t l\u01b0\u1ee3ng nh\u01b0 Lean six [12- 14], ngo\u00e0i ra nh\u00e0 thu\u1ed1c c\u00f3 th\u1ec3 s\u1eafp x\u1ebfp, b\u1ed5 sung nh\u00e2n l\u1ef1c h\u1ee3p l\u00fd trong c\u00e1c gi\u1edd cao \u0111i\u1ec3m, m\u1edf th\u00eam c\u00e1c qu\u1ea7y giao thu\u1ed1c,...\n", "\u0111\u1ea3m b\u1ea3o th\u1eddi gian c\u1ea5p ph\u00e1t trong gi\u1edd cao \u0111i\u1ec3m \u0111\u01b0\u1ee3c c\u1ea3i thi\u1ec7n t\u1eeb \u0111\u00f3 s\u1ef1 h\u00e0i l\u00f2ng c\u1ee7a ng\u01b0\u1eddi b\u1ec7nh \u0111\u01b0\u1ee3c n\u00e2ng cao.\n", "M\u1eb7c d\u00f9 nghi\u00ean c\u1ee9u \u0111\u00e3 kh\u1ea3o s\u00e1t th\u1ef1c hi\u1ec7n \u0111\u01b0\u1ee3c c\u00e1c m\u1ee5c ti\u00eau \u0111\u1ec1 ra tuy nhi\u00ean nghi\u00ean c\u1ee9u ch\u1ec9 m\u1edbi cung c\u1ea5p c\u00e1c k\u1ebft qu\u1ea3 li\u00ean quan \u0111\u1ebfn s\u1ef1 h\u00e0i l\u00f2ng c\u1ee7a ng\u01b0\u1eddi b\u1ec7nh trong n\u0103m 2019, c\u00e1c gi\u1ea3i ph\u00e1p \u0111\u1ec1 ra ch\u01b0a \u0111\u00e1nh gi\u00e1 m\u1ee9c \u0111\u1ed9 hi\u1ec7u qu\u1ea3 khi \u00e1p d\u1ee5ng v\u00e0o th\u1ef1c t\u1ebf.\n", "V\u00ec v\u1eady, h\u01b0\u1edbng nghi\u00ean c\u1ee9u ti\u1ebfp theo s\u1ebd ti\u1ebfn h\u00e0nh \u00e1p d\u1ee5ng c\u00e1c gi\u1ea3i ph\u00e1p c\u1ea3i ti\u1ebfn v\u00e0o th\u1ef1c t\u1ebf, qua \u0111\u00f3 kh\u1ea3o s\u00e1t l\u1ea1i \u0111\u1ec3 \u0111\u00e1nh gi\u00e1 hi\u1ec7u qu\u1ea3 c\u1ee7a c\u00e1c gi\u1ea3i ph\u00e1p \u0111\u01b0\u1ee3c \u0111\u1eb7t ra nh\u1eb1m n\u00e2ng cao h\u01a1n n\u1eefa ch\u1ea5t l\u01b0\u1ee3ng c\u1ea5p ph\u00e1t thu\u1ed1c BHYT ngo\u1ea1i tr\u00fa t\u1ea1i BV\u0110HYDTPHCM.\n"], "5": ["5.\n", "K\u1ebft lu\u1eadn\n", "S\u1ef1 h\u00e0i l\u00f2ng c\u1ee7a ng\u01b0\u1eddi b\u1ec7nh \u0111\u1ed1i v\u1edbi d\u1ecbch v\u1ee5 c\u1ea5p ph\u00e1t thu\u1ed1c ngo\u1ea1i tr\u00fa BHYT t\u1ea1i BV\u0110HYD\n", "TPHCM \u0111\u01b0\u1ee3c \u0111\u00e1nh gi\u00e1 qua 26 bi\u1ebfn.\n", "Qua \u0111\u00f3, thu \u0111\u01b0\u1ee3c 4 nh\u00e2n t\u1ed1 \u1ea3nh h\u01b0\u1edfng \u0111\u1ebfn s\u1ef1 h\u00e0i l\u00f2ng c\u1ee7a ng\u01b0\u1eddi b\u1ec7nh, \u0111i\u1ec3n h\u00ecnh l\u00e0 S\u1ef1 tin c\u1eady.\n", "Tuy nhi\u00ean v\u1eabn c\u00f2n m\u1ed9t v\u00e0i \u0111i\u1ec3m m\u00e0 nh\u00e0 thu\u1ed1c c\u1ea7n c\u1ea3i thi\u1ec7n \u0111\u1ec3 n\u00e2ng cao h\u01a1n s\u1ef1 h\u00e0i l\u00f2ng c\u1ee7a ng\u01b0\u1eddi b\u1ec7nh nh\u01b0 ch\u01b0a \u0111\u00e1p \u1ee9ng \u0111\u1ea7y \u0111\u1ee7 s\u1ed1 l\u01b0\u1ee3ng, s\u1ed1 lo\u1ea1i thu\u1ed1c theo nhu c\u1ea7u, th\u1eddi gian c\u1ea5p ph\u00e1t thu\u1ed1c ch\u01b0a \u0111\u01b0\u1ee3c t\u1ed1i \u01b0u, di\u1ec7n t\u00edch khu\u00f4n vi\u00ean t\u1ea1i nh\u00e0 thu\u1ed1c c\u00f2n h\u1ea1n ch\u1ebf.\n", "V\u00ec \u0111\u00e2y l\u00e0 nghi\u00ean c\u1ee9u mang t\u00ednh th\u1eddi \u0111i\u1ec3m,\n", "BV\u0110HYDTPHCM c\u1ea7n c\u00f3 ho\u1ea1t \u0111\u1ed9ng nghi\u00ean c\u1ee9u kh\u1ea3o s\u00e1t s\u1ef1 h\u00e0i l\u00f2ng c\u1ee7a ng\u01b0\u1eddi b\u1ec7nh th\u01b0\u1eddng quy \u0111\u1ec3 c\u00f3 th\u1ec3 n\u1eafm b\u1eaft k\u1ecbp th\u1eddi v\u1ea5n \u0111\u1ec1 ch\u01b0a mang \u0111\u1ebfn s\u1ef1 h\u00e0i l\u00f2ng cho ng\u01b0\u1eddi b\u1ec7nh nh\u1eb1m \u0111\u01b0a ra c\u00e1c gi\u1ea3i ph\u00e1p n\u00e2ng cao ch\u1ea5t l\u01b0\u1ee3ng ph\u00f9 h\u1ee3p.\n"]}, "Word count": 4569}