{"title": "B\u00e1o c\u00e1o tr\u01b0\u1eddng h\u1ee3p u x\u01a1 t\u1eed cung tr\u00ean b\u1ec7nh nh\u00e2n m\u1eafc h\u1ed9i ch\u1ee9ng Mayer Rokitanski Kuster Hauser\n", "content": {"0": ["T\u00f3m t\u1eaft: H\u1ed9i ch\u1ee9ng MRKH l\u00e0 m\u1ed9t h\u00ecnh th\u00e1i d\u1ecb d\u1ea1ng sinh d\u1ee5c hi\u1ebfm g\u1eb7p (1/4000-5000 ng\u01b0\u1eddi) bi\u1ec3u hi\u1ec7n kh\u00f4ng c\u00f3 t\u1eed cung, d\u00f9 2 ph\u1ea7n ph\u1ee5 v\u1eabn ph\u00e1t tri\u1ec3n b\u00ecnh th\u01b0\u1eddng.\n", "Nh\u1eefng ng\u01b0\u1eddi m\u1eafc h\u1ed9i ch\u1ee9ng\n", "MRKH kh\u00f4ng c\u00f3 hi\u1ec7n t\u01b0\u1ee3ng kinh nguy\u1ec7t m\u1eb7c d\u00f9 c\u00e1c d\u1ea5u hi\u1ec7u sinh d\u1ee5c ph\u1ee5 ho\u00e0n to\u00e0n b\u00ecnh th\u01b0\u1eddng.\n", "T\u00ecnh tr\u1ea1ng c\u00e1c t\u1ebf b\u00e0o x\u01a1 \u1edf d\u1ea3i x\u01a1 di t\u00edch c\u1ee7a \u1ed1ng Muller ph\u00e1t tri\u1ec3n th\u00e0nh c\u00e1c kh\u1ed1i u gi\u1ed1ng kh\u1ed1i u x\u01a1 t\u1eed cung r\u1ea5t hi\u1ebfm g\u1eb7p v\u00e0 th\u01b0\u1eddng g\u00e2y kh\u00f3 kh\u0103n trong ch\u1ea9n \u0111o\u00e1n ngu\u1ed3n g\u1ed1c u.\n", "Ph\u1eabu thu\u1eadt c\u1eaft b\u1ecf kh\u1ed1i u \u0111\u1ec3 tr\u00e1nh hi\u1ec7n t\u01b0\u1ee3ng ch\u00e8n \u00e9p do u g\u00e2y n\u00ean l\u00e0 gi\u1ea3i ph\u00e1p \u0111i\u1ec1u tr\u1ecb hi\u1ec7u qu\u1ea3 nh\u1ea5t.\n", "T\u1eeb kho\u00e1: H\u1ed9i ch\u1ee9ng MRKH, u x\u01a1 t\u1eed cung.\n"], "1": ["1.\n", "Gi\u1edbi thi\u1ec7u chung\n", "U x\u01a1 xu\u1ea5t ph\u00e1t t\u1eeb c\u00e1c d\u1ea3i x\u01a1 ho\u1eb7c t\u1eeb di t\u00edch c\u1ee7a s\u1eebng t\u1eed cung kh\u00f4ng ph\u00e1t tri\u1ec3n trong h\u1ed9i ch\u1ee9ng Mayer Rokitanski Kuster Hauser (MRKH) l\u00e0 m\u1ed9t h\u00ecnh th\u00e1i b\u1ec7nh l\u00fd v\u00f4 c\u00f9ng hi\u1ebfm g\u1eb7p.\n", "C\u00e1c kh\u1ed1i nh\u00e2n x\u01a1 th\u01b0\u1eddng ph\u00e1t tri\u1ec3n trong ti\u1ec3u khung cho \u0111\u1ebfn m\u1ed9t k\u00edch th\u01b0\u1edbc \u0111\u1ee7 l\u1edbn g\u00e2y ch\u00e8n \u00e9p trong c\u00e1c t\u1ea1ng ti\u1ec3u khung v\u00e0 t\u1ea1o n\u00ean tri\u1ec7u ch\u1ee9ng nh\u01b0 \u0111au ho\u1eb7c r\u1ed1i lo\u1ea1n \u0111\u1ea1i ti\u1ec3u ti\u1ec7n, khi\u1ebfn b\u1ec7nh nh\u00e2n \u0111i kh\u00e1m v\u00e0 \u0111\u01b0\u1ee3c ph\u00e1t hi\u1ec7n b\u1ec7nh.\n", "Sau \u0111\u00e2y l\u00e0 m\u1ed9t tr\u01b0\u1eddng h\u1ee3p hi h\u1eefu nh\u01b0 v\u1eady \u0111\u01b0\u1ee3c ph\u00e1t hi\u1ec7n t\u1ea1i B\u1ec7nh vi\u1ec7n Ph\u1ee5 S\u1ea3n H\u00e0\n", "N\u1ed9i n\u0103m 2017.\n"], "2": ["2.\n", "Ca l\u00e2m s\u00e0ng\n", "B\u1ec7nh nh\u00e2n n\u1eef 29 tu\u1ed5i \u0111\u00e3 \u0111\u01b0\u1ee3c ch\u1ea9n \u0111o\u00e1n m\u1eafc h\u1ed9i ch\u1ee9ng Mayer Rokitanski Kuster\n", "Hauser (MRKH), kh\u00f4ng c\u00f3 t\u1eed cung, c\u00f3 2 bu\u1ed3ng tr\u1ee9ng v\u00e0 c\u00f3 \u00e2m \u0111\u1ea1ong\u1eafn h\u01a1n b\u00ecnh th\u01b0\u1eddng [1].\n", "B\u1ec7nh nh\u00e2nl\u00e0 ng\u01b0\u1eddi v\u00f4 kinh nguy\u00ean ph\u00e1t v\u00e0 kh\u00f4ng m\u1eafc b\u1ec7nh l\u00fd ph\u1ee5 khoa t\u1eeb tr\u01b0\u1edbc.\n", "Th\u00e1ng 8/2017, b\u1ec7nh nh\u00e2n \u0111\u1ebfn kh\u00e1m t\u1ea1i b\u1ec7nh vi\u1ec7n Ph\u1ee5\n", "S\u1ea3n H\u00e0 N\u1ed9i v\u00ec n\u1eb7ng t\u1ee9c b\u1ee5ng v\u00e0 si\u00eau \u00e2m ph\u00e1t hi\u1ec7n m\u1ed9t kh\u1ed1i u to \u1edf ti\u1ec3u khung, b\u1ec7nh nh\u00e2n \u0111\u01b0\u1ee3c nh\u1eadp vi\u1ec7n.\n", "K\u1ebft qu\u1ea3 kh\u00e1m b\u1ec7nh cho th\u1ea5y b\u1ec7nh nh\u00e2n c\u00f3 ki\u1ec3u h\u00ecnh n\u1eef, c\u00e1c d\u1ea5u hi\u1ec7u sinh d\u1ee5c ph\u1ee5 mang t\u00ednh n\u1eef ho\u00e0n to\u00e0n b\u00ecnh th\u01b0\u1eddng.\n", "\u00c2m h\u1ed9 b\u00ecnh th\u01b0\u1eddng, \u00e2m \u0111\u1ea1o b\u1ecbt kh\u00f4ng c\u00f3 c\u1ed5 t\u1eed cung d\u00e0i kho\u1ea3ng 5 cm.\n", "Th\u0103m \u00e2m \u0111\u1ea1o x\u00e1c \u0111\u1ecbnh th\u1ea5y kh\u1ed1i u ch\u1eafc, ranh gi\u1edbi r\u00f5 k\u00edch th\u01b0\u1edbc 10x12 cm trong ti\u1ec3u khung.\n", "T\u1ea1i th\u1eddi \u0111i\u1ec3m kh\u00e1m, ch\u00fang t\u00f4i ti\u1ebfn h\u00e0nh si\u00eau \u00e2m \u0111\u01b0\u1eddng \u00e2m \u0111\u1ea1o v\u00e0 si\u00eau \u00e2m \u0111\u01b0\u1eddng b\u1ee5ng kh\u00f4ng quan s\u00e1t th\u1ea5y c\u1ea5u tr\u00fac t\u1eed cung th\u00f4ng th\u01b0\u1eddng v\u1edbi c\u01a1 t\u1eed cung v\u00e0 ni\u00eam m\u1ea1c bu\u1ed3ng t\u1eed cung, ch\u1ec9 th\u1ea5y h\u00ecnh \u1ea3nh \u00e2m vang h\u1ed7n h\u1ee3p gi\u1ed1ng \u00e2m vang nh\u00e2n x\u01a1 t\u1eed cung nh\u01b0ng l\u1ec7ch b\u00ean tr\u00e1i ti\u1ec3u khung.\n", "Si\u00eau \u00e2m c\u0169ng x\u00e1c \u0111\u1ecbnh h\u00ecnh \u1ea3nh 2 bu\u1ed3ng tr\u1ee9ng c\u00f3 k\u00edch th\u01b0\u1edbc b\u00ecnh th\u01b0\u1eddng.\n", "K\u1ebft qu\u1ea3 ch\u1ee5p MRI ti\u1ec3u khung ghi nh\u1eadn h\u00ecnh \u1ea3nh kh\u1ed1i u c\u00f3 k\u00edch th\u01b0\u1edbc 9,8x12,8x14,7 cm gi\u1ea3m t\u00edn hi\u1ec7u tr\u00ean T2W, \u0111\u1ed3ng t\u00edn hi\u1ec7u tr\u00ean T1, d\u1ea1ng u x\u01a1 chi\u1ebfm to\u00e0n b\u1ed9 t\u1eed cung? Kh\u00f4ng quan s\u00e1t th\u1ea5y nhu m\u00f4 t\u1eed cung l\u00e0nh,kh\u00f4ng quan s\u00e1t th\u1ea5y ni\u00eam m\u1ea1c v\u00e0 bu\u1ed3ng t\u1eed cung.\n", "Sau ti\u00eam thu\u1ed1c \u0111\u1ed1i quang t\u1eeb kh\u1ed1i ng\u1ea5m thu\u1ed1c m\u1ea1nh kh\u00f4ng \u0111\u1ed3ng nh\u1ea5t.\n", "Hai bu\u1ed3ng tr\u1ee9ng quan s\u00e1t \u0111\u01b0\u1ee3c c\u00f3 c\u1ea5u tr\u00fac v\u00e0 k\u00edch th\u01b0\u1edbc b\u00ecnh th\u01b0\u1eddng kh\u00f4ng c\u00f3 kh\u1ed1i khu tr\u00fa b\u1ea5t th\u01b0\u1eddng t\u1ea1i 2 bu\u1ed3ng tr\u1ee9ng.\n", "K\u1ebft qu\u1ea3 si\u00eau \u00e2m v\u00e0 MRI h\u01b0\u1edbng nhi\u1ec1u t\u1edbi ch\u1ea9n \u0111o\u00e1n kh\u1ed1i u x\u01a1 thu\u1ed9c v\u1ec1 t\u1eed cung tuy nhi\u00ean tr\u00ean m\u1ed9t b\u1ec7nh nh\u00e2n \u0111\u00e3 \u0111\u01b0\u1ee3c ch\u1ea9n \u0111o\u00e1n m\u1eafc MRKH, \u0111\u00e2y l\u00e0 l\u1ea7n \u0111\u1ea7u ti\u00ean ch\u00fang t\u00f4i ph\u00e1t hi\u1ec7n t\u1ed5 ch\u1ee9c u x\u01a1 nh\u01b0 v\u1eady.\n", "\u0110\u1ec3 x\u00e1c \u0111\u1ecbnh r\u00f5 h\u01a1n n\u1eefa v\u1ec1 t\u00ecnh tr\u1ea1ng u x\u01a1 t\u1eed cung hay u x\u01a1 thu\u1ed9c v\u1ec1 bu\u1ed3ng tr\u1ee9ng hay m\u1ed9t kh\u1ed1i u thu\u1ed9c t\u1ed5 ch\u1ee9c kh\u00e1c, ch\u00fang t\u00f4i ti\u1ebfn h\u00e0nh si\u00eau \u00e2m \u1ed5 b\u1ee5ng x\u00e1c \u0111\u1ecbnh 2 th\u1eadn k\u00edch th\u01b0\u1edbc b\u00ecnh th\u01b0\u1eddng \u1edf v\u1ecb tr\u00ed th\u00f4ng th\u01b0\u1eddng.\n", "K\u1ebft qu\u1ea3 \u0111\u1ecbnh l\u01b0\u1ee3ng n\u1ed9i ti\u1ebft n\u1eef trong m\u00e1u c\u1ee7a b\u1ec7nh nh\u00e2n cho th\u1ea5y c\u00e1c ch\u1ec9 s\u1ed1 trong gi\u1edbi h\u1ea1n b\u00ecnh th\u01b0\u1eddng tr\u1eeb prolactin m\u00e1u cao h\u01a1n (415,04mUI/l)v\u00e0 k\u1ebft qu\u1ea3 nhi\u1ec5m s\u1eafc \u0111\u1ed3 cho k\u1ebft qu\u1ea3 b\u1ed9 nhi\u1ec5m s\u1eafc th\u1ec3 n\u1eef 46 XX.Ch\u1ea9n \u0111o\u00e1n tr\u01b0\u1edbc m\u1ed5 \u0111\u01b0\u1ee3c \u0111\u1eb7t ra l\u00e0 u x\u01a1 c\u1ee7a bu\u1ed3ng tr\u1ee9ng, ch\u01b0a lo\u1ea1i tr\u1eeb kh\u1ed1i u c\u1ee7a c\u00e1c t\u1ed5 ch\u1ee9c kh\u00e1c kh\u00f4ng thu\u1ed9c c\u01a1 quan sinh d\u1ee5c.\n", "B\u1ec7nh nh\u00e2n \u0111\u01b0\u1ee3c m\u1ed5 m\u1edf \u0111\u01b0\u1eddng ngang tr\u00ean x\u01b0\u01a1ng mu,2 bu\u1ed3ng tr\u1ee9ng v\u00e0 2 v\u00f2i t\u1eed cung quan s\u00e1t b\u00ecnh th\u01b0\u1eddng \u1edf 2 b\u00ean c\u1ee7a ti\u1ec3u khung.\n", "Hai bu\u1ed3ng tr\u1ee9ng \u0111\u01b0\u1ee3c n\u1ed1i v\u1edbi nhau b\u1edfi d\u1ea3i x\u01a1 v\u00e0 tr\u00ean c\u1ea5u tr\u00fac x\u01a1 \u0111\u00f3 xu\u1ea5t hi\u1ec7n t\u1ed5 ch\u1ee9c x\u01a1dai, b\u1ec1 m\u1eb7t ngo\u00e0i tr\u01a1n nh\u1eb5n k\u00edch th\u01b0\u1edbc 10x13x15cm kh\u00f4ng k\u1ebft n\u1ed1i v\u1edbi \u00e2m \u0111\u1ea1o.\n", "Ph\u1eabu thu\u1eadt vi\u00ean ti\u1ebfn h\u00e0nh b\u00f3c kh\u1ed1i x\u01a1 ra kh\u1ecfi d\u1ea3i x\u01a1 v\u00e0 c\u1ea7m m\u00e1u k\u1ef9.\n", "B\u1ec7nh nh\u00e2n tr\u1ea3i qua th\u1eddi k\u1ef3 h\u1eadu ph\u1eabu \u1ed5n \u0111\u1ecbnh ra vi\u1ec7n sau 4 ng\u00e0y.\n", "K\u1ebft qu\u1ea3 gi\u1ea3i ph\u1eabu b\u1ec7nh cho th\u1ea5y c\u1ea5u tr\u00fac: c\u00e1c t\u1ebf b\u00e0o m\u00f4 h\u00ecnh thoi d\u00e0i, x\u1ebfp h\u00e0ng t\u1eebng b\u00f3, song song ho\u1eb7c h\u00ecnh xo\u00e1y l\u1ed1c, nh\u00e2n t\u1ebf b\u00e0o nh\u1ecf \u0111\u1ec1u nhau, kh\u00f4ng c\u00f3 h\u00ecnh \u1ea3nh nh\u00e2n chia.\n", "H\u00ecnh 1.\n", "H\u00ecnh \u1ea3nh vi th\u1ec3 c\u1ee7a kh\u1ed1i u.\n"], "3": ["3.\n", "B\u00e0n lu\u1eadn v\u1ec1 ngu\u1ed3n g\u1ed1c kh\u1ed1i u c\u00f3 h\u00ecnh \u1ea3nh \u0111\u1ea1i th\u1ec3 gi\u1ed1ng nh\u00e2n x\u01a1 t\u1eed cung 3.1.\n", "Kh\u1ed1i u gi\u1ed1ng t\u1eed cung (Uterus like mass: ULM)\n", "L\u00e0 m\u1ed9t h\u00ecnh th\u00e1i b\u1ec7nh l\u00fd r\u1ea5t hi\u1ebfm g\u1eb7p trong \u0111\u00f3 ng\u01b0\u1eddi ta t\u00ecm th\u1ea5y m\u1ed9t kh\u1ed1i u v\u1ec1 \u0111\u1ea1i th\u1ec3 gi\u1ed1ng nh\u01b0 t\u1eed cung.\n", "Kh\u1ed1i u n\u00e0y c\u00f3 \u0111\u1eb7c \u0111i\u1ec3m: c\u0169ng c\u00f3 t\u1ed5 ch\u1ee9c ni\u00eam m\u1ea1c l\u00f3t \u1edf trung t\u00e2m v\u00e0 bao quanh l\u00e0 nh\u1eefng kh\u1ed1i c\u01a1 tr\u01a1n d\u1ea7y gi\u1ed1ng nh\u01b0 m\u1ed9t t\u1eed cung.\n", "ULM th\u01b0\u1eddng \u0111\u01b0\u1ee3c quan s\u00e1t th\u1ea5y \u1edf bu\u1ed3ng tr\u1ee9ng, d\u00e2y ch\u1eb1ng t\u1eed cung- c\u00f9ng, th\u00e0nh ti\u1ec3u khung ru\u1ed9t non ho\u1eb7c m\u1ea1c treo ru\u1ed9t non ho\u1eb7c trong d\u00e2y ch\u1eb1ng r\u1ed9ng v\u00e0 c\u00f3 th\u1ec3 quan s\u00e1t th\u1ea5y c\u1ea3 \u1edf nam gi\u1edbi.\n", "M\u1ed9t nh\u00f3m t\u00e1c gi\u1ea3 Trung\n", "Qu\u1ed1c \u0111\u00e3 g\u1eb7p m\u1ed9t kh\u1ed1i u k\u00edch th\u01b0\u1edbc 7x4,6x4,2 cm trong d\u00e2y ch\u1eb1ng r\u1ed9ng c\u1ee7a m\u1ed9t ph\u1ee5 n\u1eef 43 tu\u1ed5i \u0111au b\u1ee5ng c\u1ea5p trong v\u00f2ng 2 gi\u1edd [2].\n", "B\u1ec7nh nh\u00e2n n\u00e0y \u0111\u00e3 \u0111\u01b0\u1ee3c si\u00eau \u00e2m ph\u00e1t hi\u1ec7n ra kh\u1ed1i u \u1edf ti\u1ec3u khung t\u1eeb 3 th\u00e1ng tr\u01b0\u1edbc.\n", "Khi m\u1ed5 c\u1ea5p c\u1ee9u ph\u1eabu thu\u1eadt vi\u00ean quan s\u00e1t th\u1ea5y t\u1eed cung, 2 v\u00f2i t\u1eed cung v\u00e0 2 bu\u1ed3ng tr\u1ee9ng b\u00ecnh th\u01b0\u1eddng kh\u1ed1i ULM n\u00e0y n\u1eb1m \u1edf trong 2 l\u00e1 c\u1ee7a d\u00e2y ch\u1eb1ng r\u1ed9ng.\n", "K\u1ebft qu\u1ea3 gi\u1ea3i ph\u1eabu b\u1ec7nh l\u00fd c\u1ee7a kh\u1ed1i u n\u00e0y ch\u00ednh l\u00e0 m\u1ed9t kh\u1ed1i ULM v\u1edbi c\u1ea5u tr\u00fac r\u1ea5t b\u00ecnh th\u01b0\u1eddng c\u1ee7a c\u01a1 t\u1eed cung bao b\u1ecdc ni\u00eam m\u1ea1c t\u1eed cung \u1edf gi\u1eefa.\n", "C\u0169ng theo t\u00e1c gi\u1ea3,t\u1eeb n\u0103m 1981 c\u00f3 45 tr\u01b0\u1eddng h\u1ee3p ULM \u0111\u00e3 \u0111\u01b0\u1ee3c b\u00e1o c\u00e1o tr\u00ean th\u1ebf gi\u1edbi.\n", "Tuy nhi\u00ean, kh\u1ed1i u trong b\u00e1o c\u00e1o c\u1ee7a ch\u00fang t\u00f4i \u0111\u01b0\u1ee3c \u0111\u00e3 \u0111\u01b0\u1ee3cg\u1eedi gi\u1ea3i ph\u1eabu b\u1ec7nh l\u00fd quan s\u00e1t th\u1ea5y v\u1ec1 \u0111\u1ea1i th\u1ec3 kh\u1ed1i u kh\u00f4ng c\u00f3 c\u1ea5u tr\u00fac ni\u00eam m\u1ea1c \u1edf trung t\u00e2m.\n", "H\u00ecnh \u1ea3nh vi th\u1ec3 c\u1ee7a kh\u1ed1i u \u0111\u01b0\u1ee3c x\u00e1c \u0111\u1ecbnh g\u1ed3m c\u00e1c t\u1ebf b\u00e0o m\u00f4 h\u00ecnh thoi d\u00e0i x\u1ebfp th\u00e0nh t\u1eebng b\u00f3, song song ho\u1eb7c xo\u00e1y l\u1ed1c l\u00e0 h\u00ecnh \u1ea3nh nh\u00e2n x\u01a1 t\u1eed cung.\n", "3.2.\n", "Kh\u1ed1i u x\u01a1 trong h\u1ed9i ch\u1ee9ng MRKH\n", "Ch\u00fang t\u00f4i t\u00ecm \u0111\u01b0\u1ee3c m\u1ed9t b\u00e0i b\u00e1o c\u00f4ng b\u1ed1 t\u00ecnh tr\u1ea1ng m\u1ed9t ph\u1ee5 n\u1eef 35 tu\u1ed5i c\u0169ng m\u1eafc h\u1ed9i ch\u1ee9ng MRKH.\n", "M\u00f4 t\u1ea3 c\u00e1c \u0111\u1eb7c \u0111i\u1ec3m l\u00e2m s\u00e0ng c\u1ee7a b\u1ec7nh nh\u00e2n n\u00e0y c\u0169ng t\u01b0\u01a1ng t\u1ef1 nh\u01b0 b\u1ec7nh nh\u00e2n c\u1ee7a ch\u00fang t\u00f4i, \u0111i\u1ec3m kh\u00e1c l\u00e0 b\u1ec7nh nh\u00e2n n\u00e0y \u0111\u01b0\u1ee3c n\u1ed9i soi \u1ed5 b\u1ee5ng n\u0103m 19 tu\u1ed5i v\u00e0 x\u00e1c \u0111\u1ecbnh ch\u00ednh x\u00e1c kh\u00f4ng c\u00f3 t\u1eed cung ch\u1ec9 c\u00f3 bu\u1ed3ng tr\u1ee9ng v\u00e0 2 v\u00f2i t\u1eed cung b\u00ecnh th\u01b0\u1eddng ngo\u00e0i ra \u00e2m \u0111\u1ea1o c\u1ee7a b\u1ec7nh nh\u00e2n ch\u1ec9 s\u00e2u 1 cm ng\u1eafn h\u01a1n so v\u1edbi chi\u1ec1u d\u00e0i \u00e2m \u0111\u1ea1o b\u1ec7nh nh\u00e2n ch\u00fang t\u00f4i g\u1eb7p.\n", "Theo Rawat KS, t\u1ef7 l\u1ec7 m\u1eafc MRKH l\u00e0 1 tr\u00ean 4000-5000 ng\u01b0\u1eddi.\n", "C\u01a1 quan sinh d\u1ee5c c\u1ee7a n\u1eef \u0111\u01b0\u1ee3c h\u00ecnh th\u00e0nh t\u1eeb 2 ngu\u1ed3n g\u1ed1c ph\u00f4i thai kh\u00e1c nhau trong \u0111\u00f3 t\u1eed cung v\u00e0 ph\u1ea7n tr\u00ean c\u1ee7a \u00e2m \u0111\u1ea1o \u0111\u01b0\u1ee3c t\u1ea1o th\u00e0nh t\u1eeb 2 \u1ed1ng Muller c\u00f2n bu\u1ed3ng tr\u1ee9ng v\u00e0 v\u00f2i t\u1eed cung \u0111\u01b0\u1ee3c h\u00ecnh th\u00e0nh t\u1eeb xoang ni\u1ec7u d\u1ee5c.\n", "Ch\u00ednh v\u00ec v\u1eady, khi c\u00f3 t\u00e1c nh\u00e2n n\u00e0o \u0111\u00f3 t\u00e1c \u0111\u1ed9ng tr\u1ef1c ti\u1ebfp v\u00e0o \u1ed1ng Muller d\u1eabn t\u1edbi t\u00ecnh tr\u1ea1ng kh\u00f4ng c\u00f3 t\u1eed cung v\u00e0 \u00e2m \u0111\u1ea1o ng\u1eafn nh\u01b0ng 2 bu\u1ed3ng tr\u1ee9ng v\u00e0 2 v\u00f2i t\u1eed cung v\u1eabn h\u00ecnh th\u00e0nh v\u00e0 ph\u00e1t tri\u1ec3n b\u00ecnh th\u01b0\u1eddng.\n", "M\u1ed9t \u0111i\u1ec3m \u0111\u1eb7c bi\u1ec7t, nh\u1eefng ph\u1ee5 n\u1eef m\u1eafc\n", "MRKH c\u00f2n c\u00f3 th\u1ec3 c\u00f3 c\u1ea3 b\u1ea5t th\u01b0\u1eddng v\u1ec1 th\u1eadn, c\u1ed9t s\u1ed1ng, tim v\u00e0 th\u00ednh l\u1ef1c b\u00ean c\u1ea1nh nh\u1eefng b\u1ea5t th\u01b0\u1eddng t\u1ea1i c\u01a1 quan sinh d\u1ee5c [3].\n", "M\u1ed9t b\u00e1o c\u00e1o m\u1edbi nh\u1ea5t n\u0103m 2017 tr\u00ean\n", "Gynecology c\u0169ng m\u00f4 t\u1ea3 m\u1ed9t tr\u01b0\u1eddng h\u1ee3p u x\u01a1 ph\u00e1t tri\u1ec3n t\u1eeb d\u1ea3i x\u01a1 c\u00f3 ngu\u1ed3n g\u1ed1c t\u1eeb \u1ed1ng Muller c\u1ee7a 1 b\u1ec7nh nh\u00e2n MRKH 45 tu\u1ed5i [4].\n", "C\u00e1c \u0111\u1eb7c \u0111i\u1ec3m c\u1ee7a b\u1ec7nh nh\u00e2n n\u00e0y c\u0169ng gi\u1ed1ng b\u1ec7nh nh\u00e2n ch\u00fang t\u00f4i: kh\u00f4ng c\u00f3 t\u1eed cung, c\u00f3 2 ph\u1ea7n ph\u1ee5 b\u00ecnh th\u01b0\u1eddng \u00e2m \u0111\u1ea1o ng\u1eafn 1,5 cm.\n", "B\u1ec7nh nh\u00e2n n\u00e0y c\u00f3 ch\u1ec9 s\u1ed1 lactate dehydrogenase huy\u1ebft thanh t\u0103ng nh\u1eb9 (566 IU) v\u00e0 ch\u1ec9 s\u1ed1 BMI t\u0103ng 31,2.\n", "B\u1ec7nh nh\u00e2n t\u1ef1 s\u1edd th\u1ea5y kh\u1ed1i u h\u1ea1 v\u1ecb v\u00e0 \u0111au b\u1ee5ng 2 n\u0103m tr\u01b0\u1edbc khi ph\u1ea3i nh\u1eadp vi\u1ec7n.\n", "CT scanner v\u00e0 si\u00eau \u00e2m \u0111\u1ec1u x\u00e1c \u0111\u1ecbnh b\u1ec7nh nh\u00e2n kh\u00f4ng c\u00f3 t\u1eed cung v\u00e0 kh\u1ed1i u h\u1ea1 v\u1ecb \u0111\u01b0\u1ee3c d\u1ef1 \u0111o\u00e1n l\u00e0 kh\u1ed1i u c\u1ee7a bu\u1ed3ng tr\u1ee9ng v\u00ec kh\u1ed1i u qu\u00e1 l\u1edbn n\u00ean kh\u00f4ng t\u00ecm th\u1ea5y h\u00ecnh \u1ea3nh bu\u1ed3ng tr\u1ee9ng th\u00f4ng th\u01b0\u1eddng.\n", "Ph\u1eabu thu\u1eadt m\u1edf b\u1ee5ng cho th\u1ea5y 2 kh\u1ed1i u \u0111\u1eb7c xu\u1ea5t ph\u00e1t t\u1eeb 2 d\u1ea3i x\u01a1 l\u00e0 v\u1ed1n l\u00e0 di t\u00edch c\u1ee7a 2 s\u1eebng t\u1eed cung kh\u00f4ng ph\u00e1t tri\u1ec3n [4].\n", "C\u1ea3 2 t\u00e1c gi\u1ea3 tr\u00ean \u0111\u1ec1u th\u1ed1ng nh\u1ea5t trong c\u00e1ch gi\u1ea3i th\u00edch kh\u1ed1i u x\u01a1 t\u1eed cung h\u00ecnh th\u00e0nh do \u0111o\u1ea1n cu\u1ed1i c\u1ee7a c\u00e1c \u1ed1ng Muller c\u00f3 c\u00e1c s\u1ee3i c\u01a1 tr\u01a1n.\n", "U x\u01a1 t\u1eed cung b\u1ea3n ch\u1ea5t l\u00e0 c\u00e1c kh\u1ed1i u ph\u1ee5 thu\u1ed9c v\u00e0o estrogen v\u00e0 trong h\u1ed9i ch\u1ee9ng MRKH c\u00e1c s\u1ee3i c\u01a1 tr\u01a1n v\u1eabn ch\u1ecbu \u1ea3nh h\u01b0\u1edfng c\u1ee7a estrogen do bu\u1ed3ng tr\u1ee9ng ti\u1ebft ra h\u00ecnh th\u00e0nh n\u00ean c\u00e1c kh\u1ed1i u x\u01a1 t\u1eeb c\u00e1c d\u1ea3i x\u01a1 c\u1ee7a \u1ed1ng Muller.Th\u00f4ng th\u01b0\u1eddng, u x\u01a1 t\u1eed cung g\u1eb7p v\u1edbi t\u1ef7 l\u1ec7 20-25% \u1edf ph\u1ee5 n\u1eef b\u00ecnh th\u01b0\u1eddng [5], nh\u01b0ng \u1edf nh\u1eefng ng\u01b0\u1eddi ph\u1ee5 n\u1eef\n", "MRKH r\u1ea5t hi\u1ebfm khi ph\u00e1t tri\u1ec3n th\u00e0nh u x\u01a1 t\u1eed cung c\u00f3 th\u1ec3 do m\u1eadt \u0111\u1ed9 receptor c\u1ee7a estrogen tr\u00ean nh\u1eefng d\u1ea3i x\u01a1 \u00edt h\u01a1n ho\u1eb7c \u0111\u1ed9 nh\u1eady c\u1ea3m c\u1ee7a c\u00e1c receptor n\u00e0y c\u0169ng th\u1ea5p h\u01a1n.\n"], "4": ["4.\n", "K\u1ebft lu\u1eadn\n", "H\u00ecnh 2.\n", "Si\u00eau \u00e2m \u0111\u01b0\u1eddng b\u1ee5ng kh\u1ed1i u to chi\u1ebfm h\u1ebft ti\u1ec3u khung.\n", "H\u00ecnh 3.\n", "Si\u00eau \u00e2m \u0111\u01b0\u1eddng \u00e2m \u0111\u1ea1o quan s\u00e1t r\u00f5 2 bu\u1ed3ng tr\u1ee9ng b\u00ecnh th\u01b0\u1eddng.\n", "Kh\u1ed1i u x\u01a1 xu\u1ea5t ph\u00e1t t\u1eeb d\u1ea3i x\u01a1 ho\u1eb7c di t\u00edch s\u1eebng t\u1eed cung kh\u00f4ng ph\u00e1t tri\u1ec3n trong h\u1ed9i ch\u1ee9ng\n", "MRKH l\u00e0 m\u1ed9t b\u1ea5t th\u01b0\u1eddng r\u1ea5t hi\u1ebfm g\u1eb7p v\u00e0 d\u1ec5 g\u00e2y nh\u1ea7m l\u1eabn trong ch\u1ea9n \u0111o\u00e1n.\n", "Ph\u1eabu thu\u1eadt c\u1eaft b\u1ecf kh\u1ed1i u x\u01a1 l\u00e0 gi\u1ea3i ph\u00e1p hi\u1ec7u qu\u1ea3, tri\u1ec7t \u0111\u1ec3.\n"]}, "Word count": 1825}