{"title": "Review Article\n", "content": {"0": ["T\u00f3m t\u1eaft: Huy\u1ebft t\u01b0\u01a1ng gi\u00e0u ti\u1ec3u c\u1ea7u (Platelet rich plasma - PRP) l\u00e0 huy\u1ebft t\u01b0\u01a1ng t\u1ef1 th\u00e2n c\u00f3 h\u00e0m l\u01b0\u1ee3ng ti\u1ec3u c\u1ea7u cao h\u01a1n r\u1ea5t nhi\u1ec1u so v\u1edbi l\u01b0\u1ee3ng ti\u1ec3u c\u1ea7u trung b\u00ecnh trong m\u00e1u ngo\u1ea1i vi.\n", "PRP ch\u1ee9a m\u1ed9t l\u01b0\u1ee3ng l\u1edbn c\u00e1c nh\u00e2n t\u1ed1 t\u0103ng tr\u01b0\u1edfng v\u00e0 cytokine nh\u01b0: PDGF, EGF, VEGF, TGF-\u03b2,...\n", "tham gia v\u00e0o qu\u00e1 tr\u00ecnh t\u00e1i t\u1ea1o v\u00e0 ch\u1eefa l\u00e0nh v\u1ebft th\u01b0\u01a1ng.\n", "PRP \u0111\u00e3 v\u00e0 \u0111ang \u0111\u01b0\u1ee3c \u1ee9ng d\u1ee5ng trong nhi\u1ec1u l\u0129nh v\u1ef1c kh\u00e1c nhau, bao g\u1ed3m ph\u1eabu thu\u1eadt ch\u1ec9nh h\u00ecnh, ph\u1eabu thu\u1eadt th\u1ea9m m\u1ef9, da li\u1ec5u, nha khoa, vi\u00eam x\u01b0\u01a1ng kh\u1edbp, s\u1ea3n - ph\u1ee5 khoa.\n", "Nhi\u1ec1u nghi\u00ean c\u1ee9u \u1edf m\u1ee9c \u0111\u1ed9 in vitro, in vivo v\u00e0 th\u1eed nghi\u1ec7m l\u00e2m s\u00e0ng c\u0169ng ch\u1ec9 ra vi\u1ec7c \u1ee9ng d\u1ee5ng PRP mang l\u1ea1i hi\u1ec7u qu\u1ea3 cao trong \u0111i\u1ec1u tr\u1ecb.\n", "V\u1edbi quy tr\u00ecnh th\u1ef1c hi\u1ec7n \u0111\u01a1n gi\u1ea3n, thu\u1eadn ti\u1ec7n, ti\u1ec1m n\u0103ng \u1ee9ng d\u1ee5ng tr\u00ean l\u00e2m s\u00e0ng l\u1edbn, an to\u00e0n v\u00e0 hi\u1ec7u qu\u1ea3 \u0111\u00e3 khi\u1ebfn PRP d\u1ea7n tr\u1edf th\u00e0nh m\u1ed9t li\u1ec7u ph\u00e1p \u0111i\u1ec1u tr\u1ecb \u0111\u1ea7y h\u1ee9a h\u1eb9n.\n", "T\u1eeb kho\u00e1: Huy\u1ebft t\u01b0\u01a1ng gi\u00e0u ti\u1ec3u c\u1ea7u, PRP, c\u00e1c nh\u00e2n t\u1ed1 t\u0103ng tr\u01b0\u1edfng, c\u00e1c \u1ee9ng d\u1ee5ng c\u1ee7a huy\u1ebft t\u01b0\u01a1ng gi\u00e0u ti\u1ec3u c\u1ea7u.\n"], "1": ["1.\n", "M\u1edf \u0111\u1ea7u\n", "B\u00ean c\u1ea1nh vai tr\u00f2 \u0111\u00f4ng m\u00e1u, g\u1ea7n \u0111\u00e2y, nh\u1eefng nghi\u00ean c\u1ee9u v\u00e0 \u1ee9ng d\u1ee5ng l\u00e2m s\u00e0ng \u0111\u00e3 ch\u1ee9ng minh ti\u1ec3u c\u1ea7u ch\u1ee9a nhi\u1ec1u lo\u1ea1i protein c\u00f3 vai tr\u00f2 quan tr\u1ecdng trong qu\u00e1 tr\u00ecnh \u0111\u00e1p \u1ee9ng vi\u00eam v\u00e0 ch\u1eefa l\u00e0nh v\u1ebft th\u01b0\u01a1ng [1].\n", "Nhi\u1ec1u cytokine c\u00f3 ngu\u1ed3n g\u1ed1c t\u1eeb h\u1ea1t alpha (\u03b1) c\u1ee7a ti\u1ec3u c\u1ea7u c\u00f3 kh\u1ea3 n\u0103ng thu h\u00fat \u0111\u1ea1i th\u1ef1c b\u00e0o, t\u1ebf b\u00e0o g\u1ed1c trung m\u00f4, t\u1ebf b\u00e0o t\u1ea1o x\u01b0\u01a1ng.\n", "\u0110\u00e2y l\u00e0 nh\u1eefng t\u1ebf b\u00e0o kh\u00f4ng ch\u1ec9 tham gia v\u00e0o qu\u00e1 tr\u00ecnh lo\u1ea1i b\u1ecf c\u00e1c t\u1ebf b\u00e0o, m\u00f4 h\u1ecfng/tho\u00e1i ho\u00e1 m\u00e0 c\u00f2n th\u00fac \u0111\u1ea9y qu\u00e1 tr\u00ecnh ch\u1eefa l\u00e0nh v\u1ebft th\u01b0\u01a1ng v\u00e0 t\u00e1i t\u1ea1o m\u00f4 [1, 2].\n", "PRP l\u00e0 s\u1ea3n ph\u1ea9m t\u1ef1 th\u00e2n an to\u00e0n, cung c\u1ea5p m\u1ed9t l\u01b0\u1ee3ng l\u1edbn c\u00e1c protein tham gia qu\u00e1 tr\u00ecnh \u0111\u00e1p \u1ee9ng vi\u00eam, h\u00ecnh th\u00e0nh m\u1ea1ch m\u00e1u, k\u00edch th\u00edch qu\u00e1 tr\u00ecnh ph\u00e2n chia, bi\u1ec7t ho\u00e1 v\u00e0 di chuy\u1ec3n c\u1ee7a nhi\u1ec1u lo\u1ea1i t\u1ebf b\u00e0o li\u00ean quan \u0111\u1ebfn ch\u1eefa l\u00e0nh v\u1ebft th\u01b0\u01a1ng v\u00e0 _* T\u00e1c gi\u1ea3 li\u00ean h\u1ec7.\n", "t\u00e1i t\u1ea1o m\u00f4.\n", "PRP \u0111\u01b0\u1ee3c ph\u00e2n t\u00e1ch t\u1eeb m\u00e1u t\u1ef1 th\u00e2n n\u00ean an to\u00e0n, kh\u00f4ng g\u00e2y \u0111\u00e1p \u1ee9ng mi\u1ec5n d\u1ecbch v\u00e0 gi\u1ea3m thi\u1ec3u t\u1ed1i \u0111a nguy c\u01a1 m\u1eafc c\u00e1c b\u1ec7nh truy\u1ec1n nhi\u1ec5m nh\u01b0: HIV, HBV, HCV [3].\n", "Nhi\u1ec1u nghi\u00ean c\u1ee9u in vitro, in vivo v\u00e0 c\u00e1c th\u1eed nghi\u1ec7m l\u00e2m s\u00e0ng \u0111\u00e3 ch\u1ee9ng minh li\u1ec7u ph\u00e1p PRP an to\u00e0n v\u00e0 \u0111\u1ea1t \u0111\u01b0\u1ee3c nhi\u1ec1u hi\u1ec7u qu\u1ea3 t\u00edch c\u1ef1c.\n", "PRP \u0111\u00e3 v\u00e0 \u0111ang \u0111\u01b0\u1ee3c \u1ee9ng d\u1ee5ng ph\u1ed5 bi\u1ebfn trong nhi\u1ec1u l\u0129nh v\u1ef1c y h\u1ecdc kh\u00e1c nhau: \u0111i\u1ec1u tr\u1ecb c\u00e1c v\u1ea5n \u0111\u1ec1 v\u1ec1 da trong th\u1ea9m m\u1ef9, lo\u00e9t da m\u00e3n t\u00ednh, vi\u00eam x\u01b0\u01a1ng kh\u1edbp, ch\u1ea5n th\u01b0\u01a1ng ch\u1ec9nh h\u00ecnh, nha khoa, nh\u00e3n khoa v\u00e0 s\u1ea3n - ph\u1ee5 khoa [4].\n", "Do \u0111\u00f3, ch\u00fang t\u00f4i x\u00e2y d\u1ef1ng b\u00e0i t\u1ed5ng quan n\u00e0y \u0111\u1ec3 \u0111\u01b0a ra c\u00e1ch nh\u00ecn nh\u1eadn chung v\u1ec1 c\u01a1 s\u1edf khoa h\u1ecdc c\u0169ng nh\u01b0 nh\u1eefng \u1ee9ng d\u1ee5ng l\u00e2m s\u00e0ng \u0111i\u1ec3n h\u00ecnh c\u1ee7a li\u1ec7u ph\u00e1p huy\u1ebft t\u01b0\u01a1ng gi\u00e0u ti\u1ec3u c\u1ea7u.\n", "Th\u00f4ng tin trong b\u00e0i \u0111\u01b0\u1ee3c l\u1ea5y t\u1eeb c\u00e1c c\u00f4ng tr\u00ecnh nghi\u00ean c\u1ee9u khoa h\u1ecdc tr\u00ean PubMed c\u1ee7a h\u1ec7 c\u01a1 s\u1edf d\u1eef li\u1ec7u NCBI v\u00e0 Google Scholar v\u1edbi t\u1eeb kho\u00e1 t\u00ecm ki\u1ebfm platelet rich plasma, PRP, autologous growth factors k\u1ebft h\u1ee3p v\u1edbi c\u00e1c t\u1eeb biology, basic science, clinical trial/treatment, musculoskeletal, wound healing, cosmetic.\n"], "2": ["2.\n", "Huy\u1ebft t\u01b0\u01a1ng gi\u00e0u ti\u1ec3u c\u1ea7u: c\u01a1 s\u1edf khoa h\u1ecdc\n", "PRP c\u00f2n \u0111\u01b0\u1ee3c bi\u1ebft \u0111\u1ebfn v\u1edbi nh\u1eefng thu\u1eadt ng\u1eef kh\u00e1c nh\u01b0: gel ti\u1ec3u c\u1ea7u t\u1ef1 th\u00e2n (autologous platelet gel), s\u1ee3i fibrin gi\u00e0u ti\u1ec3u c\u1ea7u (platelet-rich fibrin - PRF), huy\u1ebft t\u01b0\u01a1ng gi\u00e0u c\u00e1c nh\u00e2n t\u1ed1 t\u0103ng tr\u01b0\u1edfng (plasma rich in growth factors - PRGF), kh\u1ed1i ti\u1ec3u c\u1ea7u (platelet concentrate - PC) [4].\n", "PRP l\u00e0 huy\u1ebft t\u01b0\u01a1ng \u0111\u01b0\u1ee3c t\u00e1ch t\u1eeb m\u00e1u t\u1ef1 th\u00e2n c\u00f3 l\u01b0\u1ee3ng ti\u1ec3u c\u1ea7u cao h\u01a1n nhi\u1ec1u l\u1ea7n so v\u1edbi l\u01b0\u1ee3ng ti\u1ec3u c\u1ea7u trung b\u00ecnh c\u00f3 trong m\u00e1u ngo\u1ea1i vi.\n", "N\u00f3i c\u00e1ch kh\u00e1c, PRP t\u1eadp trung m\u1ed9t l\u01b0\u1ee3ng l\u1edbn ti\u1ec3u c\u1ea7u trong m\u1ed9t l\u01b0\u1ee3ng th\u1ec3 t\u00edch nh\u1ecf huy\u1ebft t\u01b0\u01a1ng sau khi ly t\u00e2m [3].\n", "Ti\u1ec3u c\u1ea7u ch\u1ee9a 3 lo\u1ea1i h\u1ea1t ch\u00ednh: h\u1ea1t alpha, h\u1ea1t dense v\u00e0 lysosome [5].\n", "Trong \u0111\u00f3, h\u1ea1t alpha (\u03b1) ch\u1ee9a m\u1ed9t l\u01b0\u1ee3ng l\u1edbn c\u00e1c nh\u00e2n t\u1ed1 t\u0103ng tr\u01b0\u1edfng quan tr\u1ecdng (B\u1ea3ng 1), c\u00e1c cytokine, chemokine v\u00e0 c\u00e1c protein kh\u00e1c c\u00f3 vai tr\u00f2 k\u00edch th\u00edch ho\u00e1 \u1ee9ng \u0111\u1ed9ng, th\u00fac \u0111\u1ea9y t\u1ebf b\u00e0o t\u0103ng sinh, bi\u1ec7t ho\u00e1, \u0111i\u1ec1u ho\u00e0 c\u00e1c ph\u00e2n t\u1eed c\u1ee7a qu\u00e1 tr\u00ecnh vi\u00eam v\u00e0 thu h\u00fat b\u1ea1ch c\u1ea7u.\n", "H\u1ea1t dense ch\u1ee9a adenosine, serotonin, histamine, can xi tham gia v\u00e0o chuy\u1ec3n ho\u00e1 n\u0103ng l\u01b0\u1ee3ng, ng\u0103n t\u1ed5n th\u01b0\u01a1ng m\u00f4, s\u1eeda v\u00e0 t\u00e1i c\u1ea5u tr\u00fac m\u00f4, k\u00edch th\u00edch nguy\u00ean b\u00e0o s\u1ee3i t\u0103ng sinh [6].\n", "H\u1ea1t lisosome ti\u1ebft ra acid hydrolases, cathepsin D v\u00e0 E, elastases v\u00e0 lisozima c\u00f3 vai tr\u00f2 quan tr\u1ecdng cho qu\u00e1 tr\u00ecnh ch\u1eefa l\u00e0nh v\u1ebft th\u01b0\u01a1ng.\n", "Ngo\u00e0i ra, PRP c\u0169ng ch\u1ee9a fibrin, fibronectin v\u00e0 vitronectin c\u00f3 vai tr\u00f2 nh\u01b0 nh\u1eefng ph\u00e2n t\u1eed k\u1ebft d\u00ednh trong qu\u00e1 tr\u00ecnh \u0111\u00f4ng m\u00e1u [7].\n", "\u0110\u1ec3 h\u1ea1t \u03b1 c\u1ee7a ti\u1ec3u c\u1ea7u gi\u1ea3i ph\u00f3ng c\u00e1c nh\u00e2n t\u1ed1 t\u0103ng tr\u01b0\u1edfng, cytokine, chemokine th\u00ec ti\u1ec3u c\u1ea7u c\u1ea7n \u0111\u01b0\u1ee3c ho\u1ea1t ho\u00e1 b\u1eb1ng c\u00e1ch b\u1ed5 sung thrombin, calcium chloride, collagen [8].\n", "Tuy nhi\u00ean, trong m\u1ec1m, ti\u1ec3u c\u1ea7u c\u00f3 th\u1ec3 kh\u00f4ng c\u1ea7n ho\u1ea1t ho\u00e1 b\u1edfi qu\u00e1 tr\u00ecnh n\u00e0y \u0111\u01b0\u1ee3c di\u1ec5n ra m\u1ed9t c\u00e1ch t\u1ef1 nhi\u00ean b\u1eb1ng ch\u00ednh collagen c\u1ee7a c\u01a1 th\u1ec3 [9].\n", "B\u1ea3ng 1.\n", "C\u00e1c nh\u00e2n t\u1ed1 t\u0103ng tr\u01b0\u1edfng quan tr\u1ecdng c\u00f3 trong h\u1ea1t \u03b1 c\u1ee7a ti\u1ec3u c\u1ea7u [10, 11]\n", "Nh\u00e2n t\u1ed1 t\u0103ng tr\u01b0\u1edfng Vai tr\u00f2\n", "Platelet-derived growth factor (PDGF)\n", "Ho\u1ea1t ho\u00e1 \u0111\u1ea1i th\u1ef1c b\u00e0o v\u00e0 h\u00ecnh th\u00e0nh m\u1ea1ch m\u00e1u;\n", "Tham gia qu\u00e1 tr\u00ecnh t\u0103ng sinh v\u00e0 ho\u00e1 h\u01b0\u1edbng \u0111\u1ed9ng c\u1ee7a nguy\u00ean b\u00e0o s\u1ee3i, t\u1ebf b\u00e0o g\u1ed1c trung m\u00f4;\n", "T\u0103ng c\u01b0\u1eddng t\u1ed5ng h\u1ee3p collagen;\n", "Th\u00fac \u0111\u1ea9y s\u1ef1 t\u0103ng sinh c\u1ee7a c\u00e1c lo\u1ea1i t\u1ebf b\u00e0o x\u01b0\u01a1ng.\n", "Transforming growth factor-\u03b2 (TGF-\u03b2)\n", "Th\u00fac \u0111\u1ea9y qu\u00e1 tr\u00ecnh t\u0103ng sinh c\u1ee7a nguy\u00ean b\u00e0o s\u1ee3i, t\u1ebf b\u00e0o g\u1ed1c trung m\u00f4;\n", "Th\u00fac \u0111\u1ea9y qu\u00e1 tr\u00ecnh t\u1ed5ng h\u1ee3p collagen lo\u1ea1i I v\u00e0 fibronectin;\n", "H\u00ecnh th\u00e0nh khu\u00f4n ngo\u1ea1i b\u00e0o x\u01b0\u01a1ng;\n", "\u1ee8c ch\u1ebf t\u1ebf b\u00e0o hu\u1ef7 x\u01b0\u01a1ng.\n", "Insulin-like growth factor (IGF-I)\n", "Th\u00fac \u0111\u1ea9y qu\u00e1 tr\u00ecnh t\u0103ng sinh v\u00e0 bi\u1ec7t ho\u00e1 c\u1ee7a t\u1ebf b\u00e0o t\u1ea1o x\u01b0\u01a1ng;\n", "Th\u00fac \u0111\u1ea9y qu\u00e1 tr\u00ecnh t\u1ed5ng h\u1ee3p collagen v\u00e0 ho\u00e1 h\u01b0\u1edbng \u0111\u1ed9ng c\u1ee7a nguy\u00ean b\u00e0o s\u1ee3i.\n", "Platelet-derived endothelial growth factor (PDEGF)\n", "Th\u00fac \u0111\u1ea9y qu\u00e1 tr\u00ecnh ch\u1eefa l\u00e0nh v\u1ebft th\u01b0\u01a1ng b\u1eb1ng c\u00e1ch k\u00edch th\u00edch s\u1ef1 t\u0103ng sinh c\u1ee7a t\u1ebf b\u00e0o keratinocyte v\u00e0 nguy\u00ean b\u00e0o s\u1ee3i.\n", "Epidermal growth factor (EGF) T\u0103ng sinh v\u00e0 bi\u1ec7t ho\u00e1 t\u1ebf b\u00e0o n\u1ed9i m\u00f4.\n", "Vascular endothelial growth factor (VEGF)\n", "Th\u00fac \u0111\u1ea9y qu\u00e1 tr\u00ecnh t\u1ea1o m\u1ea1ch m\u00e1u;\n", "K\u00edch th\u00edch t\u1ebf b\u00e0o n\u1ed9i m\u00f4 di chuy\u1ec3n v\u00e0 nguy\u00ean ph\u00e2n;\n", "Tham gia ho\u00e1 h\u01b0\u1edbng \u0111\u1ed9ng cho \u0111\u1ea1i th\u1ef1c b\u00e0o v\u00e0 b\u1ea1ch c\u1ea7u h\u1ea1t.\n", "Fibroblast growth factor (FGF)\n", "Th\u00fac \u0111\u1ea9y qu\u00e1 tr\u00ecnh t\u1ea1o m\u1ea1ch m\u00e1u;\n", "K\u00edch th\u00edch t\u1ebf b\u00e0o n\u1ed9i m\u00f4 t\u0103ng sinh;\n", "Tham gia t\u1ed5ng h\u1ee3p collagen.\n", "PRP \u0111\u01b0\u1ee3c \u0111i\u1ec1u ch\u1ebf t\u1eeb m\u00e1u ngo\u1ea1i vi t\u1ef1 th\u00e2n trong \u0111i\u1ec1u ki\u1ec7n v\u00f4 tr\u00f9ng cao [3].\n", "Tu\u1ef3 v\u00e0o y\u00eau c\u1ea7u c\u1ee7a t\u1eebng ph\u01b0\u01a1ng ph\u00e1p \u0111i\u1ec1u tr\u1ecb m\u00e0 th\u1ec3 t\u00edch m\u00e1u ngo\u1ea1i vi ban \u0111\u1ea7u v\u00e0 PRP thu th\u1eadp l\u00e0 kh\u00e1c nhau.\n", "H\u00e0m l\u01b0\u1ee3ng ti\u1ec3u c\u1ea7u, t\u1ec9 l\u1ec7 c\u00e1c th\u00e0nh ph\u1ea7n t\u1ebf b\u00e0o m\u00e1u trong m\u1eabu PRP thu \u0111\u01b0\u1ee3c ph\u1ee5 thu\u1ed9c v\u00e0o ph\u01b0\u01a1ng ph\u00e1p \u0111i\u1ec1u ch\u1ebf, th\u1eddi gian v\u00e0 t\u1ed1c \u0111\u1ed9 ly t\u00e2m.\n", "Qu\u00e1 tr\u00ecnh thu nh\u1eadn PRP t\u01b0\u01a1ng \u0111\u1ed1i \u0111\u01a1n gi\u1ea3n v\u00e0 d\u1ec5 th\u1ef1c hi\u1ec7n.\n", "M\u00e1u ngo\u1ea1i vi \u0111\u01b0\u1ee3c thu trong c\u00e1c \u1ed1ng ch\u1ee9a ch\u1ea5t ch\u1ed1ng \u0111\u00f4ng, th\u01b0\u1eddng l\u00e0 acid citrate dextrose ho\u1eb7c sodium citrate solution.\n", "Sau l\u1ea7n ly t\u00e2m th\u1ee9 nh\u1ea5t, \u1ed1ng m\u00e1u ph\u00e2n t\u00e1ch th\u00e0nh 3 l\u1edbp c\u01a1 b\u1ea3n: l\u1edbp tr\u00ean c\u00f9ng l\u00e0 huy\u1ebft t\u01b0\u01a1ng, l\u1edbp gi\u1eefa l\u00e0 buffy-coat (g\u1ed3m ti\u1ec3u c\u1ea7u v\u00e0 c\u00e1c t\u1ebf b\u00e0o b\u1ea1ch c\u1ea7u), l\u1edbp d\u01b0\u1edbi c\u00f9ng \u0111\u00e1y \u1ed1ng l\u00e0 h\u1ed3ng c\u1ea7u.\n", "Sau l\u1ea7n ly t\u00e2m th\u1ee9 hai v\u1edbi \u1ed1ng ch\u1ee9a l\u1edbp huy\u1ebft t\u01b0\u01a1ng v\u00e0 l\u1edbp buffy-coat thu \u0111\u01b0\u1ee3c 2/3 ph\u00eda tr\u00ean \u1ed1ng l\u00e0 l\u1edbp huy\u1ebft t\u01b0\u01a1ng ngh\u00e8o ti\u1ec3u c\u1ea7u (platelet-poor plasma - PPP), 1/3 dung d\u1ecbch ph\u00eda \u0111\u00e1y \u1ed1ng l\u00e0 huy\u1ebft t\u01b0\u01a1ng gi\u00e0u ti\u1ec3u c\u1ea7u (PRP) [7].\n"], "3": ["3.\n", "Huy\u1ebft t\u01b0\u01a1ng gi\u00e0u ti\u1ec3u c\u1ea7u: \u1ee9ng d\u1ee5ng l\u00e2m s\u00e0ng\n", "V\u00e0o nh\u1eefng n\u0103m 1970, l\u1ea7n \u0111\u1ea7u ti\u00ean PRP \u0111\u01b0\u1ee3c s\u1eed d\u1ee5ng \u0111\u1ec3 \u0111i\u1ec1u tr\u1ecb cho nh\u1eefng b\u1ec7nh nh\u00e2n b\u1ecb b\u1ec7nh gi\u1ea3m ti\u1ec3u c\u1ea7u (thrombocytopenia).\n", "10 n\u0103m sau,\n", "PRP tr\u1edf th\u00e0nh li\u1ec7u ph\u00e1p ti\u1ec1m n\u0103ng trong ph\u1eabu thu\u1eadt r\u0103ng h\u00e0m m\u1eb7t v\u1edbi vai tr\u00f2 l\u00e0 s\u1ee3i fibrin gi\u00e0u ti\u1ec3u c\u1ea7u.\n", "Sau \u0111\u00f3, PRP \u0111\u01b0\u1ee3c bi\u1ebft \u0111\u1ebfn nh\u01b0 l\u00e0 m\u1ed9t li\u1ec7u ph\u00e1p hi\u1ec7u qu\u1ea3 trong \u0111i\u1ec1u tr\u1ecb t\u1ed5n th\u01b0\u01a1ng c\u01a1 x\u01b0\u01a1ng kh\u1edbp, nh\u1ea5t l\u00e0 c\u00e1c ch\u1ea5n th\u01b0\u01a1ng th\u1ec3 thao.\n", "G\u1ea7n \u0111\u00e2y, PRP nh\u1eadn \u0111\u01b0\u1ee3c nhi\u1ec1u quan t\u00e2m trong l\u0129nh v\u1ef1c th\u1ea9m m\u1ef9 b\u1edfi s\u1ef1 an to\u00e0n v\u00e0 hi\u1ec7u qu\u1ea3 trong \u0111i\u1ec1u tr\u1ecb c\u00e1c v\u1ea5n \u0111\u1ec1 li\u00ean quan \u0111\u1ebfn da nh\u01b0 tr\u1ebb ho\u00e1 l\u00e0n da, c\u0103ng da, c\u1ea3i thi\u1ec7n s\u1eafc t\u1ed1 da v\u00e0 \u0111i\u1ec1u tr\u1ecb n\u00e1m, l\u00e0m m\u1edd s\u1eb9o, \u0111i\u1ec1u tr\u1ecb r\u1ee5ng t\u00f3c, h\u00f3i.\n", "Hi\u1ec7n nay,\n", "PRP \u0111\u01b0\u1ee3c \u1ee9ng d\u1ee5ng trong nhi\u1ec1u l\u0129nh v\u1ef1c kh\u00e1c nhau c\u1ee7a y h\u1ecdc, tr\u1edf th\u00e0nh li\u1ec7u ph\u00e1p t\u1ef1 th\u00e2n ti\u1ec1m n\u0103ng an to\u00e0n v\u00e0 hi\u1ec7u qu\u1ea3 [4].\n", "3.1.\n", "PRP th\u00fac \u0111\u1ea9y qu\u00e1 tr\u00ecnh ch\u1eefa l\u00e0nh v\u1ebft th\u01b0\u01a1ng\n", "Ph\u1eabu thu\u1eadt \u0111\u01b0\u1ee3c xem l\u00e0 ti\u00eau chu\u1ea9n v\u00e0ng trong \u0111i\u1ec1u tr\u1ecb m\u1ed9t s\u1ed1 b\u1ec7nh nh\u01b0 r\u00e1ch ch\u00f3p xoay, t\u00e1i t\u1ea1o d\u00e2y ch\u1eb1ng ch\u00e9o tr\u01b0\u1edbc, thay kh\u1edbp g\u1ed1i,...\n", "khi b\u1ec7nh ti\u1ebfn tri\u1ec3n n\u1eb7ng ho\u1eb7c kh\u00f4ng \u0111\u00e1p \u1ee9ng v\u1edbi c\u00e1c ph\u01b0\u01a1ng ph\u00e1p \u0111i\u1ec1u tr\u1ecb th\u00f4ng th\u01b0\u1eddng.\n", "M\u1ed9t ca ph\u1eabu thu\u1eadt \u0111\u01b0\u1ee3c xem l\u00e0 th\u00e0nh c\u00f4ng n\u1ebfu nh\u01b0 kh\u00f4ng x\u1ea3y ra hi\u1ec7n t\u01b0\u1ee3ng ch\u1ea3y m\u00e1u sau ph\u1eabu thu\u1eadt, kh\u00f4ng h\u00ecnh th\u00e0nh c\u00e1c c\u1ee5c m\u00e1u \u0111\u00f4ng hay xu\u1ea5t hi\u1ec7n t\u1ee5 m\u00e1u d\u01b0\u1edbi da v\u00e0 ti\u1ebft d\u1ecbch, l\u00e0 m\u1ed9t trong nh\u1eefng nguy\u00ean nh\u00e2n g\u00e2y \u0111au \u0111\u1edbn, \u1ea3nh h\u01b0\u1edfng t\u1edbi v\u1eadn \u0111\u1ed9ng, g\u00e2y r\u1ed1i lo\u1ea1n qu\u00e1 tr\u00ecnh ch\u1eefa l\u00e0nh v\u1ebft th\u01b0\u01a1ng v\u00e0 khi\u1ebfn th\u1eddi gian \u0111i\u1ec1u tr\u1ecb k\u00e9o d\u00e0i [12].\n", "B\u00ean c\u1ea1nh ph\u1eabu thu\u1eadt, \u1ee9ng d\u1ee5ng huy\u1ebft t\u01b0\u01a1ng gi\u00e0u ti\u1ec3u c\u1ea7u t\u1ef1 th\u00e2n \u0111\u01b0\u1ee3c xem l\u00e0 m\u1ed9t trong nh\u1eefng ph\u01b0\u01a1ng ph\u00e1p h\u1ed7 tr\u1ee3 v\u00e0 \u0111i\u1ec1u tr\u1ecb hi\u1ec7u qu\u1ea3.\n", "N\u0103m 1986, b\u00e1o c\u00e1o l\u00e2m s\u00e0ng \u0111\u1ea7u ti\u00ean c\u1ee7a\n", "Knighton v\u1ec1 \u1ee9ng d\u1ee5ng PRP \u0111i\u1ec1u tr\u1ecb cho 49 b\u1ec7nh nh\u00e2n b\u1ecb lo\u00e9t da m\u00e3n t\u00ednh, cho th\u1ea5y kh\u00f4ng xu\u1ea5t hi\u1ec7n m\u00f4 b\u1ea5t th\u01b0\u1eddng, s\u1eb9o l\u1ed3i hay s\u1eb9o ph\u00ec \u0111\u1ea1i, th\u1eddi gian \u0111i\u1ec1u tr\u1ecb c\u0169ng \u0111\u01b0\u1ee3c r\u00fat ng\u1eafn [13].\n", "T\u1ea1i Vi\u1ec7t\n", "Nam, n\u0103m 2018, nh\u00f3m nghi\u00ean c\u1ee9u c\u1ee7a Vi\u1ec7n\n", "B\u1ecfng Qu\u1ed1c gia L\u00ea H\u1eefu Tr\u00e1c \u0111\u00e3 \u0111\u00e1nh gi\u00e1 hi\u1ec7u qu\u1ea3 c\u1ee7a PRP k\u1ebft h\u1ee3p v\u1edbi t\u1ebf b\u00e0o g\u1ed1c t\u1eeb m\u00f4 m\u1ee1 t\u1ef1 th\u00e2n trong \u0111i\u1ec1u tr\u1ecb v\u1ebft th\u01b0\u01a1ng m\u00e3n t\u00ednh.\n", "K\u1ebft qu\u1ea3 cho th\u1ea5y ph\u01b0\u01a1ng ph\u00e1p n\u00e0y k\u00edch th\u00edch qu\u00e1 tr\u00ecnh li\u1ec1n v\u1ebft th\u01b0\u01a1ng: gi\u1ea3m d\u1ecbch ti\u1ebft, k\u00edch th\u00edch qu\u00e1 tr\u00ecnh bi\u1ec3u m\u00f4 ho\u00e1, t\u1ea1o t\u1ed5 ch\u1ee9c h\u1ea1t [14].\n", "N\u0103m 1987, l\u1ea7n \u0111\u1ea7u ti\u00ean PRP \u0111\u01b0\u1ee3c s\u1eed d\u1ee5ng trong ph\u1eabu thu\u1eadt tim m\u1ea1ch \u0111\u1ec3 gi\u1ea3m hi\u1ec7n t\u01b0\u1ee3ng ch\u1ea3y m\u00e1u v\u00e0 cho hi\u1ec7u qu\u1ea3 t\u00edch c\u1ef1c [15].\n", "N\u0103m 1997, Whitman \u0111\u00e3 s\u1eed d\u1ee5ng PRP d\u01b0\u1edbi d\u1ea1ng gel ti\u1ec3u c\u1ea7u \u0111\u1ec3 tr\u00e1nh hi\u1ec7n t\u01b0\u1ee3ng ch\u1ea3y m\u00e1u v\u00e0 k\u00edch th\u00edch qu\u00e1 tr\u00ecnh ch\u1eefa l\u00e0nh v\u1ebft th\u01b0\u01a1ng trong ph\u1eabu thu\u1eadt r\u0103ng h\u00e0m m\u1eb7t [16].\n", "N\u0103m 2000, t\u1ea1i H\u1ed9i ngh\u1ecb v\u1ec1 ph\u1eabu thu\u1eadt ch\u1ec9nh h\u00ecnh, Mooar v\u00e0 c\u1ed9ng s\u1ef1 \u0111\u00e3 ch\u1ee9ng minh \u1ee9ng d\u1ee5ng\n", "PRP trong ph\u1eabu thu\u1eadt thay kh\u1edbp g\u1ed1i mang l\u1ea1i hi\u1ec7u qu\u1ea3 c\u1ea3i thi\u1ec7n r\u00f5 r\u1ec7t [17].\n", "Sau \u0111\u00f3, nhi\u1ec1u nghi\u00ean c\u1ee9u c\u00f4ng b\u1ed1 \u1ee9ng d\u1ee5ng PRP trong ph\u1eabu thu\u1eadt thay kh\u1edbp g\u1ed1i gi\u00fap gi\u1ea3m ch\u1ea3y m\u00e1u trong v\u00e0 sau ph\u1eabu thu\u1eadt, gi\u1ea3m nguy c\u01a1 ph\u1ea3i truy\u1ec1n m\u00e1u, th\u00fac \u0111\u1ea9y qu\u00e1 tr\u00ecnh ch\u1eefa l\u00e0nh v\u1ebft th\u01b0\u01a1ng, gi\u00fap gi\u1ea3m \u0111au, h\u1ea1n ch\u1ebf nhi\u1ec5m khu\u1ea9n v\u00e0 r\u00fat ng\u1eafn th\u1eddi gian \u0111i\u1ec1u tr\u1ecb [12].\n", "Nghi\u00ean c\u1ee9u c\u1ee7a Bielecki v\u00e0\n", "Moojem \u0111\u00e3 ch\u1ee9ng minh PRP c\u00f3 kh\u1ea3 n\u0103ng \u1ee9c ch\u1ebf ho\u1ea1t \u0111\u1ed9ng c\u1ee7a vi khu\u1ea9n v\u00e0 n\u1ea5m hi\u1ec7u qu\u1ea3 [18, 19].\n", "Do \u0111\u00f3, PRP c\u00f3 th\u1ec3 \u0111\u01b0\u1ee3c coi l\u00e0 li\u1ec7u ph\u00e1p t\u1ef1 th\u00e2n an to\u00e0n v\u00e0 hi\u1ec7u qu\u1ea3 trong h\u1ed7 tr\u1ee3 v\u00e0 \u0111i\u1ec1u tr\u1ecb c\u00e1c ca ph\u1eabu thu\u1eadt nh\u1eb1m th\u00fac \u0111\u1ea9y qu\u00e1 tr\u00ecnh ch\u1eefa l\u00e0nh v\u1ebft th\u01b0\u01a1ng, tr\u00e1nh m\u1ea5t m\u00e1u, gi\u1ea3m s\u01b0ng \u0111au v\u00e0 r\u00fat ng\u1eafn th\u1eddi gian \u0111i\u1ec1u tr\u1ecb.\n", "3.2.\n", "Li\u1ec7u ph\u00e1p PRP trong \u0111i\u1ec1u tr\u1ecb t\u1ed5n th\u01b0\u01a1ng c\u01a1 x\u01b0\u01a1ng kh\u1edbp\n", "C\u00e1c nghi\u00ean c\u1ee9u in vitro, in vivo \u0111\u00e3 ch\u1ee9ng minh PRP k\u00edch th\u00edch qu\u00e1 tr\u00ecnh t\u0103ng sinh v\u00e0 bi\u1ec7t ho\u00e1 c\u1ee7a nhi\u1ec1u lo\u1ea1i t\u1ebf b\u00e0o bao g\u1ed3m t\u1ebf b\u00e0o t\u1ea1o x\u01b0\u01a1ng (osteoblasts), nguy\u00ean b\u00e0o s\u1ee3i (fibroblasts), s\u1ee5n b\u00e0o (cartilage), t\u1ebf b\u00e0o tenocytes, t\u1ebf b\u00e0o g\u1ed1c trung m\u00f4 (mesenchymal stem cell) [11].\n", "Trong l\u00e2m s\u00e0ng, PRP \u0111\u01b0\u1ee3c ch\u1ee9ng minh hi\u1ec7u qu\u1ea3 trong ph\u1eabu thu\u1eadt ch\u1ec9nh h\u00ecnh v\u00e0 \u0111i\u1ec1u tr\u1ecb nh\u1eefng t\u1ed5n th\u01b0\u01a1ng v\u1ec1 c\u01a1, g\u00e2n v\u00e0 d\u00e2y ch\u1eb1ng trong c\u00e1c ch\u1ea5n th\u01b0\u01a1ng li\u00ean quan \u0111\u1ebfn th\u1ec3 thao.\n", "PRP th\u00fac \u0111\u1ea9y qu\u00e1 tr\u00ecnh ch\u1eefa l\u00e0nh t\u1ed5n th\u01b0\u01a1ng x\u01b0\u01a1ng (bone healing), t\u0103ng \u0111\u1ed9 ch\u1eafc cho x\u01b0\u01a1ng, gi\u1ea3m s\u01b0ng, \u0111au, h\u1ea1n ch\u1ebf nhi\u1ec5m khu\u1ea9n sau ph\u1eabu thu\u1eadt v\u00e0 r\u00fat ng\u1eafn th\u1eddi gian \u0111i\u1ec1u tr\u1ecb [11, 20].\n", "N\u0103m 1998, Marx \u0111\u01b0a ra b\u1eb1ng ch\u1ee9ng l\u00e2m s\u00e0ng \u0111\u1ea7u ti\u00ean v\u1ec1 hi\u1ec7u qu\u1ea3 c\u1ee7a PRP trong \u0111i\u1ec1u tr\u1ecb khuy\u1ebft x\u01b0\u01a1ng h\u00e0m, cho th\u1ea5y PRP k\u1ebft h\u1ee3p v\u1edbi v\u1eadt li\u1ec7u gh\u00e9p x\u01b0\u01a1ng l\u00e0m t\u0103ng m\u1eadt \u0111\u1ed9 x\u01b0\u01a1ng t\u1ea1i m\u1ea3nh gh\u00e9p, \u0111\u1ed3ng th\u1eddi \u0111\u1ea9y nhanh t\u1ed1c \u0111\u1ed9 t\u1ea1o x\u01b0\u01a1ng [21].\n", "Trong c\u00e1c th\u1ee7 thu\u1eadt gh\u00e9p x\u01b0\u01a1ng n\u00e2ng cao, nh\u1ea5t l\u00e0 trong nha khoa, PRP \u0111\u01b0\u1ee3c k\u1ebft h\u1ee3p v\u1edbi c\u00e1c v\u1eadt li\u1ec7u gh\u00e9p x\u01b0\u01a1ng t\u1ef1 th\u00e2n kh\u00e1c cho hi\u1ec7u qu\u1ea3 t\u00edch c\u1ef1c.\n", "\u1ee8ng d\u1ee5ng PRP trong nh\u1ed5 r\u0103ng, \u0111\u1eb7c bi\u1ec7t l\u00e0 r\u0103ng h\u00e0m, gi\u00fap gi\u1ea3m s\u01b0ng \u0111au, c\u1ea3i thi\u1ec7n t\u00ecnh tr\u1ea1ng ch\u1ea3y m\u00e1u k\u00e9o d\u00e0i, gi\u1ea3m nhi\u1ec5m tr\u00f9ng hay g\u00e2y \u00e1p xe, gi\u00fap qu\u00e1 tr\u00ecnh \u0111i\u1ec1u tr\u1ecb d\u1ec5 d\u00e0ng h\u01a1n \u0111\u1ed1i v\u1edbi b\u1ec7nh nh\u00e2n \u0111ang \u0111i\u1ec1u tr\u1ecb thu\u1ed1c ch\u1ed1ng \u0111\u00f4ng m\u00e1u.\n", "Trong khi \u0111\u00f3, nh\u1eefng b\u1ec7nh nh\u00e2n kh\u00f4ng \u0111\u01b0\u1ee3c \u0111i\u1ec1u tr\u1ecb v\u1edbi PRP th\u00ec g\u1eb7p ph\u1ea3i m\u1ed9t s\u1ed1 bi\u1ebfn ch\u1ee9ng nh\u01b0 ch\u1ea3y m\u00e1u, kh\u00f4 h\u1ed1c r\u0103ng hay vi\u00eam c\u1ea5p t\u00ednh [22-24].\n", "Qu\u00e1 tr\u00ecnh ch\u1eefa l\u00e0nh v\u1ebft th\u01b0\u01a1ng trong \u0111i\u1ec1u tr\u1ecb vi\u00eam x\u01b0\u01a1ng kh\u1edbp g\u1ed3m c\u1ea3 c\u1ea5p t\u00ednh v\u00e0 m\u00e3n t\u00ednh th\u01b0\u1eddng k\u00e9o d\u00e0i v\u00e0 \u0111\u00f4i khi k\u1ebft qu\u1ea3 h\u1ed3i ph\u1ee5c kh\u00f4ng ho\u00e0n to\u00e0n, \u0111\u1eb7c bi\u1ec7t l\u00e0 c\u00e1c ch\u1ea5n th\u01b0\u01a1ng do th\u1ec3 thao.\n", "Mishra \u0111\u00e3 s\u1eed d\u1ee5ng PRP trong \u0111i\u1ec1u tr\u1ecb cho b\u1ec7nh nh\u00e2n vi\u00eam l\u1ed3i c\u1ea7u ngo\u00e0i khu\u1ef7u tay, sau 8 tu\u1ea7n v\u00e0 6 th\u00e1ng, nh\u1eefng b\u1ec7nh nh\u00e2n \u0111\u01b0\u1ee3c \u0111i\u1ec1u tr\u1ecb v\u1edbi PRP gi\u1ea3m l\u1ea7n l\u01b0\u1ee3t \u0111\u1ebfn 60% v\u00e0 81% tri\u1ec7u ch\u1ee9ng \u0111au nh\u1ee9c [6].\n", "Anitua v\u00e0 c\u00e1c c\u1ed9ng s\u1ef1 nh\u1eadn th\u1ea5y c\u00e1c v\u1eadn \u0111\u1ed9ng vi\u00ean b\u1ecb vi\u00eam g\u00e2n g\u00f3t ch\u00e2n\n", "Achilles \u0111\u01b0\u1ee3c \u0111i\u1ec1u tr\u1ecb b\u1eb1ng ph\u1eabu thu\u1eadt k\u1ebft h\u1ee3p v\u1edbi PRP gi\u00fap h\u1ed3i ph\u1ee5c nhanh h\u01a1n r\u1ea5t nhi\u1ec1u nh\u00f3m ch\u1ec9 \u0111\u01b0\u1ee3c \u0111i\u1ec1u tr\u1ecb b\u1eb1ng ph\u1eabu thu\u1eadt [25].\n", "Nhi\u1ec1u nghi\u00ean c\u1ee9u ch\u1ee9ng minh PRP c\u00f3 hi\u1ec7u qu\u1ea3 t\u00edch c\u1ef1c trong \u0111i\u1ec1u tr\u1ecb tho\u00e1i ho\u00e1 kh\u1edbp g\u1ed1i, gi\u00fap gi\u1ea3m s\u01b0ng \u0111au, c\u1ea3i thi\u1ec7n ch\u1ee9c n\u0103ng v\u1eadn \u0111\u1ed9ng v\u00e0 kh\u00f4ng x\u1ea3y ra b\u1ea5t k\u1ef3 bi\u1ebfn ch\u1ee9ng n\u00e0o [26, 27].\n", "3.3.\n", "Li\u1ec7u ph\u00e1p PRP trong th\u1ea9m m\u1ef9\n", "Nh\u1eefng \u1ee9ng d\u1ee5ng c\u1ee7a PRP trong th\u1ea9m m\u1ef9 ng\u00e0y c\u00e0ng ph\u1ed5 bi\u1ebfn, t\u1eeb vi\u1ec7c \u0111i\u1ec1u tr\u1ecb nh\u1eefng v\u1ebft lo\u00e9t m\u00e3n t\u00ednh t\u1edbi \u0111i\u1ec1u tr\u1ecb r\u1ee5ng t\u00f3c do nhi\u1ec1u nguy\u00ean nh\u00e2n.\n", "C\u00e1c nh\u00e2n t\u1ed1 t\u0103ng tr\u01b0\u1edfng c\u00f3 trong\n", "PRP c\u00f3 th\u1ec3 l\u00e0m ch\u1eadm l\u1ea1i qu\u00e1 tr\u00ecnh l\u00e3o ho\u00e1 nh\u1edd kh\u1ea3 n\u0103ng thu h\u00fat \u0111\u1ea1i th\u1ef1c b\u00e0o, t\u0103ng sinh nguy\u00ean b\u00e0o s\u1ee3i v\u00e0 tham gia t\u1ed5ng h\u1ee3p c\u00e1c th\u00e0nh ph\u1ea7n c\u1ee7a ch\u1ea5t n\u1ec1n ngo\u1ea1i b\u00e0o [28].\n", "Do \u0111\u00f3, nh\u1eefng \u1ee9ng d\u1ee5ng c\u1ee7a PRP trong l\u0129nh v\u1ef1c th\u1ea9m m\u1ef9 ng\u00e0y c\u00e0ng \u0111\u01b0\u1ee3c quan t\u00e2m nh\u01b0 tr\u1ebb ho\u00e1 da m\u1eb7t, c\u1ea3i thi\u1ec7n n\u00e1m v\u00e0 c\u00e1c s\u1eafc t\u1ed1 c\u1ee7a da, l\u00e0m m\u1edd s\u1eb9o, \u0111i\u1ec1u tr\u1ecb h\u00f3i, r\u1ee5ng t\u00f3c.\n", "M\u1ed9t trong nh\u1eefng \u01b0u \u0111i\u1ec3m ch\u00ednh c\u1ee7a PRP l\u00e0 c\u00f3 th\u1ec3 s\u1eed d\u1ee5ng cho m\u1ecdi \u0111\u1ed1i t\u01b0\u1ee3ng, m\u1ecdi l\u1ee9a tu\u1ed5i v\u00e0 s\u1eed d\u1ee5ng cho m\u1ecdi lo\u1ea1i da, h\u1ea1n ch\u1ebf t\u1ed1i \u0111a hi\u1ec7n t\u01b0\u1ee3ng s\u01b0ng \u0111\u1ecf, b\u1ea7m t\u00edm hay gi\u1ea3m \u0111au hi\u1ec7u qu\u1ea3.\n", "Nghi\u00ean c\u1ee9u in vitro c\u1ee7a Kim v\u00e0 c\u1ed9ng s\u1ef1 \u0111\u00e3 ch\u1ee9ng minh PRP k\u00edch th\u00edch qu\u00e1 tr\u00ecnh t\u0103ng sinh c\u1ee7a nguy\u00ean b\u00e0o s\u1ee3i v\u00e0 t\u0103ng c\u01b0\u1eddng t\u1ed5ng h\u1ee3p collagen lo\u1ea1i I [29].\n", "B\u00e1o c\u00e1o l\u00e2m s\u00e0ng c\u1ee7a\n", "Cameli v\u00e0 b\u00e1o c\u00e1o c\u1ee7a Abuaf c\u0169ng \u0111\u00e3 ch\u1ec9 ra ti\u00eam\n", "PRP k\u00edch th\u00edch qu\u00e1 tr\u00ecnh t\u1ed5ng h\u1ee3p collagen, mang l\u1ea1i s\u1ef1 tr\u1ebb ho\u00e1 \u0111\u00e1ng k\u1ec3 cho da m\u1eb7t [30, 31].\n", "N\u0103m 2017, b\u00e1o c\u00e1o c\u1ee7a Elnehrawy khi ti\u00eam PRP cho 20 b\u1ec7nh nh\u00e2n n\u1eef gi\u00fap c\u0103ng da, c\u1ea3i thi\u1ec7n c\u00e1c n\u1ebfp nh\u0103n tr\u00ean khu\u00f4n m\u1eb7t v\u00e0 n\u1ebfp g\u1ea5p v\u00f9ng m\u0169i [32].\n", "M\u1ed9t s\u1ed1 nghi\u00ean c\u1ee9u kh\u00e1c c\u0169ng ch\u1ee9ng minh\n", "PRP gi\u00fap t\u0103ng \u0111\u1ed9 \u0111\u00e0n h\u1ed3i c\u1ee7a da [33], c\u1ea3i thi\u1ec7n t\u00ecnh tr\u1ea1ng r\u1ea1n da [34], c\u1ea3i thi\u1ec7n s\u1eafc t\u1ed1 da, \u0111i\u1ec1u tr\u1ecb n\u00e1m [35] m\u00e0 kh\u00f4ng c\u00f3 b\u1ea5t k\u1ef3 bi\u1ebfn ch\u1ee9ng n\u00e0o.\n", "S\u1eb9o c\u00f3 th\u1ec3 do nhi\u1ec1u nguy\u00ean nh\u00e2n kh\u00e1c nhau (m\u1ee5n, b\u1ecfng hay ch\u1ea5n th\u01b0\u01a1ng), m\u1ed9t s\u1ed1 tr\u01b0\u1eddng h\u1ee3p \u0111\u1ec3 l\u1ea1i h\u1eadu qu\u1ea3 nghi\u00eam tr\u1ecdng.\n", "G\u1ea7n \u0111\u00e2y, m\u1ed9t s\u1ed1 nghi\u00ean c\u1ee9u ch\u1ee9ng minh r\u1eb1ng PRP k\u1ebft h\u1ee3p v\u1edbi c\u00e1c ph\u01b0\u01a1ng ph\u00e1p \u0111i\u1ec1u tr\u1ecb s\u1eb9o kh\u00e1c (gh\u00e9p m\u1ee1, \u0111i\u1ec1u tr\u1ecb laser) cho hi\u1ec7u qu\u1ea3 cao nh\u1ea5t, th\u00fac \u0111\u1ea9y qu\u00e1 tr\u00ecnh t\u1ed5ng h\u1ee3p collagen v\u00e0 t\u0103ng \u0111\u1ed9 \u0111\u00e0n h\u1ed3i cho da [36, 37].\n", "Ngo\u00e0i ra, PRP c\u00f2n l\u00e0 li\u1ec7u ph\u00e1p ti\u1ec1m n\u0103ng gi\u00fap k\u00edch th\u00edch m\u1ecdc t\u00f3c trong \u0111i\u1ec1u tr\u1ecb r\u1ee5ng t\u00f3c, h\u00f3i t\u00f3c cho c\u1ea3 nam v\u00e0 n\u1eef do nhi\u1ec1u nguy\u00ean nh\u00e2n kh\u00e1c nhau [38, 39].\n", "3.4.\n", "Li\u1ec7u ph\u00e1p PRP trong s\u1ea3n - ph\u1ee5 khoa\n", "S\u1ef1 l\u00e3o ho\u00e1 c\u1ee7a h\u1ec7 th\u1ed1ng sinh s\u1ea3n c\u00f3 li\u00ean quan tr\u1ef1c ti\u1ebfp t\u1edbi tho\u00e1i ho\u00e1, suy gi\u1ea3m ch\u1ee9c n\u0103ng c\u1ee7a bu\u1ed3ng tr\u1ee9ng, g\u00e2y gi\u00e1n \u0111o\u1ea1n v\u00e0 ti\u1ec1m \u1ea9n r\u1ee7i ro trong sinh s\u1ea3n, cu\u1ed1i c\u00f9ng d\u1eabn \u0111\u1ebfn qu\u00e1 tr\u00ecnh m\u00e3n kinh - \u0111\u01b0\u1ee3c xem nh\u01b0 l\u00e0 giai \u0111o\u1ea1n k\u1ebft th\u00fac c\u1ee7a qu\u00e1 tr\u00ecnh sinh s\u1ea3n [40].\n", "L\u1edbp n\u1ed9i m\u1ea1c t\u1eed cung qu\u00e1 m\u1ecfng (<7 mm) ho\u1eb7c b\u1ecb t\u1ed5n th\u01b0\u01a1ng g\u00e2y \u1ea3nh h\u01b0\u1edfng t\u1edbi qu\u00e1 tr\u00ecnh th\u1ee5 thai t\u1ef1 nhi\u00ean ho\u1eb7c hi\u1ec7u qu\u1ea3 c\u1ee7a c\u00e1c ph\u01b0\u01a1ng ph\u00e1p h\u1ed7 tr\u1ee3 sinh s\u1ea3n (IVF/ICSI).\n", "N\u0103m 2015, nh\u00f3m nghi\u00ean c\u1ee9u c\u1ee7a\n", "Chang \u0111\u00e3 c\u00f3 c\u00f4ng b\u1ed1 \u0111\u1ea7u ti\u00ean \u1ee9ng d\u1ee5ng PRP \u0111i\u1ec1u tr\u1ecb cho 5 b\u1ec7nh nh\u00e2n th\u1ef1c hi\u1ec7n IVF nhi\u1ec1u l\u1ea7n nh\u01b0ng th\u1ea5t b\u1ea1i do l\u1edbp n\u1ed9i m\u1ea1c t\u1eed cung m\u1ecfng [41].\n", "K\u1ebft h\u1ee3p \u0111i\u1ec1u tr\u1ecb v\u1edbi li\u1ec7u ph\u00e1p s\u1eed d\u1ee5ng hormone thay th\u1ebf, sau 2 l\u1ea7n truy\u1ec1n PRP, n\u1ed9i m\u1ea1c t\u1eed cung c\u1ee7a c\u1ea3 5 b\u1ec7nh nh\u00e2n \u0111\u1ec1u \u0111\u1ea1t \u0111\u1ed9 d\u00e0y l\u1edbn h\u01a1n 7 mm.\n", "C\u00e1c nghi\u00ean c\u1ee9u sau \u0111\u00f3 c\u0169ng b\u00e1o c\u00e1o v\u1ec1 hi\u1ec7u qu\u1ea3 t\u00edch c\u1ef1c c\u1ee7a PRP gi\u00fap k\u00edch th\u00edch n\u1ed9i m\u1ea1c t\u1eed cung ph\u00e1t tri\u1ec3n, t\u0103ng \u0111\u1ed9 d\u00e0y, t\u1eeb \u0111\u00f3 t\u0103ng kh\u1ea3 n\u0103ng th\u1ee5 thai [42-45].\n", "H\u01a1n n\u1eefa, PRP c\u0169ng \u0111\u01b0\u1ee3c ch\u1ee9ng minh gi\u00fap tr\u1ebb ho\u00e1 bu\u1ed3ng tr\u1ee9ng, k\u00edch th\u00edch h\u00ecnh th\u00e0nh nang tr\u1ee9ng cho nh\u1eefng ph\u1ee5 n\u1eef b\u1ecb tho\u00e1i ho\u00e1 bu\u1ed3ng tr\u1ee9ng ho\u1eb7c ph\u1ee5 n\u1eef m\u00e3n kinh [46, 47].\n", "V\u1edbi chi ph\u00ed th\u1ea5p, kh\u00f4ng x\u00e2m l\u1ea5n, kh\u00f4ng x\u1ea3y ra bi\u1ebfn ch\u1ee9ng v\u00e0 mang l\u1ea1i nhi\u1ec1u hi\u1ec7u qu\u1ea3 t\u00edch c\u1ef1c, PRP \u0111ang d\u1ea7n tr\u1edf th\u00e0nh li\u1ec7u ph\u00e1p \u0111i\u1ec1u tr\u1ecb ti\u1ec1m n\u0103ng trong h\u1ed7 tr\u1ee3 sinh s\u1ea3n.\n", "Nh\u1eefng nguy c\u01a1 nh\u01b0 nhi\u1ec5m khu\u1ea9n, ch\u1ea3y m\u00e1u, \u0111\u00e1p \u1ee9ng mi\u1ec5n d\u1ecbch hay t\u1ed5n th\u01b0\u01a1ng th\u1ea7n kinh \u0111\u01b0\u1ee3c gi\u1ea3m thi\u1ec3u t\u1ed1i \u0111a.\n", "N\u0103m 2007, nh\u00f3m nghi\u00ean c\u1ee9u c\u1ee7a Fanning \u0111\u00e3 \u0111\u00e1nh gi\u00e1 hi\u1ec7u qu\u1ea3 c\u1ee7a PRP tr\u00ean 55 b\u1ec7nh nh\u00e2n tr\u1ea3i qua ph\u1eabu thu\u1eadt ph\u1ee5 khoa [48].\n", "K\u1ebft qu\u1ea3 cho th\u1ea5y\n", "PRP c\u00f3 hi\u1ec7u qu\u1ea3 gi\u1ea3m \u0111au trong v\u00e0 sau ph\u1eabu thu\u1eadt, gi\u00fap v\u1ebft th\u01b0\u01a1ng nhanh h\u1ed3i ph\u1ee5c v\u00e0 kh\u00f4ng c\u00f3 b\u1ea5t k\u1ef3 bi\u1ebfn ch\u1ee9ng n\u00e0o \u0111\u01b0\u1ee3c ghi nh\u1eadn.\n", "G\u1ea7n \u0111\u00e2y, nhi\u1ec1u nghi\u00ean c\u1ee9u \u0111\u00e3 b\u00e1o c\u00e1o v\u1ec1 hi\u1ec7u qu\u1ea3 t\u00edch c\u1ef1c c\u1ee7a PRP trong h\u1ed7 tr\u1ee3 v\u00e0 \u0111i\u1ec1u tr\u1ecb vi\u00eam l\u1ed9 tuy\u1ebfn c\u1ed5 t\u1eed cung [49], x\u01a1 ho\u00e1 lichen [50], ung th\u01b0 \u00e2m h\u1ed9 [51] hay r\u1ed1i lo\u1ea1n ni\u1ec7u sinh d\u1ee5c [52].\n"], "4": ["4.\n", "H\u1ea1n ch\u1ebf c\u1ee7a li\u1ec7u ph\u00e1p PRP\n", "M\u1eb7c d\u00f9 li\u1ec7u ph\u00e1p huy\u1ebft t\u01b0\u01a1ng gi\u00e0u ti\u1ec3u c\u1ea7u t\u1ef1 th\u00e2n \u0111\u00e3 v\u00e0 \u0111ang \u0111\u01b0\u1ee3c \u1ee9ng d\u1ee5ng r\u1ed9ng r\u00e3i nh\u01b0ng hi\u1ec7u qu\u1ea3 \u0111i\u1ec1u tr\u1ecb v\u1eabn c\u00f2n nhi\u1ec1u tranh c\u00e3i.\n", "M\u1ed9t s\u1ed1 nghi\u00ean c\u1ee9u ti\u1ec1n l\u00e2m s\u00e0ng v\u00e0 l\u00e2m s\u00e0ng cho th\u1ea5y PRP kh\u00f4ng mang l\u1ea1i hi\u1ec7u qu\u1ea3 \u0111i\u1ec1u tr\u1ecb nh\u01b0 mong \u0111\u1ee3i.\n", "Nghi\u00ean c\u1ee9u c\u1ee7a Plachokova tr\u00ean m\u00f4 h\u00ecnh chu\u1ed9t khuy\u1ebft x\u01b0\u01a1ng v\u00f2m s\u1ecd cho th\u1ea5y PRP kh\u00f4ng mang l\u1ea1i hi\u1ec7u qu\u1ea3 th\u00fac \u0111\u1ea9y qu\u00e1 tr\u00ecnh t\u00e1i t\u1ea1o m\u00f4 x\u01b0\u01a1ng [53, 54].\n", "Tr\u00ean m\u00f4 h\u00ecnh ch\u00f3 khuy\u1ebft thi\u1ebfu x\u01b0\u01a1ng h\u00e0m d\u01b0\u1edbi, Choi v\u00e0 c\u00e1c c\u1ed9ng s\u1ef1 nh\u1eadn th\u1ea5y m\u1ee9c \u0111\u1ed9 h\u00ecnh th\u00e0nh x\u01b0\u01a1ng v\u00e0 t\u00e1i t\u1ea1o m\u00f4 gh\u00e9p \u1edf nh\u00f3m \u0111i\u1ec1u tr\u1ecb PRP k\u1ebft h\u1ee3p v\u1edbi v\u1eadt li\u1ec7u gh\u00e9p x\u01b0\u01a1ng th\u1ea5p h\u01a1n so v\u1edbi nh\u00f3m kh\u00f4ng s\u1eed d\u1ee5ng\n", "PRP.\n", "\u0110i\u1ec1u n\u00e0y ch\u1ee9ng t\u1ecf PRP kh\u00f4ng c\u00f3 hi\u1ec7u qu\u1ea3 t\u0103ng c\u01b0\u1eddng h\u00ecnh th\u00e0nh x\u01b0\u01a1ng trong qu\u00e1 tr\u00ecnh gh\u00e9p x\u01b0\u01a1ng [55].\n", "M\u1ed9t s\u1ed1 b\u00e1o c\u00e1o l\u00e2m s\u00e0ng ch\u1ec9 ra PRP kh\u00f4ng mang l\u1ea1i hi\u1ec7u qu\u1ea3 ho\u1eb7c hi\u1ec7u qu\u1ea3 \u1edf m\u1ee9c t\u01b0\u01a1ng \u0111\u01b0\u01a1ng so v\u1edbi c\u00e1c ph\u01b0\u01a1ng ph\u00e1p \u0111i\u1ec1u tr\u1ecb th\u00f4ng th\u01b0\u1eddng.\n", "B\u00e1o c\u00e1o c\u1ee7a Walters cho th\u1ea5y PRP kh\u00f4ng c\u00f3 hi\u1ec7u qu\u1ea3 gi\u1ea3m \u0111au trong \u0111i\u1ec1u tr\u1ecb vi\u00eam g\u00e2n b\u00e1nh ch\u00e8 [56].\n", "N\u0103m 2020, Niazi \u0111\u00e3 so s\u00e1nh hi\u1ec7u qu\u1ea3 \u0111i\u1ec1u tr\u1ecb r\u00e1ch ch\u00f3p xoay vai s\u1eed d\u1ee5ng li\u1ec7u ph\u00e1p PRP v\u00e0 v\u1eadt l\u00fd tr\u1ecb li\u1ec7u.\n", "K\u1ebft qu\u1ea3 cho th\u1ea5y PRP gi\u00fap gi\u1ea3m c\u00e1c tri\u1ec7u ch\u1ee9ng s\u01b0ng, \u0111au v\u00e0 c\u1ea3i thi\u1ec7n ch\u1ee9c n\u0103ng v\u1eadn \u0111\u1ed9ng c\u1ee7a kh\u1edbp vai.\n", "Tuy nhi\u00ean, sau 24 tu\u1ea7n theo d\u00f5i, \u0111\u1ed9 d\u00e0y c\u1ee7a g\u00e2n gi\u1ea3m nh\u1eb9 \u1edf nh\u00f3m s\u1eed d\u1ee5ng PRP nh\u01b0ng t\u0103ng nh\u1eb9 trong nh\u00f3m s\u1eed d\u1ee5ng v\u1eadt l\u00fd tr\u1ecb li\u1ec7u.\n", "\u0110i\u1ec1u n\u00e0y \u0111\u01b0\u1ee3c gi\u1ea3i th\u00edch l\u00e0 do trong nghi\u00ean c\u1ee9u c\u1ee7a t\u00e1c gi\u1ea3 ch\u1ec9 s\u1eed ti\u00eam\n", "PRP 1 l\u1ea7n n\u00ean ch\u01b0a \u0111em l\u1ea1i hi\u1ec7u qu\u1ea3 l\u00e2u d\u00e0i [57].\n", "K\u1ebft qu\u1ea3 t\u01b0\u01a1ng t\u1ef1 nh\u01b0 nghi\u00ean c\u1ee9u c\u1ee7a Di Sante trong \u0111i\u1ec1u tr\u1ecb vi\u00eam x\u01b0\u01a1ng kh\u1edbp h\u00f4ng, sau 4 tu\u1ea7n\n", "PRP gi\u00fap gi\u1ea3m \u0111au r\u00f5 r\u1ec7t nh\u01b0ng sau 16 tu\u1ea7n th\u00ec t\u00ecnh tr\u1ea1ng b\u1ec7nh tr\u1edf l\u1ea1i nh\u01b0 ban \u0111\u1ea7u [58].\n", "B\u00e1o c\u00e1o c\u1ee7a Wiltfang tr\u00ean c\u00e1c b\u1ec7nh nh\u00e2n \u0111i\u1ec1u tr\u1ecb n\u00e2ng xoang x\u01b0\u01a1ng h\u00e0m c\u0169ng ch\u1ec9 ra r\u1eb1ng PRP th\u00fac \u0111\u1ea9y qu\u00e1 tr\u00ecnh t\u00e1i t\u1ea1o x\u01b0\u01a1ng trong th\u1eddi gian kho\u1ea3ng 2 tu\u1ea7n sau \u0111i\u1ec1u tr\u1ecb, tuy nhi\u00ean sau 12 tu\u1ea7n theo d\u00f5i t\u00ecnh tr\u1ea1ng b\u1ec7nh l\u1ea1i tr\u1edf v\u1ec1 ban \u0111\u1ea7u [59].\n", "T\u1eeb k\u1ebft qu\u1ea3 c\u1ee7a c\u00e1c nghi\u00ean c\u1ee9u n\u00e0y cho th\u1ea5y, vi\u1ec7c s\u1eed d\u1ee5ng PRP c\u1ea7n li\u1ec7u tr\u00ecnh \u0111i\u1ec1u tr\u1ecb ph\u00f9 h\u1ee3p (kh\u00f4ng ch\u1ec9 ti\u00eam PRP 1 l\u1ea7n) v\u1edbi t\u1eebng b\u1ec7nh c\u1ee5 th\u1ec3, c\u00f3 th\u1ec3 k\u1ebft h\u1ee3p v\u1edbi c\u00e1c ph\u01b0\u01a1ng ph\u00e1p \u0111i\u1ec1u tr\u1ecb kh\u00e1c tu\u1ef3 theo t\u00ecnh tr\u1ea1ng, m\u1ee9c \u0111\u1ed9 nghi\u00eam tr\u1ecdng c\u1ee7a b\u1ec7nh.\n", "Qu\u00e1 tr\u00ecnh \u0111i\u1ec1u tr\u1ecb s\u1eed d\u1ee5ng li\u1ec7u ph\u00e1p PRP c\u00f3 th\u1ec3 kh\u00f4ng \u0111\u1ea1t hi\u1ec7u qu\u1ea3 nh\u01b0 mong \u0111\u1ee3i do nhi\u1ec1u nguy\u00ean nh\u00e2n kh\u00e1c nhau, nh\u01b0ng ch\u1ee7 y\u1ebfu l\u00e0 c\u00e1c y\u1ebfu t\u1ed1 li\u00ean quan \u0111\u1ebfn b\u1ec7nh nh\u00e2n (tu\u1ed5i t\u00e1c, m\u1ee9c \u0111\u1ed9 nghi\u00eam tr\u1ecdng c\u1ee7a b\u1ec7nh, ti\u1ec1n s\u1eed \u0111i\u1ec1u tr\u1ecb b\u1ec7nh,...) v\u00e0 ch\u1ea5t l\u01b0\u1ee3ng s\u1ea3n ph\u1ea9m PRP (h\u00e0m l\u01b0\u1ee3ng b\u1ea1ch c\u1ea7u, ti\u1ec3u c\u1ea7u, \u0111i\u1ec1u ki\u1ec7n ho\u1ea1t ho\u00e1 PRP, s\u1ed1 l\u1ea7n ti\u00eam\n", "PRP,...) [60].\n", "C\u00e1c nghi\u00ean c\u1ee9u in vitro, in vivo \u0111\u00e3 ch\u1ee9ng minh PRP k\u00edch th\u00edch qu\u00e1 tr\u00ecnh t\u0103ng sinh, bi\u1ec7t ho\u00e1 v\u00e0 di chuy\u1ec3n c\u1ee7a nhi\u1ec1u lo\u1ea1i t\u1ebf b\u00e0o tham gia v\u00e0o qu\u00e1 tr\u00ecnh ch\u1eefa l\u00e0nh v\u1ebft th\u01b0\u01a1ng v\u00e0 t\u00e1i t\u1ea1o m\u00f4 nh\u01b0 t\u1ebf b\u00e0o t\u1ea1o x\u01b0\u01a1ng, nguy\u00ean b\u00e0o s\u1ee3i, t\u1ebf b\u00e0o g\u1ed1c trung m\u00f4.\n", "Tuy nhi\u00ean, \u1edf nh\u1eefng b\u1ec7nh nh\u00e2n l\u1edbn tu\u1ed5i th\u00ec s\u1ed1 l\u01b0\u1ee3ng c\u1ee7a c\u00e1c lo\u1ea1i t\u1ebf b\u00e0o n\u00e0y th\u01b0\u1eddng gi\u1ea3m [60].\n", "Do \u0111\u00f3, \u0111\u1ec3 li\u1ec7u ph\u00e1p PRP \u0111\u1ea1t hi\u1ec7u qu\u1ea3 cao \u1edf nh\u1eefng b\u1ec7nh nh\u00e2n n\u00e0y th\u00ec c\u1ea7n k\u1ebft h\u1ee3p v\u1edbi ch\u1ebf \u0111\u1ed9 luy\u1ec7n t\u1eadp \u0111\u1ec3 l\u00e0m t\u0103ng s\u1ed1 l\u01b0\u1ee3ng c\u1ee7a c\u00e1c lo\u1ea1i t\u1ebf b\u00e0o g\u1ed1c trong c\u01a1 th\u1ec3.\n", "M\u1ed9t s\u1ed1 t\u00e1c gi\u1ea3 khuy\u1ebfn c\u00e1o n\u00ean lo\u1ea1i b\u1ecf b\u1ea1ch c\u1ea7u ra kh\u1ecfi s\u1ea3n ph\u1ea9m PRP, b\u1edfi b\u1ea1ch c\u1ea7u gi\u1ea3i ph\u00f3ng c\u00e1c g\u1ed1c oxy t\u1ef1 do l\u00e0m t\u1ed5n th\u01b0\u01a1ng c\u00e1c m\u00f4 trong \u0111i\u1ec1u tr\u1ecb ch\u1ea5n th\u01b0\u01a1ng c\u01a1 [61, 62].\n", "Tuy nhi\u00ean, m\u1ed9t s\u1ed1 nghi\u00ean c\u1ee9u kh\u00e1c khuy\u1ebfn ngh\u1ecb gi\u1eef l\u1ea1i th\u00e0nh ph\u1ea7n b\u1ea1ch c\u1ea7u, b\u1edfi n\u00f3 cung c\u1ea5p m\u00f4i tr\u01b0\u1eddng kh\u00e1ng khu\u1ea9n, tham gia \u0111i\u1ec1u ho\u00e0 mi\u1ec5n d\u1ecbch v\u00e0 th\u00fac \u0111\u1ea9y c\u00e1c y\u1ebfu t\u1ed1 t\u0103ng tr\u01b0\u1edfng n\u1ed9i m\u00f4 m\u1ea1ch m\u00e1u.\n", "S\u1ea3n ph\u1ea9m PRP gi\u00e0u b\u1ea1ch c\u1ea7u \u0111\u01b0\u1ee3c ch\u1ee9ng minh l\u00e0m gi\u1ea3m t\u1ec9 l\u1ec7 nhi\u1ec5m tr\u00f9ng v\u00e0 kh\u00f4ng g\u00e2y bi\u1ebfn ch\u1ee9ng khi s\u1eed d\u1ee5ng trong ph\u1eabu thu\u1eadt kh\u1edbp [20].\n", "Do \u0111\u00f3, nhi\u1ec1u nghi\u00ean c\u1ee9u \u0111\u00e3, \u0111ang v\u00e0 s\u1ebd \u0111\u01b0\u1ee3c th\u1ef1c hi\u1ec7n \u0111\u1ec3 t\u1ed1i \u01b0u ho\u00e1 quy tr\u00ecnh \u0111i\u1ec1u ch\u1ebf PRP nh\u1eb1m \u0111\u1ea1t hi\u1ec7u qu\u1ea3 c\u0169ng nh\u01b0 \u0111\u01b0a ra c\u00e1c ch\u1ec9 \u0111\u1ecbnh hay ch\u1ed1ng ch\u1ec9 \u0111\u1ecbnh trong \u0111i\u1ec1u tr\u1ecb.\n"], "5": ["5.\n", "K\u1ebft lu\u1eadn\n", "Hi\u1ec7n nay, PRP \u0111ang \u0111\u01b0\u1ee3c s\u1eed d\u1ee5ng nh\u01b0 m\u1ed9t ph\u01b0\u01a1ng ph\u00e1p \u0111i\u1ec1u tr\u1ecb m\u1edbi cho nhi\u1ec1u m\u1eb7t b\u1ec7nh kh\u00e1c nhau.\n", "\u01afu \u0111i\u1ec3m c\u1ee7a li\u1ec7u ph\u00e1p PRP l\u00e0 qu\u00e1 tr\u00ecnh s\u1ea3n xu\u1ea5t \u0111\u01a1n gi\u1ea3n, chi ph\u00ed th\u1ea5p, d\u1ec5 d\u00e0ng s\u1eed d\u1ee5ng, kh\u00f4ng x\u00e2m l\u1ea5n, gi\u1ea3m thi\u1ec3u c\u00e1c nguy c\u01a1 m\u1eafc c\u00e1c b\u1ec7nh truy\u1ec1n nhi\u1ec5m v\u00e0 c\u00e1c bi\u1ebfn ch\u1ee9ng c\u00f3 th\u1ec3 x\u1ea3y ra.\n", "M\u1eb7c d\u00f9 PRP \u0111\u01b0\u1ee3c ch\u1ee9ng minh l\u00e0 c\u00f3 hi\u1ec7u qu\u1ea3 trong \u0111i\u1ec1u tr\u1ecb nh\u01b0ng c\u00e1c c\u01a1 ch\u1ebf t\u00e1c \u0111\u1ed9ng c\u1ee7a PRP v\u1eabn ch\u01b0a \u0111\u01b0\u1ee3c r\u00f5 r\u00e0ng v\u00e0 m\u1ed9t s\u1ed1 nghi\u00ean c\u1ee9u c\u00f2n thi\u1ebfu \u0111\u1ed1i ch\u1ee9ng ho\u1eb7c th\u1ef1c hi\u1ec7n tr\u00ean c\u1ee1 m\u1eabu nh\u1ecf.\n", "Do \u0111\u00f3, \u1ee9ng d\u1ee5ng PRP trong \u0111i\u1ec1u tr\u1ecb v\u1eabn c\u1ea7n \u0111\u01b0\u1ee3c ki\u1ec3m so\u00e1t v\u00e0 c\u1ea7n nhi\u1ec1u th\u1eed nghi\u1ec7m l\u00e2m s\u00e0ng h\u01a1n n\u1eefa trong t\u01b0\u01a1ng lai.\n", "Ch\u00fang t\u00f4i hy v\u1ecdng r\u1eb1ng b\u00e0i t\u1ed5ng quan n\u00e0y s\u1ebd l\u00e0m c\u01a1 s\u1edf cho c\u00e1c nghi\u00ean c\u1ee9u s\u00e2u h\u01a1n v\u1ec1 PRP.\n"]}, "Word count": 4195}