{"title": "Original Article\n", "content": {"0": ["T\u00f3m t\u1eaft: Nghi\u00ean c\u1ee9u 46 b\u1ec7nh nh\u00e2n \u0111\u01b0\u1ee3c ch\u1ea9n \u0111o\u00e1n s\u1ecfi t\u00fai m\u1eadt tr\u00ean si\u00eau \u00e2m, c\u00f3 ch\u1ec9 \u0111\u1ecbnh \u0111\u00e1nh gi\u00e1 ch\u1ee9c n\u0103ng t\u00fai m\u1eadt x\u00e9t \u0111i\u1ec1u tr\u1ecb t\u00e1n s\u1ecfi t\u00fai m\u1eadt qua da t\u1ea1i B\u1ec7nh vi\u1ec7n tr\u00ean \u0111\u1ecba b\u00e0n H\u00e0 N\u1ed9i trong th\u1eddi gian t\u1eeb th\u00e1ng 8 n\u0103m 2019 \u0111\u1ebfn th\u00e1ng 03 n\u0103m 2020.\n", "K\u1ebft qu\u1ea3: tu\u1ed5i trung b\u00ecnh 41,76 \u00b1 16,11, \u0111\u1ed9 tu\u1ed5i hay g\u1eb7p 30-50.\n", "S\u1ecfi t\u00fai m\u1eadt hay g\u1eb7p \u1edf n\u1eef h\u01a1n nam, t\u1ec9 l\u1ec7 nam/n\u1eef l\u00e0 1/1,1.\n", "BMI trung b\u00ecnh chi\u1ebfm 76,9%; 45,7% tr\u01b0\u1eddng h\u1ee3p c\u00f3 1 vi\u00ean s\u1ecfi; s\u1ecfi c\u00f3 k\u00edch th\u01b0\u1edbc >10 mm chi\u1ebfm \u0111a s\u1ed1 76,1%; 89% s\u1ecfi di \u0111\u1ed9ng, 95,7% s\u1ecfi c\u00f3 t\u00ednh ch\u1ea5t \u0111\u1eadm \u00e2m k\u00e8m b\u00f3ng c\u1ea3n.\n", "Ch\u1ec9 s\u1ed1 co b\u00f3p t\u00fai m\u1eadt \u2265 40% chi\u1ebfm 95,7%.\n", "Ch\u1ec9 s\u1ed1 co b\u00f3p t\u00fai m\u1eadt trung b\u00ecnh l\u00e0 64,2 \u00b1 16,1%, ch\u1ec9 s\u1ed1 n\u00e0y \u1edf nam gi\u1edbi l\u00e0 64,6 \u00b1 15,5%, \u1edf n\u1eef gi\u1edbi l\u00e0 63,7 \u00b1 16,9%.\n", "95,7% tr\u01b0\u1eddng h\u1ee3p c\u00f2n ch\u1ee9c n\u0103ng co b\u00f3p t\u00fai m\u1eadt.\n", "K\u1ebft lu\u1eadn: si\u00eau \u00e2m c\u00f3 vai tr\u00f2 r\u1ea5t quan tr\u1ecdng v\u00e0 c\u00f3 nhi\u1ec1u \u01b0u th\u1ebf trong ch\u1ea9n \u0111o\u00e1n s\u1ecfi t\u00fai m\u1eadt v\u00e0 \u0111\u00e1nh gi\u00e1 ch\u1ee9c n\u0103ng t\u00fai m\u1eadt tr\u01b0\u1edbc t\u00e1n s\u1ecfi t\u00fai m\u1eadt qua da.\n", "T\u1eeb kho\u00e1: s\u1ecfi t\u00fai m\u1eadt; ch\u1ee9c n\u0103ng t\u00fai m\u1eadt; si\u00eau \u00e2m; t\u00e1n s\u1ecfi m\u1eadt.\n"], "1": ["1.\n", "M\u1edf \u0111\u1ea7u\n", "S\u1ecfi t\u00fai m\u1eadt l\u00e0 m\u1ed9t b\u1ec7nh kh\u00e1 ph\u1ed5 bi\u1ebfn, chi\u1ebfm 10-15% ng\u01b0\u1eddi tr\u01b0\u1edfng th\u00e0nh \u1edf M\u1ef9, chi\u1ebfm 20% d\u00e2n s\u1ed1 \u1edf Ch\u00e2u \u00c2u v\u00e0 2-15% d\u00e2n s\u1ed1 \u1edf Ch\u00e2u \u00c1 [1].\n", "T\u1ea1i Vi\u1ec7t Nam t\u1ef7 l\u1ec7 m\u1eafc dao \u0111\u1ed9ng t\u1eeb 2,14- 6,11%.\n", "S\u1ecfi t\u00fai m\u1eadt l\u00e0 nguy\u00ean nh\u00e2n g\u00e2y c\u01a1n \u0111au qu\u1eb7n m\u1eadt do s\u1ecfi k\u1eb9t c\u1ed5 t\u00fai m\u1eadt, vi\u00eam t\u00fai m\u1eadt c\u1ea5p do s\u1ecfi.\n", "S\u1ecfi k\u00edch th\u01b0\u1edbc > 3 cm c\u00f3 nguy c\u01a1 cao g\u00e2y ung th\u01b0 t\u00fai m\u1eadt [2].\n", "Ch\u1ea9n \u0111o\u00e1n s\u1edbm s\u1ecfi t\u00fai m\u1eadt r\u1ea5t c\u1ea7n thi\u1ebft trong \u0111i\u1ec1u tr\u1ecb b\u1ea3o t\u1ed3n ch\u1ee9c n\u0103ng t\u00fai m\u1eadt v\u00e0 gi\u1ea3m bi\u1ebfn ch\u1ee9ng.\n", "Si\u00eau \u00e2m l\u00e0 ph\u01b0\u01a1ng ph\u00e1p ch\u1ea9n \u0111o\u00e1n c\u00f3 nhi\u1ec1u \u01b0u \u0111i\u1ec3m v\u00ec t\u00ednh s\u1eb5n c\u00f3, gi\u00e1 th\u00e0nh r\u1ebb, kh\u00f4ng x\u00e2m l\u1ea5n, d\u1ec5 s\u1eed d\u1ee5ng trong ch\u1ea9n \u0111o\u00e1n c\u0169ng nh\u01b0 _* T\u00e1c gi\u1ea3 li\u00ean h\u1ec7.\n", "\u0111\u00e1nh gi\u00e1 ch\u1ee9c n\u0103ng t\u00fai m\u1eadt.\n", "Si\u00eau \u00e2m c\u00f3 kh\u1ea3 n\u0103ng ph\u00e1t hi\u1ec7n s\u1ecfi v\u00f4i ho\u00e1 c\u0169ng nh\u01b0 kh\u00f4ng v\u00f4i ho\u00e1 v\u00e0 b\u00f9n m\u1eadt v\u1edbi \u0111\u1ed9 nh\u1ea1y v\u00e0 \u0111\u1ed9 \u0111\u1eb7c hi\u1ec7u l\u1ea7n l\u01b0\u1ee3t l\u00e0 97% v\u00e0 95% [3].\n", "G\u1ea7n \u0111\u00e2y, ph\u01b0\u01a1ng ph\u00e1p t\u00e1n s\u1ecfi t\u00fai m\u1eadt qua da d\u01b0\u1edbi h\u01b0\u1edbng d\u1eabn c\u1ee7a DSA l\u00e0 m\u1ed9t ph\u01b0\u01a1ng ph\u00e1p \u0111i\u1ec1u tr\u1ecb thay th\u1ebf c\u00f3 hi\u1ec7u qu\u1ea3 cho nh\u00f3m b\u1ec7nh nh\u00e2n nguy c\u01a1 cao kh\u00f4ng c\u00f3 ch\u1ec9 \u0111\u1ecbnh ph\u1eabu thu\u1eadt v\u00e0 g\u00e2y m\u00ea to\u00e0n th\u00e2n, gi\u1ea3i quy\u1ebft nguy\u00ean nh\u00e2n vi\u00eam t\u00fai m\u1eadt c\u1ea5p, l\u00e0 ph\u01b0\u01a1ng ph\u00e1p \u0111i\u1ec1u tr\u1ecb s\u1ecfi m\u1eadt b\u1ea3o t\u1ed3n t\u00fai m\u1eadt \u1edf nh\u00f3m b\u1ec7nh nh\u00e2n c\u00f3 nguy c\u01a1 t\u00e1i ph\u00e1t s\u1ecfi m\u1eadt th\u1ea5p [4].\n", "\u0110\u1ec3 t\u00e1n s\u1ecfi t\u00fai m\u1eadt qua da c\u1ea7n \u0111\u00e1nh gi\u00e1 ch\u1ee9c n\u0103ng t\u00fai m\u1eadt, si\u00eau \u00e2m l\u00e0 ph\u01b0\u01a1ng ph\u00e1p \u0111\u00e1nh gi\u00e1 ch\u1ee9c n\u0103ng t\u00fai m\u1eadt kh\u00e1 hi\u1ec7u qu\u1ea3 c\u00f3 th\u1ec3 th\u1ef1c hi\u1ec7n \u1edf c\u00e1c c\u01a1 s\u1edf y t\u1ebf.\n", "\u0110\u1ec1 t\u00e0i n\u00e0y \u0111\u01b0\u1ee3c th\u1ef1c hi\u1ec7n v\u1edbi m\u1ee5c ti\u00eau: m\u00f4 t\u1ea3 \u0111\u1eb7c \u0111i\u1ec3m h\u00ecnh \u1ea3nh s\u1ecfi t\u00fai m\u1eadt v\u00e0 \u0111\u00e1nh gi\u00e1 ch\u1ee9c n\u0103ng t\u00fai m\u1eadt b\u1eb1ng si\u00eau \u00e2m.\n"], "2": ["2.\n", "\u0110\u1ed1i t\u01b0\u1ee3ng v\u00e0 ph\u01b0\u01a1ng ph\u00e1p nghi\u00ean c\u1ee9u 2.1.\n", "\u0110\u1ed1i t\u01b0\u1ee3ng nghi\u00ean c\u1ee9u + Ti\u00eau chu\u1ea9n l\u1ef1a ch\u1ecdn b\u1ec7nh nh\u00e2n: - B\u1ec7nh nh\u00e2n \u0111\u01b0\u1ee3c ch\u1ea9n \u0111o\u00e1n s\u1ecfi t\u00fai m\u1eadt tr\u00ean si\u00eau \u00e2m.\n", "- C\u00f3 ch\u1ec9 \u0111\u1ecbnh \u0111o ch\u1ee9c n\u0103ng t\u00fai m\u1eadt x\u00e9t \u0111i\u1ec1u tr\u1ecb t\u00e1n s\u1ecfi t\u00fai m\u1eadt qua da.\n", "- \u0110\u1ed3ng \u00fd tham gia nghi\u00ean c\u1ee9u.\n", "+ Ti\u00eau chu\u1ea9n lo\u1ea1i tr\u1eeb: - B\u1ec7nh nh\u00e2n kh\u00f4ng c\u00f3 ch\u1ec9 \u0111\u1ecbnh \u0111o ch\u1ee9c n\u0103ng t\u00fai m\u1eadt \u0111\u1ec3 x\u00e9t t\u00e1n s\u1ecfi t\u00fai m\u1eadt qua da.\n", "- C\u00f3 b\u1ec7nh l\u00fd kh\u00e1c kh\u00f4ng ph\u00f9 h\u1ee3p t\u00e1n s\u1ecfi t\u00fai m\u1eadt qua da: s\u1ecfi t\u00fai m\u1eadt c\u00f3 bi\u1ebfn ch\u1ee9ng vi\u00eam t\u00fai m\u1eadt c\u1ea5p n\u1eb7ng, th\u1ee7ng t\u00fai m\u1eadt, vi\u00eam t\u00fai m\u1eadt m\u1ea1n.\n", "- Kh\u00f4ng \u0111\u1ed3ng \u00fd tham gia nghi\u00ean c\u1ee9u.\n", "2.2.\n", "Ph\u01b0\u01a1ng ph\u00e1p nghi\u00ean c\u1ee9u + Thi\u1ebft k\u1ebf nghi\u00ean c\u1ee9u: m\u00f4 t\u1ea3 c\u1eaft ngang.\n", "+ C\u1ee1 m\u1eabu: m\u1eabu thu\u1eadn ti\u1ec7n, ch\u1ecdn t\u1ea5t c\u1ea3 c\u00e1c \u0111\u1ed1i t\u01b0\u1ee3ng c\u00f3 \u0111\u1ee7 ti\u00eau chu\u1ea9n l\u1ef1a ch\u1ecdn, kh\u00f4ng c\u00f3 ti\u00eau chu\u1ea9n lo\u1ea1i tr\u1eeb t\u1eeb th\u00e1ng 08 n\u0103m 2019 \u0111\u1ebfn th\u00e1ng 03 n\u0103m 2020 t\u1ea1i B\u1ec7nh vi\u1ec7n tr\u00ean \u0111\u1ecba b\u00e0n H\u00e0\n", "N\u1ed9i.\n", "C\u1ee1 m\u1eabu ch\u1ecdn \u0111\u01b0\u1ee3c l\u00e0 46.\n", "+ X\u1eed l\u00fd s\u1ed1 li\u1ec7u, s\u1eed d\u1ee5ng ph\u1ea7n m\u1ec1m\n", "SPSS 20.0.\n", "2.3.\n", "Quy tr\u00ecnh si\u00eau \u00e2m ch\u1ea9n \u0111o\u00e1n s\u1ecfi t\u00fai m\u1eadt v\u00e0 \u0111o ch\u1ee9c n\u0103ng t\u00fai m\u1eadt + Chu\u1ea9n b\u1ecb: - B\u1ec7nh nh\u00e2n t\u1ed1t nh\u1ea5t n\u00ean nh\u1ecbn \u0111\u00f3i.\n", "N\u1ebfu \u0111\u00f3i.\n", "C\u1ea7n th\u0103m kh\u00e1m l\u00e2m s\u00e0ng tr\u01b0\u1edbc khi si\u00eau \u00e2m.\n", "- M\u00e1y si\u00eau \u00e2m n\u00ean c\u00f3 nhi\u1ec1u \u0111\u1ea7u d\u00f2 v\u1edbi t\u1ea7n s\u1ed1 kh\u00e1c nhau, th\u01b0\u1eddng d\u00f9ng \u0111\u1ea7u d\u00f2 3.5 Mhz v\u00e0 5 Mhz cho tr\u1ebb em v\u00e0 n\u00ean d\u00f9ng \u0111\u1ea7u d\u00f2 cong l\u1ed3i.\n", "H\u00ecnh 1.\n", "T\u01b0 th\u1ebf b\u1ec7nh nh\u00e2n si\u00eau \u00e2m ch\u1ea9n \u0111o\u00e1n s\u1ecfi t\u00fai m\u1eadt v\u00e0 \u0111\u00e1nh gi\u00e1 ch\u1ee9c n\u0103ng t\u00fai m\u1eadt.\n", "+ T\u01b0 th\u1ebf b\u1ec7nh nh\u00e2n: b\u1ec7nh nh\u00e2n n\u1eb1m ng\u1eeda b\u1ed9c l\u1ed9 ph\u1ea7n b\u1ee5ng, b\u00e1c s\u0129 si\u00eau \u00e2m ng\u1ed3i b\u00ean ph\u1ea3i b\u1ec7nh nh\u00e2n, kh\u00e1m v\u00e0 ti\u1ebfn h\u00e0nh si\u00eau \u00e2m.\n", "Si\u00eau \u00e2m t\u01b0 th\u1ebf n\u1eb1m ng\u1eeda v\u00e0 nghi\u00eang ng\u01b0\u1eddi sang tr\u00e1i.\n", "+ Ti\u1ebfn h\u00e0nh si\u00eau \u00e2m: - C\u1eaft c\u00e1c l\u00e1t c\u1eaft d\u1ecdc v\u00e0 ngang t\u00fai m\u1eadt, \u1ed1ng m\u1eadt ch\u1ee7.\n", "- \u0110\u00e1nh gi\u00e1 c\u00e1c b\u1ea5t th\u01b0\u1eddng h\u00ecnh th\u00e1i t\u00fai m\u1eadt: chia ng\u0103n, c\u00f3 v\u00e1ch.\n", "- \u0110o k\u00edch th\u01b0\u1edbc t\u00fai m\u1eadt tr\u01b0\u1edbc \u0103n: chi\u1ec1u d\u00e0i \u0111\u00e1y c\u1ed5, chi\u1ec1u ngang, tr\u01b0\u1edbc sau.\n", "- \u0110o b\u1ec1 d\u00e0y th\u00e0nh t\u00fai m\u1eadt.\n", "- In h\u00ecnh \u1ea3nh + V\u1edbi tr\u1ebb em <10 tu\u1ed5i: nh\u1ecbn \u0103n 6 ti\u1ebfng  si\u00eau \u00e2m l\u1ea7n 1 \u0103n 1 mi\u1ebfng ph\u00f4 mai (con b\u00f2 c\u01b0\u1eddi) + 1 l\u00e1t b\u00e1nh m\u00ec( ho\u1eb7c b\u00fa s\u1eefa no) sau 60 ph\u00fat si\u00eau \u00e2m l\u1ea7n 2.\n", "+ V\u1edbi ng\u01b0\u1eddi l\u1edbn: nh\u1ecbn \u0103n 12 ti\u1ebfng (qua \u0111\u00eam) si\u00eau \u00e2m l\u1ea7n 1 \u0103n 1 mi\u1ebfng b\u00e1nh m\u00ec + 2 mi\u1ebfng b\u01a1 ph\u00f4 mai (con b\u00f2 c\u01b0\u1eddi) + hai qu\u1ea3 tr\u1ee9ng g\u00e0 lu\u1ed9c sau 45 ph\u00fat si\u00eau \u00e2m l\u1ea7n 2.\n", "- \u0110o k\u00edch th\u01b0\u1edbc t\u00fai m\u1eadt sau \u0103n: chi\u1ec1u d\u00e0i \u0111\u00e1y c\u1ed5; chi\u1ec1u ngang; tr\u01b0\u1edbc sau.\n", "- T\u00ednh th\u1ec3 t\u00edch t\u00fai m\u1eadt tr\u01b0\u1edbc (Vt) v\u00e0 sau (Vs) \u0103n: b\u1eadt ch\u1ebf \u0111\u1ed9 \u0111o th\u1ec3 t\u00edch t\u1ef1 \u0111\u1ed9ng (volume) tr\u00ean m\u00e1y si\u00eau \u00e2m, ho\u1eb7c t\u00ednh theo c\u00f4ng th\u1ee9c V = /6 x (d\u00e0i x ngang x tr\u01b0\u1edbc sau).\n", "- Ch\u1ee9c n\u0103ng co b\u00f3p t\u00fai m\u1eadt = (Vt - Vs)/Vt x 100%.\n"], "3": ["3.\n", "K\u1ebft qu\u1ea3 nghi\u00ean c\u1ee9u 3.1.\n", "\u0110\u1eb7c \u0111i\u1ec3m chung\n", "Bi\u1ec3u \u0111\u1ed3 1.\n", "Ph\u00e2n b\u1ed1 b\u1ec7nh nh\u00e2n theo tu\u1ed5i.\n", "Nh\u1eadn x\u00e9t: \u0111\u1ed9 tu\u1ed5i c\u00f3 t\u1ec9 l\u1ec7 m\u1eafc b\u1ec7nh cao nh\u1ea5t l\u00e0 t\u1eeb 30 \u0111\u1ebfn 50 chi\u1ebfm 43,3%.\n", "Bi\u1ec3u \u0111\u1ed3 2.\n", "Ph\u00e2n b\u1ed1 b\u1ec7nh nh\u00e2n theo gi\u1edbi t\u00ednh.\n", "Nh\u1eadn x\u00e9t: t\u1ec9 l\u1ec7 n\u1eef/nam = 1,1/1.\n", "Bi\u1ec3u \u0111\u1ed3 3.\n", "Ph\u00e2n b\u1ed1 b\u1ec7nh nh\u00e2n theo BMI.\n", "Nh\u1eadn x\u00e9t: s\u1ecfi t\u00fai m\u1eadt g\u1eb7p \u1edf ng\u01b0\u1eddi c\u00f3 th\u1ec3 tr\u1ea1ng trung b\u00ecnh chi\u1ebfm t\u1ec9 l\u1ec7 cao nh\u1ea5t 76,1% 3.2.\n", "\u0110\u1eb7c \u0111i\u1ec3m h\u00ecnh \u1ea3nh s\u1ecfi t\u00fai m\u1eadt v\u00e0 \u0111\u00e1nh gi\u00e1 ch\u1ee9c n\u0103ng t\u00fai m\u1eadt\n", "B\u1ea3ng 1.\n", "H\u00ecnh \u1ea3nh vi\u00eam t\u00fai m\u1eadt tr\u00ean si\u00eau \u00e2m\n", "H\u00ecnh \u1ea3nh vi\u00eam t\u00fai m\u1eadt tr\u00ean si\u00eau \u00e2m n %\n", "Th\u00e0nh t\u00fai m\u1eadt d\u00e0y > 3 mm 1 2,2\n", "T\u00fai m\u1eadt c\u0103ng to 1 2,2\n", "D\u1ecbch quanh t\u00fai m\u1eadt 0 0\n", "Nh\u1eadn x\u00e9t: d\u1ea5u hi\u1ec7u d\u00e0y th\u00e0nh t\u00fai m\u1eadt v\u00e0 t\u00fai m\u1eadt to chi\u1ebfm t\u1ef7 l\u1ec7 th\u1ea5p (2,2%), kh\u00f4ng tr\u01b0\u1eddng h\u1ee3p n\u00e0o c\u00f3 d\u1ecbch quanh t\u00fai m\u1eadt.\n", "B\u1ea3ng 2.\n", "S\u1ed1 l\u01b0\u1ee3ng s\u1ecfi tr\u00ean si\u00eau \u00e2m\n", "S\u1ed1 l\u01b0\u1ee3ng s\u1ecfi n % 1 vi\u00ean 21 45,7 2-5 vi\u00ean 14 30,4 > 5 vi\u00ean 11 23,9\n", "T\u1ed5ng 46 100\n", "Nh\u1eadn x\u00e9t: s\u1ed1 l\u01b0\u1ee3ng s\u1ecfi 1 vi\u00ean chi\u1ebfm t\u1ec9 l\u1ec7 cao nh\u1ea5t 45,7%.\n", "B\u1ea3ng 3.\n", "K\u00edch th\u01b0\u1edbc s\u1ecfi\n", "K\u00edch th\u01b0\u1edbc s\u1ecfi n % \u226410 mm 11 23,9 10-20 mm 15 32,6 > 20 mm 20 43,5\n", "T\u1ed5ng 46 100\n", "B\u1ea3ng 4.\n", "M\u1ed1i quan h\u1ec7 gi\u1eefa k\u00edch th\u01b0\u1edbc s\u1ecfi v\u00e0 gi\u1edbi t\u00ednh\n", "K\u00edch th\u01b0\u1edbc s\u1ecfi\n", "Nam N\u1eef n % n % \u2264 10 mm 5 22,7 6 25 >10 mm 17 77,3 18 75\n", "T\u1ed5ng 22 100 24 100\n", "Nh\u1eadn x\u00e9t: t\u1ef7 l\u1ec7 ph\u00e1t hi\u1ec7n s\u1ecfi >10 mm cao g\u1ea5p 3,2 l\u1ea7n b\u1ec7nh nh\u00e2n s\u1ecfi c\u00f3 k\u00edch th\u01b0\u1edbc \u226410 mm.\n", "Kh\u00f4ng c\u00f3 m\u1ed1i li\u00ean quan gi\u1eefa s\u1ecfi t\u00fai m\u1eadt v\u00e0 gi\u1edbi t\u00ednh (p >0,05).\n", "28,3% 43,4% 28,3% < 30 30-50 > 50 47,8%52,2% Nam\n", "N\u1eef 6,5% 17,4% 76,1% < 18,5 18,5 - 24,9 > 24,9\n", "B\u1ea3ng 5.\n", "\u0110\u1ed9 di \u0111\u1ed9ng s\u1ecfi\n", "\u0110\u1ed9 di \u0111\u1ed9ng s\u1ecfi n %\n", "C\u00f3 di \u0111\u1ed9ng 41 89\n", "Kh\u00f4ng di \u0111\u1ed9ng 5 11\n", "T\u1ed5ng 46 100\n", "Nh\u1eadn x\u00e9t: 89% s\u1ecfi c\u00f3 di \u0111\u1ed9ng.\n", "B\u1ea3ng 6.\n", "T\u00ednh ch\u1ea5t s\u1ecfi \u0111\u1eadm \u00e2m k\u00e8m b\u00f3ng c\u1ea3n\n", "S\u1ecfi \u0111\u1eadm \u00e2m n %\n", "K\u00e8m b\u00f3ng c\u1ea3n 44 95,7\n", "Kh\u00f4ng k\u00e8m b\u00f3ng c\u1ea3n 2 4,3\n", "T\u1ed5ng 46 100\n", "Nh\u1eadn x\u00e9t: 95,7% s\u1ecfi c\u00f3 t\u00ednh ch\u1ea5t \u0111\u1eadm \u00e2m k\u00e8m b\u00f3ng c\u1ea3n.\n", "H\u00ecnh 2.\n", "H\u00ecnh \u1ea3nh s\u1ecfi \u0111\u1eadm \u00e2m k\u00e8m b\u00f3ng c\u1ea3n; b\u1ec7nh nh\u00e2n P.\n", "T.\n", "M.\n", "T, n\u1eef, 20 tu\u1ed5i.\n", "B\u1ea3ng 7.\n", "Ch\u1ec9 s\u1ed1 co b\u00f3p t\u00fai m\u1eadt\n", "Ch\u1ec9 s\u1ed1 co b\u00f3p t\u00fai m\u1eadt n % < 40% 2 4,3 \u2265 40% 44 95,7\n", "T\u1ed5ng 46 100\n", "Nh\u1eadn x\u00e9t: ch\u1ec9 s\u1ed1 co b\u00f3p t\u00fai m\u1eadt \u2265 40% chi\u1ebfm 95,7%.\n", "B\u1ea3ng 8.\n", "Ch\u1ec9 s\u1ed1 co b\u00f3p trung b\u00ecnh t\u00fai m\u1eadt\n", "Gi\u1edbi n Ch\u1ec9 s\u1ed1 co b\u00f3p trung b\u00ecnh\n", "Nam 22 64,6 \u00b1 15,5%\n", "N\u1eef 24 63,7 \u00b1 16,9%\n", "T\u1ed5ng 46 64,2 \u00b1 16,1%\n", "Nh\u1eadn x\u00e9t: ch\u1ec9 s\u1ed1 co b\u00f3p t\u00fai m\u1eadt trung b\u00ecnh l\u00e0 64,2 \u00b1 16,1%, \u1edf nam gi\u1edbi l\u00e0 64,6 \u00b1 15,5%, \u1edf n\u1eef gi\u1edbi l\u00e0 63,7 \u00b1 16.9%.\n", "B\u1ea3ng 9.\n", "Ch\u1ee9c n\u0103ng co b\u00f3p t\u00fai m\u1eadt\n", "Ch\u1ee9c n\u0103ng co b\u00f3p t\u00fai m\u1eadt n %\n", "C\u00f2n 44 95,7\n", "Kh\u00f4ng c\u00f2n 2 4,3\n", "T\u1ed5ng 46 100\n", "Nh\u1eadn x\u00e9t: 95,7% b\u1ec7nh nh\u00e2n c\u00f2n ch\u1ee9c n\u0103ng co b\u00f3p t\u00fai m\u1eadt.\n", "H\u00ecnh 3.\n", "\u0110o ch\u1ee9c n\u0103ng t\u00fai m\u1eadt tr\u01b0\u1edbc v\u00e0 sau \u0103n; b\u1ec7nh nh\u00e2n D.\n", "T.\n", "V, n\u1eef 30 tu\u1ed5i; ch\u1ee9c n\u0103ng t\u00fai m\u1eadt = 55%.\n"], "4": ["4.\n", "B\u00e0n lu\u1eadn 4.1.\n", "\u0110\u1eb7c \u0111i\u1ec3m chung\n", "Tu\u1ed5i: nghi\u00ean c\u1ee9u 46 tr\u01b0\u1eddng h\u1ee3p, ch\u00fang t\u00f4i th\u1ea5y \u0111\u1ed9 tu\u1ed5i trung b\u00ecnh l\u00e0 41,76 \u00b1 16,11; th\u1ea5p nh\u1ea5t 20 tu\u1ed5i, cao nh\u1ea5t 90 tu\u1ed5i.\n", "\u0110\u1ed9 tu\u1ed5i hay g\u1eb7p nh\u1ea5t t\u1eeb 30-50 tu\u1ed5i (chi\u1ebfm 43,4%).\n", "\u0110\u1ed9 tu\u1ed5i <30 v\u00e0 >50 c\u00f3 t\u1ec9 l\u1ec7 \u0111\u1ec1u b\u1eb1ng 28,3%.\n", "Nguy\u1ec5n V\u0103n\n", "Ho\u00e0ng \u0110\u1ea1o c\u0169ng cho r\u1eb1ng \u0111\u1ed9 tu\u1ed5i hay g\u1eb7p nh\u1ea5t l\u00e0 30-50 (chi\u1ebfm 80,4%), \u0111\u1ed9 tu\u1ed5i <30 chi\u1ebfm 8,6 %, \u0111\u1ed9 tu\u1ed5i >50 chi\u1ebfm 11,8% [5].\n", "Nghi\u00ean c\u1ee9u c\u1ee7a\n", "Nguy\u1ec5n V\u0169 Ph\u01b0\u01a1ng cho k\u1ebft qu\u1ea3 \u0111\u1ed9 tu\u1ed5i hay g\u1eb7p nh\u1ea5t l\u00e0 40-60 [6].\n", "Nghi\u00ean c\u1ee9u c\u1ee7a V.\n", "Sigh cho th\u1ea5y \u0111\u1ed9 tu\u1ed5i trung b\u00ecnh m\u1eafc s\u1ecfi t\u00fai m\u1eadt l\u00e0 48,30 \u00b1 16,03 tu\u1ed5i.\n", "C\u00e1c s\u1ed1 li\u1ec7u \u1edf c\u00e1c nghi\u00ean c\u1ee9u tuy c\u00f3 kh\u00e1c nhau do ti\u1ebfn h\u00e0nh nghi\u00ean c\u1ee9u v\u1edbi c\u1ee1 m\u1eabu kh\u00e1c nhau, \u0111\u1ecba \u0111i\u1ec3m kh\u00e1c nhau, th\u1eddi gian kh\u00e1c nhau nh\u01b0ng r\u00f5 r\u00e0ng c\u00e1c nghi\u00ean c\u1ee9u hi\u1ec7n t\u1ea1i hay tr\u01b0\u1edbc \u0111\u00f3 \u0111\u1ec1u cho th\u1ea5y \u0111\u1ed9 tu\u1ed5i hay g\u1eb7p nh\u1ea5t c\u1ee7a s\u1ecfi t\u00fai m\u1eadt l\u00e0 tu\u1ed5i trung ni\u00ean 30-50.\n", "C\u00f3 th\u1ec3 l\u1ee9a tu\u1ed5i n\u00e0y c\u00f3 ch\u1ebf \u0111\u1ed9 dinh d\u01b0\u1ee1ng d\u1ed3i d\u00e0o, \u00edt v\u1eadn \u0111\u1ed9ng, d\u1ec5 m\u1eafc c\u00e1c b\u1ec7nh chuy\u1ec3n ho\u00e1.\n", "Gi\u1edbi t\u00ednh: trong 46 b\u1ec7nh nh\u00e2n nghi\u00ean c\u1ee9u, s\u1ecfi t\u00fai m\u1eadt g\u1eb7p \u1edf nam 47,8%, n\u1eef 52,2%, t\u1ec9 l\u1ec7 n\u1eef/nam l\u00e0 1,1/1.\n", "K\u1ebft qu\u1ea3 n\u00e0y kh\u00e1 t\u01b0\u01a1ng \u0111\u1ed3ng v\u1edbi nghi\u00ean c\u1ee9u c\u1ee7a c\u00e1c t\u00e1c gi\u1ea3 trong v\u00e0 ngo\u00e0i n\u01b0\u1edbc:\n", "L.\n", "M.\n", "Stinton v\u00e0 c\u1ed9ng s\u1ef1 cho r\u1eb1ng n\u1eef m\u1eafc b\u1ec7nh cao h\u01a1n nam v\u1edbi t\u1ec9 l\u1ec7 n\u1eef/nam 1,9-3/1 [1];\n", "Nguy\u1ec5n V\u0103n Ho\u00e0ng \u0110\u1ea1o cho r\u1eb1ng t\u1ec9 l\u1ec7 n\u1eef/nam l\u00e0 1,5/1 [5]; Nguy\u1ec5n V\u0169 Ph\u01b0\u01a1ng ghi nh\u1eadn t\u1ec9 l\u1ec7 n\u1eef/nam 2,36/1 [6].\n", "Nh\u01b0 v\u1eady, c\u00e1c k\u1ebft qu\u1ea3 nghi\u00ean c\u1ee9u cho r\u1eb1ng t\u1ef7 l\u1ec7 m\u1eafc b\u1ec7nh s\u1ecfi t\u00fai m\u1eadt \u1edf n\u1eef gi\u1edbi cao h\u01a1n nam gi\u1edbi, \u0111i\u1ec1u n\u00e0y c\u00f3 th\u1ec3 \u0111\u01b0\u1ee3c gi\u1ea3i th\u00edch do ph\u1ee5 n\u1eef c\u00f3 h\u00e0m l\u01b0\u1ee3ng Estrogen v\u00e0 Progesterol cao h\u01a1n nam gi\u1edbi.\n", "Estrogen l\u00e0m t\u0103ng s\u1ea3n xu\u1ea5t cholesterol \u1edf gan, v\u00e0 t\u0103ng b\u00e0i ti\u1ebft v\u00e0o d\u1ecbch m\u1eadt.\n", "Progesterol c\u1ea3n tr\u1edf d\u00f2ng ch\u1ea3y c\u1ee7a m\u1eadt, gi\u1ea3m l\u01b0u th\u00f4ng d\u1ecbch m\u1eadt, d\u1eabn \u0111\u1ebfn \u1ee9 tr\u1ec7.\n", "C\u1ea3 2 y\u1ebfu t\u1ed1 n\u00e0y \u0111\u1ec1u t\u0103ng nguy c\u01a1 h\u00ecnh th\u00e0nh s\u1ecfi.\n", "\u1ede ph\u1ee5 n\u1eef m\u00e3n kinh m\u00e0 d\u00f9ng hoocmon estrogen thay th\u1ebf ho\u1eb7c ph\u1ee5 n\u1eef d\u00f9ng thu\u1ed1c tr\u00e1nh thai li\u1ec1u cao c\u0169ng t\u0103ng nguy c\u01a1 s\u1ecfi t\u00fai m\u1eadt \u0111\u00e1ng k\u1ec3.\n", "H\u01a1n n\u1eefa, n\u1eef gi\u1edbi th\u01b0\u1eddng c\u00f3 ch\u1ebf \u0111\u1ed9 \u0103n ngh\u00e8o n\u00e0n h\u01a1n nam gi\u1edbi.\n", "Ch\u1ebf \u0111\u1ed9 \u0103n ngh\u00e8o n\u00e0n, d\u1ecbch m\u1eadt \u00edt \u0111\u01b0\u1ee3c s\u1eed d\u1ee5ng d\u1eabn t\u1edbi t\u00ecnh tr\u1ea1ng \u1ee9 d\u1ecbch m\u1eadt, t\u0103ng nguy c\u01a1 h\u00ecnh th\u00e0nh s\u1ecfi.\n", "Ch\u1ec9 s\u1ed1 BMI: s\u1ecfi t\u00fai m\u1eadt g\u1eb7p nhi\u1ec1u \u1edf \u0111\u1ed1i t\u01b0\u1ee3ng c\u00f3 th\u1ec3 tr\u1ea1ng trung b\u00ecnh chi\u1ebfm 76,1%, th\u1ec3 tr\u1ea1ng th\u1eeba c\u00e2n b\u00e9o ph\u00ec hay g\u1eb7p h\u01a1n l\u00e0 th\u1ec3 tr\u1ea1ng g\u1ea7y, t\u01b0\u01a1ng \u1ee9ng 17,4% v\u00e0 6,5%.\n", "C\u00f3 r\u1ea5t nhi\u1ec1u quan \u0111i\u1ec3m ch\u01b0a th\u1ed1ng nh\u1ea5t v\u1ec1 m\u1ed1i quan h\u1ec7 gi\u1eefa ch\u1ec9 s\u1ed1 kh\u1ed1i c\u01a1 th\u1ec3 v\u00e0 b\u1ec7nh s\u1ecfi t\u00fai m\u1eadt nh\u01b0ng h\u1ea7u h\u1ebft l\u00e0 c\u00e1c nghi\u00ean c\u1ee9u \u0111\u1ec1u ch\u01b0a t\u00ecm th\u1ea5y m\u1ed1i li\u00ean quan gi\u1eefa s\u1ecfi t\u00fai m\u1eadt v\u00e0 th\u1ec3 tr\u1ea1ng c\u1ee7a b\u1ec7nh nh\u00e2n.\n", "4.2.\n", "\u0110\u1eb7c \u0111i\u1ec3m h\u00ecnh \u1ea3nh s\u1ecfi t\u00fai m\u1eadt v\u00e0 \u0111\u00e1nh gi\u00e1 ch\u1ee9c n\u0103ng t\u00fai m\u1eadt\n", "Vi\u00eam t\u00fai m\u1eadt: trong nghi\u00ean c\u1ee9u c\u1ee7a ch\u00fang t\u00f4i c\u00e1c d\u1ea5u hi\u1ec7u c\u1ee7a vi\u00eam t\u00fai m\u1eadt nh\u01b0 th\u00e0nh d\u00e0y >3 mm, t\u00fai m\u1eadt c\u0103ng to v\u00e0 d\u1ecbch quanh t\u00fai m\u1eadt \u0111\u1ec1u chi\u1ebfm t\u1ec9 l\u1ec7 th\u1ea5p (t\u1eeb 0-2,2%).\n", "S\u1edf d\u0129 nh\u01b0 v\u1eady l\u00e0 do ch\u00fang t\u00f4i l\u1ef1a ch\u1ecdn b\u1ec7nh nh\u00e2n si\u00eau \u00e2m ch\u1ea9n \u0111o\u00e1n v\u00e0 \u0111\u00e1nh gi\u00e1 ch\u1ee9c n\u0103ng t\u00fai m\u1eadt \u0111\u1ec3 t\u00e1n s\u1ecfi qua da n\u00ean nh\u1eefng tr\u01b0\u1eddng h\u1ee3p vi\u00eam t\u00fai m\u1eadt n\u1eb7ng, kh\u00f4ng \u0111\u1ee7 \u0111i\u1ec1u ki\u1ec7n \u0111o ch\u1ee9c n\u0103ng t\u00fai m\u1eadt v\u00e0 t\u00e1n s\u1ecfi \u0111\u00e3 b\u1ecb lo\u1ea1i ra kh\u1ecfi nghi\u00ean c\u1ee9u.\n", "So v\u1edbi nghi\u00ean c\u1ee9u c\u1ee7a\n", "G.\n", "Borzellino v\u00e0 c\u1ed9ng s\u1ef1 tr\u00ean 186 b\u1ec7nh nh\u00e2n s\u1ecfi t\u00fai m\u1eadt c\u00f3 tri\u1ec7u ch\u1ee9ng th\u00ec 58,6% t\u00fai m\u1eadt c\u0103ng to, 19,9% th\u00e0nh t\u00fai m\u1eadt d\u00e0y, 9,7% d\u1ecbch quanh t\u00fai m\u1eadt, 53,2% b\u1ec7nh nh\u00e2n c\u00f3 1 d\u1ea5u hi\u1ec7u, 11,8% c\u00f3 2 d\u1ea5u hi\u1ec7u, 3,8% b\u1ec7nh nh\u00e2n c\u00f3 c\u1ea3 3 d\u1ea5u hi\u1ec7u [7].\n", "Nh\u00ecn chung si\u00eau \u00e2m gi\u00fap ch\u1ea9n \u0111o\u00e1n s\u1edbm s\u1ecfi t\u00fai m\u1eadt c\u00f3 bi\u1ebfn ch\u1ee9ng vi\u00eam t\u00fai m\u1eadt, gi\u00fap \u00edch cho b\u00e1c s\u0129 l\u00e2m s\u00e0ng trong vi\u1ec7c \u0111\u01b0a ra h\u01b0\u1edbng \u0111i\u1ec1u tr\u1ecb s\u1edbm, \u0111\u00fang \u0111\u1eafn, ph\u00f9 h\u1ee3p cho t\u1eebng b\u1ec7nh nh\u00e2n.\n", "S\u1ed1 l\u01b0\u1ee3ng s\u1ecfi: trong nghi\u00ean c\u1ee9u c\u1ee7a ch\u00fang t\u00f4i s\u1ed1 l\u01b0\u1ee3ng s\u1ecfi 1 vi\u00ean chi\u1ebfm t\u1ec9 l\u1ec7 cao nh\u1ea5t 45,7%, t\u1eeb 2-5 vi\u00ean chi\u1ebfm 30,4%, tr\u00ean 5 vi\u00ean chi\u1ebfm 23,9 %.\n", "K\u1ebft qu\u1ea3 n\u00e0y ph\u00f9 h\u1ee3p v\u1edbi k\u1ebft qu\u1ea3 nghi\u00ean c\u1ee9u c\u1ee7a A.\n", "Csendes v\u1edbi s\u1ecfi 1 vi\u00ean chi\u1ebfm t\u1ec9 l\u1ec7 cao nh\u1ea5t l\u00e0 45,2%, t\u1eeb 2-5 vi\u00ean chi\u1ebfm 17,1 %, tr\u00ean 5 vi\u00ean chi\u1ebfm 37,6% [8].\n", "Vi\u1ec7c m\u00f4 t\u1ea3 ch\u00ednh x\u00e1c c\u00f3 bao nhi\u00eau vi\u00ean s\u1ecfi c\u0169ng nh\u01b0 k\u00edch th\u01b0\u1edbc t\u1eebng vi\u00ean tr\u00ean si\u00eau \u00e2m r\u1ea5t kh\u00f3 kh\u0103n, do s\u1ecfi c\u00f3 th\u1ec3 s\u00e1t nhau, d\u00ednh v\u00e0o nhau kh\u00f3 ph\u00e2n bi\u1ec7t, kh\u00f3 \u0111\u1ebfm s\u1ed1 l\u01b0\u1ee3ng.\n", "Th\u01b0\u1eddng c\u00e1c b\u00e1c s\u0129 si\u00eau \u00e2m ch\u1ec9 m\u00f4 t\u1ea3 h\u00ecnh \u1ea3nh \u0111\u00e1m s\u1ecfi c\u00f3 k\u00edch th\u01b0\u1edbc bao nhi\u00eau.\n", "Th\u1ef1c t\u1ebf s\u1ed1 l\u01b0\u1ee3ng v\u00e0 k\u00edch th\u01b0\u1edbc s\u1ecfi kh\u00f4ng \u0111\u01b0\u1ee3c \u0111\u00e1nh gi\u00e1 m\u1ed9t c\u00e1ch r\u00f5 r\u00e0ng, ch\u00ednh x\u00e1c, ch\u1ec9 mang t\u00ednh ch\u1ea5t \u01b0\u1edbc l\u01b0\u1ee3ng, \u0111\u1ecbnh h\u01b0\u1edbng cho c\u00e1c b\u00e1c s\u0129 l\u00e2m s\u00e0ng l\u1ef1a ch\u1ecdn c\u00e1c ph\u01b0\u01a1ng ph\u00e1p \u0111i\u1ec1u tr\u1ecb th\u00edch h\u1ee3p.\n", "K\u00edch th\u01b0\u1edbc s\u1ecfi l\u1edbn nh\u1ea5t v\u00e0 m\u1ed1i li\u00ean h\u1ec7 v\u1edbi gi\u1edbi t\u00ednh: trong nghi\u00ean c\u1ee9u c\u1ee7a ch\u00fang t\u00f4i s\u1ecfi l\u1edbn nh\u1ea5t c\u00f3 \u0111\u01b0\u1eddng k\u00ednh 57 mm, nh\u1ecf nh\u1ea5t l\u00e0 6 mm, k\u00edch th\u01b0\u1edbc trung b\u00ecnh l\u00e0 21,5\u00b112,8 mm.\n", "Nghi\u00ean c\u1ee9u c\u1ee7a Csendes A.\n", "k\u00edch th\u01b0\u1edbc trung b\u00ecnh 19,7 \u00b1 9,4 mm, nghi\u00ean c\u1ee9u n\u00e0y ch\u1ec9 ch\u1ecdn nh\u1eefng b\u1ec7nh nh\u00e2n s\u1ecfi t\u00fai m\u1eadt kh\u00f4ng tri\u1ec7u ch\u1ee9ng [8].\n", "S\u1ecfi k\u00edch th\u01b0\u1edbc <10 mm c\u00f3 t\u1ec9 l\u1ec7 23,9%, s\u1ecfi k\u00edch th\u01b0\u1edbc 10-20 mm chi\u1ebfm 32,6%, k\u00edch th\u01b0\u1edbc >20 mm chi\u1ebfm 43,5%, nh\u01b0 v\u1eady t\u1ec9 l\u1ec7 s\u1ecfi >10 mm chi\u1ebfm 76,1%.\n", "Khi x\u00e9t m\u1ed1i li\u00ean quan gi\u1eefa k\u00edch th\u01b0\u1edbc s\u1ecfi l\u1edbn nh\u1ea5t v\u00e0 gi\u1edbi t\u00ednh, ch\u00fang t\u00f4i kh\u00f4ng th\u1ea5y m\u1ed1i li\u00ean quan gi\u1eefa s\u1ecfi \u2264 10 mm, s\u1ecfi > 10 mm v\u1edbi gi\u1edbi t\u00ednh v\u1edbi p >0,05.\n", "Nghi\u00ean c\u1ee9u c\u1ee7a Nguy\u1ec5n V\u0103n Ho\u00e0ng\n", "\u0110\u1ea1o m\u1ed1i li\u00ean quan gi\u1eefa gi\u1edbi t\u00ednh v\u00e0 k\u00edch th\u01b0\u1edbc s\u1ecfi c\u00f3 \u00fd ngh\u0129a th\u1ed1ng k\u00ea (p <0,05): s\u1ecfi \u226410 mm hay g\u1eb7p \u1edf nam (70%) v\u00e0 \u00edt g\u1eb7p \u1edf n\u1eef h\u01a1n (30%), trong kho s\u1ecfi >10 mm th\u01b0\u1eddng g\u1eb7p \u1edf n\u1eef (64%) v\u00e0 \u00edt g\u1eb7p \u1edf nam h\u01a1n (34%) [5].\n", "Kh\u00e1c bi\u1ec7t n\u00e0y c\u00f3 th\u1ec3 do kh\u00e1c nhau v\u1ec1 l\u1ef1a ch\u1ecdn \u0111\u1ed1i t\u01b0\u1ee3ng c\u0169ng nh\u01b0 s\u1ed1 l\u01b0\u1ee3ng m\u1eabu nghi\u00ean c\u1ee9u.\n", "T\u00ednh ch\u1ea5t di \u0111\u1ed9ng c\u1ee7a s\u1ecfi: trong nghi\u00ean c\u1ee9u c\u1ee7a ch\u00fang t\u00f4i: 89% s\u1ecfi c\u00f3 di \u0111\u1ed9ng, 11% s\u1ecfi kh\u00f4ng di \u0111\u1ed9ng.\n", "Si\u00eau \u00e2m c\u00f3 th\u1ec3 ch\u1ea9n \u0111o\u00e1n ph\u00e2n bi\u1ec7t s\u1ecfi d\u1ec5 d\u00e0ng v\u1edbi c\u00e1c b\u1ec7nh kh\u00e1c v\u00ec s\u1ecfi c\u00f3 \u0111\u1eb7c t\u00ednh di \u0111\u1ed9ng theo t\u01b0 th\u1ebf b\u1ec7nh nh\u00e2n, kh\u1ea3 n\u0103ng ch\u1ea9n \u0111o\u00e1n \u0111\u01b0\u1ee3c s\u1ecfi r\u1ea5t cao.\n", "\u0110\u1eb7c t\u00ednh di \u0111\u1ed9ng gi\u00fap ch\u1ea9n \u0111o\u00e1n ph\u00e2n bi\u1ec7t s\u1ecfi v\u1edbi m\u1ed9t s\u1ed1 b\u1ec7nh l\u00fd kh\u00e1c nh\u01b0 polyp t\u00fai m\u1eadt, s\u00e1n l\u00e1 gan.\n", "T\u00ednh ch\u1ea5t \u0111\u1eadm \u00e2m k\u00e8m b\u00f3ng c\u1ea3n: h\u00ecnh \u1ea3nh s\u1ecfi t\u00fai m\u1eadt tr\u00ean si\u00eau \u00e2m l\u00e0 h\u00ecnh \u1ea3nh \u0111\u1eadm \u00e2m k\u00e8m ho\u1eb7c kh\u00f4ng k\u00e8m b\u00f3ng c\u1ea3n.\n", "K\u1ebft qu\u1ea3 nghi\u00ean c\u1ee9u cho th\u1ea5y s\u1ecfi \u0111\u1eadm \u00e2m k\u00e8m b\u00f3ng c\u1ea3n chi\u1ebfm 95,7%, t\u1ec9 l\u1ec7 s\u1ecfi kh\u00f4ng k\u00e8m b\u00f3ng c\u1ea3n ch\u1ec9 chi\u1ebfm 4,3%.\n", "K\u1ebft qu\u1ea3 n\u00e0y t\u01b0\u01a1ng \u0111\u1ed3ng v\u1edbi k\u1ebft qu\u1ea3 nghi\u00ean c\u1ee9u c\u1ee7a \u0110\u1ed3ng Th\u1ecb Di\u1ec7u Thu 94,6% s\u1ecfi c\u00f3 b\u00f3ng c\u1ea3n, 5,4% s\u1ecfi kh\u00f4ng k\u00e8m b\u00f3ng c\u1ea3n, h\u1ea7u h\u1ebft si\u00eau \u00e2m s\u1ecfi t\u00fai m\u1eadt cho k\u1ebft qu\u1ea3 t\u1ea1o b\u00f3ng c\u1ea3n \u00e2m r\u00f5 [9].\n", "Nh\u1eefng tr\u01b0\u1eddng h\u1ee3p s\u1ecfi kh\u00f4ng k\u00e8m b\u00f3ng c\u1ea3n c\u00f3 th\u1ec3 l\u00e0 s\u1ecfi b\u00f9n, s\u1ecfi c\u00f3 k\u00edch th\u01b0\u1edbc qu\u00e1 nh\u1ecf kh\u00f4ng \u0111\u1ee7 t\u1ea1o b\u00f3ng c\u1ea3n, c\u1ea7n thay \u0111\u1ed5i gain \u0111\u1ec3 x\u00e1c \u0111\u1ecbnh b\u00f3ng c\u1ea3n c\u1ee7a s\u1ecfi.\n", "\u0110\u1eb7c t\u00ednh di \u0111\u1ed9ng v\u00e0 c\u00f3 b\u00f3ng c\u1ea3n tr\u00ean si\u00eau \u00e2m l\u00e0 2 \u0111\u1eb7c t\u00ednh quan tr\u1ecdng c\u1ee7a s\u1ecfi t\u00fai m\u1eadt \u0111\u1ec3 ch\u1ea9n \u0111o\u00e1n ph\u00e2n bi\u1ec7t v\u1edbi b\u1ec7nh kh\u00e1c.\n", "Tr\u00ean c\u1eaft l\u1edbp vi t\u00ednh s\u1ecfi t\u00fai m\u1eadt c\u00f3 th\u1ec3 c\u00f3 c\u00f9ng t\u1ec9 tr\u1ecdng v\u1edbi d\u1ecbch m\u1eadt n\u00ean nh\u1ea7m l\u1eabn trong ch\u1ea9n \u0111o\u00e1n.\n", "Tr\u00ean Xquang s\u1ecfi kh\u00f4ng c\u1ea3n quang v\u00e0 s\u1ecfi k\u00edch th\u01b0\u1edbc < 5 mm s\u1ebd kh\u00f4ng th\u1ec3 ch\u1ea9n \u0111o\u00e1n ch\u00ednh x\u00e1c \u0111\u01b0\u1ee3c, Xquang th\u01b0\u1eddng ch\u1ec9 ch\u1ea9n \u0111o\u00e1n \u0111\u01b0\u1ee3c 30%.\n", "Nh\u01b0 v\u1eady, so v\u1edbi Xquang v\u00e0 c\u1eaft l\u1edbp vi t\u00ednh si\u00eau \u00e2m c\u00f3 \u01b0u th\u1ebf h\u01a1n trong ch\u1ea9n \u0111o\u00e1n s\u1ecfi t\u00fai m\u1eadt.\n", "Ch\u1ec9 s\u1ed1 co b\u00f3p t\u00fai m\u1eadt: trong nghi\u00ean c\u1ee9u c\u1ee7a ch\u00fang t\u00f4i, ch\u1ec9 s\u1ed1 co b\u00f3p t\u00fai m\u1eadt trung b\u00ecnh l\u00e0 64,22 \u00b1 16,09, cao nh\u1ea5t l\u00e0 100% v\u00e0 th\u1ea5p nh\u1ea5t l\u00e0 4,3%.\n", "Ch\u1ec9 s\u1ed1 n\u00e0y \u1edf nam l\u00e0 64,98 \u00b1 15,13, \u1edf n\u1eef l\u00e0 63,46 \u00b1 17,30, s\u1ef1 kh\u00e1c bi\u1ec7t kh\u00f4ng c\u00f3 \u00fd ngh\u0129a th\u1ed1ng k\u00ea v\u1edbi p > 0,05.\n", "K\u1ebft qu\u1ea3 n\u00e0y t\u01b0\u01a1ng \u0111\u1ed3ng v\u1edbi k\u1ebft qu\u1ea3 nghi\u00ean c\u1ee9u c\u1ee7a A.\n", "Ugwu v\u00e0 c\u1ed9ng s\u1ef1 ch\u1ec9 s\u1ed1 co b\u00f3p t\u00fai m\u1eadt trung b\u00ecnh l\u00e0 42,8 \u00b1 19,33 \u1edf nam v\u00e0 37,66 \u00b1 16,29 v\u1edbi p > 0,05, kh\u00e1c bi\u1ec7t ch\u1ec9 s\u1ed1 co b\u00f3p t\u00fai m\u1eadt v\u00e0 gi\u1edbi t\u00ednh kh\u00f4ng c\u00f3 \u00fd ngh\u0129a th\u1ed1ng k\u00ea [10].\n", "Trong 46 tr\u01b0\u1eddng h\u1ee3p nghi\u00ean c\u1ee9u c\u00f3 2 tr\u01b0\u1eddng h\u1ee3p (4,3%) c\u00f3 ch\u1ec9 s\u1ed1 co b\u00f3p t\u00fai m\u1eadt <40%, 44 \u2265 40%.\n", "H.\n", "J.\n", "Yoon v\u00e0 c\u1ed9ng s\u1ef1 nghi\u00ean c\u1ee9u v\u00e0 \u0111o ch\u1ee9c n\u0103ng t\u00fai m\u1eadt 35 b\u1ec7nh nh\u00e2n cho k\u1ebft qu\u1ea3 th\u1ec3 t\u00edch t\u00fai m\u1eadt trung b\u00ecnh tr\u01b0\u1edbc \u0103n 25,3 ml, th\u1ec3 t\u00edch sau \u0103n l\u00e0 6,6 ml v\u00e0 ch\u1ec9 s\u1ed1 co b\u00f3p t\u00fai m\u1eadt trung b\u00ecnh 73,4 % [11].\n", "B\u1ec7nh nh\u00e2n c\u00f3 s\u1ecfi t\u00fai m\u1eadt \u0111\u01b0\u1ee3c ph\u00e1t hi\u1ec7n s\u1edbm qua si\u00eau \u00e2m h\u1ea7u nh\u01b0 c\u00f3 ch\u1ec9 s\u1ed1 co b\u00f3p \u2265 40 v\u00e0 \u0111\u1ee7 \u0111i\u1ec1u ki\u1ec7n \u0111\u1ec3 t\u00e1n s\u1ecfi t\u00fai m\u1eadt qua da b\u1ea3o t\u1ed3n ch\u1ee9c n\u0103ng t\u00fai m\u1eadt.\n", "N\u1ebfu ph\u00e1t hi\u1ec7n mu\u1ed9n khi c\u00f3 c\u00e1c bi\u1ebfn ch\u1ee9ng vi\u00eam t\u00fai m\u1eadt c\u1ea5p, th\u1ee7ng t\u00fai m\u1eadt, vi\u00eam t\u00fai m\u1eadt m\u1ea1n b\u1ec7nh nh\u00e2n th\u01b0\u1eddng ph\u1ea3i ph\u1eabu thu\u1eadt c\u1eaft t\u00fai m\u1eadt qua n\u1ed9i soi ho\u1eb7c m\u1ed5 m\u1edf.\n", "V\u1edbi s\u1ef1 ra \u0111\u1eddi c\u1ee7a ph\u01b0\u01a1ng ph\u00e1p t\u00e1n s\u1ecfi t\u00fai m\u1eadt qua da, si\u00eau \u00e2m ng\u00e0y c\u00e0ng th\u1ec3 hi\u1ec7n \u0111\u01b0\u1ee3c vai tr\u00f2 quan tr\u1ecdng v\u00e0 h\u1eefu \u00edch \u0111\u1ec3 ch\u1ea9n \u0111o\u00e1n s\u1edbm v\u00e0 b\u1ea3o t\u1ed3n ch\u1ee9c n\u0103ng t\u00fai m\u1eadt.\n", "Si\u00eau \u00e2m gi\u00fap \u0111\u00e1nh gi\u00e1 s\u1ef1 thay \u0111\u1ed5i v\u1ec1 h\u00ecnh d\u00e1ng v\u00e0 k\u00edch th\u01b0\u1edbc c\u1ee7a t\u00fai m\u1eadt khi nh\u1ecbn \u0111\u00f3i v\u00e0 sau b\u1eefa \u0103n gi\u00e0u ch\u1ea5t b\u00e9o cho ph\u00e9p \u01b0\u1edbc l\u01b0\u1ee3ng kh\u1ea3 n\u0103ng co b\u00f3p v\u00e0 l\u01b0\u1ee3ng m\u1eadt t\u1ed1ng xu\u1ea5t, \u0111\u01b0a ra h\u01b0\u1edbng \u0111i\u1ec1u tr\u1ecb h\u1ee3p l\u00fd h\u01a1n.\n", "Ch\u1ee9c n\u0103ng co b\u00f3p t\u00fai m\u1eadt: Trong 46 b\u1ec7nh nh\u00e2n nghi\u00ean c\u1ee9u c\u00f3 95,7% b\u1ec7nh nh\u00e2n c\u00f2n ch\u1ee9c n\u0103ng co b\u00f3p t\u00fai m\u1eadt, 4,3% ch\u1ee9c n\u0103ng co b\u00f3p t\u00fai m\u1eadt k\u00e9m h\u01a1n b\u00ecnh th\u01b0\u1eddng.\n", "Tuy nhi\u00ean, ch\u00fang ta c\u0169ng c\u1ea7n l\u01b0u \u00fd \u0111\u1ebfn v\u1ecb tr\u00ed c\u1ee7a s\u1ecfi.\n", "N\u1ebfu s\u1ecfi k\u1eb9t \u1edf c\u1ed5 t\u00fai m\u1eadt th\u00ec kh\u00f3 \u0111\u00e1nh gi\u00e1 \u0111\u01b0\u1ee3c \u0111\u00fang ch\u1ee9c n\u0103ng t\u00fai m\u1eadt v\u00ec t\u00fai m\u1eadt c\u00f3 th\u1ec3 c\u00f2n ch\u1ee9c n\u0103ng nh\u01b0ng kh\u00f4ng c\u00f3 \u0111\u01b0\u1eddng t\u1ed1ng xu\u1ea5t m\u1eadt ra ngo\u00e0i \u0111\u1ec3 thu nh\u1ecf th\u1ec3 t\u00edch.\n", "V\u00ec v\u1eady tr\u00ean l\u00e2m s\u00e0ng c\u1ea7n \u0111\u01b0a ra nh\u1eadn \u0111\u1ecbnh \u0111\u00fang \u0111\u1eafn h\u01a1n trong quy\u1ebft \u0111\u1ecbnh \u0111i\u1ec1u tr\u1ecb.\n"], "5": ["5.\n", "K\u1ebft lu\u1eadn - Tu\u1ed5i trung b\u00ecnh 41,76 \u00b1 16,11, \u0111\u1ed9 tu\u1ed5i hay g\u1eb7p 30-50.\n", "- S\u1ecfi t\u00fai m\u1eadt hay g\u1eb7p \u1edf n\u1eef h\u01a1n nam, t\u1ec9 l\u1ec7 nam/n\u1eef l\u00e0 1/1,1.\n", "- BMI trung b\u00ecnh chi\u1ebfm 76,9%.\n", "- 45,7% tr\u01b0\u1eddng h\u1ee3p c\u00f3 1 vi\u00ean s\u1ecfi, 30,4% c\u00f3 t\u1eeb 2-5 vi\u00ean, 23,9 % c\u00f3 tr\u00ean 5 vi\u00ean.\n", "- S\u1ecfi c\u00f3 k\u00edch th\u01b0\u1edbc >10 mm chi\u1ebfm \u0111a s\u1ed1 76,1%.\n", "89% s\u1ecfi c\u00f3 di \u0111\u1ed9ng.\n", "- 95,7% s\u1ecfi c\u00f3 t\u00ednh ch\u1ea5t \u0111\u1eadm \u00e2m k\u00e8m b\u00f3ng c\u1ea3n.\n", "- Ch\u1ec9 s\u1ed1 co b\u00f3p t\u00fai m\u1eadt \u2265 40% chi\u1ebfm 95,7%.\n", "- Ch\u1ec9 s\u1ed1 co b\u00f3p t\u00fai m\u1eadt trung b\u00ecnh l\u00e0 64,2 \u00b1 16,1%, ch\u1ec9 s\u1ed1 n\u00e0y \u1edf nam gi\u1edbi l\u00e0 64,6\u00b115,5%, \u1edf n\u1eef gi\u1edbi l\u00e0 63,7 \u00b1 16,9%.\n", "- 95,7% tr\u01b0\u1eddng h\u1ee3p c\u00f2n ch\u1ee9c n\u0103ng co b\u00f3p t\u00fai m\u1eadt.\n", "Si\u00eau \u00e2m c\u00f3 vai tr\u00f2 r\u1ea5t quan tr\u1ecdng v\u00e0 c\u00f3 nhi\u1ec1u \u01b0u th\u1ebf trong ch\u1ea9n \u0111o\u00e1n s\u1ecfi t\u00fai m\u1eadt v\u00e0 \u0111\u00e1nh gi\u00e1 ch\u1ee9c n\u0103ng t\u00fai m\u1eadt tr\u01b0\u1edbc khi t\u00e1n s\u1ecfi t\u00fai m\u1eadt qua da.\n"]}, "Word count": 3667}