{"title": "M\u1ed9t s\u1ed1 h\u1ee3p ch\u1ea5t ph\u00e2n l\u1eadp t\u1eeb l\u00e1 c\u00e2y Kh\u00f4i \u0111\u1ed1m (Sanchezia nobilis Hook.f.)\n", "content": {"0": ["T\u00f3m t\u1eaft: T\u1eeb ph\u00e2n \u0111o\u1ea1n d\u1ecbch chi\u1ebft ethylacetat c\u1ee7a l\u00e1 c\u00e2y Kh\u00f4i \u0111\u1ed1m (Sanchezia nobilis Hook.f.) thu h\u00e1i \u1edf t\u1ec9nh Nam \u0110\u1ecbnh v\u00e0 b\u1eb1ng ph\u01b0\u01a1ng ph\u00e1p s\u1eafc k\u00fd c\u1ed9t \u0111\u00e3 ph\u00e2n l\u1eadp \u0111\u01b0\u1ee3c 3 h\u1ee3p ch\u1ea5t.\n", "C\u1ea5u tr\u00fac ho\u00e1 h\u1ecdc c\u1ee7a c\u00e1c h\u1ee3p ch\u1ea5t n\u00e0y \u0111\u01b0\u1ee3c x\u00e1c \u0111\u1ecbnh b\u1eb1ng ph\u01b0\u01a1ng ph\u00e1p ph\u1ed5 nh\u01b0: ph\u1ed5 kh\u1ed1i, ph\u1ed5 c\u1ed9ng h\u01b0\u1edfng t\u1eeb h\u1ea1t nh\u00e2n.\n", "C\u00e1c ch\u1ea5t \u0111\u01b0\u1ee3c x\u00e1c \u0111\u1ecbnh l\u00e0: 9-methoxycanthin-6-on (1), 9-hydroxyheterogorgiolid (2),\n", "O-methyl furodysinin lacton (3).\n", "C\u00e1c h\u1ee3p ch\u1ea5t n\u00e0y l\u1ea7n \u0111\u1ea7u ti\u00ean \u0111\u01b0\u1ee3c ph\u00e2n l\u1eadp t\u1eeb c\u00e2y Kh\u00f4i \u0111\u1ed1m.\n", "T\u1eeb kho\u00e1: 9-methoxycanthin-6-on, 9-hydroxyheterogorgiolid, O-methyl furodysinin lacton.\n"], "1": ["1.\n", "\u0110\u1eb7t v\u1ea5n \u0111\u1ec1\n", "Tr\u00ean th\u1ebf gi\u1edbi, chi Sanchezia (h\u1ecd\n", "Acanthaceae) bao g\u1ed3m h\u01a1n 60 lo\u00e0i v\u00f9ng nhi\u1ec7t \u0111\u1edbi v\u00e0 c\u1eadn nhi\u1ec7t \u0111\u1edbi.\n", "Chi n\u00e0y ph\u00e2n b\u1ed1 \u1edf khu v\u1ef1c\n", "\u0110\u1ecba Trung H\u1ea3i, \u1ea4n \u0110\u1ed9, ch\u00e2u Phi, ch\u00e2u \u00dac, M\u1ef9 v\u00e0 m\u1ed9t s\u1ed1 n\u01b0\u1edbc \u0110\u00f4ng Nam \u00c1.\n", "H\u1ea7u h\u1ebft c\u00e1c lo\u00e0i \u0111\u00e3 c\u00f3 t\u1eeb l\u00e2u n\u0103m \u1edf r\u1eebng m\u01b0a nhi\u1ec7t \u0111\u1edbi mi\u1ec1n\n", "Trung v\u00e0 Nam M\u1ef9 (Ecuador) [1].\n", "\u1ede Vi\u1ec7t Nam, chi Sanchezia c\u00f3 \u1edf nhi\u1ec1u \u0111\u1ecba ph\u01b0\u01a1ng nh\u01b0: huy\u1ec7n mi\u1ec1n n\u00fai Chi\u00eam Ho\u00e1, Na Hang t\u1ec9nh\n", "Tuy\u00ean Quang, huy\u1ec7n mi\u1ec1n n\u00fai t\u1ec9nh Qu\u1ea3ng\n", "Nam, huy\u1ec7n Ho\u00e0 Vang th\u00e0nh ph\u1ed1 \u0110\u00e0 N\u1eb5ng v\u00e0 m\u1ed9t s\u1ed1 t\u1ec9nh kh\u00e1c (Nam \u0110\u1ecbnh, V\u0129nh Ph\u00fac, Ph\u00fa\n", "Th\u1ecd, Th\u00e1i Nguy\u00ean) [2-4].\n", "C\u00e2y Kh\u00f4i \u0111\u1ed1m thu\u1ed9c chi Sanchezia (h\u1ecd \u00d4\n", "R\u00f4 Acanthaceae).\n", "Tr\u00ean th\u1ebf gi\u1edbi c\u00e2y n\u00e0y \u0111\u00e3 \u0111\u01b0\u1ee3c nghi\u00ean c\u1ee9u v\u1ec1 t\u00e1c d\u1ee5ng ch\u1ed1ng oxy ho\u00e1 v\u00e0 ch\u1ed1ng t\u0103ng sinh t\u1ebf b\u00e0o in vitro, t\u00e1c d\u1ee5ng kh\u00e1ng khu\u1ea9n [5-6].\n", "V\u1ec1 th\u00e0nh ph\u1ea7n ho\u00e1 h\u1ecdc c\u1ee7a lo\u00e0i c\u00e2y n\u00e0y m\u1edbi c\u00f3 m\u1ed9t s\u1ed1 c\u00f4ng b\u1ed1 cho th\u1ea5y, c\u00e2y c\u00f3 ch\u1ee9a m\u1ed9t s\u1ed1 nh\u00f3m ch\u1ea5t nh\u01b0: flavonoid, glycosid, carbohydrat, alcaloid, steroid, phenolic, saponin v\u00e0 tannin [7].\n", "\u1ede Vi\u1ec7t Nam, d\u00e2n gian ta \u0111\u00e3 truy\u1ec1n nhau s\u1eed d\u1ee5ng c\u00e2y Kh\u00f4i \u0111\u1ed1m nh\u01b0 m\u1ed9t ''v\u1ecb c\u1ee9u tinh ch\u1eefa b\u1ec7nh vi\u00eam d\u1ea1 d\u00e0y.\n", "Tuy nhi\u00ean, nh\u1eefng nghi\u00ean c\u1ee9u th\u00e0nh ph\u1ea7n ho\u00e1 h\u1ecdc v\u00e0 t\u00e1c d\u1ee5ng sinh h\u1ecdc v\u1ec1 lo\u00e0i c\u00e2y n\u00e0y \u1edf c\u1ea3 Vi\u1ec7t Nam v\u00e0 th\u1ebf gi\u1edbi c\u00f2n kh\u00e1 \u00edt.\n", "V\u00ec v\u1eady, \u0111\u1ec3 cung c\u1ea5p th\u00eam c\u00e1c d\u1eef li\u1ec7u v\u1ec1 th\u00e0nh ph\u1ea7n ho\u00e1 h\u1ecdc, t\u00e1c d\u1ee5ng sinh h\u1ecdc c\u1ee7a c\u00e2y Kh\u00f4i \u0111\u1ed1m, c\u0169ng nh\u01b0 gi\u00fap \u0111\u1ecbnh h\u01b0\u1edbng s\u1eed d\u1ee5ng d\u01b0\u1ee3c li\u1ec7u n\u00e0y hi\u1ec7u qu\u1ea3 h\u01a1n, nghi\u00ean c\u1ee9u n\u00e0y cung c\u1ea5p th\u00f4ng tin v\u1ec1 m\u1ed9t s\u1ed1 h\u1ee3p ch\u1ea5t flavonoid v\u00e0 t\u00e1c d\u1ee5ng ch\u1ed1ng vi\u00eam c\u1ee7a c\u00e2y Kh\u00f4i \u0111\u1ed1m.\n"], "2": ["2.\n", "\u0110\u1ed1i t\u01b0\u1ee3ng v\u00e0 ph\u01b0\u01a1ng ph\u00e1p nghi\u00ean c\u1ee9u 2.1.\n", "\u0110\u1ed1i t\u01b0\u1ee3ng nghi\u00ean c\u1ee9u\n", "L\u00e1 c\u00e2y Kh\u00f4i \u0111\u1ed1m \u0111\u01b0\u1ee3c thu h\u00e1i v\u00e0o th\u00e1ng 1/2018 t\u1ea1i Th\u1ecb tr\u1ea5n C\u1ed5 L\u1ec5, huy\u1ec7n Tr\u1ef1c Ninh, t\u1ec9nh Nam \u0110\u1ecbnh, ph\u01a1i s\u1ea5y, b\u1ea3o qu\u1ea3n trong t\u00fai nilon k\u00edn.\n", "M\u1eabu c\u00e2y n\u00e0y \u0111\u01b0\u1ee3c ThS.Nguy\u1ec5n\n", "Qu\u1ef3nh Nga, Vi\u1ec7n D\u01b0\u1ee3c li\u1ec7u gi\u00e1m \u0111\u1ecbnh t\u00ean khoa h\u1ecdc l\u00e0: Sanchezia nobilis Hook.f.\n", "h\u1ecd\n", "Acanthaceae (h\u1ecd \u00d4 r\u00f4).\n", "M\u1eabu c\u00e2y \u0111\u01b0\u1ee3c l\u01b0u t\u1ea1i:\n", "Ph\u00f2ng ti\u00eau b\u1ea3n, Khoa T\u00e0i Nguy\u00ean C\u00e2y Thu\u1ed1c, 2.2.\n", "Dung m\u00f4i, ho\u00e1 ch\u1ea5t - Dung m\u00f4i ho\u00e1 ch\u1ea5t d\u00f9ng \u0111\u1ec3 chi\u1ebft xu\u1ea5t v\u00e0 ph\u00e2n l\u1eadp (EtOH 70%, n-hexan (Hx), ethyl acetat (EtOAc), methanol (MeOH), dichloromethan (DCM), aceton (Ac)...\n", "\u0111\u1ea1t ti\u00eau chu\u1ea9n tinh khi\u1ebft.\n", "- Pha t\u0129nh d\u00f9ng trong s\u1eafc k\u00fd c\u1ed9t l\u00e0 silica gel pha th\u01b0\u1eddng c\u1ee1 h\u1ea1t 0,063-0,200 mm (Merck), (0,040 - 0,063 mm, Merck).\n", "B\u1ea3n m\u1ecfng tr\u00e1ng s\u1eb5n DC-Alufolien 60 F254 (Merck) (silica gel, 0,25 mm) v\u00e0 b\u1ea3n m\u1ecfng pha \u0111\u1ea3o RP-18 F254 (Merck, 0,25 mm)...\n", "- Ho\u00e1 ch\u1ea5t d\u00f9ng trong \u0111\u00e1nh gi\u00e1 t\u00e1c d\u1ee5ng ch\u1ed1ng vi\u00eam c\u1ea5p: indomethacin, NaCl 0,9%, dung d\u1ecbch carrageenin.\n", "2.3.\n", "Thi\u1ebft b\u1ecb, d\u1ee5ng c\u1ee5 - S\u1eafc k\u00fd c\u1ed9t: s\u1eafc k\u00fd c\u1ed9t s\u1eed d\u1ee5ng silicagel c\u1ee1 h\u1ea1t 0,063-0,200 mm (Merck) v\u00e0 c\u1ee1 h\u1ea1t 0,040- 0,063 mm (Merck) v\u1edbi c\u00e1c lo\u1ea1i c\u1ed9t s\u1eafc k\u00fd c\u00f3 k\u00edch c\u1ee1 kh\u00e1c nhau.\n", "- Ph\u1ed5 c\u1ed9ng h\u01b0\u1edfng t\u1eeb h\u1ea1t nh\u00e2n: NMR \u0111\u01b0\u1ee3c ghi tr\u00ean m\u00e1y Bruker Avance 500MHz t\u1ea1i Vi\u1ec7n\n", "Ho\u00e1 h\u1ecdc, Vi\u1ec7n H\u00e0n l\u00e2m Khoa h\u1ecdc v\u00e0 C\u00f4ng ngh\u1ec7 Vi\u1ec7t Nam.\n", "- Ph\u1ed5 kh\u1ed1i ESI-MS: \u0111o tr\u00ean m\u00e1y AGILENT 1260 Series LC-MS ion Trap (Agilent\n", "Technologies, Hoa K\u1ef3) - Nhi\u1ec7t \u0111\u1ed9 n\u00f3ng ch\u1ea3y: \u0111o tr\u00ean m\u00e1y SMP10\n", "BioCote, Khoa Y D\u01b0\u1ee3c, \u0110HQGHN.\n", "- G\u00f3c quay c\u1ef1c ri\u00eang: \u0111o tr\u00ean m\u00e1y PLR-4,\n", "MRC scientific instruments, Khoa Y D\u01b0\u1ee3c,\n", "\u0110HQGHN.\n", "2.4.\n", "Chi\u1ebft t\u00e1ch v\u00e0 ph\u00e2n l\u1eadp ch\u1ea5t\n", "M\u1eabu l\u00e1 c\u00e2y Kh\u00f4i \u0111\u1ed1m (2,5kg) sau khi \u0111\u00e3 r\u1eeda s\u1ea1ch, ph\u01a1i kh\u00f4, th\u00e1i nh\u1ecf \u0111\u01b0\u1ee3c ng\u00e2m chi\u1ebft b\u1eb1ng dung m\u00f4i ethanol 80% (3 l\u1ea7n, m\u1ed7i l\u1ea7n 8L), s\u1eed d\u1ee5ng thi\u1ebft b\u1ecb chi\u1ebft si\u00eau \u00e2m \u1edf 40oC trong v\u00f2ng 3 gi\u1edd.\n", "L\u1ecdc c\u00e1c d\u1ecbch chi\u1ebft ethanol thu \u0111\u01b0\u1ee3c qua gi\u1ea5y l\u1ecdc, g\u1ed9p d\u1ecbch l\u1ecdc v\u00e0 c\u1ea5t lo\u1ea1i dung m\u00f4i d\u01b0\u1edbi \u00e1p su\u1ea5t gi\u1ea3m, thu \u0111\u01b0\u1ee3c 150g cao chi\u1ebft t\u1ed5ng ethanol.\n", "L\u1ea5y 100g cao chi\u1ebft ph\u00e2n t\u00e1n trong n\u01b0\u1edbc c\u1ea5t v\u00e0 chi\u1ebft ph\u00e2n b\u1ed1 b\u1eb1ng n-hexan v\u00e0 ethyl acetat (m\u1ed7i dung m\u00f4i 3 l\u1ea7n, m\u1ed7i l\u1ea7n 500 ml trong 30 ph\u00fat).\n", "C\u00e1c ph\u00e2n \u0111o\u1ea1n n-hexan, ethyl acetat \u0111\u01b0\u1ee3c c\u1ea5t lo\u1ea1i dung m\u00f4i d\u01b0\u1edbi \u00e1p su\u1ea5t gi\u1ea3m \u0111\u1ec3 thu \u0111\u01b0\u1ee3c ph\u00e2n \u0111o\u1ea1n t\u01b0\u01a1ng \u1ee9ng n- hexan k\u00fd hi\u1ec7u l\u00e0 H (9,2 g) v\u00e0 ethyl acetat k\u00fd hi\u1ec7u l\u00e0 E (28,8g).\n", "Ph\u1ea7n d\u1ecbch chi\u1ebft n\u01b0\u1edbc c\u00f2n l\u1ea1i c\u00f4 c\u1ea1n thu \u0111\u01b0\u1ee3c ph\u00e2n \u0111o\u1ea1n k\u00fd hi\u1ec7u N (26,6g).\n", "Ti\u1ebfn h\u00e0nh ph\u00e2n t\u00edch c\u1eafn EtOAc (25,0 g) tr\u00ean c\u1ed9t s\u1eafc k\u00fd silicagel v\u1edbi h\u1ec7 dung m\u00f4i c\u00f3 \u0111\u1ed9 ph\u00e2n c\u1ef1c t\u0103ng d\u1ea7n bao g\u1ed3m n-hexan- EtOAc (5:11:1, v/v, m\u1ed7i ph\u00e2n \u0111o\u1ea1n 600 mL) v\u00e0 ti\u1ebfp sau l\u00e0 CHCl3- MeOH (10:1 1:1, v/v, m\u1ed7i ph\u00e2n \u0111o\u1ea1n 500mL) thu \u0111\u01b0\u1ee3c 6 ph\u00e2n \u0111o\u1ea1n k\u00fd hi\u1ec7u l\u00e0 E1~E6.\n", "T\u1eeb ph\u00e2n \u0111o\u1ea1n E1 (8,1g), ch\u1ea1y s\u1eafc k\u00fd c\u1ed9t silicagel (45 mm \u00d7 350 mm) v\u1edbi h\u1ec7 pha \u0111\u1ed9ng EtOAc - MeOH (5:1, v/v, 2,5L) thu \u0111\u01b0\u1ee3c 6 ph\u00e2n \u0111o\u1ea1n nh\u1ecf h\u01a1n l\u00e0 E1.1~ E1.6.\n", "Ph\u00e2n \u0111o\u1ea1n\n", "E1.1 (0,9 g) ti\u1ebfp t\u1ee5c ti\u1ebfn h\u00e0nh s\u1eafc k\u00fd c\u1ed9t silicagel pha th\u01b0\u1eddng v\u1edbi h\u1ec7 dung m\u00f4i r\u1eeda n-hexan:etylacetat 4/1, thu \u0111\u01b0\u1ee3c ch\u1ea5t 1 (21 mg).\n", "T\u1eeb ph\u00e2n \u0111o\u1ea1n E1.2 (1,1 g) ti\u1ebfn h\u00e0nh s\u1eafc k\u00fd tr\u00ean c\u1ed9t silica gel v\u1edbi h\u1ec7 dung m\u00f4i n-hexan/ethyl acetat (8/1, v/v) thu \u0111\u01b0\u1ee3c h\u1ee3p ch\u1ea5t 2 (15mg).\n", "Ph\u00e2n \u0111o\u1ea1n E1.3 (1,2 g) \u0111\u01b0\u1ee3c ch\u1ea1y s\u1eafc k\u00fd tr\u00ean c\u1ed9t silica gel v\u1edbi h\u1ec7 dung m\u00f4i n-hexan:CH2Cl2 (2:1, v/v) thu \u0111\u01b0\u1ee3c h\u1ee3p ch\u1ea5t 3 (16 mg).\n"], "3": ["3.\n", "K\u1ebft qu\u1ea3 nghi\u00ean c\u1ee9u\n", "H\u1ee3p ch\u1ea5t 1: tnc = 238-239 oC; [\u03b1]D 25 = - 187,0 (c=0,15;\n", "CHCl3).\n", "Rf = 0,51 (TLC silica gel, n-hexan/EtOAc, 7/3, v/v);\n", "ESI-MS: m/z 277 [M+H]+ (C16H21O4); - Ph\u1ed5 13C-NMR (CDCl3, 125 MHz) (ppm): 22,8(C-1); 15,7(C-2); 23,6(C-3); 152,2(C-4); 51,8(C-5); 22,5(C-6); 156,3(C-7); 105,8(C-8); 79,6(C-9); 43,8(C-10); 128,0(C-11); 171,0(C- 12); 8,4(C-13); 20,1(C-14); 106,0(C-15); 50,3(16-OMe) - Ph\u1ed5 1H-NMR (CDCl3, 500 MHz) (ppm): 2,11 (1H, br, dt, J=3,9; 8,7Hz, H-1); 0,67 (2H, dt, J=3,9; 5,3Hz, H-2); 1,96 (1H, m, H-3); 3,32 (1H, m, H-5); 2,29 (2H, m, H-6); 1,87 (3H, t,\n", "J=1,5Hz, H-13); 0,51 (2H, s, H-14); 4,70 (3H, br, t, H-15); 3,22 (1H, s, 16-OMe); 3,41 (1H, d,\n", "J=7,4Hz, 9-OH)\n", "H\u1ee3p ch\u1ea5t 2:\n", "Tinh th\u1ec3 m\u00e0u v\u00e0ng, tan trong cloroform, tnc = 178-180oC.\n", "HR-ESI-MS (+) m/z: 252,08 [M+H]+, \u1ee9ng v\u1edbi CTPT C15H11N2O2, M= 252\n", "Ph\u1ed5 13C-NMR (CDCl3, 125 MHz) (ppm): 115,5(C-1); 146,0(C-2); 139,9(C-4); 128,5(C- 5); 159,7(C-6); 101,3(C-8); 162,5(C-9); 114,2(C-10); 123,3(C-11); 117,2(C-12); 142,0(C-13); 129,2(C-14); 131,2(C-15); 136,0(C-16); 56,0(C-17) - Ph\u1ed5 1H-NMR (CDCl3, 500 MHz) (ppm): 7,80 (1H, d, J = 5,0 Hz, H-1); 8,74 (1H, d, J = 5,0 Hz, H-2); 7,98 (1H, d, J = 9,5 Hz, H-4); 6,93 (1H, d, J = 10,0 Hz, H-5); 8,16 (1H, d, J = 2,0\n", "Hz, H-8); 7,04 (1H, dd, J = 8,5; 2,0 Hz, H- 10); 7,90 (1H, d, J = 8,5 Hz, H-11); 3,97 (3H, s, H-17).\n", "H\u1ee3p ch\u1ea5t 3:\n", "Ch\u1ea5t b\u1ed9t m\u00e0u tr\u1eafng, v\u00f4 \u0111\u1ecbnh h\u00ecnh, [\u03b1]D 25 = - 80,5(c=0,1, MeOH); Ph\u1ed5 ESI-MS: m/z 263,2 [M+H]+\n", "C\u00f4ng th\u1ee9c ph\u00e2n t\u1eed: C16H22O3.\n", "M= 262\n", "Ph\u1ed5 13C-NMR (CDCl3, 125 MHz) (ppm): 169,7(C-2); 117,2(C-3); 173,0(C-3a); 38,7(C- 4); 47,7(C-4a); 18,4(C-5); 30,9(C-6); 134,2(C- 7); 123,5(C-8); 30,1(C-8a); 40,2(C-9); 107,5(C- 9a); 25,7(C-10); 25,2(C-11); 23,1(C-12); 50,3(9a-OMe).\n", "- Ph\u1ed5 1H-NMR (CDCl3, 500 MHz) (ppm): 5,81(1H, s, H-3); 1,68(1H, m, H-4a); 1,16 (1H, m, H-5\u03b1)/1,68 (1H, m, H=5\u03b2); 1,97(1H, m, H- 6); 5,36(1H, d, J=5.0Hz, H-8); 2,77(1H, m, H- 8a); 1,52 (1H, dd, J=13.5, 13.5Hz, H-9\u03b1)/2,34 (1H, dd, J=3.5, 13.5Hz, H-9\u03b2); 1,37(1H, s, H- 10); 1,24(1H, s, H-11); 1,62(1H, s, H-12); 3,17(1H, s, OMe)\n", "H\u1ee3p ch\u1ea5t 1: 9-hydroxyheterogorgiolid\n", "Ch\u1ea5t 1 k\u1ebft tinh h\u00ecnh phi\u1ebfn, kh\u00f4ng m\u00e0u, nhi\u1ec7t \u0111\u1ed9 n\u00f3ng ch\u1ea3y: 238-239 oC, Rf =0,5 (n- hexan/ethyl acetat: 7/3, v/v); Ph\u1ed5 ESI-MS cho pic ion ph\u00e2n t\u1eed proton ho\u00e1 \u1edf m/z = 277 [M+H]+ C\u00e1c d\u1eef li\u1ec7u ph\u1ed5 kh\u1ed1i v\u00e0 ph\u1ed5 13C-\n", "NMR cho bi\u1ebft ch\u1ea5t 1 c\u00f3 c\u00f4ng th\u1ee9c ph\u00e2n t\u1eed l\u00e0\n", "C16H20O4 (DBE=7).\n", "Ph\u00e2n t\u00edch c\u00e1c d\u1eef li\u1ec7u ph\u1ed5 1H-NMR, 13C-NMR v\u00e0 DEPT c\u1ee7a 1 cho th\u1ea5y ch\u1ea5t 1 c\u00f3 khung t\u01a1ng \u0111\u1ed3ng v\u1edbi ch\u1ea5t Chloranthalacton\n", "B bao g\u1ed3m m\u1ed9t nh\u00f3m \u03b1, \u03b2-ethylen--lacton \u1edf \u1edf C 156,3; 128,0 v\u00e0 171,0 ppm.\n", "M\u1ed9t v\u00f2ng cyclopropan g\u1ed3m 1 nh\u00f3m methylen cho t\u00edn hi\u1ec7u \u1edf\n", "H 0,67 (1H, dt, J = 3,9; 5,3 Hz), 0,82 (1H, dt, J = 5,3, 8,7 Hz); C 15,7 (C-2) v\u00e0 2 nh\u00f3m methin \u1edf H 2,11 (1H, br, dt, J = 3,9; 8,7 Hz ); C 22,8 (C-1) v\u00e0 H 1,96 (1H, m); C 23,6 (C-3).\n", "T\u00edn hi\u1ec7u c\u1ee7a nh\u00f3m >C=CH2 c\u0169ng \u0111\u01b0\u1ee3c quan s\u00e1t th\u1ea5y tr\u00ean ph\u1ed5 1H-NMR, 13C-NMR \u1edf C152,2; 106,0 v\u00e0 H 4,70 (1H, br, t); 5,01 (1H, m,\n", "OH).\n", "Tuy nhi\u00ean c\u00f3 2 \u0111i\u1ec3m kh\u00e1c bi\u1ec7t \u0111\u00f3 l\u00e0 thay v\u00ec nh\u00f3m oxiran trong Chloranthalacton B th\u00ec trong 1 xu\u1ea5t hi\u1ec7n m\u1ed9t nh\u00f3m -CH-OH v\u00e0 1 nh\u00f3m methoxy th\u1ec3 hi\u1ec7n tr\u00ean ph\u1ed5 13C-NMR v\u00e0 1H-\n", "NMR \u1edf C 79,6 (C-9), H 3,83 (1H, d, J =7,4\n", "Hz, H-9), 3,41 (1H, d, J = 7,4 Hz, OH).\n", "C 50,3 (OCH3) v\u00e0 H 3,22 (3H, s, OCH3).\n", "Ph\u00e2n t\u00edch c\u00e1c d\u1eef li\u1ec7u tr\u00ean ph\u1ed5 1H- NMR, 13C-NMR v\u00e0 c\u00e1c ph\u1ed5 2D-NMR c\u1ee7a ch\u1ea5t 1 k\u1ebft h\u1ee3p so s\u00e1nh c\u00e1c d\u1eef li\u1ec7u ph\u1ed5 trong t\u00e0i li\u1ec7u [8], kh\u1eb3ng \u0111\u1ecbnh ch\u1ea5t 1 ch\u00ednh l\u00e0 9-hydroxyheterogorgiolid.\n", "H\u1ee3p ch\u1ea5t 2: 9-methoxycanthin-6-on\n", "H\u1ee3p ch\u1ea5t 2 d\u1ea1ng tinh th\u1ec3 m\u00e0u v\u00e0ng, tan trong cloroform, nhi\u1ec7t \u0111\u1ed9 n\u00f3ng ch\u1ea3y 178-180 0C v\u00e0 cho ph\u1ea3n \u1ee9ng v\u1edbi thu\u1ed1c th\u1eed Dragendorff.\n", "Tr\u00ean ph\u1ed5 HR-ESI- MS c\u1ee7a 2 xu\u1ea5t hi\u1ec7n peak ion gi\u1ea3 ph\u00e2n t\u1eed t\u1ea1i m/z 252,08 [M+H]+ \u1ee9ng v\u1edbi CTPT C15H11N2O2 v\u00e0 k\u1ebft h\u1ee3p v\u1edbi ph\u1ed5 1 3C-NMR cho ph\u00e9p kh\u1eb3ng \u0111\u1ecbnh c\u00f4ng th\u1ee9c ph\u00e2n t\u1eed c\u1ee7a 2 l\u00e0 C15H11N2O2.\n", "Ph\u1ed5 1 H-NMR c\u1ee7a 2 cho t\u00edn hi\u1ec7u doublet \u0111\u1eb7c tr\u01b0ng c\u1ee7a proton H-4 t\u1ea1i 7,98 v\u00e0 H-5 t\u1ea1i 6,93 v\u1edbi h\u1eb1ng s\u1ed1 t\u01b0\u01a1ng t\u00e1c J = 9,5 Hz; m\u1ed9t c\u1eb7p proton vicinal H-1 t\u1ea1i 7,80 v\u00e0 H-2 t\u1ea1i 8,74 v\u1edbi J = 5,0 Hz.\n", "Ngo\u00e0i ra, c\u00f2n xu\u1ea5t hi\u1ec7n t\u00edn hi\u1ec7u c\u1ee7a m\u1ed9t nh\u00e2n th\u01a1m ABX v\u1edbi ba proton t\u1ea1i 8,16 (1H, d, J = 2,0 Hz, H-8), 7,04 (1H, dd, J = 8,5; 2,0 Hz, H-10), 7,90 (1H, d, J = 8,5 Hz, H- 11).\n", "S\u1ef1 hi\u1ec7n di\u1ec7n c\u1ee7a nh\u00f3m methoxy \u0111\u01b0\u1ee3c ch\u1ec9 ra t\u1ea1i 56,0 (C-17) v\u00e0 3,98 (3H, s, H-17).\n", "Nh\u00f3m n\u00e0y g\u1eafn v\u1edbi C-9 d\u1ef1a v\u00e0o t\u01b0\u01a1ng t\u00e1c H- 17/C-9 trong ph\u1ed5 HMBC.\n", "K\u1ebft h\u1ee3p c\u00e1c d\u1eef li\u1ec7u ph\u1ed5 c\u1ee7a 2 v\u00e0 \u0111\u1ed3ng th\u1eddi so s\u00e1nh v\u1edbi t\u01b0 li\u1ec7u [9- 10], kh\u1eb3ng \u0111\u1ecbnh 2 l\u00e0 9-methoxycanthin-6-on.\n", "H\u1ee3p ch\u1ea5t 2: 9-methoxycanthin-6-on H\u1ee3p ch\u1ea5t 1: 9-hydroxyheterogorgiolid\n", "H\u1ee3p ch\u1ea5t 3: O-methyl furodysinin lacton\n", "H\u00ecnh 1.\n", "C\u1ea5u tr\u00fac c\u1ee7a c\u00e1c h\u1ee3p ch\u1ea5t 1-3.\n", "H\u1ee3p ch\u1ea5t 3: O-methyl furodysinin lacton\n", "H\u1ee3p ch\u1ea5t 3 thu \u0111\u01b0\u1ee3c d\u01b0\u1edbi d\u1ea1ng b\u1ed9t v\u00f4 \u0111\u1ecbnh h\u00ecnh m\u00e0u tr\u1eafng.\n", "Ph\u1ed5 kh\u1ed1i l\u01b0\u1ee3ng ESI-MS c\u1ee7a 3 xu\u1ea5t hi\u1ec7n pic ion gi\u1ea3 ph\u00e2n t\u1eed t\u1ea1i m/z 263,2 [M+H]+, ph\u00f9 h\u1ee3p v\u1edbi c\u00f4ng th\u1ee9c ph\u00e2n t\u1eed\n", "C16H22O3, (M = 262).\n", "Ph\u1ed5 1H-NMR th\u1ea5y xu\u1ea5t hi\u1ec7n t\u00edn hi\u1ec7u c\u1ee7a 2 proton olefin t\u1ea1i H 5,36 (d,\n", "J=5,0 Hz) v\u00e0 5,81 (s); 1 methoxy t\u1ea1i H 3,17 (s); v\u00e0 3 methyl t\u1ea1i H 1,24 (s), 1,37 (s) v\u00e0 1,62 (s).\n", "1 nh\u00f3m carbonyl t\u1ea1i C 169,5; 4 carbon b\u1eadc 4 t\u1ea1i C 38,7, 107,5, 134,2 v\u00e0 173,0; 4 methin t\u1ea1i\n", "C 30,1, 47,7, 117,2 v\u00e0 123,5; 3 methylen t\u1ea1i C 18,4, 30,9 v\u00e0 40,2; v\u00e0 4 methyl t\u1ea1i C 23,1; 25,2; 25,7 v\u00e0 50,3.\n", "T\u1eeb d\u1eef li\u1ec7u ph\u1ed5 1D-NMR c\u1ee7a 3 d\u1eabn \u0111\u1ebfn g\u1ee3i \u00fd v\u1ec1 c\u1ea5u tr\u00fac c\u1ee7a 3 t\u01b0\u01a1ng t\u1ef1 h\u1ee3p ch\u1ea5t O-methyl furodysinin lacton [4].\n", "Ph\u00e2n t\u00edch c\u00e1c t\u01b0\u01a1ng t\u00e1c tr\u00ean ph\u1ed5 HSQC cho ph\u00e9p ta g\u00e1n t\u00edn hi\u1ec7u c\u1ee7a proton li\u00ean k\u1ebft tr\u1ef1c ti\u1ebfp v\u1edbi carbon.\n", "Ph\u1ed5 HMBC, th\u1ea5y xu\u1ea5t hi\u1ec7n t\u01b0\u01a1ng t\u00e1c gi\u1eefa H-10 (H 1,37)/H-11 (H 1,24) v\u1edbi C-3a (C 173,0)/C-4 (C 38,7)/C-4a (C 47,7), H-3 (H 5,81) v\u00e0 C-2 (C 169,5)/C-3a (C 173,0)/C- 9a (C 107,5) \u0111\u00e3 x\u00e1c \u0111\u1ecbnh v\u1ecb tr\u00ed 2 nh\u00f3m methyl g\u1eafn tr\u1ef1c ti\u1ebfp v\u00e0o C-4, v\u1ecb tr\u00ed n\u1ed1i \u0111\u00f4i t\u1ea1i C-3/C- 3a.\n", "T\u01b0\u01a1ng t\u00e1c HMBC c\u1ee7a nh\u00f3m methoxy H 3,17 v\u00e0 C-9a (C 107,5) x\u00e1c \u0111\u1ecbnh v\u1ecb tr\u00ed methoxy t\u1ea1i C-9a.\n", "T\u01b0\u01a1ng t\u00e1c HMBC c\u1ee7a H-12 (H 1,62) v\u1edbi C-6 (C 30,9)/C-7(C134,2)/C-8 (C 123,5), H-8 (H 5,36) v\u1edbi C-4a (C 47,7)/C-8a (C 30,1) x\u00e1c \u0111\u1ecbnh v\u1ecb tr\u00ed n\u1ed1i \u0111\u00f4i t\u1ea1i\n", "C-7/C-8.\n", "D\u1ef1a v\u00e0o d\u1eef li\u1ec7u ph\u1ed5 1D, 2D-NMR c\u1ee7a 3 v\u00e0 so s\u00e1nh v\u1edbi s\u1ed1 li\u1ec7u c\u1ee7a h\u1ee3p ch\u1ea5t O-methyl furodysinin lacton [11] th\u1ea5y tr\u00f9ng kh\u1edbp.\n", "T\u1eeb c\u00e1c d\u1eef li\u1ec7u ph\u1ed5, c\u1ea5u tr\u00fac c\u1ee7a 3 \u0111\u01b0\u1ee3c x\u00e1c \u0111\u1ecbnh l\u00e0\n", "O-methyl furodysinin lacton.\n"], "4": ["4.\n", "K\u1ebft lu\u1eadn\n", "\u0110\u00e3 s\u1eed d\u1ee5ng ph\u01b0\u01a1ng ph\u00e1p ng\u00e2m chi\u1ebft v\u1edbi dung m\u00f4i EtOH 80% v\u00e0 b\u1eb1ng ph\u01b0\u01a1ng ph\u00e1p s\u1eafc k\u00fd c\u1ed9t ph\u00e2n l\u1eadp \u0111\u01b0\u1ee3c 3 h\u1ee3p ch\u1ea5t t\u1eeb ph\u1ea7n l\u00e1 c\u1ee7a c\u00e2y l\u00e1 Kh\u00f4i \u0111\u1ed1m thu h\u00e1i t\u1ea1i t\u1ec9nh Nam \u0110\u1ecbnh.\n", "C\u1ea5u tr\u00fac c\u00e1c h\u1ee3p ch\u1ea5t n\u00e0y \u0111\u01b0\u1ee3c x\u00e1c \u0111\u1ecbnh th\u00f4ng qua k\u1ebft qu\u1ea3 \u0111o nhi\u1ec7t \u0111\u1ed9 n\u00f3ng ch\u1ea3y, g\u00f3c quay c\u1ef1c ri\u00eang, ph\u1ed5 kh\u1ed1i, ph\u1ed5 c\u1ed9ng h\u01b0\u1edfng h\u1ea1t nh\u00e2n v\u00e0 so s\u00e1nh v\u1edbi c\u00e1c d\u1eef li\u1ec7u c\u00f4ng b\u1ed1 c\u1ee7a c\u00e1c h\u1ee3p ch\u1ea5t li\u00ean quan.\n", "Ba h\u1ee3p ch\u1ea5t \u0111\u01b0\u1ee3c x\u00e1c \u0111\u1ecbnh l\u00e0 9- methoxycanthin-6-on (1), 9- hydroxyheterogorgiolid (2), O-methyl furodysinin lacton (3).\n", "\u0110\u00e2y l\u00e0 l\u1ea7n \u0111\u1ea7u ti\u00ean 3 h\u1ee3p ch\u1ea5t n\u00e0y \u0111\u01b0\u1ee3c ph\u00e2n l\u1eadp t\u1eeb c\u00e2y Kh\u00f4i \u0111\u1ed1m.\n", "L\u1eddi c\u1ea3m \u01a1n\n", "Nghi\u00ean c\u1ee9u n\u00e0y \u0111\u01b0\u1ee3c t\u00e0i tr\u1ee3 b\u1edfi \u0110\u1ea1i h\u1ecdc\n", "Qu\u1ed1c Gia H\u00e0 N\u1ed9i, \u0111\u1ec1 t\u00e0i KHCN m\u00e3 s\u1ed1: QG.18.20.\n"]}, "Word count": 2332}