{"title": "Original Article\n", "content": {"0": ["T\u00f3m t\u1eaft: Rutin c\u00f3 \u0111\u1ed9 ho\u00e0 tan k\u00e9m do \u0111\u00f3 sinh kh\u1ea3 d\u1ee5ng \u0111\u01b0\u1eddng u\u1ed1ng th\u1ea5p.\n", "M\u1ee5c \u0111\u00edch c\u1ee7a nghi\u00ean c\u1ee9u n\u00e0y nh\u1eb1m t\u0103ng \u0111\u1ed9 tan v\u00e0 sinh kh\u1ea3 d\u1ee5ng c\u1ee7a rutin b\u1eb1ng c\u00e1ch t\u1ea1o h\u1ec7 ph\u00e2n t\u00e1n r\u1eafn c\u1ee7a rutin.\n", "H\u1ec7 ph\u00e2n t\u1eafn c\u1ee7a rutin \u0111\u01b0\u1ee3c b\u00e0o ch\u1ebf b\u1eb1ng ph\u01b0\u01a1ng ph\u00e1p phun s\u1ea5y s\u1eed d\u1ee5ng c\u00e1c ch\u1ea5t mang l\u00e0 \u03b2-CD, HPMC E6,\n", "HPMC E15, PVP K30, SLS, poloxame 188 v\u00e0 Tween 80.\n", "T\u01b0\u01a1ng t\u00e1c c\u1ee7a rutin v\u1edbi ch\u1ea5t mang \u0111\u01b0\u1ee3c \u0111\u00e1nh gi\u00e1 b\u1eb1ng c\u00e1c ph\u01b0\u01a1ng ph\u00e1p nh\u01b0 \u0111o \u0111\u1ed9 ho\u00e0 tan, ph\u1ed5 h\u1ed3ng ngo\u1ea1i, ph\u00e2n t\u00edch nhi\u1ec7t qu\u00e9t vi sai v\u00e0 nhi\u1ec5u x\u1ea1 tia X.\n", "Nghi\u00ean c\u1ee9u c\u0169ng ti\u1ebfn h\u00e0nh t\u1ed1i \u01b0u ho\u00e1 b\u1eb1ng thi\u1ebft k\u1ebf h\u1ee3p t\u1eed t\u1ea1i t\u00e2m.\n", "C\u00e1c bi\u1ebfn \u0111\u1ea7u v\u00e0o l\u00e0 t\u1ef7 l\u1ec7 PVP K30/rutin, Tween 80/rutin, nhi\u1ec7t \u0111\u1ed9 \u0111\u1ea7u v\u00e0o, t\u1ed1c \u0111\u1ed9 phun d\u1ecbch.\n", "C\u00e1c bi\u1ebfn \u0111\u1ea7u ra l\u00e0 \u0111\u1ed9 ho\u00e0 tan, hi\u1ec7u su\u1ea5t phun s\u1ea5y.\n", "\u0110i\u1ec1u ki\u1ec7n b\u00e0o ch\u1ebf h\u1ec7 ph\u00e2n t\u00e1n r\u1eafn rutin \u0111\u00e3 \u0111\u01b0\u1ee3c t\u1ed1i \u01b0u nh\u01b0 sau: t\u1ef7 l\u1ec7\n", "PVP K30/rutin l\u00e0 5,77; t\u1ef7 l\u1ec7 Tween 80/rutin l\u00e0 0,14; nhi\u1ec7t \u0111\u1ed9 \u0111\u1ea7u v\u00e0o: 110,05oC v\u00e0 t\u1ed1c \u0111\u1ed9 b\u01a1m d\u1ecbch l\u00e0 1370,9 ml/gi\u1edd.\n", "K\u1ebft qu\u1ea3 nghi\u00ean c\u1ee9u cho th\u1ea5y h\u1ec7 ph\u00e2n t\u00e1n r\u1eafn c\u1ee7a rutin \u0111\u00e3 c\u1ea3i thi\u1ec7n \u0111\u1ed9 ho\u00e0 tan \u0111\u00e1ng k\u1ec3 so v\u1edbi rutin.\n", "Ph\u1ed5 DSC v\u00e0 XRD \u0111\u00e3 ch\u1ee9ng minh r\u1eb1ng rutin \u0111\u00e3 chuy\u1ec3n t\u1eeb tr\u1ea1ng th\u00e1i k\u1ebft tinh sang v\u00f4 \u0111\u1ecbnh h\u00ecnh.\n", "T\u1eeb kho\u00e1: Rutin, h\u1ec7 ph\u00e2n t\u00e1n r\u1eafn, phun s\u1ea5y, PVP K30, \u0111\u1ed9 ho\u00e0 tan.\n"], "1": ["1.\n", "\u0110\u1eb7t v\u1ea5n \u0111\u1ec1\n", "Rutin l\u00e0 th\u00e0nh ph\u1ea7n ho\u00e1 h\u1ecdc ch\u00ednh trong n\u1ee5 hoa ho\u00e8 c\u00f3 r\u1ea5t nhi\u1ec1u t\u00e1c d\u1ee5ng t\u1ed1t \u0111\u1ed1i v\u1edbi c\u01a1 th\u1ec3 nh\u01b0 ch\u1ed1ng oxy ho\u00e1, t\u0103ng \u0111\u1ed9 b\u1ec1n th\u00e0nh m\u1ea1ch, ch\u1ed1ng vi\u00eam, h\u1ea1 huy\u1ebft \u00e1p, gi\u1ea3m m\u1ee1 m\u00e1u...[1].\n", "Tuy nhi\u00ean, do \u0111\u1eb7c t\u00ednh ph\u00e2n t\u1eed l\u1edbn, kh\u00f3 tan d\u1eabn t\u1edbi sinh kh\u1ea3 d\u1ee5ng theo \u0111\u01b0\u1eddng u\u1ed1ng c\u1ee7a rutin th\u1ea5p, kh\u00f3 \u0111\u00e1p \u1ee9ng \u0111\u01b0\u1ee3c c\u00e1c hi\u1ec7u qu\u1ea3 l\u00e2m s\u00e0ng nh\u01b0 mong mu\u1ed1n [2].\n", "H\u1ec7 ph\u00e2n t\u00e1n r\u1eafn l\u00e0 h\u1ec7 ph\u00e2n t\u00e1n m\u1ed9t hay nhi\u1ec1u d\u01b0\u1ee3c ch\u1ea5t trong ch\u1ea5t mang r\u1eafn \u0111\u01b0\u1ee3c ch\u1ebf t\u1ea1o b\u1eb1ng ph\u01b0\u01a1ng ph\u00e1p \u0111un ch\u1ea3y, dung m\u00f4i hay \u0111un ch\u1ea3y - dung m\u00f4i [3].\n", "Trong \u0111\u00f3, d\u01b0\u1ee3c ch\u1ea5t \u00edt tan \u0111\u01b0\u1ee3c ph\u00e2n t\u00e1n v\u00e0o trong ch\u1ea5t mang v\u00e0 t\u1ed3n t\u1ea1i d\u01b0\u1edbi d\u1ea1ng c\u00e1c ph\u00e2n t\u1eed ri\u00eang bi\u1ec7t, c\u00e1c h\u1ea1t v\u00f4 \u0111\u1ecbnh h\u00ecnh, ho\u1eb7c c\u00e1c h\u1ea1t tinh th\u1ec3.\n", "Hi\u1ec7n nay c\u00f3 r\u1ea5t nhi\u1ec1u ph\u01b0\u01a1ng ph\u00e1p \u0111\u1ec3 b\u00e0o ch\u1ebf h\u1ec7 ph\u00e2n t\u00e1n r\u1eafn nh\u01b0 \u0111un ch\u1ea3y, nghi\u1ec1n, d\u00f9ng dung m\u00f4i si\u00eau t\u1edbi h\u1ea1n, phun s\u1ea5y, b\u1ed1c h\u01a1i dung m\u00f4i, \u0111\u00f9n n\u00f3ng ch\u1ea3y, k\u1ef9 thu\u1eadt \u0111\u00f4ng kh\u00f4...\n", "[4, 5].\n", "Ng\u00e0y nay, h\u1ec7 ph\u00e2n t\u00e1n r\u1eafn (HPTR) \u0111\u01b0\u1ee3c b\u00e0o ch\u1ebf b\u1eb1ng ph\u01b0\u01a1ng ph\u00e1p s\u1ea5y phun l\u00e0 m\u1ed9t trong nh\u1eefng ph\u01b0\u01a1ng ph\u00e1p \u0111ang \u0111\u01b0\u1ee3c quan t\u00e2m v\u1edbi nhi\u1ec1u \u01b0u \u0111i\u1ec3m nh\u01b0 s\u1ef1 b\u1ed1c h\u01a1i dung m\u00f4i r\u1ea5t nhanh t\u1ea1o ra b\u1ed9t phun s\u1ea5y c\u00f3 k\u00edch th\u01b0\u1edbc ti\u1ec3u ph\u00e2n (KTTP) nh\u1ecf, \u0111\u1ed9 x\u1ed1p cao, d\u01b0\u1ee3c ch\u1ea5t chuy\u1ec3n t\u1eeb tr\u1ea1ng th\u00e1i k\u1ebft tinh sang tr\u1ea1ng th\u00e1i v\u00f4 \u0111\u1ecbnh h\u00ecnh gi\u00fap c\u1ea3i thi\u1ec7n \u0111\u1ed9 ho\u00e0 tan c\u1ee7a d\u01b0\u1ee3c ch\u1ea5t, t\u0103ng sinh kh\u1ea3 d\u1ee5ng.\n", "Ngo\u00e0i ra b\u00e0o ch\u1ebf b\u1eb1ng ph\u01b0\u01a1ng ph\u00e1p phun s\u1ea5y d\u1ec5 n\u00e2ng c\u1ea5p quy m\u00f4 s\u1ea3n xu\u1ea5t l\u1edbn do t\u00ednh li\u00ean t\u1ee5c c\u1ee7a qu\u00e1 tr\u00ecnh s\u1ea5y phun, gi\u00e1 th\u00e0nh h\u1ee3p l\u00fd [6].\n", "Do v\u1eady v\u1edbi mong mu\u1ed1n c\u1ea3i thi\u1ec7n \u0111\u1ed9 ho\u00e0 tan c\u1ee7a rutin, ch\u00fang t\u00f4i ti\u1ebfn h\u00e0nh th\u1ef1c hi\u1ec7n nghi\u00ean c\u1ee9u b\u00e0o ch\u1ebf v\u00e0 \u0111\u00e1nh gi\u00e1 h\u1ec7 ph\u00e2n t\u00e1n r\u1eafn c\u1ee7a rutin b\u1eb1ng ph\u01b0\u01a1ng ph\u00e1p phun s\u1ea5y.\n"], "2": ["2.\n", "Nguy\u00ean li\u1ec7u v\u00e0 ph\u01b0\u01a1ng ph\u00e1p 2.1.\n", "Nguy\u00ean li\u1ec7u\n", "Rutin (Trung Qu\u1ed1c); polyvinylpyrrolidon (PVP) K30, hydroxypropyl methylcellulose (HPMC) E6, HPMC E15, natri lauryl sulfat (SLS), ethanol 96% (Trung Qu\u1ed1c), poloxame 188 (\u0110\u1ee9c), \u03b2-Cyclodextrin (\u03b2-CD), Tween 80 (M\u1ef9), n\u01b0\u1edbc tinh khi\u1ebft (Vi\u1ec7t Nam).\n", "T\u00e1 d\u01b0\u1ee3c v\u00e0 ho\u00e1 ch\u1ea5t \u0111\u1ec1u \u0111\u1ea1t ti\u00eau chu\u1ea9n d\u01b0\u1ee3c d\u1ee5ng ho\u1eb7c tinh khi\u1ebft ph\u00e2n t\u00edch.\n", "Rutin chu\u1ea9n 88,2 % do Vi\u1ec7n Ki\u1ec3m Nghi\u1ec7m\n", "Thu\u1ed1c Th\u00e0nh ph\u1ed1 H\u1ed3 Ch\u00ed Minh cung c\u1ea5p.\n", "2.2.\n", "Thi\u1ebft b\u1ecb\n", "M\u00e1y \u0111o quang UV-2600 Shimadzu (Nh\u1eadt\n", "B\u1ea3n), c\u00e2n s\u1ea5y h\u00e0m \u1ea9m XM 60-HR (Precisa), m\u00e1y ly t\u00e2m EBA 21 (\u0110\u1ee9c), m\u00e1y th\u1eed \u0111\u1ed9 ho\u00e0 tan DRS (\u1ea4n \u0110\u1ed9), thi\u1ebft b\u1ecb phun s\u1ea5y t\u1ea7ng s\u00f4i Shanghai YC- 015 (Trung Qu\u1ed1c), m\u00e1y khu\u1ea5y t\u1eeb gia nhi\u1ec7t C-\n", "MAG IKAMAG HS-7 (\u0110\u1ee9c), m\u00e1y si\u00eau \u00e2m\n", "Ultrasonic Cleaners AC-150H MRC Ltd (Isareal), m\u00e1y \u0111o ph\u1ed5 h\u1ed3ng ngo\u1ea1i FTIR-600 (M\u1ef9), m\u00e1y \u0111o nhi\u1ec5u x\u1ea1 tia X D8 Advance-\n", "Brucker (\u0110\u1ee9c), m\u00e1y ph\u00e2n t\u00edch nhi\u1ec7t qu\u00e9t vi sai\n", "Mettle Toledo AB 204S (Thu\u1ef5 S\u0129).\n", "2.3.\n", "Ph\u01b0\u01a1ng ph\u00e1p nghi\u00ean c\u1ee9u\n", "Ph\u01b0\u01a1ng ph\u00e1p b\u00e0o ch\u1ebf h\u1ec7 ph\u00e2n t\u00e1n r\u1eafn c\u1ee7a rutin b\u1eb1ng ph\u01b0\u01a1ng ph\u00e1p phun s\u1ea5y\n", "Rutin v\u00e0 ch\u1ea5t mang (PVP K30, HPMC E6,\n", "HPMC E15, \u03b2-CD, SLS, poloxame 188, Tween 80) v\u1edbi c\u00e1c t\u1ef7 l\u1ec7 kh\u00e1c nhau trong c\u00f4ng th\u1ee9c \u0111\u01b0\u1ee3c ho\u00e0 tan trong dung m\u00f4i ethanol 96% \u1edf 70oC.\n", "Sau \u0111\u00f3 lo\u1ea1i dung m\u00f4i b\u1eb1ng ph\u01b0\u01a1ng ph\u00e1p phun s\u1ea5y v\u1edbi c\u00e1c th\u00f4ng s\u1ed1 k\u1ef9 thu\u1eadt nh\u01b0 sau: nhi\u1ec7t \u0111\u1ed9 kh\u00ed \u0111\u1ea7u v\u00e0o 90 -130oC; \u00e1p l\u1ef1c s\u00fang phun 3,5 atm; t\u1ed1c \u0111\u1ed9 phun d\u1ecbch 1000 - 1400 ml/gi\u1edd, t\u1ed1c \u0111\u1ed9 th\u1ed5i kh\u00ed: 800 l\u00edt/gi\u1edd.\n", "S\u1ea3n ph\u1ea9m thu \u0111\u01b0\u1ee3c b\u1ea3o qu\u1ea3n trong b\u00ecnh h\u00fat \u1ea9m \u1edf nhi\u1ec7t \u0111\u1ed9 ph\u00f2ng.\n", "Ph\u01b0\u01a1ng ph\u00e1p x\u00e1c \u0111\u1ecbnh hi\u1ec7u su\u1ea5t phun s\u1ea5y\n", "Hi\u1ec7u su\u1ea5t phun s\u1ea5y \u0111\u01b0\u1ee3c t\u00ednh theo c\u00f4ng th\u1ee9c:\n", "H=(m1/m2) x 100 (%)\n", "Trong \u0111\u00f3: m1: kh\u1ed1i l\u01b0\u1ee3ng HPTR rutin thu \u0111\u01b0\u1ee3c (g) m2: kh\u1ed1i l\u01b0\u1ee3ng ch\u1ea5t tan c\u00f3 trong d\u1ecbch phun s\u1ea5y (g).\n", "Ph\u01b0\u01a1ng ph\u00e1p \u0111\u00e1nh gi\u00e1 h\u1ec7 ph\u00e2n t\u00e1n r\u1eafn\n", "\u0110\u1ecbnh l\u01b0\u1ee3ng: rutin trong h\u1ec7 ph\u00e2n t\u00e1n r\u1eafn \u0111\u01b0\u1ee3c \u0111\u1ecbnh l\u01b0\u1ee3ng b\u1eb1ng ph\u01b0\u01a1ng ph\u00e1p \u0111o quang \u1edf b\u01b0\u1edbc s\u00f3ng c\u1ef1c \u0111\u1ea1i max= 257 nm.\n", "H\u00e0m \u1ea9m: X\u00e1c \u0111\u1ecbnh theo ph\u01b0\u01a1ng ph\u00e1p m\u1ea5t kh\u1ed1i l\u01b0\u1ee3ng do l\u00e0m kh\u00f4.\n", "Ti\u1ebfn h\u00e0nh tr\u00ean c\u00e2n x\u00e1c \u0111\u1ecbnh h\u00e0m \u1ea9m nhanh, nhi\u1ec7t \u0111\u1ed9 \u0111o m\u1eabu l\u00e0 1050C.\n", "\u0110\u00e1nh gi\u00e1 \u0111\u1ed9 ho\u00e0 tan in vitro:\n", "Ti\u1ebfn h\u00e0nh th\u1eed \u0111\u1ed9 ho\u00e0 tan tr\u00ean thi\u1ebft b\u1ecb c\u00e1nh khu\u1ea5y v\u1edbi th\u00f4ng s\u1ed1 sau: - T\u1ed1c \u0111\u1ed9 c\u00e1nh khu\u1ea5y: 100 \u00b1 2 v\u00f2ng/ ph\u00fat - Nhi\u1ec7t \u0111\u1ed9 m\u00f4i tr\u01b0\u1eddng ho\u00e0 tan 370C \u00b1 0,50C - M\u00f4i tr\u01b0\u1eddng ho\u00e0 tan: 900 ml n\u01b0\u1edbc tinh khi\u1ebft - Kh\u1ed1i l\u01b0\u1ee3ng m\u1eabu th\u1eed: c\u00e2n m\u1ed9t l\u01b0\u1ee3ng m\u1eabu l\u00e0 b\u1ed9t rutin ho\u1eb7c b\u1ed9t HPTR t\u01b0\u01a1ng \u1ee9ng v\u1edbi 0,6 g rutin.\n", "Cho c\u00e1c m\u1eabu th\u1eed v\u00e0o c\u1ed1c c\u00f3 ch\u1ee9a m\u00f4i tr\u01b0\u1eddng ho\u00e0 tan, cho m\u00e1y ho\u1ea1t \u0111\u1ed9ng.\n", "Sau c\u00e1c kho\u1ea3ng th\u1eddi gian 5, 10, 15, 30, 60 ph\u00fat h\u00fat m\u1eabu th\u1eed \u0111em \u0111\u1ecbnh l\u01b0\u1ee3ng.\n", "M\u1ed7i l\u1ea7n h\u00fat ch\u00ednh x\u00e1c 10 ml dung d\u1ecbch th\u1eed sau \u0111\u00f3 b\u1ed5 sung ngay b\u1eb1ng 10 ml n\u01b0\u1edbc tinh khi\u1ebft v\u00e0o c\u1ed1c th\u1eed \u0111\u1ed9 ho\u00e0 tan; dung d\u1ecbch th\u1eed ho\u00e0 tan h\u00fat ra \u0111\u01b0\u1ee3c l\u1ecdc qua m\u00e0ng cellulose acetat 0,45 \u00b5m r\u1ed3i \u0111em \u0111\u1ecbnh l\u01b0\u1ee3ng b\u1eb1ng ph\u01b0\u01a1ng ph\u00e1p \u0111o quang.\n", "H\u00e0m l\u01b0\u1ee3ng rutin \u0111\u00e3 ho\u00e0 tan \u1edf l\u1ea7n th\u1ee9 n \u0111\u01b0\u1ee3c t\u00ednh theo c\u00f4ng th\u1ee9c nh\u01b0 sau:\n", "Cn = Cn0 +\n", "V0\n", "V =1 x Ct0\n", "Trong \u0111\u00f3: Cn: n\u1ed3ng \u0111\u1ed9 rutin \u0111\u00e3 hi\u1ec7u ch\u1ec9nh \u1edf l\u1ea7n h\u00fat th\u1ee9 n (\u00b5g/ml)\n", "Cn0: n\u1ed3ng \u0111\u1ed9 rutin \u0111\u1ecbnh l\u01b0\u1ee3ng \u0111\u01b0\u1ee3c \u1edf l\u1ea7n h\u00fat th\u1ee9 n (\u00b5g/ml)\n", "V0: th\u1ec3 t\u00edch d\u1ecbch ho\u00e0 tan \u0111\u00e3 h\u00fat (ml)\n", "V: th\u1ec3 t\u00edch m\u00f4i tr\u01b0\u1eddng ho\u00e0 tan (ml)\n", "M\u1ed7i m\u1eabu th\u1eed l\u00e0m 3 l\u1ea7n l\u1ea5y k\u1ebft qu\u1ea3 trung b\u00ecnh.\n", "Ph\u01b0\u01a1ng ph\u00e1p \u0111o nhi\u1ec7t qu\u00e9t vi sai DSC: S\u1eed d\u1ee5ng \u0111\u0129a nh\u00f4m ch\u1ee9a m\u1eabu 40 \u00b5l, \u0111\u1ee5c th\u1ee7ng n\u1eafp, kh\u1ed1i l\u01b0\u1ee3ng m\u1eabu kho\u1ea3ng t\u1eeb 3 \u2013 7 mg.\n", "Nhi\u1ec7t \u0111\u1ed9 qu\u00e9t t\u1eeb 50 \u2013 3000C, t\u1ed1c \u0111\u1ed9 gia nhi\u1ec7t 50C/ph\u00fat.\n", "Trong qu\u00e1 tr\u00ecnh th\u1eed, th\u1ed5i kh\u00ed nitrogen v\u1edbi l\u01b0u l\u01b0\u1ee3ng 50 ml/ph\u00fat.\n", "Ph\u01b0\u01a1ng ph\u00e1p \u0111o quang ph\u1ed5 h\u1ed3ng ngo\u1ea1i IR:\n", "L\u1ea5y kho\u1ea3ng 5 -10 mg m\u1eabu \u0111\u00e3 l\u00e0m kh\u00f4, tr\u1ed9n \u0111\u1ec1u v\u00e0 nghi\u1ec1n m\u1ecbn v\u1edbi KBr, khi \u0111\u01b0\u1ee3c h\u1ed7n h\u1ee3p \u0111\u1ed3ng nh\u1ea5t \u0111em d\u1eadp th\u00e0nh vi\u00ean m\u1ecfng.\n", "Ti\u1ebfn h\u00e0nh qu\u00e9t ph\u1ed5 v\u1edbi vi\u00ean n\u00e9n thu \u0111\u01b0\u1ee3c.\n", "Ph\u01b0\u01a1ng ph\u00e1p \u0111o nhi\u1ec5u x\u1ea1 tia X: M\u1eabu \u0111\u01b0\u1ee3c gi\u1eef trong b\u1ed9 gi\u1eef m\u1eabu v\u00e0 \u0111\u01b0a v\u00e0o thi\u1ebft b\u1ecb.\n", "Qu\u00e9t m\u1eabu t\u1eeb g\u00f3c 5-50 v\u1edbi t\u1ed1c \u0111\u1ed9 quay g\u00f3c = 10/ph\u00fat, nhi\u1ec7t \u0111\u1ed9 25oC\n", "Ph\u01b0\u01a1ng ph\u00e1p thi\u1ebft k\u1ebf th\u00ed nghi\u1ec7m v\u00e0 t\u1ed1i \u01b0u ho\u00e1 c\u00f4ng th\u1ee9c\n", "B\u1ed1 tr\u00ed th\u00ed nghi\u1ec7m b\u1eb1ng ph\u1ea7n m\u1ec1m MODDE 8.0 (Umetrics Inc, USA) \u0111\u1ec3 thi\u1ebft k\u1ebf th\u00ed nghi\u1ec7m c\u1ed5 \u0111i\u1ec3n m\u1ed9t c\u00e1ch ng\u1eabu nhi\u00ean d\u1ef1a tr\u00ean nguy\u00ean t\u1eafc h\u1ee3p t\u1eed t\u1ea1i t\u00e2m.\n", "S\u1eed d\u1ee5ng ph\u1ea7n m\u1ec1m Form rules v2.0 (Intelligensys Ltd, UK) \u0111\u1ec3 ph\u00e2n t\u00edch c\u00e1c y\u1ebfu t\u1ed1 \u1ea3nh h\u01b0\u1edfng c\u1ee7a c\u00e1c bi\u1ebfn \u0111\u1ea7u v\u00e0o v\u00e0 c\u00e1c bi\u1ebfn \u0111\u1ea7u ra.\n", "Ph\u1ea7n m\u1ec1m INForm v3.1 \u0111\u01b0\u1ee3c d\u00f9ng \u0111\u1ec3 t\u1ed1i \u01b0u ho\u00e1 c\u00f4ng th\u1ee9c.\n"], "3": ["3.\n", "K\u1ebft qu\u1ea3 nghi\u00ean c\u1ee9u 3.1.\n", "Kh\u1ea3o s\u00e1t s\u1ef1 \u1ea3nh h\u01b0\u1edfng c\u1ee7a ch\u1ea5t mang t\u1edbi kh\u1ea3 n\u0103ng ho\u00e0 tan c\u1ee7a rutin\n", "Ti\u1ebfn h\u00e0nh b\u00e0o ch\u1ebf HPTR c\u1ee7a rutin b\u1eb1ng ph\u01b0\u01a1ng ph\u00e1p phun s\u1ea5y v\u1edbi c\u00e1c ch\u1ea5t mang kh\u00e1c nhau l\u00e0 \u03b2-CD, PVP K30, HPMC E6, HPMC\n", "E15.\n", "K\u1ebft qu\u1ea3 th\u1eed \u0111\u1ed9 ho\u00e0 tan c\u1ee7a HPTR nh\u01b0 trong b\u1ea3ng 1, b\u1ea3ng 2, b\u1ea3ng 3, b\u1ea3ng 4.\n", "B\u1ea3ng 1.\n", "K\u1ebft qu\u1ea3 th\u1eed \u0111\u1ed9 ho\u00e0 tan c\u1ee7a rutin t\u1eeb HPTR s\u1eed d\u1ee5ng c\u00e1c t\u1ef7 l\u1ec7 ch\u1ea5t mang PVP K30 kh\u00e1c nhau (n=3)\n", "Th\u1eddi gian (ph\u00fat)\n", "Ph\u1ea7n tr\u0103m rutin \u0111\u00e3 ho\u00e0 tan\n", "Rutin\n", "T\u1ef7 l\u1ec7 rutin: PVP K30 1:1 1:2 1:5 1:10 5 10,58 \u00b1 1,32 33,23 \u00b1 2,57 38,33 \u00b1 2,43 45,13 \u00b1 2,73 44,56 \u00b1 3,27 10 11,10 \u00b1 2,13 40,77 \u00b1 3,13 47,98 \u00b1 2,33 57,41 \u00b1 3,02 54,10 \u00b1 3,02 15 11,75 \u00b1 1,78 46,41\u00b1 2,78 51,04 \u00b1 2,50 59,88 \u00b1 3,52 56,77 \u00b1 2,43 30 12,08 \u00b1 1,28 52,57 \u00b1 2,16 54,99 \u00b1 3,10 60,75 \u00b1 2,62 58,07 \u00b1 2,41 60 12,17 \u00b1 2,11 54,25 \u00b1 3,02 56,14 \u00b1 2,60 61,86 \u00b1 3,12 59,17 \u00b1 2,29\n", "B\u1ea3ng 2.\n", "K\u1ebft qu\u1ea3 th\u1eed \u0111\u1ed9 ho\u00e0 tan c\u1ee7a rutin t\u1eeb HPTR s\u1eed d\u1ee5ng c\u00e1c t\u1ef7 l\u1ec7 ch\u1ea5t mang \u03b2-CD kh\u00e1c nhau (n=3)\n", "Th\u1eddi gian (ph\u00fat)\n", "Ph\u1ea7n tr\u0103m rutin \u0111\u00e3 ho\u00e0 tan\n", "Rutin\n", "T\u1ef7 l\u1ec7 rutin: \u03b2-CD 1:1 1:2 1:5 1:10 5 10,58 \u00b1 1,32 26,62 \u00b1 3,07 35,76 \u00b1 2,03 38,17 \u00b1 3,15 48,45 \u00b1 3,27 10 11,10 \u00b1 2,13 27,79 \u00b1 3,24 44,48 \u00b1 3,27 48,70 \u00b1 2,36 51,81 \u00b1 3,17 15 11,75 \u00b1 1,78 30,43 \u00b1 3,05 44,25 \u00b1 2,47 50,87 \u00b1 4,26 52,21 \u00b1 2,63 30 12,08 \u00b1 1,28 30,48 \u00b1 3,10 49,70 \u00b1 3,20 51,94 \u00b1 3,52 55,05 \u00b1 2,31 60 12,17 \u00b1 2,11 31,44 \u00b1 2,90 50,16 \u00b1 2,93 54,34 \u00b1 2,65 56,35 \u00b1 2,36\n", "B\u1ea3ng 3.\n", "K\u1ebft qu\u1ea3 th\u1eed \u0111\u1ed9 ho\u00e0 tan c\u1ee7a rutin t\u1eeb HPTR s\u1eed d\u1ee5ngc\u00e1c t\u1ef7 l\u1ec7 ch\u1ea5t mang HPMC E6 kh\u00e1c nhau (n=3)\n", "Th\u1eddi gian (ph\u00fat)\n", "Ph\u1ea7n tr\u0103m rutin \u0111\u00e3 ho\u00e0 tan\n", "Rutin\n", "T\u1ef7 l\u1ec7 rutin: HPMC E6 1:1 1:2 1:5 1:10 5 10,58 \u00b1 1,32 12,23 \u00b1 2,23 13,81 \u00b1 3,15 17,98 \u00b1 4,37 18,84 \u00b1 2,75 10 11,10 \u00b1 2,13 13,94 \u00b1 2,24 17,81 \u00b1 3,22 20,78 \u00b1 2,58 22,61 \u00b1 2,52 15 11,75 \u00b1 1,78 15,43 \u00b1 2,05 18,24 \u00b1 3,60 22,47 \u00b1 2,64 22,67 \u00b1 2,54 30 12,08 \u00b1 1,28 30,48 \u00b1 2,30 33,70 \u00b1 3,13 44,89 \u00b1 2,37 45,72 \u00b1 2,31 60 12,17 \u00b1 2,11 31,44 \u00b1 2,55 41,16 \u00b1 2,59 47,63 \u00b1 3,56 51,99 \u00b1 2,46\n", "B\u1ea3ng 4.\n", "K\u1ebft qu\u1ea3 th\u1eed \u0111\u1ed9 ho\u00e0 tan c\u1ee7a rutin t\u1eeb HPTR s\u1eed d\u1ee5ng c\u00e1c t\u1ef7 l\u1ec7 ch\u1ea5t mang HPMC E15 kh\u00e1c nhau (n=3)\n", "Th\u1eddi gian (ph\u00fat)\n", "Ph\u1ea7n tr\u0103m rutin \u0111\u00e3 ho\u00e0 tan\n", "Rutin\n", "T\u1ef7 l\u1ec7 rutin: HPMC E15 1:1 1:2 1:5 1:10 5 10,58 \u00b1 1,32 14,23 \u00b1 2,68 15,47 \u00b1 2,45 20,59 \u00b1 1,58 21,84 \u00b1 3,67 10 11,10 \u00b1 2,13 17,94 \u00b1 2,48 18,49 \u00b1 2,52 23,96 \u00b1 2,16 24,61 \u00b1 3,52 15 11,75 \u00b1 1,78 19,43 \u00b1 2,47 21,44 \u00b1 3,60 24,93 \u00b1 1,79 26,67 \u00b1 3,45 30 12,08 \u00b1 1,28 35,48 \u00b1 2,69 43,70 \u00b1 3,13 46,93 \u00b1 2,48 48,72 \u00b1 3,41 60 12,17 \u00b1 2,11 41,44 \u00b1 2,83 45,16 \u00b1 2,59 51,71 \u00b1 3,11 54,99 \u00b1 3,34\n", "K\u1ebft qu\u1ea3 cho th\u1ea5y c\u00e1c HPTR v\u1edbi c\u00e1c ch\u1ea5t mang v\u00e0 c\u00e1c t\u1ef7 l\u1ec7 kh\u00e1c nhau (PVP K30, \u03b2-CD,\n", "HPMC E6 v\u00e0 HPMC E15) \u0111\u1ec1u l\u00e0m t\u0103ng m\u1ee9c \u0111\u1ed9 v\u00e0 t\u1ed1c \u0111\u1ed9 ho\u00e0 tan c\u1ee7a rutin nguy\u00ean li\u1ec7u, t\u0103ng g\u1ea5p t\u1eeb 3 t\u1edbi 6 l\u1ea7n sau 30 ph\u00fat th\u1eed \u0111\u1ed9 ho\u00e0 tan.\n", "M\u1ee9c \u0111\u1ed9 v\u00e0 t\u1ed1c \u0111\u1ed9 ho\u00e0 tan c\u1ee7a rutin v\u1edbi ch\u1ea5t mang l\u00e0 PVP K30 cao h\u01a1n so v\u1edbi HPTR c\u1ee7a c\u00e1c ch\u1ea5t mang kh\u00e1c \u1edf c\u00f9ng t\u1ef7 l\u1ec7 \u1edf ngay trong 5 ph\u00fat th\u1eed ho\u00e0 tan (p < 0,05).\n", "T\u1ef7 l\u1ec7 rutin/PVP K30 l\u00e0 1/5 c\u00f3 \u0111\u1ed9 ho\u00e0 tan cao nh\u1ea5t trong c\u00e1c c\u00f4ng th\u1ee9c kh\u1ea3o s\u00e1t.\n", "Do v\u1eady t\u1ef7 l\u1ec7 rutin:PVP K30 l\u00e0 1:5 \u0111\u01b0\u1ee3c l\u1ef1a ch\u1ecdn s\u1eed d\u1ee5ng trong c\u00e1c nghi\u00ean c\u1ee9u ti\u1ebfp theo.\n", "Nh\u00ecn chung, khi t\u0103ng t\u1ef7 l\u1ec7 ch\u1ea5t mang th\u00ec t\u1ed1c \u0111\u1ed9 ho\u00e0 tan c\u1ee7a HPTR rutin t\u0103ng.\n", "Nguy\u00ean nh\u00e2n l\u00e0 do khi t\u0103ng l\u01b0\u1ee3ng ch\u1ea5t mang th\u00ec th\u00ec t\u0103ng kh\u1ea3 n\u0103ng th\u1ea5m \u01b0\u1edbt c\u1ee7a m\u00f4i tr\u01b0\u1eddng l\u00e0m t\u0103ng \u0111\u1ed9 ho\u00e0 tan c\u1ee7a rutin [7].\n", "C\u00e1c ch\u1ea5t mang \u0111\u01b0\u1ee3c s\u1eed d\u1ee5ng l\u00e0 c\u00e1c polyme th\u00e2n n\u01b0\u1edbc c\u00f3 vai tr\u00f2 l\u00e0m t\u0103ng \u0111\u1ed9 tan v\u00e0 t\u1ed1c \u0111\u1ed9 ho\u00e0 tan cho rutin.\n", "3.2.\n", "Kh\u1ea3o s\u00e1t \u1ea3nh h\u01b0\u1edfng c\u1ee7a ch\u1ea5t di\u1ec7n ho\u1ea1t d\u00f9ng trong h\u1ec7 ph\u00e2n t\u00e1n r\u1eafn \u0111\u1ebfn kh\u1ea3 n\u0103ng ho\u00e0 tan c\u1ee7a rutin\n", "B\u00e0o ch\u1ebf HPRT l\u1ea7n l\u01b0\u1ee3t v\u1edbi 3 CDH kh\u00e1c nhau l\u1ea7n l\u01b0\u1ee3t l\u00e0 Tween 80, Poloxame 188, natri laurylsufat (SLS) v\u1edbi t\u1ef7 l\u1ec7 rutin/PVP K30/CDH l\u00e0 1/5/0,1.\n", "K\u1ebft qu\u1ea3 \u0111\u01b0\u1ee3c tr\u00ecnh b\u00e0y \u1edf b\u1ea3ng 5.\n", "B\u1ea3ng 5.\n", "K\u1ebft qu\u1ea3 th\u1eed \u0111\u1ed9 ho\u00e0 tan c\u1ee7a rutin t\u1eeb HPTR s\u1eed d\u1ee5ng c\u00e1c CDH kh\u00e1c nhau (n=3)\n", "Th\u1eddi gian (ph\u00fat)\n", "Ph\u1ea7n tr\u0103m rutin \u0111\u00e3 ho\u00e0 tan\n", "Rutin: PVP K30 =1:5\n", "Rutin: PVP K30: CDH = 1/5/0,1\n", "Poloxame 188 Tween 80 SLS 5 45,13 \u00b1 2,73 46,34 \u00b1 2,54 48,57 \u00b1 3,10 54,16 \u00b1 2,43 10 57,41 \u00b1 3,02 52,32 \u00b1 3,41 58,32 \u00b1 2,76 61,30 \u00b1 3,22 15 59,88 \u00b1 3,52 60,43 \u00b1 2,12 62,80 \u00b1 2,36 63,92 \u00b1 1,43 30 60,75 \u00b1 2,62 62,79 \u00b1 1,56 66,61 \u00b1 1,83 64,07 \u00b1 2,94 60 61,86 \u00b1 3,12 65,65 \u00b1 1,25 67,99 \u00b1 2,15 66,14 \u00b1 3,45\n", "K\u1ebft qu\u1ea3 b\u1ea3ng 5 cho th\u1ea5y t\u1ea5t c\u1ea3 c\u00e1c ch\u1ea5t di\u1ec7n ho\u1ea1t Poloxame 188, Tween 80, SLS \u0111\u1ec1u l\u00e0m t\u0103ng m\u1ee9c \u0111\u1ed9 v\u00e0 t\u1ed1c \u0111\u1ed9 ho\u00e0 tan c\u1ee7a HPTR.\n", "Trong \u0111\u00f3, s\u1eed d\u1ee5ng poloxame 188 trong HPTR c\u00f3 \u0111\u1ed9 ho\u00e0 tan th\u1ea5p h\u01a1n so v\u1edbi HPTR s\u1eed d\u1ee5ng Tween 80 v\u00e0 SLS.\n", "HPTR s\u1eed d\u1ee5ng Tween 80 v\u00e0 SLS cho \u0111\u1ed9 tan v\u00e0 t\u1ed1c \u0111\u1ed9 ho\u00e0 tan g\u1ea7n nh\u01b0 nhau.\n", "Tuy nhi\u00ean do\n", "SLS l\u00e0 ch\u1ea5t di\u1ec7n ho\u1ea1t ion, c\u00f3 kh\u1ea3 n\u0103ng g\u00e2y ra \u0111\u1ed9c t\u00ednh cao, v\u00ec v\u1eady l\u1ef1a ch\u1ecdn CDH kh\u00f4ng ion ho\u00e1 l\u00e0\n", "Tween 80 cho nh\u1eefng nghi\u00ean c\u1ee9u ti\u1ebfp theo.\n", "Ch\u1ea5t di\u1ec7n ho\u1ea1t \u0111\u00e3 \u0111\u01b0\u1ee3c ph\u1ed1i h\u1ee3p v\u00e0o HPRT v\u1edbi m\u1ee5c \u0111\u00edch t\u0103ng s\u1ef1 th\u1ea5m \u01b0\u1edbt c\u1ee7a m\u00f4i tr\u01b0\u1eddng v\u1edbi d\u01b0\u1ee3c ch\u1ea5t, ng\u0103n c\u1ea3n qu\u00e1 tr\u00ecnh k\u1ebft t\u1ee7a d\u01b0\u1ee3c ch\u1ea5t do hi\u1ec7n t\u01b0\u1ee3ng qu\u00e1 b\u00e3o ho\u00e0 b\u1eb1ng c\u00e1ch t\u1ea1o ra c\u1ea5u tr\u00fac micell bao b\u1ecdc l\u1ea5y d\u01b0\u1ee3c ch\u1ea5t.\n", "Ngo\u00e0i ra ch\u1ea5t di\u1ec7n ho\u1ea1t c\u00f2n c\u00f3 vai tr\u00f2 gi\u00fap HPTR \u1ed5n \u0111\u1ecbnh h\u01a1n, v\u00ec HPTR trong qu\u00e1 tr\u00ecnh b\u00e0o ch\u1ebf v\u00e0 b\u1ea3o qu\u1ea3n DC s\u1ebd chuy\u1ec3n t\u1eeb tr\u1ea1ng th\u00e1i v\u00f4 \u0111\u1ecbnh h\u00ecnh sang k\u1ebft tinh l\u00e0m gi\u1ea3m \u0111\u1ed9 tan v\u00e0 t\u1ed1c \u0111\u1ed9 ho\u00e0 tan d\u1eabn t\u1edbi gi\u1ea3m sinh kh\u1ea3 d\u1ee5ng, \u0111\u00e2y l\u00e0 v\u1ea5n \u0111\u1ec1 l\u1edbn nh\u1ea5t \u0111\u1ed1i v\u1edbi HPTR [8].\n", "Tween 80 l\u00e0 CDH kh\u00f4ng ion ho\u00e1 \u0111\u01b0\u1ee3c l\u1ef1a ch\u1ecdn v\u00ec c\u00f3 \u0111\u1ed9c t\u00ednh th\u1ea5p.\n", "3.3.\n", "Thi\u1ebft k\u1ebf th\u00ed nghi\u1ec7m\n", "D\u1ef1a v\u00e0o c\u00e1c k\u1ebft qu\u1ea3 kh\u1ea3o s\u00e1t s\u01a1 b\u1ed9, ti\u1ebfn h\u00e0nh thi\u1ebft k\u1ebf th\u00ed nghi\u1ec7m v\u1edbi c\u00e1c bi\u1ebfn \u0111\u1ed9c l\u1eadp v\u00e0 ph\u1ee5 thu\u1ed9c \u0111\u01b0\u1ee3c tr\u00ecnh b\u00e0y nh\u01b0 b\u1ea3ng 6 v\u00e0 b\u1ea3ng 7.\n", "B\u1ea3ng 6.\n", "K\u00ed hi\u1ec7u v\u00e0 c\u00e1c m\u1ee9c c\u1ee7a bi\u1ebfn \u0111\u1ed9c l\u1eadp\n", "T\u00ean bi\u1ebfn \u0111\u1ecbnh l\u01b0\u1ee3ng K\u00ed hi\u1ec7u \u0110\u01a1n v\u1ecb\n", "M\u1ee9c d\u01b0\u1edbi (-1)\n", "M\u1ee9c c\u01a1 b\u1ea3n (0)\n", "M\u1ee9c tr\u00ean (1)\n", "T\u1ec9 l\u1ec7 PVP K30/rutin X1 - 3 5 7\n", "T\u1ec9 l\u1ec7 Tween 80/rutin X2 - 0,05 0,10 0,15\n", "Nhi\u1ec7t \u0111\u1ed9 \u0111\u1ea7u v\u00e0o X3 oC 90 110 130\n", "T\u1ed1c \u0111\u1ed9 b\u01a1m d\u1ecbch X4 ml/gi\u1edd 1000 1200 1400\n", "B\u1ea3ng 7.\n", "K\u00ed hi\u1ec7u v\u00e0 c\u00e1c m\u1ee9c c\u1ee7a bi\u1ebfn ph\u1ee5 thu\u1ed9c\n", "Bi\u1ebfn ph\u1ee5 thu\u1ed9c K\u00ed hi\u1ec7u \u0110\u01a1n v\u1ecb Y\u00eau c\u1ea7u\n", "Ph\u1ea7n tr\u0103m rutin gi\u1ea3i ph\u00f3ng sau 5 ph\u00fat Y5 % Max\n", "Ph\u1ea7n tr\u0103m rutin gi\u1ea3i ph\u00f3ng sau 15 ph\u00fat Y15 % Max\n", "Hi\u1ec7u su\u1ea5t H % Max\n", "B\u1ea3ng 8.\n", "Thi\u1ebft k\u1ebf th\u00ed nghi\u1ec7m cho h\u1ec7 ph\u00e2n t\u00e1n r\u1eafn rutin\n", "CT X1 X2 X3 X4 CT X1 X2 X3 X4 1 -1 -1 -1 -1 15 -1 +1 +1 +1 2 +1 -1 -1 -1 16 +1 +1 +1 +1 3 -1 +1 -1 -1 17 -1 0 0 0 4 +1 +1 -1 -1 18 +1 0 0 0 5 -1 -1 +1 -1 19 0 -1 0 0 6 +1 -1 +1 -1 20 0 +1 0 0 7 -1 +1 +1 -1 21 0 0 -1 0 8 +1 +1 +1 -1 22 0 0 +1 0 9 -1 -1 -1 1 23 0 0 0 -1 10 +1 -1 -1 +1 24 0 0 0 +1 11 -1 +1 -1 1 25 0 0 0 0 12 +1 +1 -1 +1 26 0 0 0 0 13 -1 -1 +1 1 27 0 0 0 0 14 +1 -1 +1 +1\n", "B\u1ea3ng 9.\n", "K\u1ebft qu\u1ea3 th\u1eed \u0111\u1ed9 ho\u00e0 tan sau 5 v\u00e0 15 ph\u00fat c\u1ee7a c\u00e1c HPTR rutin v\u00e0 hi\u1ec7u su\u1ea5t phun s\u1ea5y\n", "CT Y5(%) Y15(%) H(%) CT Y5(%) Y15(%) H(%) 1 47,37 57,60 36,05 15 50,69 62,43 39,88 2 50,48 62,57 52,24 16 50,18 63,44 51,66 3 51,69 61,75 37,24 17 53,05 63,04 35,24 4 52,78 64,37 54,48 18 55,11 64,60 46,42 5 45,35 58,89 36,54 19 51,51 62,80 40,83 6 49,51 60,74 43,79 20 53,57 63,20 42,52 7 48,69 59,29 35,90 21 55,24 65,16 45,56 8 50,63 65,76 41,90 22 54,23 64,82 36,23 9 50,24 60,13 39,51 23 55,12 65,07 35,90 10 50,91 61,71 53,89 24 55,30 65,88 40,33 11 49,66 60,67 42,23 25 57,42 66,67 44,10 12 54,87 64,70 54,66 26 56,21 67,38 42,70 13 49,57 60,29 39,88 27 55,72 67,50 43,28 14 47,47 58,07 51,18\n", "S\u1eed d\u1ee5ng ph\u1ea7n m\u1ec1m MODDE 8.0 \u0111\u1ec3 thi\u1ebft k\u1ebf th\u00ed nghi\u1ec7m theo thi\u1ebft k\u1ebf h\u1ee3p t\u1eed t\u1ea1i t\u00e2m, v\u1edbi 4 bi\u1ebfn \u0111\u1ea7u v\u00e0o cho 24 th\u00ed nghi\u1ec7m v\u00e0 3 th\u00ed nghi\u1ec7m \u1edf t\u00e2m \u0111\u01b0\u1ee3c tr\u00ecnh b\u00e0y \u1edf b\u1ea3ng 8.\n", "K\u1ebft qu\u1ea3 \u0111\u01b0\u1ee3c tr\u00ecnh b\u00e0y trong b\u1ea3ng 9.\n", "X\u1eed l\u00fd b\u1eb1ng ph\u1ea7n m\u1ec1m FormRules v2.0.\n", "D\u1eef li\u1ec7u ph\u00e2n t\u00edch b\u1ea3ng ANOVA cho k\u1ebft qu\u1ea3 gi\u00e1 tr\u1ecb\n", "Radj 2 c\u1ee7a c\u00e1c bi\u1ebfn \u0111\u1ea7u ra nh\u01b0 trong b\u1ea3ng 10.\n", "B\u1ea3ng 10.\n", "Gi\u00e1 tr\u1ecb Radj 2 c\u1ee7a c\u00e1c bi\u1ebfn \u0111\u1ea7u ra\n", "C\u00e1c bi\u1ebfn \u0111\u1ea7u ra\n", "Y5 Y15 H\n", "Gi\u00e1 tr\u1ecb\n", "Radj 0,88 0,81 0,98\n", "K\u1ebft qu\u1ea3 cho th\u1ea5y c\u00e1c gi\u00e1 tr\u1ecb Radj 2 \u1edf t\u1ea5t c\u1ea3 c\u00e1c bi\u1ebfn \u0111\u1ea7u ra \u0111\u1ec1u l\u1edbn h\u01a1n 0,8.\n", "Nh\u01b0 v\u1eady ph\u01b0\u01a1ng tr\u00ecnh h\u1ed3i quy c\u00f3 th\u1ec3 m\u00f4 t\u1ea3 m\u1ed1i t\u01b0\u01a1ng quan c\u1ee7a c\u00e1c bi\u1ebfn \u0111\u1ea7u v\u00e0o v\u00e0 c\u00e1c bi\u1ebfn \u0111\u1ea7u ra.\n", "\u0110\u00e1nh gi\u00e1 \u1ea3nh h\u01b0\u1edfng c\u1ee7a c\u00e1c bi\u1ebfn \u0111\u1ed9c l\u1eadp \u0111\u1ebfn bi\u1ebfn ph\u1ee5 thu\u1ed9c:\n", "H\u00ecnh 1 v\u00e0 2 cho th\u1ea5y khi t\u1ef7 l\u1ec7 PVP K30/rutin t\u1eeb 3 l\u00ean 5 th\u00ec ph\u1ea7n tr\u0103m rutin ho\u00e0 tan sau 5 v\u00e0 15 ph\u00fat t\u1ef7 l\u1ec7 thu\u1eadn v\u1edbi t\u1ef7 l\u1ec7 PVP K30/rutin; Ng\u01b0\u1ee3c l\u1ea1i trong t\u1ef7 l\u1ec7 PVP K30/rutin t\u1eeb 5 l\u00ean 7 th\u00ec ph\u1ea7n tr\u0103m rutin ho\u00e0 tan sau 5 v\u00e0 15 ph\u00fat t\u1ef7 l\u1ec7 ngh\u1ecbch v\u1edbi rutin; \u0110i\u1ec1u n\u00e0y c\u00f3 th\u1ec3 do rutin ch\u1ec9 ho\u00e0 tan t\u1ed1t nh\u1ea5t khi t\u1ef7 l\u1ec7 PVP K30/rutin l\u00e0 5, khi t\u0103ng t\u1ef7 l\u1ec7\n", "PVP K30/rutin th\u00ec c\u00f3 th\u1ec3 PVP K30 s\u1ebd c\u1ea1nh tranh dung m\u00f4i ho\u00e0 tan v\u1edbi rutin do v\u1eady l\u00e0m gi\u1ea3m kh\u1ea3 n\u0103ng ho\u00e0 tan c\u1ee7a rutin trong n\u01b0\u1edbc.\n", "H\u00ecnh 1.\n", "M\u1eb7t \u0111\u00e1p bi\u1ec3u di\u1ec5n s\u1ef1 \u1ea3nh h\u01b0\u1edfng c\u1ee7a X1 v\u00e0\n", "X2 \u0111\u1ebfn Y5 ( X3 v\u00e0 X4 t\u1ea1i t\u00e2m).\n", "H\u00ecnh 2.\n", "M\u1eb7t \u0111\u00e1p bi\u1ec3u di\u1ec5n s\u1ef1 \u1ea3nh h\u01b0\u1edfng c\u1ee7a X1 v\u00e0\n", "X2 \u0111\u1ebfn Y15 ( X3 v\u00e0 X4 t\u1ea1i t\u00e2m).\n", "Ph\u1ea7n tr\u0103m ho\u00e0 tan rutin sau 5 v\u00e0 15 ph\u00fat t\u0103ng khi t\u1ef7 l\u1ec7 Tween 80/rutin t\u0103ng, tuy nhi\u00ean khi t\u0103ng t\u1ef7 l\u1ec7 l\u1edbn h\u01a1n Tween 80/rutin 0,1 th\u00ec kh\u1ea3 n\u0103ng ho\u00e0 tan c\u1ee7a rutin l\u1ea1i gi\u1ea3m.\n", "H\u00ecnh 3.\n", "M\u1eb7t \u0111\u00e1p bi\u1ec3u di\u1ec5n s\u1ef1 \u1ea3nh h\u01b0\u1edfng c\u1ee7a X1 v\u00e0\n", "X3 \u0111\u1ebfn H ( X2 v\u00e0 X4 t\u1ea1i t\u00e2m).\n", "H\u00ecnh 3 cho th\u1ea5y hi\u1ec7u su\u1ea5t phun s\u1ea5y t\u1ef7 l\u1ec7 thu\u1eadn v\u1edbi t\u1ef7 l\u1ec7 PVP K30/rutin v\u00e0 t\u1ef7 l\u1ec7 ngh\u1ecbch v\u1edbi nhi\u1ec7t \u0111\u1ed9 \u0111\u1ea7u v\u00e0o.\n", "Nguy\u00ean nh\u00e2n c\u00f3 th\u1ec3 do khi t\u0103ng t\u1ef7 l\u1ec7 PVP K30/rutin ho\u1eb7c gi\u1ea3m nhi\u1ec7t \u0111\u1ed9 \u0111\u1ea7u v\u00e0o th\u00ec k\u00edch th\u01b0\u1edbc ti\u1ec3u ph\u00e2n c\u1ee7a b\u1ed9t phun s\u1ea5y t\u0103ng, do \u0111\u00f3 b\u1ed9t \u00edt b\u1ecb cu\u1ed1n theo kh\u00ed th\u1ed5i ra ngo\u00e0i m\u00f4i\n", "K\u1ebft qu\u1ea3 t\u1ed1i \u01b0u c\u00f4ng th\u1ee9c v\u00e0 m\u1ed9t s\u1ed1 th\u00f4ng s\u1ed1 c\u1ee7a qu\u00e1 tr\u00ecnh phun s\u1ea5y b\u1eb1ng ph\u1ea7n m\u1ec1m INForm 3.2 nh\u01b0 sau: t\u1ef7 l\u1ec7 PVP K30/rutin l\u00e0 5,77; t\u1ef7 l\u1ec7\n", "Tween 80/rutin l\u00e0 0,14; nhi\u1ec7t \u0111\u1ed9 \u0111\u1ea7u v\u00e0o l\u00e0 110,05oC, t\u1ed1c \u0111\u1ed9 b\u01a1m d\u1ecbch 1370,9 ml/gi\u1edd.\n", "3.4.\n", "Kh\u1ea3o s\u00e1t m\u1ed9t s\u1ed1 \u0111\u1eb7c t\u00ednh HPTR rutin b\u00e0o ch\u1ebf theo c\u00f4ng th\u1ee9c t\u1ed1i \u01b0u\n", "Ti\u1ebfn h\u00e0nh b\u00e0o ch\u1ebf HPTR rutin theo c\u00f4ng th\u1ee9c t\u1ed1i \u01b0u.\n", "\u0110\u00e1nh gi\u00e1 m\u1ed9t s\u1ed1 \u0111\u1eb7c t\u00ednh c\u1ee7a HPTR, k\u1ebft qu\u1ea3 thu \u0111\u01b0\u1ee3c nh\u01b0 sau:\n", "H\u00e0m \u1ea9m: 4,58 \u00b1 0,12 %.\n", "\u0110\u1ed9 ho\u00e0 tan in vitro: \u0111\u1ed9 ho\u00e0 tan c\u1ee7a HPTR rutin theo c\u00f4ng th\u1ee9c t\u1ed1i \u01b0u \u0111\u01b0\u1ee3c \u0111\u01b0\u1ee3c so s\u00e1nh v\u1edbi m\u1eabu rutin nguy\u00ean li\u1ec7u.\n", "K\u1ebft qu\u1ea3 th\u1eed \u0111\u1ed9 ho\u00e0 tan \u0111\u01b0\u1ee3c tr\u00ecnh b\u00e0y \u1edf b\u1ea3ng 11.\n", "B\u1ea3ng 11.\n", "\u0110\u1ed9 ho\u00e0 tan c\u1ee7a rutin v\u00e0 HPTR c\u1ee7a rutin sau 5 v\u00e0 15 ph\u00fat th\u1eed (n=3)\n", "M\u1eabu % rutin gi\u1ea3i ph\u00f3ng sau 5 ph\u00fat % rutin gi\u1ea3i ph\u00f3ng sau 15 ph\u00fat\n", "Rutin 10,58 \u00b1 1,32 11,75 \u00b1 1,78\n", "Theo CT t\u1ed1i \u01b0u 54,89 65,22\n", "D\u1ef1 \u0111o\u00e1n c\u1ee7a INForm 54,25 \u00b1 0,95 63,47 \u00b1 2,21\n", "K\u1ebft qu\u1ea3 cho th\u1ea5y \u0111\u1ed9 ho\u00e0 tan c\u1ee7a HPTR rutin cao g\u1ea5p 5,13 l\u1ea7n rutin nguy\u00ean li\u1ec7u sau 5 ph\u00fat, c\u00f2n sau 15 ph\u00fat th\u00ec cao g\u1ea5p 5,40 l\u1ea7n.\n", "\u0110\u1ed3 th\u1ecb ho\u00e0 tan c\u1ee7a h\u1ec7 ph\u00e2n t\u00e1n r\u1eafn rutin theo c\u00f4ng th\u1ee9c t\u1ed1i \u01b0u v\u00e0 d\u1ef1 \u0111o\u00e1n kh\u00e1c nhau kh\u00f4ng c\u00f3 \u00fd ngh\u0129a th\u1ed1ng k\u00ea (p > 0,05).\n", "Ph\u1ed5 h\u1ed3ng ngo\u1ea1i (FTIR):\n", "Ph\u1ed5 h\u1ed3ng ngo\u1ea1i c\u1ee7a rutin c\u00f3 \u0111\u1ec9nh h\u1ea5p th\u1ee5 \u0111\u1eb7c tr\u01b0ng cho li\u00ean k\u1ebft O-H t\u1ea1i s\u1ed1 s\u00f3ng 3412,08 cm-1 .\n", "Ph\u1ed5 h\u1ed3ng ngo\u1ea1i c\u1ee7a h\u1ec7 ph\u00e2n t\u00e1n r\u1eafn c\u1ee7a rutin cho th\u1ea5y c\u00e1c pic h\u1ea5p th\u1ee5 c\u1ee7a nh\u00f3m hydroxyl (O-\n", "H) d\u1ecbch chuy\u1ec3n sang b\u01b0\u1edbc s\u00f3ng th\u1ea5p h\u01a1n: t\u1eeb 3412,08 cm-1 sang 3396,64 cm-1.\n", "K\u1ebft qu\u1ea3 tr\u00ean cho th\u1ea5y c\u00f3 s\u1ef1 d\u1ecbch chuy\u1ec3n s\u1ed1 s\u00f3ng nh\u00f3m \u2013OH c\u1ee7a rutin ch\u1ee9ng t\u1ecf \u0111\u00e3 c\u00f3 s\u1ef1 h\u00ecnh th\u00e0nh li\u00ean k\u1ebft hydro gi\u1eefa rutin v\u1edbi ch\u1ea5t mang.\n", "H\u00ecnh 4.\n", "Ph\u1ed5 h\u1ed3ng ngo\u1ea1i c\u1ee7a rutin v\u00e0 h\u1ec7 ph\u00e2n t\u00e1n r\u1eafn c\u1ee7a rutin.\n", "- Ph\u00e2n t\u00edch nhi\u1ec7t qu\u00e9t vi sai (DSC):\n", "Gi\u1ea3n \u0111\u1ed3 nhi\u1ec7t c\u1ee7a rutin c\u00f3 c\u00e1c pic thu nhi\u1ec7t 102,96oC; 140,54oC; 166,52oC; 188,95 oC.\n", "So s\u00e1nh ph\u1ed5 nhi\u1ec7t qu\u00e9t vi sai c\u1ee7a h\u1ec7 ph\u00e2n t\u00e1n r\u1eafn rutin so v\u1edbi rutin cho th\u1ea5y c\u00e1c pic thu nhi\u1ec7t c\u1ee7a rutin \u0111\u00e3 kh\u00f4ng xu\u1ea5t hi\u1ec7n thay v\u00e0o \u0111\u00f3 l\u00e0 1 pic thu nhi\u1ec7t m\u1edbi \u1edf 119,13oC.\n", "Nh\u01b0 v\u1eady rutin trong h\u1ec7 ph\u00e2n t\u00e1n r\u1eafn \u0111\u00e3 chuy\u1ec3n t\u1eeb tr\u1ea1ng th\u00e1i k\u1ebft tinh sang v\u00f4 \u0111\u1ecbnh h\u00ecnh.\n", "H\u00ecnh 5.\n", "Ph\u00e2n t\u00edch nhi\u1ec7t qu\u00e9t vi sai c\u1ee7a rutin v\u00e0 h\u1ec7 ph\u00e2n t\u00e1n r\u1eafn c\u1ee7a rutin.\n", "- Ph\u00e2n t\u00edch nhi\u1ec5u x\u1ea1 tia X:\n", "Gi\u1ea3n \u0111\u1ed3 nhi\u1ec5u x\u1ea1 tia X c\u1ee7a rutin c\u00f3 nhi\u1ec1u pic nhi\u1ec5u x\u1ea1, ch\u1ee9ng t\u1ecf rutin t\u1ed3n t\u1ea1i \u1edf tr\u1ea1ng th\u00e1i k\u1ebft tinh trong khi h\u1ec7 ph\u00e2n t\u00e1n c\u1ee7a rutin kh\u00f4ng th\u1ec3 hi\u1ec7n b\u1ea5t k\u1ef3 \u0111\u1ec9nh \u0111\u1eb7c tr\u01b0ng n\u00e0o c\u1ee7a rutin.\n", "\u0110i\u1ec1u \u0111\u00f3 ch\u1ee9ng t\u1ecf rutin trong h\u1ec7 ph\u00e2n t\u00e1n r\u1eafn \u0111\u00e3 chuy\u1ec3n t\u1eeb tr\u1ea1ng th\u00e1i k\u1ebft tinh sang tr\u1ea1ng th\u00e1i v\u00f4 \u0111\u1ecbnh h\u00ecnh.\n", "H\u00ecnh 6.\n", "Ph\u00e2n t\u00edch nhi\u1ec5u x\u1ea1 tia X c\u1ee7a rutin v\u00e0 h\u1ec7 ph\u00e2n t\u00e1n r\u1eafn c\u1ee7a rutin.\n", "Nh\u01b0 v\u1eady, k\u1ebft qu\u1ea3 ph\u00e2n t\u00edch nhi\u1ec7t qu\u00e9t vi sai v\u00e0 ph\u00e2n t\u00edch nhi\u1ec5u x\u1ea1 tia X \u0111\u00e3 ch\u1ee9ng minh rutin trong h\u1ec7 ph\u00e2n t\u00e1n r\u1eafn \u0111\u00e3 chuy\u1ec3n t\u1eeb tr\u1ea1ng th\u00e1i k\u1ebft tinh sang tr\u1ea1ng th\u00e1i v\u00f4 \u0111\u1ecbnh h\u00ecnh.\n", "\u0110i\u1ec1u n\u00e0y c\u0169ng ph\u00f9 h\u1ee3p v\u1edbi c\u00e1c nghi\u00ean c\u1ee9u tr\u01b0\u1edbc \u0111\u00e2y [9].\n"], "4": ["4.\n", "K\u1ebft lu\u1eadn\n", "Nghi\u00ean c\u1ee9u \u0111\u00e3 b\u00e0o ch\u1ebf HPTR rutin ch\u1ea5t b\u1eb1ng ph\u01b0\u01a1ng ph\u00e1p phun s\u1ea5y s\u1eed d\u1ee5ng PVP K30 l\u00e0m ch\u1ea5t mang v\u00e0 \u0111\u00e3 t\u1ed1i \u01b0u ho\u00e1 v\u1ec1 t\u1ed1i \u01b0u v\u1ec1 c\u00f4ng th\u1ee9c v\u00e0 m\u1ed9t s\u1ed1 th\u00f4ng s\u1ed1 c\u1ee7a qu\u00e1 tr\u00ecnh phun s\u1ea5y nh\u01b0 sau: t\u1ef7 l\u1ec7 PVP K30/rutin l\u00e0 5,77; t\u1ef7 l\u1ec7 Tween 80/rutin l\u00e0 0,14; nhi\u1ec7t \u0111\u1ed9 \u0111\u1ea7u v\u00e0o: 110,05oC v\u00e0 t\u1ed1c \u0111\u1ed9 b\u01a1m d\u1ecbch l\u00e0 1370,9 ml/gi\u1edd.\n", "HTPR \u0111\u01b0\u1ee3c b\u00e0o ch\u1ebf theo c\u00f4ng th\u1ee9c t\u1ed1i \u01b0u c\u00f3 \u0111\u1ed9 ho\u00e0 tan cao g\u1ea5p 5,13 v\u00e0 5,40 l\u1ea7n rutin nguy\u00ean li\u1ec7u sau 5 v\u00e0 15 ph\u00fat th\u1eed ho\u00e0 tan t\u01b0\u01a1ng \u1ee9ng.\n", "Ph\u1ed5 DSC v\u00e0 gi\u1ea3n \u0111\u1ed3 nhi\u1ec5u x\u1ea1 tia X \u0111\u00e3 ch\u1ee9ng t\u1ecf rutin trong HPTR \u0111\u00e3 chuy\u1ec3n t\u1eeb tr\u1ea1ng th\u00e1i k\u1ebft tinh sang v\u00f4 \u0111\u1ecbnh h\u00ecnh c\u00f2n ph\u1ed5 h\u1ed3ng ngo\u1ea1i \u0111\u00e3 ch\u1ee9ng t\u1ecf c\u00f3 s\u1ef1 t\u01b0\u01a1ng t\u00e1c t\u1ea1o li\u00ean k\u1ebft hydro gi\u1eefa rutin v\u1edbi ch\u1ea5t mang.\n"]}, "Word count": 4163}