{"title": "Original Article\n", "content": {"0": ["T\u00f3m t\u1eaft: H\u00e0 th\u1ee7 \u00f4 \u0111\u1ecf l\u00e0 m\u1ed9t d\u01b0\u1ee3c li\u1ec7u qu\u00fd, \u0111\u01b0\u1ee3c s\u1eed d\u1ee5ng kh\u00e1 ph\u1ed5 bi\u1ebfn \u1edf nhi\u1ec1u n\u01b0\u1edbc.\n", "C\u00e1c t\u00e1c d\u1ee5ng d\u01b0\u1ee3c l\u00fd c\u1ee7a h\u00e0 th\u1ee7 \u00f4 \u0111\u1ecf c\u00f3 \u0111\u01b0\u1ee3c ch\u1ee7 y\u1ebfu l\u00e0 nh\u1edd v\u00e0o ho\u1ea1t t\u00ednh ch\u1ed1ng oxy ho\u00e1 c\u1ee7a c\u00e1c polyphenol.\n", "Nghi\u00ean c\u1ee9u \u0111\u00e3 \u0111\u00e1nh gi\u00e1 \u0111\u01b0\u1ee3c \u1ea3nh h\u01b0\u1edfng c\u1ee7a qu\u00e1 tr\u00ecnh ch\u1ebf bi\u1ebfn theo y h\u1ecdc c\u1ed5 truy\u1ec1n \u0111\u1ebfn h\u00e0m l\u01b0\u1ee3ng phenol to\u00e0n ph\u1ea7n v\u00e0 ho\u1ea1t t\u00ednh ch\u1ed1ng oxy ho\u00e1 in vitro c\u1ee7a h\u00e0 th\u1ee7 \u00f4 \u0111\u1ecf.\n", "K\u1ebft qu\u1ea3 th\u1ef1c nghi\u1ec7m cho th\u1ea5y h\u00e0m l\u01b0\u1ee3ng phenol to\u00e0n ph\u1ea7n t\u00ednh theo acid gallic (GAE) c\u1ee7a h\u00e0 th\u1ee7 \u00f4 \u0111\u1ecf t\u0103ng l\u00ean trong qu\u00e1 tr\u00ecnh ch\u1ebf bi\u1ebfn.\n", "D\u01b0\u1ee3c li\u1ec7u sau khi ch\u1ebf bi\u1ebfn c\u00f3 h\u00e0m l\u01b0\u1ee3ng phenol to\u00e0n ph\u1ea7n l\u00e0 22,73 \u00b1 0,21 mg GAE/g, cao h\u01a1n kho\u1ea3ng 3% so v\u1edbi m\u1eabu th\u00f4 (22,03 \u00b1 0,40 mg GAE/g).\n", "Qu\u00e1 tr\u00ecnh ch\u1ebf bi\u1ebfn c\u0169ng l\u00e0m gia t\u0103ng \u0111\u00e1ng k\u1ec3 ho\u1ea1t t\u00ednh ch\u1ed1ng oxy ho\u00e1 c\u1ee7a h\u00e0 th\u1ee7 \u00f4 \u0111\u1ecf.\n", "N\u1ed3ng \u0111\u1ed9 d\u1ecbch chi\u1ebft trung ho\u00e0 \u0111\u01b0\u1ee3c 50% g\u1ed1c t\u1ef1 do sinh ra t\u1eeb 2,2-diphenyl-1-picrylhydrazyl c\u1ee7a d\u01b0\u1ee3c li\u1ec7u sau khi ch\u1ebf bi\u1ebfn l\u00e0 53,71 \u00b1 0,44 \u00b5g/ml, th\u1ea5p h\u01a1n kho\u1ea3ng 2,3 l\u1ea7n so v\u1edbi d\u01b0\u1ee3c li\u1ec7u th\u00f4 (124,38 \u00b1 0,56 \u00b5g/ml).\n", "T\u1eeb kho\u00e1: H\u00e0 th\u1ee7 \u00f4 \u0111\u1ecf, ch\u1ebf bi\u1ebfn, ch\u1ed1ng oxy ho\u00e1, phenol to\u00e0n ph\u1ea7n, trung ho\u00e0 g\u1ed1c t\u1ef1 do, 2,2-diphenyl- 1-picrylhydrazyl.\n"], "1": ["1.\n", "M\u1edf \u0111\u1ea7u\n", "H\u00e0 th\u1ee7 \u00f4 \u0111\u1ecf (Fallopia multilflora Thunb.) \u0111\u01b0\u1ee3c ph\u00e2n b\u1ed1 r\u1ed9ng r\u00e3i tr\u00ean to\u00e0n th\u1ebf gi\u1edbi, c\u00f3 nhi\u1ec1u \u1edf Trung Qu\u1ed1c v\u00e0 Nh\u1eadt B\u1ea3n.\n", "\u1ede Vi\u1ec7t Nam, h\u00e0 th\u1ee7 \u00f4 \u0111\u1ecf \u0111\u01b0\u1ee3c s\u1eed d\u1ee5ng nh\u01b0 m\u1ed9t lo\u1ea1i thu\u1ed1c qu\u00fd trong y h\u1ecdc c\u1ed5 truy\u1ec1n qua nhi\u1ec1u th\u1ebf k\u1ef7 v\u1edbi c\u00e1c t\u00e1c d\u1ee5ng nh\u01b0 b\u1ed5 huy\u1ebft, \u0111i\u1ec1u ho\u00e0 kh\u00ed huy\u1ebft, b\u1ed5 gan th\u1eadn, nhu\u1eadn tr\u00e0ng, k\u00edch th\u00edch m\u1ecdc t\u00f3c, l\u00e0m \u0111en t\u00f3c, gi\u00fap s\u1ed1ng l\u00e2u,...\n", "[1].\n", "C\u00e1c t\u00e1c d\u1ee5ng sinh h\u1ecdc k\u1ec3 tr\u00ean c\u00f3 \u0111\u01b0\u1ee3c ch\u1ee7 y\u1ebfu l\u00e0 nh\u1edd t\u00e1c d\u1ee5ng ch\u1ed1ng oxy ho\u00e1 c\u1ee7a c\u00e1c h\u1ee3p ch\u1ea5t phenol c\u00f3 trong h\u00e0 th\u1ee7 \u00f4 \u0111\u1ecf nh\u01b0 anthraquinon, stilben, tannin,...\n", "[2,3].\n", "_* T\u00e1c gi\u1ea3 li\u00ean h\u1ec7.\n", "Theo y h\u1ecdc c\u1ed5 truy\u1ec1n, h\u00e0 th\u1ee7 \u00f4 \u0111\u1ecf tr\u01b0\u1edbc khi d\u00f9ng c\u00f3 th\u1ec3 \u0111\u01b0\u1ee3c ch\u1ebf bi\u1ebfn v\u1edbi \u0111\u1eadu \u0111en nh\u1eb1m gi\u1ea3m b\u1edbt \u0111\u1ed9c t\u00ednh, thay \u0111\u1ed5i t\u00ednh n\u0103ng, t\u0103ng s\u1ef1 quy kinh thu\u1ed1c [3].\n", "Theo y h\u1ecdc hi\u1ec7n \u0111\u1ea1i, qu\u00e1 tr\u00ecnh ch\u1ebf bi\u1ebfn s\u1ebd d\u1eabn \u0111\u1ebfn s\u1ef1 thay \u0111\u1ed5i trong th\u00e0nh ph\u1ea7n ho\u00e1 h\u1ecdc c\u1ee7a d\u01b0\u1ee3c li\u1ec7u.\n", "\u0110\u00e2y ch\u00ednh l\u00e0 nguy\u00ean nh\u00e2n l\u00e0m cho t\u00e1c d\u1ee5ng sinh h\u1ecdc c\u1ee7a h\u00e0 th\u1ee7 \u00f4 \u0111\u1ecf tr\u01b0\u1edbc v\u00e0 sau khi ch\u1ebf bi\u1ebfn c\u00f3 th\u1ec3 kh\u00e1c nhau [3-5].\n", "Tr\u00ean th\u1ecb tr\u01b0\u1eddng Vi\u1ec7t Nam, nhi\u1ec1u s\u1ea3n ph\u1ea9m ch\u0103m s\u00f3c s\u1ee9c kho\u1ebb c\u00f3 th\u00e0nh ph\u1ea7n l\u00e0 h\u00e0 th\u1ee7 \u00f4 \u0111\u1ecf \u0111ang \u0111\u01b0\u1ee3c s\u1ea3n xu\u1ea5t, v\u00e0 l\u01b0u h\u00e0nh.\n", "Tuy nhi\u00ean, cho \u0111\u1ebfn nay, trong n\u01b0\u1edbc ch\u01b0a c\u00f3 nghi\u00ean c\u1ee9u n\u00e0o v\u1ec1 ho\u1ea1t t\u00ednh ch\u1ed1ng oxy ho\u00e1 c\u1ee7a d\u01b0\u1ee3c li\u1ec7u n\u00e0y sau khi ch\u1ebf bi\u1ebfn \u0111\u01b0\u1ee3c c\u00f4ng b\u1ed1.\n", "T\u1eeb th\u1ef1c t\u1ebf \u0111\u00f3, \u0111\u1ec1 t\u00e0i \u0111\u01b0\u1ee3c ti\u1ebfn h\u00e0nh nh\u1eb1m m\u1ee5c \u0111\u00edch \u0111\u00e1nh gi\u00e1 \u1ea3nh h\u01b0\u1edfng c\u1ee7a vi\u1ec7c ch\u1ebf bi\u1ebfn h\u00e0 th\u1ee7 \u00f4 \u0111\u1ecf theo y h\u1ecdc c\u1ed5 truy\u1ec1n \u0111\u1ebfn h\u00e0m l\u01b0\u1ee3ng phenol to\u00e0n ph\u1ea7n v\u00e0 t\u00e1c d\u1ee5ng ch\u1ed1ng oxy ho\u00e1 c\u1ee7a h\u00e0 th\u1ee7 \u00f4 \u0111\u1ecf.\n"], "2": ["2.\n", "\u0110\u1ed1i t\u01b0\u1ee3ng v\u00e0 ph\u01b0\u01a1ng ph\u00e1p nghi\u00ean c\u1ee9u 2.1.\n", "Nguy\u00ean li\u1ec7u\n", "H\u00e0 th\u1ee7 \u00f4 \u0111\u1ecf \u0111\u1ea1t ti\u00eau chu\u1ea9n d\u01b0\u1ee3c \u0111i\u1ec3n Vi\u1ec7t\n", "Nam V (D\u0110VN V) \u0111\u01b0\u1ee3c cung c\u1ea5p b\u1edfi C\u00f4ng ty\n", "C\u1ed5 ph\u1ea7n Xu\u1ea5t nh\u1eadp kh\u1ea9u D\u01b0\u1ee3c li\u1ec7u D\u01b0\u01a1ng Th\u01b0 (Vi\u1ec7t Nam); m\u1eabu d\u01b0\u1ee3c li\u1ec7u c\u00f3 d\u1ea1ng phi\u1ebfn, \u0111\u01b0\u1eddng k\u00ednh 3-5 cm, d\u00e0y kho\u1ea3ng 1-2 mm, b\u1ea3o qu\u1ea3n trong t\u00fai PE k\u00edn.\n", "Ch\u1ea5t chu\u1ea9n acid gallic 99% (Cheng du, Trung Qu\u1ed1c); 2,2-Diphenyl-1- picrylhydrazyl (DPPH) (Sigma, Singapore), acid ascorbic 99% (Trung Qu\u1ed1c), natri carbonat (Trung Qu\u1ed1c), thu\u1ed1c th\u1eed Folin- Ciocalteu (Trung Qu\u1ed1c), ethanol (EtOH) (Trung Qu\u1ed1c), methanol (MeOH) (Merck, \u0110\u1ee9c), n\u01b0\u1edbc c\u1ea5t m\u1ed9t l\u1ea7n; g\u1ea1o t\u1ebb (Vi\u1ec7t Nam), \u0111\u1eadu \u0111en (Vi\u1ec7t Nam).\n", "2.2.\n", "Thi\u1ebft b\u1ecb, d\u1ee5ng c\u1ee5\n", "M\u00e1y quang ph\u1ed5 t\u1eed ngo\u1ea1i kh\u1ea3 ki\u1ebfn UV-VIS\n", "Aligent technologies Cary 60 UV-Vis, M\u1ef9; c\u00e2n ph\u00e2n t\u00edch Shimadzu AUW220, Nh\u1eadt B\u1ea3n; m\u00e1y c\u1ea5t n\u01b0\u1edbc Aquatron A4000D, Bibby, Anh; b\u1ebfp \u0111un b\u00ecnh c\u1ea7u b\u1ea3o \u00f4n DH.WHM12013, Daihan -\n", "Korea; t\u1ee7 s\u1ea5y WiseVen Ovn - N105, H\u00e0n Qu\u1ed1c b\u1ebfp \u0111i\u1ec7n t\u1eeb Media SV19EH \u0111i\u1ec1u ch\u1ec9nh \u0111\u01b0\u1ee3c nhi\u1ec7t \u0111\u1ed9; n\u1ed3i inox 3 \u0111\u00e1y Sunhouse SH22120; pipetman Labnet BioPettePLUS, M\u1ef9; c\u00e1c d\u1ee5ng c\u1ee5 th\u00ed nghi\u1ec7m thu\u1ef7 tinh th\u00f4ng th\u01b0\u1eddng.\n", "2.3.\n", "Ph\u01b0\u01a1ng ph\u00e1p nghi\u00ean c\u1ee9u 2.3.1.\n", "Ph\u01b0\u01a1ng ph\u00e1p ch\u1ebf bi\u1ebfn h\u00e0 th\u1ee7 \u00f4 \u0111\u1ecf\n", "C\u00f4ng th\u1ee9c ch\u1ebf bi\u1ebfn m\u1ed7i m\u1ebb g\u1ed3m c\u00f3 h\u00e0 th\u1ee7 \u00f4 \u0111\u1ecf (200 g), g\u1ea1o t\u1ebb (200 g), \u0111\u1eadu \u0111en (20 g) v\u00e0 n\u01b0\u1edbc c\u1ea5t.\n", "Quy tr\u00ecnh ch\u1ebf bi\u1ebfn g\u1ed3m c\u00e1c c\u00f4ng \u0111o\u1ea1n [6]: - Ng\u00e2m: 200 g g\u1ea1o t\u1ebb s\u1ea1ch \u0111\u01b0\u1ee3c vo trong 600 ml n\u01b0\u1edbc, g\u1ea1n l\u1ea5y d\u1ecbch r\u1ed3i b\u1ed5 sung th\u00eam n\u01b0\u1edbc c\u1ea5t v\u1eeba \u0111\u1ee7 600 ml.\n", "S\u1eed d\u1ee5ng d\u1ecbch n\u00e0y \u0111\u1ec3 ng\u00e2m h\u00e0 th\u1ee7 \u00f4 \u0111\u1ecf trong 24 gi\u1edd \u1edf nhi\u1ec7t \u0111\u1ed9 ph\u00f2ng (kho\u1ea3ng 27oC).\n", "Sau khi ng\u00e2m, v\u1edbt d\u01b0\u1ee3c li\u1ec7u ra, r\u1eeda s\u1ea1ch hai l\u1ea7n b\u1eb1ng n\u01b0\u1edbc, \u0111\u1ec3 r\u00e1o.\n", "- N\u1ea5u: r\u1eeda s\u1ea1ch 20 g \u0111\u1eadu \u0111en hai l\u1ea7n b\u1eb1ng n\u01b0\u1edbc r\u1ed3i cho v\u00e0o n\u1ed3i inox, th\u00eam 800 ml n\u01b0\u1edbc.\n", "Sau khi ng\u00e2m 2 gi\u1edd \u1edf nhi\u1ec7t \u0111\u1ed9 ph\u00f2ng, \u0111un s\u00f4i h\u1ed7n h\u1ee3p trong 1 gi\u1edd, g\u1ea1n l\u1ea5y d\u1ecbch, \u0111\u1ec3 ngu\u1ed9i.\n", "L\u1ecdc d\u1ecbch \u0111\u1eadu \u0111en, b\u1ed5 sung th\u00eam n\u01b0\u1edbc v\u1eeba \u0111\u1ee7 1600 ml, cho v\u00e0o n\u1ed3i inox.\n", "Cho h\u00e0 th\u1ee7 \u00f4 \u0111\u1ecf \u0111\u00e3 chu\u1ea9n b\u1ecb \u1edf tr\u00ean v\u00e0o, \u0111un s\u00f4i trong 2 gi\u1edd, khi g\u1ea7n c\u1ea1n c\u1ea7n \u0111\u1ea3o lu\u00f4n cho ch\u00edn \u0111\u1ec1u.\n", "Sau khi n\u1ea5u, g\u1ea1n ph\u1ea7n d\u1ecbch c\u00f2n l\u1ea1i v\u00e0o d\u1ee5ng c\u1ee5 s\u1ea1ch, r\u1eeda d\u01b0\u1ee3c li\u1ec7u hai l\u1ea7n v\u1edbi n\u01b0\u1edbc, lo\u1ea1i d\u01b0\u1ee3c li\u1ec7u v\u1ee5n n\u00e1t.\n", "- T\u1ea9m d\u1ecbch: d\u01b0\u1ee3c li\u1ec7u \u0111\u01b0\u1ee3c t\u1ea3n \u0111\u1ec1u tr\u00ean khay inox (\u0111\u01b0\u1eddng k\u00ednh 40 cm), s\u1ea5y \u1edf 60oC trong t\u1ee7 s\u1ea5y ch\u00e2n kh\u00f4ng \u0111\u1ebfn \u0111\u1ed9 \u1ea9m 75% (trong kho\u1ea3ng 3 gi\u1edd), t\u1ea9m d\u1ecbch c\u00f2n l\u1ea1i sau khi n\u1ea5u v\u00e0o d\u01b0\u1ee3c li\u1ec7u (m\u1ed7i l\u1ea7n t\u1ea9m th\u00eam 15 ml d\u1ecbch), t\u1ea9m \u0111\u1ec1u r\u1ed3i \u0111\u1ec3 y\u00ean trong 20 ph\u00fat.\n", "L\u1eb7p l\u1ea1i quy tr\u00ecnh s\u1ea5y - t\u1ea9m d\u1ecbch \u1edf tr\u00ean cho \u0111\u1ebfn khi h\u1ebft d\u1ecbch n\u1ea5u.\n", "- S\u1ea5y: c\u00e1c m\u1eabu d\u01b0\u1ee3c li\u1ec7u tr\u1ea3i qua t\u1eeb 1 \u0111\u1ebfn 3 giai \u0111o\u1ea1n ch\u1ebf bi\u1ebfn \u1edf tr\u00ean \u0111\u01b0\u1ee3c s\u1ea5y \u1edf 60oC \u0111\u1ebfn khi \u0111\u1ea1t \u0111\u1ed9 \u1ea9m kh\u00f4ng qu\u00e1 12%.\n", "Xay nh\u1ecf ri\u00eang t\u1eebng m\u1eabu \u0111\u1ebfn k\u00edch th\u01b0\u1edbc kho\u1ea3ng 1 mm \u0111\u1ec3 ti\u1ebfn h\u00e0nh \u0111\u1ecbnh l\u01b0\u1ee3ng phenol to\u00e0n ph\u1ea7n v\u00e0 \u0111\u00e1nh gi\u00e1 ho\u1ea1t t\u00ednh ch\u1ed1ng oxy ho\u00e1.\n", "2.3.2.\n", "Ph\u01b0\u01a1ng ph\u00e1p x\u00e1c \u0111\u1ecbnh h\u00e0m l\u01b0\u1ee3ng phenol to\u00e0n ph\u1ea7n\n", "H\u00e0m l\u01b0\u1ee3ng phenol to\u00e0n ph\u1ea7n trong m\u1eabu th\u1eed \u0111\u01b0\u1ee3c x\u00e1c \u0111\u1ecbnh b\u1eb1ng ph\u01b0\u01a1ng ph\u00e1p \u0111o m\u00e0u v\u1edbi thu\u1ed1c th\u1eed Folin Ciocalteu, s\u1eed d\u1ee5ng ch\u1ea5t chu\u1ea9n l\u00e0 acid gallic.\n", "Thu\u1ed1c th\u1eed n\u00e0y ch\u1ee9a ch\u1ea5t oxy ho\u00e1 l\u00e0 axit phospho-vonframic, trong qu\u00e1 tr\u00ecnh kh\u1eed, c\u00e1c nh\u00f3m hydroxy phenol d\u1ec5 b\u1ecb oxy ho\u00e1, sinh ra m\u00e0u xanh c\u1ee7a vonfarm v\u00e0 molypden c\u00f3 \u0111\u1ed9 h\u1ea5p th\u1ee5 c\u1ef1c \u0111\u1ea1i \u1edf b\u01b0\u1edbc s\u00f3ng 760 nm.\n", "Ti\u1ebfn h\u00e0nh theo ph\u01b0\u01a1ng ph\u00e1p 2, ph\u1ee5c l\u1ee5c 12.6, D\u0110VN V [6]: - Pha dung d\u1ecbch chu\u1ea9n: c\u00e2n ch\u00ednh x\u00e1c kho\u1ea3ng 50 mg ch\u1ea5t chu\u1ea9n acid gallic cho v\u00e0o b\u00ecnh \u0111\u1ecbnh m\u1ee9c 100 ml m\u00e0u n\u00e2u, ho\u00e0 tan trong kho\u1ea3ng 80 ml n\u01b0\u1edbc r\u1ed3i b\u1ed5 sung th\u00eam c\u00f9ng dung m\u00f4i \u0111\u1ebfn v\u1ea1ch.\n", "Pha lo\u00e3ng dung d\u1ecbch tr\u00ean 10 l\u1ea7n trong b\u00ecnh \u0111\u1ecbnh m\u1ee9c 50 ml m\u00e0u n\u00e2u, thu \u0111\u01b0\u1ee3c dung d\u1ecbch acid gallic trong n\u01b0\u1edbc c\u00f3 n\u1ed3ng \u0111\u1ed9 ch\u00ednh x\u00e1c kho\u1ea3ng 50 \u00b5g/ml.\n", "- X\u00e2y d\u1ef1ng \u0111\u01b0\u1eddng chu\u1ea9n: h\u00fat ch\u00ednh x\u00e1c l\u1ea7n l\u01b0\u1ee3t 1,0 ml; 2,0 ml; 3,0 ml; 4,0 ml: 5,0 ml dung d\u1ecbch chu\u1ea9n g\u1ed1c v\u00e0o c\u00e1c b\u00ecnh \u0111\u1ecbnh m\u1ee9c 25 ml ri\u00eang bi\u1ec7t m\u00e0u n\u00e2u, th\u00eam v\u00e0o m\u1ed7i b\u00ecnh 1 ml thu\u1ed1c th\u1eed phosphomolybdotungstic (TT), sau \u0111\u00f3 th\u00eam l\u1ea7n l\u01b0\u1ee3t 11 ml, 10 ml, 9 ml, 8 ml, 7 ml n\u01b0\u1edbc v\u00e0o c\u00e1c b\u00ecnh t\u01b0\u01a1ng \u1ee9ng, th\u00eam dung d\u1ecbch natri carbonat 29% \u0111\u1ebfn v\u1ea1ch, l\u1eafc \u0111\u1ec1u.\n", "\u0110o \u0111\u1ed9 h\u1ea5p th\u1ee5 c\u1ee7a c\u00e1c dung d\u1ecbch thu \u0111\u01b0\u1ee3c \u1edf 760 nm, chu\u1ea9n b\u1ecb song song m\u1ed9t m\u1eabu tr\u1eafng l\u00e0 n\u01b0\u1edbc c\u1ea5t.\n", "D\u1ef1ng \u0111\u01b0\u1eddng bi\u1ec3u di\u1ec5n \u0111\u1ed9 h\u1ea5p th\u1ee5 c\u1ee7a dung d\u1ecbch theo n\u1ed3ng \u0111\u1ed9 acid gallic Cgal (\u00b5g/ml).\n", "- Chu\u1ea9n b\u1ecb dung d\u1ecbch th\u1eed: c\u00e2n ch\u00ednh x\u00e1c 10 g b\u1ed9t d\u01b0\u1ee3c li\u1ec7u \u0111\u00e3 r\u00e2y qua r\u00e2y s\u1ed1 355 cho v\u00e0o b\u00ecnh \u0111\u1ecbnh m\u1ee9c 250 ml m\u00e0u n\u00e2u, th\u00eam 150 ml n\u01b0\u1edbc, \u0111\u1ec3 qua \u0111\u00eam, si\u00eau \u00e2m trong 10 ph\u00fat.\n", "\u0110\u1ec3 ngu\u1ed9i v\u1ec1 nhi\u1ec7t \u0111\u1ed9 ph\u00f2ng r\u1ed3i th\u00eam n\u01b0\u1edbc v\u1eeba \u0111\u1ee7 250 ml, l\u1eafc \u0111\u1ec1u, \u0111\u1ec3 l\u1eafng.\n", "L\u1ecdc, b\u1ecf 50 ml d\u1ecbch l\u1ecdc \u0111\u1ea7u, h\u00fat ch\u00ednh x\u00e1c 20 ml d\u1ecbch l\u1ecdc v\u00e0o b\u00ecnh \u0111\u1ecbnh m\u1ee9c 100 ml m\u00e0u n\u00e2u, th\u00eam n\u01b0\u1edbc \u0111\u1ebfn v\u1ea1ch, l\u1eafc \u0111\u1ec1u.\n", "- X\u00e1c \u0111\u1ecbnh h\u00e0m l\u01b0\u1ee3ng phenol to\u00e0n ph\u1ea7n: h\u00fat ch\u00ednh x\u00e1c 2 ml dung d\u1ecbch th\u1eed v\u00e0o b\u00ecnh \u0111\u1ecbnh m\u1ee9c 25 ml m\u00e0u n\u00e2u.\n", "Th\u00eam 1 ml thu\u1ed1c th\u1eed phosphomolybdotungstic (TT), tr\u1ed9n \u0111\u1ec1u, th\u00eam 10 ml n\u01b0\u1edbc, th\u00eam dung d\u1ecbch natri carbonat 29% \u0111\u1ebfn v\u1ea1ch, l\u1eafc \u0111\u1ec1u.\n", "\u0110o \u0111\u1ed9 h\u1ea5p th\u1ee5 c\u1ee7a dung d\u1ecbch \u1edf 760 nm, d\u1ef1a v\u00e0o \u0111\u01b0\u1eddng chu\u1ea9n \u0111\u00e3 x\u00e2y d\u1ef1ng \u0111\u1ec3 x\u00e1c \u0111\u1ecbnh h\u00e0m l\u01b0\u1ee3ng phenol to\u00e0n ph\u1ea7n t\u00ednh theo acid gallic C (\u00b5g GAE/ml).\n", "H\u00e0m l\u01b0\u1ee3ng phenol to\u00e0n ph\u1ea7n trong m\u1eabu th\u1eed theo d\u01b0\u1ee3c li\u1ec7u kh\u00f4 tuy\u1ec7t \u0111\u1ed1i Ct (mg GAE/g) \u0111\u01b0\u1ee3c t\u00ednh nh\u01b0 sau:\n", "Ct =\n", "C x V x k x 100 1000 x m x (100-d)\n", "Trong \u0111\u00f3:\n", "V (ml): Th\u1ec3 t\u00edch c\u1ee7a d\u1ecbch chi\u1ebft m\u1eabu th\u1eed; k: H\u1ec7 s\u1ed1 pha lo\u00e3ng; m (g): Kh\u1ed1i l\u01b0\u1ee3ng d\u01b0\u1ee3c li\u1ec7u; d (%): \u0110\u1ed9 \u1ea9m c\u1ee7a d\u01b0\u1ee3c li\u1ec7u.\n", "2.3.3.\n", "Ph\u01b0\u01a1ng ph\u00e1p \u0111\u00e1nh gi\u00e1 t\u00e1c d\u1ee5ng ch\u1ed1ng oxy ho\u00e1\n", "T\u00e1c d\u1ee5ng ch\u1ed1ng oxy ho\u00e1 c\u1ee7a c\u00e1c m\u1eabu \u0111\u01b0\u1ee3c \u0111\u00e1nh gi\u00e1 b\u1eb1ng th\u1eed nghi\u1ec7m in vitro, d\u1ef1a tr\u00ean kh\u1ea3 n\u0103ng b\u1eaft g\u1ed1c t\u1ef1 do DPPH, so s\u00e1nh v\u1edbi acid ascorbic.\n", "Dung d\u1ecbch ch\u1ee9a c\u00e1c g\u1ed1c t\u1ef1 do b\u1ec1n v\u1eefng \u0111\u01b0\u1ee3c t\u1ea1o ra khi ho\u00e0 tan DPPH trong MeOH c\u00f3 m\u00e0u t\u00edm \u0111\u1ecf, h\u1ea5p thu \u00e1nh s\u00e1ng \u1edf b\u01b0\u1edbc s\u00f3ng 517 nm.\n", "C\u00e1c ch\u1ea5t ch\u1ed1ng oxy ho\u00e1 ph\u1ea3n \u1ee9ng v\u1edbi g\u1ed1c t\u1ef1 do, t\u1ea1o th\u00e0nh ph\u1ee9c h\u1ee3p m\u00e0u v\u00e0ng, l\u00e0m gi\u1ea3m c\u01b0\u1eddng \u0111\u1ed9 h\u1ea5p th\u1ee5 c\u1ee7a dung d\u1ecbch t\u1ea1i b\u01b0\u1edbc s\u00f3ng tr\u00ean.\n", "Ti\u1ebfn h\u00e0nh nh\u01b0 sau [7]: - Chu\u1ea9n b\u1ecb m\u1eabu th\u1eed: c\u00e2n ch\u00ednh x\u00e1c 0,5 g d\u01b0\u1ee3c li\u1ec7u cho v\u00e0o b\u00ecnh c\u1ea7u c\u1ed5 nh\u00e1m dung t\u00edch 100 ml, th\u00eam 50,00 ml EtOH 50% (tt/tt), c\u00e2n v\u00e0 ghi l\u1ea1i kh\u1ed1i l\u01b0\u1ee3ng (m1).\n", "\u0110\u1ec3 y\u00ean b\u00ecnh trong 10 ph\u00fat r\u1ed3i chi\u1ebft h\u1ed3i l\u01b0u trong 1 gi\u1edd \u1edf 70oC \u00b1 5oC.\n", "\u0110\u1ec3 b\u00ecnh ngu\u1ed9i v\u1ec1 nhi\u1ec7t \u0111\u1ed9 ph\u00f2ng r\u1ed3i b\u1ed5 sung EtOH 50% \u0111\u1ebfn kh\u1ed1i l\u01b0\u1ee3ng ban \u0111\u1ea7u.\n", "L\u1ecdc qua m\u00e0ng celluose acetat 0,45 \u00b5m thu \u0111\u01b0\u1ee3c dung d\u1ecbch th\u1eed.\n", "Pha lo\u00e3ng dung d\u1ecbch n\u00e0y trong MeOH th\u00e0nh d\u00e3y dung d\u1ecbch th\u1eed c\u00f3 n\u1ed3ng \u0111\u1ed9 50, 100, 200, 300, 400 v\u00e0 500 \u00b5g/ml.\n", "- Chu\u1ea9n b\u1ecb m\u1eabu so s\u00e1nh: ch\u1ea5t chu\u1ea9n d\u01b0\u01a1ng acid ascorbic \u0111\u01b0\u1ee3c ho\u00e0 tan trong MeOH b\u00e3o ho\u00e0 v\u1edbi n\u1ed3ng \u0111\u1ed9 1, 5, 10, 20 v\u00e0 50 \u00b5g/ml.\n", "- H\u1ed7n h\u1ee3p ph\u1ea3n \u1ee9ng: cho 300 \u00b5l dung d\u1ecbch\n", "DPPH n\u1ed3ng \u0111\u1ed9 0,246 mg/ml trong MeOH, 100 \u00b5l dung d\u1ecbch kh\u1ea3o s\u00e1t v\u00e0 1600 \u00b5l MeOH v\u00e0o \u1ed1ng nghi\u1ec7m thu\u1ef7 tinh, \u1ee7 \u1edf nhi\u1ec7t \u0111\u1ed9 ph\u00f2ng trong 15 ph\u00fat.\n", "\u0110o \u0111\u1ed9 h\u1ea5p th\u1ee5 \u00e1nh s\u00e1ng \u1edf 517 nm.\n", "Ti\u1ebfn h\u00e0nh song song m\u1eabu \u0111\u1ed1i ch\u1ee9ng, trong \u0111\u00f3 dung d\u1ecbch th\u1eed \u0111\u01b0\u1ee3c thay b\u1eb1ng m\u1ed9t l\u01b0\u1ee3ng t\u01b0\u01a1ng \u0111\u01b0\u01a1ng MeOH.\n", "M\u1eabu ch\u1ee9ng d\u01b0\u01a1ng \u0111\u01b0\u1ee3c ti\u1ebfn h\u00e0nh t\u01b0\u01a1ng t\u1ef1 nh\u01b0ng thay dung d\u1ecbch th\u1eed b\u1eb1ng acid ascorbic.\n", "Ho\u1ea1t t\u00ednh trung ho\u00e0 g\u1ed1c t\u1ef1 do (scavenging activity) sinh ra t\u1eeb DPPH c\u1ee7a dung d\u1ecbch kh\u1ea3o s\u00e1t \u0111\u01b0\u1ee3c t\u00ednh theo c\u00f4ng th\u1ee9c:\n", "SA (%)=\n", "Ac - At\n", "Ac x 100\n", "Trong \u0111\u00f3:\n", "SA (%): ph\u1ea7n tr\u0103m g\u1ed1c t\u1ef1 do b\u1ecb trung ho\u00e0;\n", "Ac: \u0110\u1ed9 h\u1ea5p th\u1ee5 c\u1ee7a dung d\u1ecbch \u0111\u1ed1i ch\u1ee9ng;\n", "At: \u0110\u1ed9 h\u1ea5p th\u1ee5 c\u1ee7a dung d\u1ecbch kh\u1ea3o s\u00e1t.\n", "V\u1ebd \u0111\u1ed3 th\u1ecb bi\u1ec3u di\u1ec5n s\u1ef1 ph\u1ee5 thu\u1ed9c c\u1ee7a SA (%) theo n\u1ed3ng \u0111\u1ed9 C (\u00b5g/ml), t\u1eeb \u0111\u00f3 x\u00e1c \u0111\u1ecbnh n\u1ed3ng \u0111\u1ed9 trung ho\u00e0 \u0111\u01b0\u1ee3c 50% g\u1ed1c t\u1ef1 do SC50 (Scavenging\n", "Concentration at 50%).\n", "M\u1eabu c\u00f3 SC50 c\u00e0ng th\u1ea5p th\u00ec ho\u1ea1t t\u00ednh ch\u1ed1ng oxy ho\u00e1 c\u00e0ng cao.\n", "2.4.\n", "X\u1eed l\u00fd s\u1ed1 li\u1ec7u\n", "C\u00e1c th\u1eed nghi\u1ec7m \u0111\u1ec1u \u0111\u01b0\u1ee3c ti\u1ebfn h\u00e0nh 3 l\u1ea7n.\n", "S\u1ed1 li\u1ec7u nghi\u00ean c\u1ee9u \u0111\u01b0\u1ee3c x\u1eed l\u00fd th\u1ed1ng k\u00ea b\u1eb1ng ph\u1ea7n m\u1ec1m Microsoft Excel 2016.\n", "K\u1ebft qu\u1ea3 \u0111\u01b0\u1ee3c bi\u1ec3u di\u1ec5n d\u01b0\u1edbi d\u1ea1ng X \u00b1 SD, trong \u0111\u00f3 X l\u00e0 gi\u00e1 tr\u1ecb trung b\u00ecnh, SD l\u00e0 \u0111\u1ed9 l\u1ec7ch chu\u1ea9n.\n"], "3": ["3.\n", "K\u1ebft qu\u1ea3 nghi\u00ean c\u1ee9u 3.1.\n", "X\u00e1c \u0111\u1ecbnh h\u00e0m l\u01b0\u1ee3ng phenol to\u00e0n ph\u1ea7n\n", "H\u00e0m l\u01b0\u1ee3ng phenol to\u00e0n ph\u1ea7n \u0111\u01b0\u1ee3c x\u00e1c \u0111\u1ecbnh b\u1eb1ng ph\u01b0\u01a1ng ph\u00e1p \u0111o m\u00e0u v\u1edbi thu\u1ed1c th\u1eed Folin\n", "Ciocalteu.\n", "V\u00ec thu\u1ed1c th\u1eed n\u00e0y c\u00f3 th\u1ec3 \u0111\u00e1p \u1ee9ng kh\u00e1c nhau v\u1edbi c\u00e1c h\u1ee3p ch\u1ea5t polyphenol \u0111\u01a1n l\u1ebb, l\u1ef1a ch\u1ecdn acid gallic l\u00e0m ch\u1ea5t chu\u1ea9n hi\u1ec7u chu\u1ea9n gi\u00fap \u00edch cho vi\u1ec7c thu \u0111\u01b0\u1ee3c d\u1eef li\u1ec7u phenol to\u00e0n ph\u1ea7n.\n", "\u0110\u1ec3 x\u00e2y d\u1ef1ng \u0111\u01b0\u1eddng chu\u1ea9n \u0111\u1ecbnh l\u01b0\u1ee3ng, pha d\u00e3y g\u1ed3m 5 dung d\u1ecbch chu\u1ea9n c\u00f3 n\u1ed3ng \u0111\u1ed9 acid gallic t\u1eeb 2-10 \u00b5g/ml theo m\u00f4 t\u1ea3 trong m\u1ee5c 2.3.2.\n", "\u0110o \u0111\u1ed9 h\u1ea5p th\u1ee5 c\u1ee7a c\u00e1c dung d\u1ecbch n\u00e0y \u1edf 760 nm.\n", "K\u1ebft qu\u1ea3 ph\u00e2n t\u00edch cho th\u1ea5y \u0111\u1ed9 h\u1ea5p th\u1ee5 c\u1ee7a dung d\u1ecbch t\u1ef7 l\u1ec7 thu\u1eadn v\u1edbi n\u1ed3ng \u0111\u1ed9 acid gallic theo ph\u01b0\u01a1ng tr\u00ecnh y = 0,0909x + 0,0083, R2 = 0,9987 (H\u00ecnh 1).\n", "H\u00ecnh 1.\n", "\u0110\u1ed3 th\u1ecb bi\u1ec3u di\u1ec5n s\u1ef1 ph\u1ee5 thu\u1ed9c c\u1ee7a \u0111\u1ed9 h\u1ea5p th\u1ee5 v\u00e0o n\u1ed3ng \u0111\u1ed9 acid gallic.\n", "B\u1ea3ng 1.\n", "H\u00e0m l\u01b0\u1ee3ng phenol to\u00e0n ph\u1ea7n trong c\u00e1c m\u1eabu H\u00e0 th\u1ee7 \u00f4 \u0111\u1ecf\n", "M\u1eabu MT M1 M2 M3\n", "H\u00e0m l\u01b0\u1ee3ng phenol to\u00e0n ph\u1ea7n (mg GAE/g) 22,03 \u00b1 0,40 21,86 \u00b1 0,25 22,47 \u00b1 0,26 22,73 \u00b1 0,21\n", "H\u00e0 th\u1ee7 \u00f4 \u0111\u1ecf \u0111\u01b0\u1ee3c ch\u1ebf bi\u1ebfn theo ph\u01b0\u01a1ng ph\u00e1p m\u00f4 t\u1ea3 trong m\u1ee5c 2.3.1.\n", "T\u1eeb h\u00e0 th\u1ee7 \u00f4 \u0111\u1ecf th\u00f4 (MT) v\u00e0 c\u00e1c m\u1eabu h\u00e0 th\u1ee7 \u00f4 \u0111\u1ecf tr\u1ea3i qua t\u1eeb 1 \u0111\u1ebfn 3 c\u00f4ng \u0111o\u1ea1n ng\u00e2m (M1), n\u1ea5u (M2), t\u1ea9m (M3), chu\u1ea9n b\u1ecb 4 dung d\u1ecbch th\u1eed \u0111\u1ec3 x\u00e1c \u0111\u1ecbnh h\u00e0m l\u01b0\u1ee3ng phenol to\u00e0n ph\u1ea7n.\n", "K\u1ebft qu\u1ea3 ph\u00e2n t\u00edch \u0111\u01b0\u1ee3c tr\u00ecnh b\u00e0y trong B\u1ea3ng 1.\n", "T\u1eeb th\u1ef1c nghi\u1ec7m \u0111\u00e3 x\u00e1c \u0111\u1ecbnh \u0111\u01b0\u1ee3c h\u00e0m l\u01b0\u1ee3ng phenol to\u00e0n ph\u1ea7n trong h\u00e0 th\u1ee7 \u00f4 \u0111\u1ecf th\u00f4 l\u00e0 22,03 \u00b1 0,40 mg GAE/g.\n", "S\u1ef1 thay \u0111\u1ed5i h\u00e0m l\u01b0\u1ee3ng c\u00e1c ch\u1ea5t n\u00e0y sau c\u00f4ng \u0111o\u1ea1n ng\u00e2m kh\u00f4ng c\u00f3 \u00fd ngh\u0129a th\u1ed1ng k\u00ea (p = 0,302).\n", "Giai \u0111o\u1ea1n n\u1ea5u v\u00e0 t\u1ea9m d\u1ecbch n\u1ea5u l\u00e0m cho h\u00e0m l\u01b0\u1ee3ng c\u00e1c ch\u1ea5t n\u00e0y t\u0103ng d\u1ea7n.\n", "Sau khi ch\u1ebf bi\u1ebfn, trong 1 g d\u01b0\u1ee3c li\u1ec7u ch\u1ebf kh\u00f4 tuy\u1ec7t \u0111\u1ed1i c\u00f3 ch\u1ee9a 22,73 \u00b1 0,21 mg phenol to\u00e0n ph\u1ea7n t\u00ednh theo acid gallic, t\u0103ng kho\u1ea3ng 3% so v\u1edbi tr\u01b0\u1edbc khi ch\u1ebf bi\u1ebfn (s\u1ef1 kh\u00e1c bi\u1ec7t c\u00f3 \u00fd ngh\u0129a th\u1ed1ng k\u00ea v\u1edbi p = 0,011).\n", "3.2.\n", "X\u00e1c \u0111\u1ecbnh ho\u1ea1t t\u00ednh ch\u1ed1ng oxy ho\u00e1\n", "T\u00e1c d\u1ee5ng ch\u1ed1ng oxy ho\u00e1 in vitro c\u1ee7a c\u00e1c m\u1eabu d\u01b0\u1ee3c li\u1ec7u MT v\u00e0 M1-3 \u0111\u01b0\u1ee3c \u0111\u00e1nh gi\u00e1 d\u1ef1a tr\u00ean m\u00f4 h\u00ecnh qu\u00e9t g\u1ed1c t\u1ef1 do DPPH.\n", "M\u1eabu ch\u1ee9ng ,1975000 ,3549333 ,5617333 ,7401333 ,9137000 y = 0,0909x + 0,0083\n", "R = 0,9987 ,0000 ,10000 ,20000 ,30000 ,40000 ,50000 ,60000 ,70000 ,80000 ,90000 1,0000 0 2 4 6 8 10 12\n", "\u0110 \u1ed9 h \u1ea5p t h \u1ee5\n", "Cgal (\u00b5g/ml) d\u01b0\u01a1ng acid ascorbic \u0111\u01b0\u1ee3c ti\u1ebfn h\u00e0nh song song, trong c\u00e1c \u0111i\u1ec1u ki\u1ec7n t\u01b0\u01a1ng t\u1ef1.\n", "K\u1ebft qu\u1ea3 x\u00e1c \u0111\u1ecbnh ph\u1ea7n tr\u0103m g\u1ed1c t\u1ef1 do sinh ra t\u1eeb DPPH b\u1ecb trung ho\u00e0 SA (%) theo n\u1ed3ng \u0111\u1ed9 C (\u00b5g/ml) \u0111\u01b0\u1ee3c tr\u00ecnh b\u00e0y \u1edf h\u00ecnh 2.\n", "Gi\u00e1 tr\u1ecb SC50 c\u1ee7a c\u00e1c m\u1eabu \u0111\u01b0\u1ee3c tr\u00ecnh b\u00e0y trong B\u1ea3ng 2.\n", "H\u00ecnh 2.\n", "\u0110\u1ed3 th\u1ecb bi\u1ec3u di\u1ec5n kh\u1ea3 n\u0103ng qu\u00e9t g\u1ed1c t\u1ef1 do DPPH c\u1ee7a d\u1ecbch chi\u1ebft t\u1eeb c\u00e1c m\u1eabu h\u00e0 th\u1ee7 \u00f4 \u0111\u1ecf v\u00e0 acid ascorbic.\n", "B\u1ea3ng 2.\n", "Gi\u00e1 tr\u1ecb SC50 \u0111\u1ed1i v\u1edbi DPPH c\u1ee7a d\u1ecbch chi\u1ebft t\u1eeb c\u00e1c m\u1eabu h\u00e0 th\u1ee7 \u00f4 \u0111\u1ecf v\u00e0 acid ascorbic\n", "M\u1eabu MT M1 M2 M3 Acid ascorbic\n", "SC50 (\u00b5g/ml) 126,41 \u00b1 1,2 180,24 \u00b1 0,54 60,28 \u00b1 0,90 53,71 \u00b1 0,44 10,45 \u00b1 0,44\n", "K\u1ebft qu\u1ea3 th\u1ef1c nghi\u1ec7m cho th\u1ea5y t\u00e1c d\u1ee5ng qu\u00e9t g\u1ed1c t\u1ef1 do DPPH c\u1ee7a c\u00e1c m\u1eabu kh\u1ea3o s\u00e1t \u0111\u1ec1u t\u0103ng d\u1ea7n theo n\u1ed3ng \u0111\u1ed9.\n", "T\u1eeb th\u1ef1c nghi\u1ec7m \u0111\u00e3 x\u00e1c \u0111\u1ecbnh \u0111\u01b0\u1ee3c n\u1ed3ng \u0111\u1ed9 c\u1ee7a d\u1ecbch chi\u1ebft h\u00e0 th\u1ee7 \u00f4 \u0111\u1ecf tr\u01b0\u1edbc khi ch\u1ebf bi\u1ebfn gi\u00fap trung ho\u00e0 50% g\u1ed1c t\u1ef1 do l\u00e0 126,41 \u00b1 1,2 \u00b5g/ml.\n", "Sau khi ng\u00e2m v\u1edbi n\u01b0\u1edbc vo g\u1ea1o 24 gi\u1edd, gi\u00e1 tr\u1ecb SC50 t\u0103ng l\u00ean kho\u1ea3ng 1,4 l\u1ea7n ch\u1ee9ng t\u1ecf ho\u1ea1t t\u00ednh ch\u1ed1ng oxy ho\u00e1 c\u1ee7a d\u01b0\u1ee3c li\u1ec7u \u0111\u00e3 b\u1ecb gi\u1ea3m \u0111i.\n", "Trong c\u00e1c giai \u0111o\u1ea1n ti\u1ebfp theo c\u1ee7a qu\u00e1 tr\u00ecnh ch\u1ebf bi\u1ebfn, kh\u1ea3 n\u0103ng trung ho\u00e0 g\u1ed1c t\u1ef1 do sinh ra t\u1eeb DPPH c\u1ee7a d\u01b0\u1ee3c li\u1ec7u l\u1ea1i t\u0103ng l\u00ean \u0111\u00e1ng k\u1ec3.\n", "Gi\u00e1 tr\u1ecb SC50 c\u1ee7a d\u1ecbch chi\u1ebft h\u00e0 th\u1ee7 \u00f4 \u0111\u1ecf sau khi ch\u1ebf bi\u1ebfn l\u00e0 53,71 \u00b1 0,44 \u00b5g/ml, gi\u1ea3m h\u01a1n 2,3 l\u1ea7n so v\u1edbi d\u01b0\u1ee3c li\u1ec7u th\u00f4 v\u00e0 cao h\u01a1n m\u1eabu so s\u00e1nh kho\u1ea3ng 5,1 l\u1ea7n.\n"], "4": ["4.\n", "B\u00e0n lu\u1eadn\n", "H\u00e0 th\u1ee7 \u00f4 \u0111\u1ecf ch\u1ee9a nhi\u1ec1u h\u1ee3p ch\u1ea5t c\u00f3 ho\u1ea1t t\u00ednh ch\u1ed1ng oxy ho\u00e1, \u0111\u1eb7c bi\u1ec7t l\u00e0 c\u00e1c polyphenol.\n", "Trong \u0111\u00f3, anthraquinon c\u00f3 kh\u1ea3 n\u0103ng b\u1ea3o v\u1ec7 gan, ch\u1ed1ng t\u0103ng lipid m\u00e1u, \u0111i\u1ec1u ho\u00e0 mi\u1ec5n d\u1ecbch, c\u00e1c stilben c\u00f3 kh\u1ea3 n\u0103ng ch\u1ed1ng l\u00e3o ho\u00e1, ch\u1ed1ng x\u01a1 v\u1eefa \u0111\u1ed9ng m\u1ea1ch, th\u00fac \u0111\u1ea9y kh\u1ea3 n\u0103ng h\u1ecdc t\u1eadp v\u00e0 duy tr\u00ec tr\u00ed nh\u1edb.\n", "C\u00e1c polyphenol kh\u00e1c nh\u01b0 flavonoid, quinon,...\n", "c\u0169ng c\u00f3 nhi\u1ec1u t\u00e1c d\u1ee5ng t\u1ed1t \u0111\u1ed1i v\u1edbi s\u1ee9c kho\u1ebb [8,9].\n", "V\u00ec v\u1eady, h\u00e0m l\u01b0\u1ee3ng phenol to\u00e0n ph\u1ea7n l\u00e0 m\u1ed9t ti\u00eau ch\u00ed quan tr\u1ecdng \u0111\u1ec3 \u0111\u00e1nh gi\u00e1 ch\u1ea5t l\u01b0\u1ee3ng c\u1ee7a d\u01b0\u1ee3c li\u1ec7u n\u00e0y.\n", "T\u1eeb th\u1ef1c nghi\u1ec7m \u0111\u00e3 x\u00e1c \u0111\u1ecbnh \u0111\u01b0\u1ee3c h\u00e0 th\u1ee7 \u00f4 \u0111\u1ecf tr\u01b0\u1edbc v\u00e0 sau ch\u1ebf bi\u1ebfn \u0111\u1ec1u c\u00f3 h\u00e0m l\u01b0\u1ee3ng phenol to\u00e0n ph\u1ea7n l\u1edbn h\u01a1n 20 mg\n", "GAE/g.\n", "Theo Marja v\u00e0 c\u1ed9ng s\u1ef1 (1999), nh\u1eefng lo\u00e0i th\u1ef1c v\u1eadt c\u00f3 h\u00e0m l\u01b0\u1ee3ng phenol to\u00e0n ph\u1ea7n l\u1edbn h\u01a1n gi\u00e1 tr\u1ecb n\u00e0y \u0111\u01b0\u1ee3c xem l\u00e0 c\u00f3 ho\u1ea1t t\u00ednh ch\u1ed1ng oxy ho\u00e1 m\u1ea1nh [10].\n", "Nghi\u00ean c\u1ee9u \u0111\u00e3 cho th\u1ea5y c\u00f3 s\u1ef1 t\u01b0\u01a1ng quan \u0111\u1ed3ng bi\u1ebfn gi\u1eefa ho\u1ea1t t\u00ednh ch\u1ed1ng oxy ho\u00e1 v\u00e0 h\u00e0m l\u01b0\u1ee3ng phenol to\u00e0n ph\u1ea7n trong h\u00e0 th\u1ee7 \u00f4 \u0111\u1ecf.\n", "K\u1ebft qu\u1ea3 n\u00e0y ph\u00f9 h\u1ee3p v\u1edbi c\u00f4ng b\u1ed1 c\u1ee7a Lin v\u00e0 c\u1ed9ng s\u1ef1 (2015) tr\u00ean 14 lo\u00e0i d\u01b0\u1ee3c li\u1ec7u trong \u0111\u00f3 c\u00f3 h\u00e0 th\u1ee7 \u00f4 \u0111\u1ecf [11].\n", "\u0110\u00e1ng l\u01b0u \u00fd l\u00e0 vi\u1ec7c ng\u00e2m d\u01b0\u1ee3c li\u1ec7u v\u1edbi 0 20 40 60 80 100\n", "C ( \u00b5 g /m l)\n", "SA%\n", "M3\n", "M1\n", "M2\n", "MT\n", "Acid ascorbic n\u01b0\u1edbc vo g\u1ea1o l\u00e0m cho ho\u1ea1t t\u00ednh ch\u1ed1ng oxy ho\u00e1 gi\u1ea3m \u0111i \u0111\u00e1ng k\u1ec3.\n", "M\u1eb7c d\u00f9 v\u1eady, theo y h\u1ecdc c\u1ed5 truy\u1ec1n, giai \u0111o\u1ea1n n\u00e0y l\u00e0 c\u1ea7n thi\u1ebft nh\u1eb1m gi\u1ea3m t\u00ednh ch\u1ea5t r\u00e1o, s\u00e1p c\u1ee7a d\u01b0\u1ee3c li\u1ec7u do tanin g\u00e2y ra v\u00e0 ng\u00e2m c\u0169ng l\u00e0m gi\u1ea3m anthranoid, do \u0111\u00f3 l\u00e0m gi\u1ea3m t\u00e1c d\u1ee5ng nhu\u1eadn tr\u00e0ng c\u1ee7a h\u00e0 th\u1ee7 \u00f4 \u0111\u1ecf [1].\n", "Sau khi ch\u1ebf bi\u1ebfn, h\u00e0m l\u01b0\u1ee3ng phenol to\u00e0n ph\u1ea7n t\u0103ng kho\u1ea3ng 3% trong khi ho\u1ea1t t\u00ednh ch\u1ed1ng oxy ho\u00e1 t\u0103ng kho\u1ea3ng 2,3 l\u1ea7n.\n", "Nh\u1eadn th\u1ea5y qua c\u00e1c c\u00f4ng \u0111o\u1ea1n ch\u1ebf bi\u1ebfn, ho\u1ea1t t\u00ednh ch\u1ed1ng oxy ho\u00e1 thay \u0111\u1ed5i nhi\u1ec1u h\u01a1n so v\u1edbi h\u00e0m l\u01b0\u1ee3ng phenol to\u00e0n ph\u1ea7n.\n", "\u0110i\u1ec1u n\u00e0y c\u00f3 th\u1ec3 gi\u1ea3i th\u00edch l\u00e0 do c\u00e1c th\u00e0nh ph\u1ea7n trong d\u01b0\u1ee3c li\u1ec7u c\u00f3 ho\u1ea1t t\u00ednh ch\u1ed1ng oxy ho\u00e1 kh\u00f4ng gi\u1ed1ng nhau, ch\u00fang l\u1ea1i c\u00f3 th\u1ec3 b\u1ecb \u1ea3nh h\u01b0\u1edfng kh\u00e1c nhau b\u1edfi \u0111i\u1ec1u ki\u1ec7n ch\u1ebf bi\u1ebfn.\n", "B\u00ean c\u1ea1nh \u0111\u00f3, c\u00e1c ph\u1ee5 li\u1ec7u s\u1eed d\u1ee5ng trong qu\u00e1 tr\u00ecnh ch\u1ebf bi\u1ebfn c\u0169ng c\u00f3 th\u1ec3 \u1ea3nh h\u01b0\u1edfng \u0111\u1ebfn th\u00e0nh ph\u1ea7n ho\u00e1 h\u1ecdc v\u00e0 do \u0111\u00f3, l\u00e0m thay \u0111\u1ed5i ho\u1ea1t t\u00ednh ch\u1ed1ng oxy ho\u00e1 c\u1ee7a d\u01b0\u1ee3c li\u1ec7u.\n", "Huang v\u00e0 c\u1ed9ng s\u1ef1 (2018) \u0111\u00e3 ch\u1ec9 ra r\u1eb1ng c\u00e1c m\u1eabu ch\u1ebf v\u1edbi \u0111\u1eadu \u0111en \u0111\u01b0\u1ee3c b\u1ed5 sung th\u00eam m\u1ed9t s\u1ed1 flavonoid t\u1eeb \u0111\u1eadu \u0111en [4].\n", "T\u1eeb c\u00e1c k\u1ebft qu\u1ea3 thu \u0111\u01b0\u1ee3c, nghi\u00ean c\u1ee9u ti\u1ebfp t\u1ee5c \u0111\u01b0\u1ee3c ph\u00e1t tri\u1ec3n theo h\u01b0\u1edbng \u0111\u00e1nh gi\u00e1 \u1ea3nh h\u01b0\u1edfng c\u1ee7a vi\u1ec7c ch\u1ebf bi\u1ebfn \u0111\u1ebfn th\u00e0nh ph\u1ea7n ho\u00e1 h\u1ecdc c\u1ee7a d\u01b0\u1ee3c li\u1ec7u.\n", "S\u1ef1 bi\u1ebfn \u0111\u1ed5i c\u1ee7a m\u1ed9t s\u1ed1 h\u1ee3p ch\u1ea5t c\u1ee5 th\u1ec3 trong h\u00e0 th\u1ee7 \u00f4 \u0111\u1ecf s\u1ebd \u0111\u01b0\u1ee3c tr\u00ecnh b\u00e0y trong c\u00f4ng b\u1ed1 ti\u1ebfp theo c\u1ee7a c\u00f9ng nh\u00f3m t\u00e1c gi\u1ea3.\n"], "5": ["5.\n", "K\u1ebft lu\u1eadn\n", "Nghi\u00ean c\u1ee9u \u0111\u00e3 \u0111\u00e1nh gi\u00e1 \u0111\u01b0\u1ee3c \u1ea3nh h\u01b0\u1edfng c\u1ee7a qu\u00e1 tr\u00ecnh ch\u1ebf bi\u1ebfn theo y h\u1ecdc c\u1ed5 truy\u1ec1n \u0111\u1ebfn h\u00e0m l\u01b0\u1ee3ng phenol to\u00e0n ph\u1ea7n v\u00e0 ho\u1ea1t t\u00ednh ch\u1ed1ng oxy ho\u00e1 in vitro c\u1ee7a h\u00e0 th\u1ee7 \u00f4 \u0111\u1ecf.\n", "D\u01b0\u1ee3c li\u1ec7u sau khi ch\u1ebf bi\u1ebfn c\u00f3 h\u00e0m l\u01b0\u1ee3ng phenol to\u00e0n ph\u1ea7n l\u00e0 22,73 \u00b1 0,21 mg GAE/g, cao h\u01a1n kho\u1ea3ng 3% so v\u1edbi d\u01b0\u1ee3c li\u1ec7u th\u00f4 (22,03 \u00b1 0,40 mg GAE/g).\n", "Gi\u00e1 tr\u1ecb\n", "SC50 c\u1ee7a h\u00e0 th\u1ee7 \u00f4 \u0111\u1ecf ch\u1ebf \u0111\u1ed1i v\u1edbi DPPH l\u00e0 53,71 \u00b1 0,44 \u00b5g/ml, th\u1ea5p h\u01a1n kho\u1ea3ng 2,3 l\u1ea7n so v\u1edbi d\u01b0\u1ee3c li\u1ec7u th\u00f4 (124,38 \u00b1 0,56 \u00b5g/ml).\n", "Nghi\u00ean c\u1ee9u \u0111\u00e3 g\u00f3p ph\u1ea7n kh\u1eb3ng \u0111\u1ecbnh gi\u00e1 tr\u1ecb c\u1ee7a tri th\u1ee9c y h\u1ecdc c\u1ed5 truy\u1ec1n \u0111\u1ed3ng th\u1eddi c\u1ee7ng c\u1ed1 c\u01a1 s\u1edf khoa h\u1ecdc cho vi\u1ec7c ph\u00e1t tri\u1ec3n c\u00e1c s\u1ea3n ph\u1ea9m ch\u0103m s\u00f3c s\u1ee9c kho\u1ebb d\u1ef1a tr\u00ean ho\u1ea1t t\u00ednh ch\u1ed1ng oxy ho\u00e1 c\u1ee7a h\u00e0 th\u1ee7 \u00f4 \u0111\u1ecf.\n", "L\u1eddi c\u1ea3m \u01a1n\n", "Nghi\u00ean c\u1ee9u n\u00e0y \u0111\u01b0\u1ee3c t\u00e0i tr\u1ee3 b\u1edfi \u0111\u1ec1 t\u00e0i c\u01a1 s\u1edf c\u1ee7a Tr\u01b0\u1eddng \u0110\u1ea1i h\u1ecdc Y D\u01b0\u1ee3c, \u0110\u1ea1i h\u1ecdc Qu\u1ed1c gia\n", "H\u00e0 N\u1ed9i So \u00e1nh t\u00e1c d\u1ee5ng ch\u1ed1ng oxy ho\u00e1 c\u1ee7a h\u00e0 th\u1ee7 \u00f4 \u0111\u1ecf (Fallopia multilflora Thunb.) tr\u01b0\u1edbc v\u00e0 sau khi ch\u1ebf bi\u1ebfn theo y h\u1ecdc c\u1ed5 truy\u1ec1n, m\u00e3 s\u1ed1:\n", "CS.18.04.\n"]}, "Word count": 3499}