{"title": "T\u00e1c d\u1ee5ng ch\u1ed1ng vi\u00eam c\u1ea5p v\u00e0 m\u1ea1n c\u1ee7a h\u1ee3p ch\u1ea5t ent-7- hydroxy-15-oxokaur-16-en-18-yl acetate t\u1eeb kh\u1ed5 s\u00e2m cho l\u00e1\n", "content": {"0": ["T\u00f3m t\u1eaft\n", "Nghi\u00ean c\u1ee9u n\u00e0y \u0111\u01b0\u1ee3c th\u1ef1c hi\u1ec7n nh\u1eb1m \u0111\u00e1nh gi\u00e1 t\u00e1c d\u1ee5ng ch\u1ed1ng vi\u00eam c\u1ea5p v\u00e0 m\u1ea1n c\u1ee7a h\u1ee3p ch\u1ea5t ent-7\u03b2- hydroxy-15-oxokaur-16-en-18-yl acetate (CT1) ph\u00e2n l\u1eadp t\u1eeb c\u00e2y kh\u1ed5 s\u00e2m cho l\u00e1 b\u1eb1ng c\u00e1c m\u00f4 h\u00ecnh th\u1ef1c nghi\u1ec7m.\n", "\u1ede m\u00f4 h\u00ecnh g\u00e2y ph\u00f9 b\u00e0n ch\u00e2n chu\u1ed9t c\u1ed1ng b\u1eb1ng carrageenan, ch\u1ea5t CT1 (li\u1ec1u u\u1ed1ng 50 mg/kg/ng\u00e0y) c\u00f3 t\u00e1c d\u1ee5ng l\u00e0m gi\u1ea3m ph\u00f9 b\u00e0n ch\u00e2n chu\u1ed9t 24,73% (p<0,05) t\u1ea1i th\u1eddi \u0111i\u1ec3m 5 gi\u1edd sau khi g\u00e2y vi\u00eam.\n", "Tr\u00ean m\u00f4 h\u00ecnh \u0111\u00e1nh gi\u00e1 t\u00e1c d\u1ee5ng l\u00e0m gi\u1ea3m kh\u1ed1i u m\u1ea1n g\u00e2y b\u1eb1ng b\u00f4ng tr\u00ean chu\u1ed9t c\u1ed1ng tr\u1eafng, ch\u1ea5t CT1 (li\u1ec1u u\u1ed1ng 25 mg/kg/ng\u00e0y) c\u00f3 t\u00e1c d\u1ee5ng l\u00e0m gi\u1ea3m kh\u1ed1i l\u01b0\u1ee3ng u h\u1ea1t 24,67% (p<0,05).\n", "C\u00e1c k\u1ebft qu\u1ea3 thu \u0111\u01b0\u1ee3c ch\u1ee9ng minh r\u1eb1ng ch\u1ea5t CT1 c\u00f3 t\u00e1c d\u1ee5ng ch\u1ed1ng vi\u00eam v\u00e0 g\u1ee3i \u00fd r\u1eb1ng \u0111\u00e2y c\u00f3 th\u1ec3 l\u00e0 ho\u1ea1t ch\u1ea5t c\u1ee7a d\u01b0\u1ee3c li\u1ec7u kh\u1ed5 s\u00e2m cho l\u00e1 khi s\u1eed d\u1ee5ng l\u00e0m thu\u1ed1c ch\u1ed1ng vi\u00eam, ch\u1ed1ng d\u1ecb \u1ee9ng trong y h\u1ecdc d\u00e2n gian.\n", "T\u1eeb kho\u00e1: Kh\u1ed5 s\u00e2m cho l\u00e1, ch\u1ed1ng vi\u00eam, ent-7\u03b2-hydroxy-15-oxokaur-16-en-18-yl acetate.\n"], "1": ["1.\n", "\u0110\u1eb7t v\u1ea5n \u0111\u1ec1\n", "Trong s\u1ed1 c\u00e1c c\u00e2y thu\u1ed1c \u0111\u01b0\u1ee3c nh\u00e2n d\u00e2n c\u00e1c d\u00e2n t\u1ed9c n\u01b0\u1edbc ta s\u1eed d\u1ee5ng, c\u00f3 r\u1ea5t nhi\u1ec1u lo\u00e0i c\u00f2n ch\u01b0a \u0111\u01b0\u1ee3c nghi\u00ean c\u1ee9u \u0111\u1ea7y \u0111\u1ee7 v\u1ec1 th\u1ef1c v\u1eadt h\u1ecdc, th\u00e0nh ph\u1ea7n ho\u00e1 h\u1ecdc v\u00e0 t\u00e1c d\u1ee5ng sinh h\u1ecdc.\n", "\u0110\u1eb7c bi\u1ec7t c\u00f3 nhi\u1ec1u lo\u00e0i c\u00f2n l\u00e0 lo\u00e0i \u0111\u1eb7c h\u1eefu c\u1ee7a Vi\u1ec7t\n", "Nam l\u00e0 \u0111\u1ed1i t\u01b0\u1ee3ng r\u1ea5t ti\u1ec1m n\u0103ng cho nghi\u00ean c\u1ee9u v\u00e0 ph\u00e1t tri\u1ec3n thu\u1ed1c.\n", "Trong s\u1ed1 n\u00e0y, c\u00e2y thu\u1ed1c kh\u1ed5 s\u00e2m cho l\u00e1 (Croton tonkinensis Gagnep.) \u0111\u01b0\u1ee3c nh\u00e2n d\u00e2n c\u00e1c n\u01a1i s\u1eed d\u1ee5ng l\u00e0m thu\u1ed1c ch\u1ed1ng vi\u00eam lo\u00e9t d\u1ea1 d\u00e0y, m\u1ea9n ng\u1ee9a, gh\u1ebb l\u1edf [1-4].\n", "Qua qu\u00e1 tr\u00ecnh th\u0103m d\u00f2 b\u01b0\u1edbc \u0111\u1ea7u, ch\u00fang t\u00f4i ph\u00e1t hi\u1ec7n th\u1ea5y c\u00e2y thu\u1ed1c n\u00e0y c\u00f2n c\u00f3 t\u00e1c d\u1ee5ng \u1ee9c ch\u1ebf s\u1ef1 s\u01b0ng vi\u00eam, do \u0111\u00f3 c\u00f3 t\u00e1c d\u1ee5ng gi\u1ea3m \u0111au khi th\u1eed tr\u00ean c\u00e1c m\u00f4 h\u00ecnh in vitro.\n", "\u0110\u1eb7c bi\u1ec7t, th\u00e0nh ph\u1ea7n ho\u00e1 h\u1ecdc ch\u00ednh c\u1ee7a kh\u1ed5 s\u00e2m cho l\u00e1 l\u00e0 m\u1ed9t diterpenoid nh\u00f3m ent-kauran l\u00e0 ent-7- hydroxy-15-oxokaur-16-en-18-yl acetate (k\u00fd hi\u1ec7u l\u00e0 CT1) c\u0169ng cho t\u00e1c d\u1ee5ng ch\u1ed1ng vi\u00eam r\u1ea5t m\u1ea1nh tr\u00ean m\u00f4 h\u00ecnh th\u1eed in vitro [5-8], g\u1ee3i \u00fd r\u1eb1ng ch\u1ea5t n\u00e0y ch\u00ednh l\u00e0 ho\u1ea1t ch\u1ea5t mang l\u1ea1i t\u00e1c d\u1ee5ng ch\u1ed1ng vi\u00eam c\u1ee7a d\u01b0\u1ee3c li\u1ec7u n\u00e0y.\n", "Tuy nhi\u00ean \u0111\u1ebfn nay ch\u01b0a c\u00f3 nghi\u00ean c\u1ee9u n\u00e0o \u0111\u00e1nh gi\u00e1 v\u1ec1 c\u00e1c t\u00e1c d\u1ee5ng ch\u1ed1ng vi\u00eam, gi\u1ea3m \u0111au c\u1ee7a h\u1ee3p ch\u1ea5t ch\u00ednh ph\u00e2n l\u1eadp \u0111\u01b0\u1ee3c tr\u00ean m\u00f4 h\u00ecnh in vivo.\n", "Do \u0111\u00f3, ch\u00fang t\u00f4i \u0111\u1eb7t v\u1ea5n \u0111\u1ec1 \u0111\u00e1nh gi\u00e1 t\u00e1c d\u1ee5ng ch\u1ed1ng vi\u00eam c\u1ea5p v\u00e0 m\u1ea1n t\u00ednh c\u1ee7a diterpenoid CT1 t\u1eeb c\u00e2y kh\u1ed5 s\u00e2m cho l\u00e1 (Croton tonkinensis Gagnep.) b\u1eb1ng m\u00f4 h\u00ecnh g\u00e2y vi\u00eam tr\u00ean chu\u1ed9t c\u1ed1ng.\n"], "2": ["2.\n", "Nguy\u00ean v\u1eadt li\u1ec7u v\u00e0 ph\u01b0\u01a1ng ph\u00e1p nghi\u00ean c\u1ee9u 2.1.\n", "Nguy\u00ean v\u1eadt li\u1ec7u\n", "Ch\u1ea5t CT1 (ent-7\u03b2-hydroxy-15-oxo kaur-16- en-18-yl acetat) \u0111\u01b0\u1ee3c ph\u00e2n l\u1eadp v\u00e0 x\u00e1c \u0111\u1ecbnh c\u1ea5u tr\u00fac nh\u01b0 \u0111\u00e3 m\u00f4 t\u1ea3 trong nghi\u00ean c\u1ee9u tr\u01b0\u1edbc \u0111\u00e2y ph\u00e2n l\u1eadp \u0111\u01b0\u1ee3c c\u00f3 \u0111\u1ed9 tinh khi\u1ebft cao (nhi\u1ec7t \u0111\u1ed9 n\u00f3ng ch\u1ea3y \u1ed5n \u0111\u1ecbnh, \u0111\u1ed9 tinh khi\u1ebft 96% t\u00ednh theo ph\u1ea7n tr\u0103m di\u1ec7n t\u00edch pic tr\u00ean m\u00e1y HPLC, \u0111\u01b0\u1ee3c th\u1ec3 hi\u1ec7n tr\u00ean ph\u1ed5 1H v\u00e0 13C-NMR) [9].\n", "C\u00e1c ho\u00e1 ch\u1ea5t d\u00f9ng cho th\u1eed t\u00e1c d\u1ee5ng sinh h\u1ecdc g\u1ed3m: carrageenan (Sigma Aldrich), indomethacin (chu\u1ea9n ph\u00e2n t\u00edch), prednisolon (Jenapharm), n\u01b0\u1edbc mu\u1ed1i sinh l\u00fd (B/Braun), dung d\u1ecbch ch\u1ed1ng th\u1ea5m \u0111o vi\u00eam (Ugo Basile, Italia), amian ti\u1ec7t tr\u00f9ng c\u00e1c ho\u00e1 ch\u1ea5t d\u00f9ng \u0111\u1ec3 pha dung d\u1ecbch \u0111\u1ec7m \u0111\u1ec1u \u0111\u1ea1t chu\u1ea9n cho th\u1eed t\u00e1c d\u1ee5ng sinh h\u1ecdc.\n", "2.2.\n", "\u0110\u1ed9ng v\u1eadt\n", "Chu\u1ed9t nh\u1eaft tr\u1eafng ch\u1ee7ng Swiss, gi\u1ed1ng \u0111\u1ef1c, kho\u1ebb m\u1ea1nh, n\u1eb7ng 18-22 g, \u0111\u01b0\u1ee3c cung c\u1ea5p b\u1edfi gi\u00e1 \u0111\u1ed9c t\u00ednh c\u1ea5p.\n", "Chu\u1ed9t c\u1ed1ng tr\u1eafng ch\u1ee7ng\n", "Wista, gi\u1ed1ng \u0111\u1ef1c, kho\u1ea3ng 8 tu\u1ea7n tu\u1ed5i, c\u00e2n n\u1eb7ng 140-180 g, do H\u1ecdc vi\u1ec7n Qu\u00e2n y cung c\u1ea5p.\n", "\u0110\u1ed9ng v\u1eadt \u0111\u01b0\u1ee3c nu\u00f4i \u1ed5n \u0111\u1ecbnh trong \u0111i\u1ec1u ki\u1ec7n ph\u00f2ng th\u00ed nghi\u1ec7m 5 ng\u00e0y tr\u01b0\u1edbc khi th\u1ef1c hi\u1ec7n nghi\u00ean c\u1ee9u.\n", "Th\u1ee9c \u0103n do Vi\u1ec7n V\u1ec7 sinh d\u1ecbch t\u1ec5 TW cung c\u1ea5p, u\u1ed1ng n\u01b0\u1edbc t\u1ef1 do.\n", "2.3.\n", "Trang thi\u1ebft b\u1ecb d\u00f9ng cho nghi\u00ean c\u1ee9u\n", "M\u00e1y \u0111o pH, M\u00e1y sinh ho\u00e1 TC 84 Plus (Teco Diagnostics), M\u00e1y \u0111o \u0111\u1ed9 ph\u00f9 ch\u00e2n chu\u1ed9t\n", "Plethysmometer (Ugo Basile), M\u00e1y \u0111o \u0111au m\u00e2m n\u00f3ng (Ugo Basile); C\u00e2n k\u1ef9 thu\u1eadt (Precisa), c\u00e2n ph\u00e2n t\u00edch (Shimadzu).\n", "C\u00e1c d\u1ee5ng c\u1ee5 th\u00ed nghi\u1ec7m sinh h\u1ecdc: pipet, micropipette, \u1ed1ng nghi\u1ec7m c\u00e1c lo\u1ea1i.\n", "2.4.\n", "\u0110\u00e1nh gi\u00e1 \u0111\u1ed9c t\u00ednh c\u1ea5p c\u1ee7a ch\u1ea5t CT1\n", "\u0110\u1ed9c t\u00ednh c\u1ea5p c\u1ee7a d\u01b0\u1ee3c li\u1ec7u v\u00e0 c\u1ee7a ch\u1ea5t ph\u00e2n l\u1eadp \u0111\u01b0\u1ee3c th\u1eed tr\u00ean chu\u1ed9t theo ph\u01b0\u01a1ng ph\u00e1p do B\u1ed9 Y t\u1ebf ban h\u00e0nh [10].\n", "\u0110\u1ed9c t\u00ednh c\u1ea5p c\u1ee7a ch\u1ea5t ph\u00e2n l\u1eadp \u0111\u01b0\u1ee3c bi\u1ec3u di\u1ec5n b\u1edfi gi\u00e1 tr\u1ecb LD50, \u0111\u01b0\u1ee3c hi\u1ec3u l\u00e0 gi\u00e1 tr\u1ecb l\u00e0m ch\u1ebft 50% s\u1ed1 chu\u1ed9t th\u00ed nghi\u1ec7m.\n", "Gi\u00e1 tr\u1ecb LD50 \u0111\u01b0\u1ee3c t\u00ednh theo ph\u01b0\u01a1ng ph\u00e1p Behrens-Karber [10].\n", "2.5.\n", "\u0110\u00e1nh gi\u00e1 t\u00e1c d\u1ee5ng ch\u1ed1ng vi\u00eam c\u1ea5p\n", "T\u00e1c d\u1ee5ng ch\u1ed1ng vi\u00eam c\u1ea5p c\u1ee7a ch\u1ea5t ph\u00e2n l\u1eadp \u0111\u01b0\u1ee3c th\u1eed b\u1eb1ng m\u00f4 h\u00ecnh g\u00e2y ph\u00f9 b\u1eb1ng carrageenan theo Winter tr\u00ean chu\u1ed9t c\u1ed1ng tr\u1eafng [10, 11].\n", "Chu\u1ed9t th\u00ed nghi\u1ec7m \u0111\u01b0\u1ee3c chia ng\u1eabu nhi\u00ean th\u00e0nh 4 l\u00f4, m\u1ed7i l\u00f4 10-12 con, g\u1ed3m c\u00f3 l\u00f4 ch\u1ee9ng (l\u00f4 1): \u0111\u01b0\u1ee3c cho u\u1ed1ng dung m\u00f4i (n\u01b0\u1edbc mu\u1ed1i sinh l\u00fd); l\u00f4 \u0111\u1ed1i chi\u1ebfu (l\u00f4 2): u\u1ed1ng thu\u1ed1c \u0111\u1ed1i chi\u1ebfu (indomethacine); v\u00e0 02 l\u00f4 th\u1eed (l\u00f4 3 v\u00e0 4): u\u1ed1ng ch\u1ea5t CT1 \u1edf li\u1ec1u l\u1ea7n l\u01b0\u1ee3t l\u00e0 25 v\u00e0 50 mg/kg c\u00e2n n\u1eb7ng/ng\u00e0y.\n", "Chu\u1ed9t \u0111\u01b0\u1ee3c u\u1ed1ng dung m\u00f4i ho\u1eb7c thu\u1ed1c thu\u1ed1c nghi\u00ean c\u1ee9u h\u00e0ng ng\u00e0y v\u00e0o m\u1ed9t gi\u1edd nh\u1ea5t \u0111\u1ecbnh, trong 7 ng\u00e0y tr\u01b0\u1edbc khi l\u00e0m th\u1ef1c nghi\u1ec7m.\n", "Thu\u1ed1c \u0111\u1ed1i chi\u1ebfu ch\u1ec9 d\u00f9ng v\u00e0o ng\u00e0y l\u00e0m th\u1ef1c nghi\u1ec7m.\n", "Ng\u00e0y th\u1ee9 7, \u0111o th\u1ec3 t\u00edch b\u00e0n ch\u00e2n sau ph\u1ea3i chu\u1ed9t sau khi u\u1ed1ng thu\u1ed1c.\n", "Ngay sau \u0111\u00f3 ti\u00eam dung d\u1ecbch carrageenan 1% trong n\u01b0\u1edbc mu\u1ed1i sinh l\u00fd (0,05ml/ chu\u1ed9t) v\u00e0o d\u01b0\u1edbi da gan b\u00e0n ch\u00e2n sau ph\u1ea3i c\u1ee7a chu\u1ed9t \u0111\u1ec3 g\u00e2y vi\u00eam.\n", "\u0110o th\u1ec3 t\u00edch b\u00e0n ch\u00e2n sau ph\u1ea3i c\u1ee7a chu\u1ed9t v\u00e0o th\u1eddi \u0111i\u1ec3m 3 gi\u1edd v\u00e0 5 gi\u1edd sau khi ti\u00eam carrageenan.\n", "M\u1ee9c \u0111\u1ed9 ph\u00f9 b\u00e0n ch\u00e2n sau ph\u1ea3i chu\u1ed9t \u0111\u01b0\u1ee3c t\u00ednh theo c\u00f4ng th\u1ee9c:\n", "Vt - Vo\n", "V (%) = x 100\n", "Vo\n", "Trong \u0111\u00f3 V l\u00e0 m\u1ee9c \u0111\u1ed9 ph\u00f9 ch\u00e2n chu\u1ed9t t\u1ea1i th\u1eddi \u0111i\u1ec3m t gi\u1edd sau khi g\u00e2y vi\u00eam; Vo l\u00e0 th\u1ec3 t\u00edch ch\u00e2n chu\u1ed9t tr\u01b0\u1edbc khi g\u00e2y vi\u00eam; Vt l\u00e0 th\u1ec3 t\u00edch ch\u00e2n chu\u1ed9t t\u1ea1i th\u1eddi \u0111i\u1ec3m t gi\u1edd sau khi g\u00e2y vi\u00eam.\n", "T\u00e1c d\u1ee5ng \u1ee9c ch\u1ebf ph\u00f9 (%) c\u1ee7a c\u00e1c l\u00f4 th\u1eed so v\u1edbi l\u00f4 ch\u1ee9ng \u0111\u01b0\u1ee3c t\u00ednh theo c\u00f4ng th\u1ee9c:\n", "Vc - Vt\n", "I (%) = x 100\n", "Vc\n", "Trong \u0111\u00f3 I (%) l\u00e0 ph\u1ea7n tr\u0103m \u1ee9c ch\u1ebf ph\u00f9 c\u1ee7a l\u00f4 th\u1eed so v\u1edbi l\u00f4 ch\u1ee9ng; Vc l\u00e0 m\u1ee9c \u0111\u1ed9 ph\u00f9 ch\u00e2n chu\u1ed9t trung b\u00ecnh \u1edf l\u00f4 ch\u1ee9ng; Vt l\u00e0 m\u1ee9c \u0111\u1ed9 ph\u00f9 ch\u00e2n chu\u1ed9t trung b\u00ecnh \u1edf l\u00f4 th\u1eed.\n", "2.6.\n", "\u0110\u00e1nh gi\u00e1 t\u00e1c d\u1ee5ng ch\u1ed1ng vi\u00eam m\u1ea1n\n", "T\u00e1c d\u1ee5ng ch\u1ed1ng vi\u00eam m\u1ea1n \u0111\u01b0\u1ee3c th\u1eed theo m\u00f4 h\u00ecnh g\u00e2y u h\u1ea1t th\u1ef1c nghi\u1ec7m tr\u00ean chu\u1ed9t c\u1ed1ng tr\u1eafng [10, 12].\n", "Chu\u1ed9t \u0111\u01b0\u1ee3c chia ng\u1eabu nhi\u00ean th\u00e0nh 5 l\u00f4, m\u1ed7i l\u00f4 10-12 con, g\u1ed3m c\u00f3: L\u00f4 ch\u1ee9ng (l\u00f4 1): u\u1ed1ng dung m\u00f4i; L\u00f4 \u0111\u1ed1i chi\u1ebfu (l\u00f4 2): u\u1ed1ng thu\u1ed1c \u0111\u1ed1i chi\u1ebfu (prednisolon); L\u00f4 th\u1eed (l\u00f4 3-5): u\u1ed1ng thu\u1ed1c nghi\u00ean c\u1ee9u \u1edf c\u00e1c li\u1ec1u kh\u00e1c nhau.\n", "C\u00e1c chu\u1ed9t \u0111\u01b0\u1ee3c g\u00e2y m\u00ea, c\u1ea1o l\u00f4ng \u1edf l\u01b0ng v\u00e0 s\u00e1t tr\u00f9ng b\u1eb1ng ethanol 70%.\n", "R\u1ea1ch v\u00e0 \u0111\u1eb7t \u1edf d\u01b0\u1edbi da m\u1ed9t vi\u00ean g\u1ea1c b\u00f4ng c\u00f3 t\u1ea9m carrageenan v\u00e0o c\u1ea3 hai b\u00ean x\u01b0\u01a1ng b\u1ea3 vai.\n", "Chu\u1ed9t \u0111\u01b0\u1ee3c u\u1ed1ng dung m\u00f4i ho\u1eb7c thu\u1ed1c thu\u1ed1c nghi\u00ean c\u1ee9u h\u00e0ng ng\u00e0y v\u00e0o m\u1ed9t gi\u1edd nh\u1ea5t \u0111\u1ecbnh, trong v\u00f2ng 7 ng\u00e0y tr\u01b0\u1edbc khi l\u00e0m th\u1ef1c nghi\u1ec7m.\n", "Ng\u00e0y th\u1ee9 8, gi\u1ebft chu\u1ed9t, b\u00f3c t\u00e1ch u h\u1ea1t v\u00e0 c\u00e2n.\n", "K\u1ebft qu\u1ea3 \u0111\u01b0\u1ee3c t\u00ednh d\u1ef1a tr\u00ean tr\u1ecdng l\u01b0\u1ee3ng kh\u00f4 th\u1ef1c c\u1ee7a u h\u1ea1t th\u1ef1c nghi\u1ec7m, so s\u00e1nh gi\u00e1 tr\u1ecb tr\u1ecdng l\u01b0\u1ee3ng kh\u00f4 th\u1ef1c u h\u1ea1t trung b\u00ecnh c\u1ee7a l\u00f4 d\u00f9ng thu\u1ed1c so v\u1edbi l\u00f4 ch\u1ee9ng v\u00e0 t\u1ef7 l\u1ec7 % \u1ee9c ch\u1ebf u h\u1ea1t c\u1ee7a l\u00f4 th\u1eed so v\u1edbi l\u00f4 ch\u1ee9ng b\u1ec7nh l\u00fd.\n", "2.7.\n", "T\u00ednh to\u00e1n k\u1ebft qu\u1ea3\n", "C\u00e1c s\u1ed1 li\u1ec7u th\u1ef1c nghi\u1ec7m \u0111\u01b0\u1ee3c x\u1eed l\u00fd th\u1ed1ng k\u00ea theo ph\u01b0\u01a1ng ph\u00e1p th\u1ed1ng k\u00ea sinh h\u1ecdc, s\u1eed d\u1ee5ng c\u00f4ng c\u1ee5 Data analysis c\u1ee7a\n", "Microsoft Excel.\n"], "3": ["3.\n", "K\u1ebft qu\u1ea3 3.1.\n", "\u0110\u1ed9c t\u00ednh c\u1ea5p c\u1ee7a ch\u1ea5t CT-1\n", "\u0110\u1ed9c t\u00ednh c\u1ea5p c\u1ee7a ch\u1ea5t CT-1 \u0111\u01b0\u1ee3c th\u1eed tr\u00ean chu\u1ed9t nh\u1eaft tr\u1eafng, tr\u1ecdng l\u01b0\u1ee3ng 18-20 g, c\u1ea3 \u0111\u1ef1c c\u1ea3 c\u00e1i.\n", "K\u1ebft qu\u1ea3 th\u1eed \u0111\u01b0\u1ee3c tr\u00ecnh b\u00e0y \u1edf B\u1ea3ng 3.9.\n", "Khi cho chu\u1ed9t u\u1ed1ng li\u1ec1u \u0111\u1ebfn 4,0 g b\u1ed9t CT- 1/ kg th\u1ec3 tr\u1ecdng chu\u1ed9t, t\u1ea5t c\u1ea3 c\u00e1c chu\u1ed9t \u0111\u1ec1u kho\u1ebb m\u1ea1nh, ho\u1ea1t \u0111\u1ed9ng, \u0103n u\u1ed1ng, b\u00e0i ti\u1ebft b\u00ecnh th\u01b0\u1eddng, kh\u00f4ng c\u00f3 chu\u1ed9t ch\u1ebft.\n", "Khi cho chu\u1ed9t u\u1ed1ng t\u0103ng li\u1ec1u l\u00ean \u0111\u1ebfn 5,0; 6,25; 7,80; 9,75; 12,2 g b\u1ed9t/ kg th\u1ec3 tr\u1ecdng th\u00ec \u0111a s\u1ed1 c\u00e1c chu\u1ed9t c\u00f3 bi\u1ec3u hi\u1ec7n ph\u00e2n l\u1ecfng, m\u1ed9t s\u1ed1 chu\u1ed9t b\u1eaft \u0111\u1ea7u c\u00f3 bi\u1ec3u hi\u1ec7n co gi\u1eadt sau 24 gi\u1edd, 4 ch\u00e2n c\u1ee9ng \u0111\u1edd, c\u00f3 nh\u1eefng chu\u1ed9t qua \u0111\u01b0\u1ee3c c\u01a1n co gi\u1eadt, m\u1ed9t s\u1ed1 chu\u1ed9t ch\u1ebft r\u1ea3i r\u00e1c sau 1, 2, 3 ng\u00e0y u\u1ed1ng thu\u1ed1c.\n", "\u1ede li\u1ec1u c\u00e0ng cao th\u00ec chu\u1ed9t ch\u1ebft c\u00e0ng nhanh.\n", "Nh\u1eefng chu\u1ed9t c\u00f2n s\u1ed1ng s\u00f3t v\u1eabn ho\u1ea1t \u0111\u1ed9ng, b\u00e0i ti\u1ebft b\u00ecnh th\u01b0\u1eddng, l\u00fac \u0111\u1ea7u \u0103n u\u1ed1ng \u00edt h\u01a1n, sau \u0111\u00f3 th\u00ec b\u00ecnh th\u01b0\u1eddng.\n", "K\u1ebft qu\u1ea3 \u0111\u01b0\u1ee3c tr\u00ecnh b\u00e0y \u1edf b\u1ea3ng 1.\n", "B\u1ea3ng 1.\n", "S\u1ed1 li\u1ec7u th\u1eed \u0111\u1ed9c t\u00ednh c\u1ea5p c\u1ee7a ch\u1ea5t CT1\n", "L\u00f4 chu\u1ed9t Li\u1ec1u u\u1ed1ng (g / kg) n S\u1ed1 chu\u1ed9t ch\u1ebft trong l\u00f4 d z d \u00d7 z 1 3,20 10 0 2 4,00 10 0 3 5,00 10 2 1,00 1,0 1,0 4 6,25 10 6 1,25 4,0 5,0 5 7,80 10 7 1,55 6,5 10,075 6 9,75 10 8 1,95 7,5 14,625 7 12,20 10 10 2,45 9,0 22,05 (d \u00d7 z) 52,75 r\n", "Theo c\u00f4ng th\u1ee9c t\u00ednh \u0111\u01b0\u1ee3c LD50 = 6,925 \u00b1 0,537g b\u1ed9t/kg th\u1ec3 tr\u1ecdng chu\u1ed9t \u1edf P = 0,05.\n", "M\u1eb7c d\u00f9 ch\u1ea5t CT-1 c\u00f3 \u0111\u1ed9c khi th\u1eed tr\u00ean chu\u1ed9t nh\u1eaft tr\u1eafng, nh\u01b0ng vi\u1ec7c kh\u00f4ng th\u1ea5y c\u00f3 chu\u1ed9t ch\u1ebft \u1edf li\u1ec1u th\u1eed 4g/kg th\u1ec3 tr\u1ecdng v\u00e0 li\u1ec1u LD50 trong kho\u1ea3ng (5,872 - 7,978) g/kg th\u1ec3 tr\u1ecdng chu\u1ed9t cho th\u1ea5y m\u1ee9c \u0111\u1ed9 g\u00e2y \u0111\u1ed9c c\u1ee7a CT-1 r\u1ea5t th\u1ea5p.\n", "C\u00e1c k\u1ebft qu\u1ea3 ch\u1ee9ng t\u1ecf \u0111\u1ed9 an to\u00e0n c\u1ee7a CT-1 kh\u00e1 cao v\u00e0 c\u00f3 th\u1ec3 th\u1eed t\u00e1c d\u1ee5ng sinh h\u1ecdc tr\u00ean chu\u1ed9t nh\u1eaft tr\u1eafng \u1edf c\u00e1c li\u1ec1u th\u1eed th\u00f4ng th\u01b0\u1eddng (0 - 1000 mg/kg th\u1ec3 tr\u1ecdng).\n", "Tr\u00ean c\u01a1 s\u1edf li\u1ec1u LD50 v\u00e0 c\u00e1c k\u1ebft qu\u1ea3 th\u1eed t\u00e1c d\u1ee5ng in vitro, ch\u00fang t\u00f4i th\u1eed t\u00e1c d\u1ee5ng ch\u1ed1ng vi\u00eam c\u1ea5p v\u00e0 m\u00e3n c\u1ee7a ch\u1ea5t CT-1 tr\u00ean chu\u1ed9t c\u1ed1ng tr\u1eafng \u1edf c\u00e1c m\u1ee9c li\u1ec1u 25 mg/kg/ng\u00e0y v\u00e0 50 mg/kg/ng\u00e0y.\n", "3.2.\n", "T\u00e1c d\u1ee5ng ch\u1ed1ng vi\u00eam c\u1ea5p\n", "T\u00e1c d\u1ee5ng ch\u1ed1ng vi\u00eam c\u1ea5p c\u1ee7a ch\u1ea5t CT-1 \u0111\u01b0\u1ee3c th\u1eed theo ph\u01b0\u01a1ng ph\u00e1p g\u00e2y ph\u00f9 b\u1eb1ng carrageenin tr\u00ean chu\u1ed9t c\u1ed1ng tr\u1eafng.\n", "K\u1ebft qu\u1ea3 th\u1eed t\u00e1c d\u1ee5ng \u0111\u01b0\u1ee3c tr\u00ecnh b\u00e0y trong B\u1ea3ng 2 d\u01b0\u1edbi \u0111\u00e2y cho th\u1ea5y chu\u1ed9t u\u1ed1ng ch\u1ea5t CT-1 v\u1edbi li\u1ec1u 25 mg/kg/ng\u00e0y kh\u00f4ng \u0111\u00e1p \u1ee9ng v\u1edbi qu\u00e1 tr\u00ecnh vi\u00eam, kh\u00f4ng gi\u1ea3m vi\u00eam sau khi g\u00e2y ph\u00f9 3 \u0111\u1ebfn 5 gi\u1edd.\n", "Tuy nhi\u00ean, \u1edf li\u1ec1u cao h\u01a1n 50 mg/kg/ng\u00e0y, CT1 c\u00f3 t\u00e1c d\u1ee5ng ch\u1ed1ng vi\u00eam c\u1ea5p, v\u1edbi m\u1ee9c \u0111\u1ed9 gi\u1ea3m l\u1ea7n l\u01b0\u1ee3t l\u00e0 16,39 v\u00e0 24,73 % (P<0,05).\n", "K\u1ebft qu\u1ea3 n\u00e0y kh\u1eb3ng \u0111\u1ecbnh ch\u1ea5t CT-1 c\u00f3 t\u00e1c d\u1ee5ng \u1ee9c ch\u1ebf vi\u00eam c\u1ea5p khi th\u1eed tr\u00ean chu\u1ed9t c\u1ed1ng g\u00e2y ph\u00f9 b\u1eb1ng carrageenin \u1edf li\u1ec1u u\u1ed1ng 50 mg/kg/ng\u00e0y.\n", "B\u1ea3ng 2.\n", "T\u00e1c d\u1ee5ng ch\u1ed1ng vi\u00eam c\u1ea5p c\u1ee7a ch\u1ea5t CT-1\n", "Sau 3 gi\u1edd g\u00e2y ph\u00f9 Sau 5 gi\u1edd g\u00e2y ph\u00f9\n", "L\u00f4 th\u00ed nghi\u1ec7m\n", "S\u1ed1 chu\u1ed9t (n)\n", "\u0110\u1ed9 ph\u00f9 (%) % gi\u1ea3m so v\u1edbi ch\u1ee9ng\n", "\u0110\u1ed9 ph\u00f9 (%) % gi\u1ea3m so v\u1edbi ch\u1ee9ng\n", "Ch\u1ee9ng b\u1ec7nh l\u00fd 12 52,06 5,80 52,88 7,26\n", "L\u00f4 u\u1ed1ng CT1 (25mg/kg/ng\u00e0y) 12 53,76 5,04 - 52,91 5,29 -\n", "L\u00f4 u\u1ed1ng CT1 (50mg/kg/ng\u00e0y) 10 43,52 5,71 16,39 39,81 4,74* 24,73\n", "L\u00f4 u\u1ed1ng\n", "Indomethacin (20 mg/kg/ng\u00e0y) 9 15,15 0,90* 70,89 4,38 1,25* 91,71 * P < 0,05 v\u00e0 ** P< 0,01 so v\u1edbi l\u00f4 ch\u1ee9ng b\u1ec7nh l\u00fd.\n", "3.3.\n", "T\u00e1c d\u1ee5ng ch\u1ed1ng vi\u00eam m\u00e3n\n", "K\u1ebft qu\u1ea3 th\u1eed t\u00e1c d\u1ee5ng ch\u1ed1ng vi\u00eam m\u1ea1n \u0111\u01b0\u1ee3c tr\u00ecnh b\u00e0y \u1edf B\u1ea3ng 3.3 cho th\u1ea5y ch\u1ea5t CT-1 \u1edf li\u1ec1u th\u1eed 25 v\u00e0 50 mg/kg/ng\u00e0y cho t\u00e1c d\u1ee5ng ch\u1ed1ng vi\u00eam m\u1ea1n v\u1edbi m\u1ee9c \u0111\u1ed9 \u1ee9c ch\u1ebf s\u1ef1 t\u1ea1o th\u00e0nh u h\u1ea1t l\u1ea7n l\u01b0\u1ee3t l\u00e0 24,76% (p<0,05) v\u00e0 23,25% (p<0,01) v\u00e0 \u0111\u1ec1u c\u00f3 \u00fd ngh\u0129a th\u1ed1ng k\u00ea.\n", "C\u00f3 th\u1ec3 th\u1ea5y t\u00e1c d\u1ee5ng \u1ee9c ch\u1ebf \u1ed5 vi\u00eam kh\u00f4ng ph\u1ee5 thu\u1ed9c li\u1ec1u d\u00f9ng c\u1ee7a CT-1 tr\u00ean chu\u1ed9t c\u1ed1ng tr\u1eafng \u1edf 2 li\u1ec1u th\u00ed nghi\u1ec7m.\n", "B\u1ea3ng 3.\n", "K\u1ebft qu\u1ea3 th\u1eed t\u00e1c d\u1ee5ng ch\u1ed1ng vi\u00eam m\u1ea1n c\u1ee7a CT-1\n", "L\u00f4 th\u1eed\n", "S\u1ed1 chu\u1ed9t (n)\n", "Tr\u1ecdng l\u01b0\u1ee3ng trung b\u00ecnh \u1ed5 vi\u00eam (mg) % gi\u1ea3m so v\u1edbi l\u00f4 ch\u1ee9ng\n", "L\u00f4 ch\u1ee9ng b\u1ec7nh l\u00fd (u\u1ed1ng n\u01b0\u1edbc mu\u1ed1i sinh l\u00fd) 10 521,1 32,4\n", "L\u00f4 u\u1ed1ng CT-1 (25mg/kg/ng\u00e0y) 9 392,5 46,3 24,67\n", "L\u00f4 u\u1ed1ng CT-1 (50 mg/kg/ng\u00e0y) 10 399,9 20,7 23,25*\n", "L\u00f4 u\u1ed1ng Prednisolon (5mg/kg/ng\u00e0y) 10 293,3 32,5 43,71* * P < 0,05 v\u00e0 ** P< 0,01 so v\u1edbi l\u00f4 ch\u1ee9ng b\u1ec7nh l\u00fd 4.\n", "B\u00e0n lu\u1eadn\n", "\u0110\u1ebfn nay, ch\u1ea5t CT-1 m\u1edbi ch\u1ec9 \u0111\u01b0\u1ee3c t\u00ecm th\u1ea5y trong lo\u00e0i C.\n", "tonkinensis, ch\u01b0a t\u00ecm th\u1ea5y \u1edf b\u1ea5t k\u00ec lo\u00e0i sinh v\u1eadt n\u00e0o kh\u00e1c, v\u00e0 ch\u1ea5t n\u00e0y c\u0169ng l\u00e0 th\u00e0nh ph\u1ea7n ch\u00ednh c\u1ee7a d\u01b0\u1ee3c li\u1ec7u kh\u1ed5 s\u00e2m cho l\u00e1 n\u00ean c\u00f3 th\u1ec3 coi CT-1 l\u00e0 ch\u1ea5t \u0111\u1eb7c tr\u01b0ng cho lo\u00e0i\n", "C.\n", "tonkinensis [5].\n", "Tr\u01b0\u1edbc \u0111\u00e2y, t\u00e1c d\u1ee5ng ch\u1ed1ng vi\u00eam c\u1ee7a ch\u1ea5t CT-1 \u0111\u00e3 \u0111\u01b0\u1ee3c kh\u1eb3ng \u0111\u1ecbnh th\u00f4ng qua c\u00e1c nghi\u00ean c\u1ee9u b\u1eb1ng m\u00f4 h\u00ecnh th\u1eed in vitro, tuy nhi\u00ean ch\u01b0a \u0111\u01b0\u1ee3c kh\u1eb3ng \u0111\u1ecbnh b\u1eb1ng nghi\u00ean c\u1ee9u th\u1ef1c nghi\u1ec7m.\n", "Trong c\u00f4ng tr\u00ecnh n\u00e0y, ch\u00fang t\u00f4i ti\u1ebfn h\u00e0nh \u0111\u00e1nh gi\u00e1 t\u00e1c d\u1ee5ng ch\u1ed1ng vi\u00eam c\u1ee7a ch\u1ea5t CT-1 b\u1eb1ng m\u1ed9t s\u1ed1 m\u00f4 h\u00ecnh th\u1ef1c nghi\u1ec7m \u0111\u1ec3 \u0111\u1ecbnh h\u01b0\u1edbng cho vi\u1ec7c ti\u1ebfp t\u1ee5c nghi\u00ean c\u1ee9u ho\u1ea1t ch\u1ea5t n\u00e0y l\u00e0m thu\u1ed1c ch\u1eefa b\u1ec7nh.\n", "Tr\u01b0\u1edbc ti\u00ean ch\u1ea5t\n", "CT-1 \u0111\u01b0\u1ee3c \u0111\u00e1nh gi\u00e1 \u0111\u1ed9c t\u00ednh c\u1ea5p tr\u00ean chu\u1ed9t nh\u1eaft tr\u1eafng \u0111\u1ec3 xem x\u00e9t m\u1ee9c \u0111\u1ed9 g\u00e2y \u0111\u1ed9c v\u00e0 li\u1ec1u th\u1eed trong c\u00e1c th\u00ed nghi\u1ec7m ti\u1ebfp theo.\n", "K\u1ebft qu\u1ea3 cho bi\u1ebft LD50 c\u1ee7a ch\u1ea5t CT-1 theo \u0111\u01b0\u1eddng u\u1ed1ng l\u00e0 6,925 (5,872 - 7,978) g b\u1ed9t/kg th\u1ec3 tr\u1ecdng chu\u1ed9t (\u1edf m\u1ee9c p = 0,05).\n", "Nh\u01b0 v\u1eady, c\u00f3 th\u1ec3 th\u1eed c\u00e1c t\u00e1c d\u1ee5ng d\u01b0\u1ee3c l\u00fd c\u1ee7a CT1 v\u1edbi m\u1ee9c li\u1ec1u <1 g/kg/ng\u00e0y \u0111\u1ed1i v\u1edbi chu\u1ed9t nh\u1eaft tr\u1eafng v\u00e0 \u1edf m\u1ee9c <100mg/kg/ng\u00e0y \u0111\u1ed1i v\u1edbi chu\u1ed9t c\u1ed1ng tr\u1eafng l\u00e0 an to\u00e0n v\u00e0 k\u1ebft qu\u1ea3 c\u00f3 th\u1ec3 tin c\u1eady \u0111\u01b0\u1ee3c [9].\n", "Th\u1eed t\u00e1c d\u1ee5ng ch\u1ed1ng vi\u00eam c\u1ea5p c\u1ee7a CT-1 theo m\u00f4 h\u00ecnh g\u00e2y ph\u00f9 ch\u00e2n chu\u1ed9t c\u1ed1ng tr\u1eafng b\u1eb1ng carrageenan, m\u1ed9t m\u00f4 h\u00ecnh kinh \u0111i\u1ec3n \u0111\u1ec3 \u0111\u00e1nh gi\u00e1 t\u00e1c d\u1ee5ng ch\u1ed1ng vi\u00eam c\u1ee7a m\u1ed9t ho\u1ea1t ch\u1ea5t hay m\u1ed9t d\u01b0\u1ee3c li\u1ec7u.\n", "K\u1ebft qu\u1ea3 cho th\u1ea5y CT-1 \u1edf li\u1ec1u 50 mg/kg th\u1ec3 hi\u1ec7n t\u00e1c d\u1ee5ng ch\u1ed1ng vi\u00eam c\u1ea5p t\u1ea1i 3 v\u00e0 5 gi\u1edd sau khi g\u00e2y vi\u00eam v\u00e0 theo quan s\u00e1t th\u00ec sau 24 gi\u1edd t\u00e1c d\u1ee5ng ch\u1ed1ng vi\u00eam v\u1eabn c\u00f2n.\n", "Ti\u1ebfp theo, t\u00e1c d\u1ee5ng ch\u1ed1ng vi\u00eam m\u1ea1n c\u1ee7a ch\u1ea5t\n", "CT1 \u0111\u01b0\u1ee3c th\u1eed theo m\u00f4 h\u00ecnh g\u00e2y u h\u1ea1t b\u1eb1ng amian tr\u00ean chu\u1ed9t c\u1ed1ng tr\u1eafng.\n", "K\u1ebft qu\u1ea3 cho th\u1ea5y ch\u1ea5t CT-1 \u1edf c\u1ea3 hai m\u1ee9c li\u1ec1u 50 mg/kg/ng\u00e0y v\u00e0 25 mg/kg/ng\u00e0y \u0111\u1ec1u c\u00f3 t\u00e1c d\u1ee5ng l\u00e0m gi\u1ea3m kh\u1ed1i l\u01b0\u1ee3ng u h\u1ea1t tr\u00ean m\u00f4 h\u00ecnh n\u00e0y v\u00e0 \u0111\u1ec1u c\u00f3 \u00fd ngh\u0129a th\u1ed1ng k\u00ea.\n", "C\u00e1c k\u1ebft qu\u1ea3 th\u1eed \u0111\u00e3 kh\u1eb3ng \u0111\u1ecbnh r\u1eb1ng ch\u1ea5t\n", "CT-1 c\u00f3 t\u00e1c d\u1ee5ng ch\u1ed1ng vi\u00eam c\u1ea5p v\u00e0 m\u00e3n tr\u00ean th\u1ef1c nghi\u1ec7m, tuy t\u00e1c d\u1ee5ng c\u00f2n k\u00e9m so v\u1edbi c\u00e1c ch\u1ea5t \u0111\u1ed1i chi\u1ebfu d\u01b0\u01a1ng l\u00e0 indomethacin v\u00e0 prednisolon (xem B\u1ea3ng 2 v\u00e0 3).\n", "Trong y h\u1ecdc d\u00e2n gian, kh\u1ed5 s\u00e2m \u0111\u01b0\u1ee3c d\u00f9ng \u0111\u1ec3 ch\u1eefa b\u1ec7nh vi\u00eam lo\u00e9t d\u1ea1 d\u00e0y t\u00e1 tr\u00e0ng, c\u00e1c tri\u1ec7u ch\u1ee9ng ng\u1ee9a, gh\u1ebb l\u1edf, \u0111\u1ecf ngo\u00e0i da n\u00ean c\u00f3 th\u1ec3 ch\u00fang c\u00f3 li\u00ean quan \u0111\u1ebfn t\u00e1c d\u1ee5ng ch\u1ed1ng vi\u00eam.\n", "V\u00e0 nh\u01b0 v\u1eady c\u00f3 th\u1ec3 xem x\u00e9t r\u1eb1ng ch\u1ea5t CT-1, m\u1ed9t diterpenoid ch\u00ednh trong l\u00e1 kh\u1ed5 s\u00e2m, l\u00e0 ho\u1ea1t ch\u1ea5t c\u1ee7a d\u01b0\u1ee3c li\u1ec7u n\u00e0y.\n", "Tuy c\u01a1 ch\u1ebf c\u1ee7a t\u00e1c d\u1ee5ng ch\u1ed1ng vi\u00eam kh\u00f4ng \u0111\u01b0\u1ee3c t\u00ecm hi\u1ec3u trong \u0111\u1ec1 t\u00e0i n\u00e0y, nh\u01b0ng c\u00e1c nghi\u00ean c\u1ee9u tr\u01b0\u1edbc \u0111\u00e2y \u0111\u00e3 ph\u1ea7n n\u00e0o cho bi\u1ebft v\u1ec1 c\u01a1 ch\u1ebf ch\u1ed1ng vi\u00eam \u1edf m\u1ee9c \u0111\u1ed9 ph\u00e2n t\u1eed c\u1ee7a ch\u1ea5t\n", "CT-1.\n", "Giang v\u00e0 c\u1ed9ng s\u1ef1 \u0111\u00e3 ch\u1ee9ng minh ch\u1ea5t\n", "CT-1 \u1ee9c ch\u1ebf NF-kappaB, m\u1ed9t protein tham gia v\u00e0o qu\u00e1 tr\u00ecnh vi\u00eam, v\u00e0 \u1ee9c ch\u1ebf m\u1ea1nh s\u1ef1 t\u1ea1o th\u00e0nh nitric oxide (NO), do \u0111\u00f3 n\u00f3 c\u00f3 t\u00e1c d\u1ee5ng ch\u1ed1ng vi\u00eam [6].\n", "Sau \u0111\u00f3, Kou v\u00e0 c\u1ed9ng s\u1ef1 c\u0169ng \u0111\u00e3 kh\u1eb3ng \u0111\u1ecbnh l\u1ea1i t\u00e1c d\u1ee5ng ch\u1ed1ng vi\u00eam \u1edf m\u00f4 h\u00ecnh \u1ee9c ch\u1ebf s\u1ef1 t\u1ea1o th\u00e0nh NO th\u00f4ng qua vi\u1ec7c \u1ee9c ch\u1ebf enzyme NOS v\u00e0 \u1ee9c ch\u1ebf s\u1ef1 h\u00ecnh th\u00e0nh g\u1ed1c\n", "O2 - [7].\n", "Ngay g\u1ea7n \u0111\u00e2y, nh\u00f3m t\u00e1c gi\u1ea3 n\u00e0y l\u1ea1i ch\u1ee9ng minh r\u1eb1ng c\u00e1c ch\u1ea5t n\u00e0y c\u00f3 t\u00e1c d\u1ee5ng \u1ee9c ch\u1ebf enzyme xanthin oxidase [8], l\u00e0 m\u1ed9t enzym quan tr\u1ecdng trong qu\u00e1 tr\u00ecnh chuy\u1ec3n ho\u00e1 th\u00e0nh acid uric v\u00e0 t\u1ea1o th\u00e0nh b\u1ec7nh g\u00fat.\n", "K\u1ebft qu\u1ea3 c\u1ee7a c\u00f4ng tr\u00ecnh n\u00e0y g\u00f3p ph\u1ea7n ch\u1ee9ng minh t\u00e1c d\u1ee5ng ch\u1ed1ng vi\u00eam c\u1ee7a h\u1ee3p ch\u1ea5t CT1 v\u00e0 cho vi\u1ec7c \u0111\u1ecbnh h\u01b0\u1edbng s\u1eed d\u1ee5ng c\u00e2y thu\u1ed1c kh\u1ed5 s\u00e2m cho l\u00e1 trong y h\u1ecdc c\u1ed5 truy\u1ec1n v\u00e0 c\u1ea3 y h\u1ecdc hi\u1ec7n \u0111\u1ea1i.\n"], "5": ["5.\n", "K\u1ebft lu\u1eadn\n", "Ho\u1ea1t ch\u1ea5t ch\u00ednh c\u1ee7a l\u00e1 kh\u1ed5 s\u00e2m CT-1 \u1edf li\u1ec1u u\u1ed1ng 50 mg/kg th\u1ec3 tr\u1ecdng c\u00f3 t\u00e1c d\u1ee5ng \u1ee9c ch\u1ebf vi\u00eam c\u1ea5p tr\u00ean m\u00f4 h\u00ecnh g\u00e2y ph\u00f9 b\u00e0n ch\u00e2n chu\u1ed9t c\u1ed1ng b\u1eb1ng carragenin v\u00e0 c\u00f3 t\u00e1c d\u1ee5ng ch\u1ed1ng vi\u00eam m\u1ea1n tr\u00ean m\u00f4 h\u00ecnh g\u00e2y u h\u1ea1t th\u1ef1c nghi\u1ec7m b\u1eb1ng amian \u1edf chu\u1ed9t c\u1ed1ng tr\u1eafng v\u1edbi li\u1ec1u u\u1ed1ng 25 mg v\u00e0 50 mg/ kg th\u1ec3 tr\u1ecdng.\n", "K\u1ebft qu\u1ea3 cho th\u1ea5y ch\u1ea5t CT-1 c\u00f3 t\u00e1c d\u1ee5ng ch\u1ed1ng vi\u00eam c\u1ea5p v\u00e0 m\u1ea1n v\u00e0 c\u00f3 th\u1ec3 xem x\u00e9t r\u1eb1ng ch\u1ea5t CT-1, m\u1ed9t diterpenoid ch\u00ednh trong l\u00e1 kh\u1ed5 s\u00e2m, l\u00e0 ho\u1ea1t ch\u1ea5t c\u1ee7a d\u01b0\u1ee3c li\u1ec7u n\u00e0y.\n", "L\u1eddi c\u1ea3m \u01a1n\n", "Nh\u00f3m t\u00e1c gi\u1ea3 tr\u00e2n tr\u1ecdng c\u00e1m \u01a1n Qu\u1ef9 ph\u00e1t tri\u1ec3n Khoa h\u1ecdc v\u00e0 C\u00f4ng ngh\u1ec7 Qu\u1ed1c gia (Nafosted) \u0111\u00e3 t\u00e0i tr\u1ee3 cho nghi\u00ean c\u1ee9u n\u00e0y th\u00f4ng qua \u0111\u1ec1 t\u00e0i m\u00e3 s\u1ed1 106-YS.05-2014.32.\n"]}, "Word count": 2927}