{"title": "Original Article\n", "content": {"0": ["T\u00f3m t\u1eaft: Nghi\u00ean c\u1ee9u gi\u00e1 tr\u1ecb c\u1ee7a c\u1ed9ng h\u01b0\u1edfng t\u1eeb trong \u0111\u00e1nh gi\u00e1 k\u00edch th\u01b0\u1edbc, x\u00e2m l\u1ea5n, di c\u0103n h\u1ea1ch v\u00e0 ph\u00e2n lo\u1ea1i giai \u0111o\u1ea1n ung th\u01b0 c\u1ed5 t\u1eed cung \u1edf 117 b\u1ec7nh nh\u00e2n \u0111\u01b0\u1ee3c ph\u1eabu thu\u1eadt c\u1eaft to\u00e0n b\u1ed9 t\u1eed cung v\u00e0 n\u1ea1o v\u00e9t h\u1ea1ch ch\u1eadu t\u1ea1i b\u1ec7nh vi\u1ec7n K t\u1eeb th\u00e1ng 7 n\u0103m 2016 \u0111\u1ebfn th\u00e1ng 8 n\u0103m 2018.\n", "K\u1ebft qu\u1ea3: \u0111\u00e1nh gi\u00e1 KT u\n", "Acc = 93,2%; \u0111\u00e1nh gi\u00e1 x\u00e2m l\u1ea5n \u00e2m \u0111\u1ea1o Sp = 98,2%; Acc = 96,6%, NPV = 98,2%; \u0111\u00e1nh gi\u00e1 x\u00e2m l\u1ea5n\n", "DCR Sp = 98,2%; Acc = 98,3%; NPV = 100%; x\u00e2m l\u1ea5n th\u00e0nh b\u00ean ch\u1eadu h\u00f4ng Acc = 98,3%; Sp = 115/116 = 99,1%; NPV = 99,1%; h\u1ea1ch di c\u0103n Sp = 98,0%; Acc = 88,9%; NPV = 89,8%; Gi\u00e1 tr\u1ecb ch\u1ea9n \u0111o\u00e1n \u0111\u00fang giai \u0111o\u1ea1n UT CTC c\u1ee7a CHT G\u0110 IB Acc = 96,1%; t\u00ednh chung Acc = 82,9%.\n", "K\u1ebft lu\u1eadn: s\u1eed d\u1ee5ng CHT ph\u1ed1i h\u1ee3p v\u1edbi LS trong \u0111\u00e1nh gi\u00e1 k\u00edch th\u01b0\u1edbc, x\u00e2m l\u1ea5n, di c\u0103n v\u00e0 ph\u00e2n lo\u1ea1i giai \u0111o\u1ea1n UT\n", "CTC l\u00e0 c\u1ea7n thi\u1ebft \u0111\u1ec3 n\u00e2ng cao \u0111\u1ed9 ch\u00ednh x\u00e1c c\u1ee7a ch\u1ea9n \u0111o\u00e1n.\n", "T\u1eeb kho\u00e1: Ung th\u01b0 CTC, CHT c\u1ed5 t\u1eed cung.\n"], "1": ["1.\n", "M\u1edf \u0111\u1ea7u\n", "Ung th\u01b0 c\u1ed5 t\u1eed cung (UT CTC) l\u00e0 kh\u1ed1i u \u00e1c t\u00ednh th\u01b0\u1eddng g\u1eb7p \u1edf ph\u1ee5 n\u1eef, \u0111\u1ee9ng th\u1ee9 hai sau ung th\u01b0 v\u00fa.\n", "N\u0103m 2012 tr\u00ean th\u1ebf gi\u1edbi c\u00f3 kho\u1ea3ng 527.600 tr\u01b0\u1eddng h\u1ee3p m\u1edbi m\u1eafc v\u00e0 kho\u1ea3ng 265.700 12.900 tr\u01b0\u1eddng h\u1ee3p m\u1edbi m\u1eafc v\u00e0 4.100 tr\u01b0\u1eddng h\u1ee3p t\u1eed vong.\n", "T\u1ea1i Vi\u1ec7t Nam, UT CTC l\u00e0 m\u1ed9t trong 5 ung th\u01b0 th\u01b0\u1eddng g\u1eb7p \u1edf n\u1eef, n\u0103m 2010 c\u00f3 5.664 ca m\u1edbi m\u1eafc v\u00e0 h\u01a1n 3000 ca t\u1eed vong.\n", "Ti\u00ean l\u01b0\u1ee3ng b\u1ec7nh nh\u00e2n UT CTC ph\u1ee5 thu\u1ed9c v\u00e0o giai \u0111o\u1ea1n (G\u0110) b\u1ec7nh, t\u1ef7 l\u1ec7 s\u1ed1ng s\u00f3t sau 5 n\u0103m \u1edf G\u0110 I tr\u00ean 90%, G\u0110 II t\u1eeb 60% \u0111\u1ebfn 80%,\n", "G\u0110 III kho\u1ea3ng 50% v\u00e0 G\u0110 IV d\u01b0\u1edbi 30% [2].\n", "Vi\u1ec7c ch\u1ea9n \u0111o\u00e1n ph\u00e1t hi\u1ec7n s\u1edbm v\u00e0 \u0111i\u1ec1u tr\u1ecb k\u1ecbp th\u1eddi _* T\u00e1c gi\u1ea3 li\u00ean h\u1ec7.\n", "c\u00f3 vai tr\u00f2 \u0111\u1eb7c bi\u1ec7t quan tr\u1ecdng trong c\u1ea3i thi\u1ec7n ti\u00ean l\u01b0\u1ee3ng b\u1ec7nh.\n", "H\u1ec7 th\u1ed1ng ph\u00e2n lo\u1ea1i giai \u0111o\u1ea1n UT CTC c\u1ee7a\n", "Li\u00ean \u0111o\u00e0n S\u1ea3n ph\u1ee5 khoa qu\u1ed1c t\u1ebf (FIGO) \u0111\u01b0\u1ee3c s\u1eed d\u1ee5ng r\u1ed9ng r\u00e3i tr\u00ean th\u1ebf gi\u1edbi c\u0169ng nh\u01b0 \u1edf Vi\u1ec7t Nam trong l\u1eadp k\u1ebf ho\u1ea1ch \u0111i\u1ec1u tr\u1ecb UT CTC.\n", "N\u1ebfu ch\u1ec9 d\u1ef1a v\u00e0o th\u0103m kh\u00e1m l\u00e2m s\u00e0ng, vi\u1ec7c \u0111\u00e1nh gi\u00e1 v\u00e0 ph\u00e2n lo\u1ea1i G\u0110 b\u1ec7nh theo ti\u00eau chu\u1ea9n FIGO c\u00f3 t\u1ef7 l\u1ec7 sai s\u00f3t r\u1ea5t cao: tr\u00ean 25% \u1edf G\u0110 I, II t\u1eeb 50%-65% \u1edf\n", "G\u0110 IIA \u0111\u1ebfn IIIB v\u00e0 67% \u1edf G\u0110 IVA.\n", "Hi\u1ec7n nay nh\u1edd c\u00f3 ch\u1ee5p c\u1ed9ng h\u01b0\u1edfng t\u1eeb (CHT) vi\u1ec7c ph\u00e2n lo\u1ea1i, \u0111\u00e1nh gi\u00e1 giai \u0111o\u1ea1n UT CTC tr\u1edf n\u00ean ch\u00ednh x\u00e1c h\u01a1n.\n", "M\u1ed9t s\u1ed1 nghi\u00ean c\u1ee9u cho r\u1eb1ng CHT c\u00f3 th\u1ec3 x\u00e1c \u0111\u1ecbnh UT CTC x\u00e2m l\u1ea5n c\u00e1c m\u00f4 l\u00e2n c\u1eadn t\u1eed cung v\u1edbi \u0111\u1ed9 ch\u00ednh x\u00e1c 88% - 97%, \u0111\u1ed9 \u0111\u1eb7c hi\u1ec7u 93% v\u00e0 gi\u00e1 tr\u1ecb d\u1ef1 b\u00e1o \u00e2m t\u00ednh 94% - 100% [3].\n", "Trong ph\u00e2n lo\u1ea1i giai \u0111o\u1ea1n UT CTC c\u1ed9ng h\u01b0\u1edfng t\u1eeb c\u00f3 \u0111\u1ed9 ch\u00ednh x\u00e1c t\u1eeb 85-96%.\n", "Hi\u1ec7n nay t\u1ea1i Vi\u1ec7t\n", "Nam m\u00e1y CHT 1.5 tesla \u0111\u00e3 \u0111\u01b0\u1ee3c trang b\u1ecb kh\u00e1 r\u1ed9ng r\u00e3i \u1edf c\u00e1c b\u1ec7nh vi\u1ec7n, b\u01b0\u1edbc \u0111\u1ea7u g\u00f3p ph\u1ea7n v\u00e0o ch\u1ea9n \u0111o\u00e1n, ph\u00e2n lo\u1ea1i giai \u0111o\u1ea1n v\u00e0 theo d\u00f5i \u0111i\u1ec1u tr\u1ecb ung th\u01b0 n\u00f3i chung v\u00e0 UT CTC n\u00f3i ri\u00eang.\n", "\u0110\u1ec3 g\u00f3p ph\u1ea7n t\u00ecm hi\u1ec3u v\u1ec1 ch\u1ea9n \u0111o\u00e1n v\u00e0 \u0111i\u1ec1u tr\u1ecb UT CTC, ch\u00fang t\u00f4i th\u1ef1c hi\u1ec7n nghi\u00ean c\u1ee9u n\u00e0y v\u1edbi m\u1ee5c ti\u00eau: \u0111\u00e1nh gi\u00e1 gi\u00e1 tr\u1ecb c\u1ee7a c\u1ed9ng h\u01b0\u1edfng t\u1eeb trong \u0111\u00e1nh gi\u00e1 k\u00edch th\u01b0\u1edbc, x\u00e2m l\u1ea5n, di c\u0103n h\u1ea1ch v\u00e0 ph\u00e2n lo\u1ea1i giai \u0111o\u1ea1n theo FIGO ung th\u01b0 c\u1ed5 t\u1eed cung.\n"], "2": ["2.\n", "\u0110\u1ed1i t\u01b0\u1ee3ng v\u00e0 ph\u01b0\u01a1ng ph\u00e1p nghi\u00ean c\u1ee9u 2.1.\n", "\u0110\u1ed1i t\u01b0\u1ee3ng nghi\u00ean c\u1ee9u + Ti\u00eau chu\u1ea9n l\u1ef1a ch\u1ecdn: - C\u00f3 k\u1ebft qu\u1ea3 m\u00f4 b\u1ec7nh h\u1ecdc l\u00e0 ung th\u01b0 bi\u1ec3u m\u00f4 c\u1ed5 t\u1eed cung - \u0110\u01b0\u1ee3c ch\u1ee5p c\u1ed9ng h\u01b0\u1edfng t\u1eeb tr\u01b0\u1edbc ph\u1eabu thu\u1eadt.\n", "- \u0110\u01b0\u1ee3c ph\u1eabu thu\u1eadt c\u1eaft t\u1eed cung v\u00e0 n\u1ea1o v\u00e9t h\u1ea1ch ch\u1eadu t\u1ea1i b\u1ec7nh vi\u1ec7n K.\n", "- B\u1ec7nh ph\u1ea9m sau ph\u1eabu thu\u1eadt \u0111\u01b0\u1ee3c l\u00e0m gi\u1ea3i ph\u1eabu b\u1ec7nh.\n", "+ Ti\u00eau chu\u1ea9n lo\u1ea1i tr\u1eeb: b\u1ec7nh nh\u00e2n kh\u00f4ng \u0111\u1ee7 c\u00e1c ti\u00eau chu\u1ea9n l\u1ef1a ch\u1ecdn 2.2.\n", "Ph\u01b0\u01a1ng ph\u00e1p nghi\u00ean c\u1ee9u: + Thi\u1ebft k\u1ebf nghi\u00ean c\u1ee9u: m\u00f4 t\u1ea3 c\u1eaft ngang + C\u1ee1 m\u1eabu: s\u1ed1 b\u1ec7nh nh\u00e2n t\u1ed1i thi\u1ec3u t\u00ednh theo c\u00f4ng th\u1ee9c: (Z 1-\u03b1/2 )2.\n", "p(1 - p) n = (p.)2\n", "Trong \u0111\u00f3: - n l\u00e0 s\u1ed1 b\u1ec7nh nh\u00e2n t\u1ed1i thi\u1ec3u c\u1ea7n c\u00f3; - Z 1-\u03b1/2 l\u00e0 tr\u1ecb s\u1ed1 ph\u00e2n ph\u1ed1i chu\u1ea9n, v\u1edbi \u0111\u1ed9 tin c\u1eady 95% th\u00ec Z 1-\u03b1/2 = 1,96.\n", "- p: t\u1ef7 l\u1ec7 ch\u1ea9n \u0111o\u00e1n \u0111\u00fang giai \u0111o\u1ea1n c\u1ee7a UT\n", "CTC tr\u00ean CHT.\n", "Theo m\u1ed9t s\u1ed1 nghi\u00ean c\u1ee9u ch\u1ea9n \u0111o\u00e1n giai \u0111o\u1ea1n UT CTC c\u1ed9ng h\u01b0\u1edfng t\u1eeb c\u00f3 \u0111\u1ed9 ch\u00ednh x\u00e1c l\u00e0 85% - 96%, ch\u1ecdn p = 0,93.\n", "- : \u0111\u1ed9 ch\u00ednh x\u00e1c t\u01b0\u01a1ng \u0111\u1ed1i, ch\u1ecdn b\u1eb1ng 0,05.\n", "Thay s\u1ed1 n = 116 b\u1ec7nh nh\u00e2n.\n", "Ch\u00fang t\u00f4i ch\u1ecdn \u0111\u01b0\u1ee3c 117 b\u1ec7nh nh\u00e2n \u0111\u1ee7 ti\u00eau chu\u1ea9n l\u1ef1a ch\u1ecdn.\n", "+ Ph\u00e2n t\u00edch v\u00e0 x\u1eed l\u00fd s\u1ed1 li\u1ec7u b\u1eb1ng ph\u1ea7n m\u1ec1m\n", "SPSS 20.0.\n"], "3": ["3.\n", "K\u1ebft qu\u1ea3 nghi\u00ean c\u1ee9u 3.1.\n", "\u0110\u1eb7c \u0111i\u1ec3m chung\n", "H\u00ecnh 1.\n", "Ph\u00e2n b\u1ed1 b\u1ec7nh nh\u00e2n ung th\u01b0 c\u1ed5 t\u1eed cung theo \u0111\u1ed9 tu\u1ed5i.\n", "Nh\u1eadn x\u00e9t: tu\u1ed5i trung b\u00ecnh 46,52 \u00b1 9,9, cao nh\u1ea5t 71, th\u1ea5p nh\u1ea5t 25.\n", "28% 40% 21% 10% 00% 05% 10% 15% 20% 25% 30% 35% 40% 45% \u2264 40 > 40-50 >50-60 >60\n", "H\u00ecnh 2.\n", "Ph\u00e2n b\u1ed1 b\u1ec7nh nh\u00e2n theo k\u1ebft qu\u1ea3 m\u00f4 b\u1ec7nh h\u1ecdc.\n", "Nh\u1eadn x\u00e9t: ung th\u01b0 bi\u1ec3u m\u00f4 v\u1ea9y chi\u1ebfm t\u1ec9 l\u1ec7 cao nh\u1ea5t 67,5%.\n", "3.2.\n", "Gi\u00e1 tr\u1ecb c\u1ee7a CHT trong \u0111\u00e1nh gi\u00e1 k\u00edch th\u01b0\u1edbc, x\u00e2m l\u1ea5n, di c\u0103n h\u1ea1ch v\u00e0 ph\u00e2n lo\u1ea1i G\u0110 UT CTC\n", "B\u1ea3ng 1.\n", "\u0110\u1ed1i chi\u1ebfu \u0111\u00e1nh gi\u00e1 k\u00edch th\u01b0\u1edbc kh\u1ed1i u gi\u1eefa CHT v\u00e0 GPB \u0111\u1ea1i th\u1ec3 v\u1edbi c\u00e1c tr\u01b0\u1eddng h\u1ee3p \u0111\u01b0\u1ee3c PT (c\u1ea3 tr\u01b0\u1edbc ho\u1eb7c sau x\u1ea1 tr\u1ecb)\n", "GPB\n", "CHT \u2264 7mm 8 40mm > 40mm T\u1ed5ng\n", "\u0110\u00fang k\u00edch th\u01b0\u1edbc 70 33 6 109\n", "Sai k\u00edch th\u01b0\u1edbc 2 4 2 8\n", "T\u1ed5ng 72 37 8 117\n", "Nh\u1eadn x\u00e9t: v\u1edbi sai l\u1ec7ch trong kho\u1ea3ng 5mm, Acc = 109/117 = 93,2% (p < 0,05).\n", "B\u1ea3ng 2.\n", "\u0110\u1ed1i chi\u1ebfu \u0111\u00e1nh gi\u00e1 x\u00e2m l\u1ea5n \u00e2m \u0111\u1ea1o gi\u1eefa CHT v\u00e0 GPB v\u1edbi c\u00e1c tr\u01b0\u1eddng h\u1ee3p \u0111\u01b0\u1ee3c PT tr\u01b0\u1edbc ho\u1eb7c sau x\u1ea1 tr\u1ecb\n", "GPB\n", "CHT\n", "D\u01b0\u01a1ng t\u00ednh \u00c2m t\u00ednh T\u1ed5ng\n", "C\u00f3 x\u00e2m l\u1ea5n 6 2 8\n", "Kh\u00f4ng x\u00e2m l\u1ea5n 2 107 109\n", "T\u1ed5ng 8 109 117\n", "Nh\u1eadn x\u00e9t: Se = 6/8; Sp = 107/109 = 98,2%; Acc = 113/117 = 96,6%; PPV = 6/8; NPV = 107/109 = 98,2%.\n", "67.5% 23.1% 9.4%\n", "UTBM v\u1ea9y\n", "UTBM tuy\u1ebfn\n", "Lo\u1ea1i kh\u00e1c\n", "B\u1ea3ng 3.\n", "\u0110\u1ed1i chi\u1ebfu \u0111\u00e1nh gi\u00e1 x\u00e2m l\u1ea5n d\u00e2y ch\u1eb1ng r\u1ed9ng gi\u1eefa CHT v\u00e0 GPB c\u1ee7a c\u00e1c tr\u01b0\u1eddng h\u1ee3p \u0111\u01b0\u1ee3c PT tr\u01b0\u1edbc ho\u1eb7c sau x\u1ea1 tr\u1ecb\n", "GPB\n", "CHT\n", "D\u01b0\u01a1ng t\u00ednh \u00c2m t\u00ednh T\u1ed5ng\n", "C\u00f3 x\u00e2m l\u1ea5n DCR 5 2 7\n", "Ko x\u00e2m l\u1ea5n DCR 0 110 110\n", "T\u1ed5ng 5 112 117\n", "Nh\u1eadn x\u00e9t: Se = 5/5; Sp = 110/112 = 98,2%; Acc = 115/117 = 98,3%; PPV = 5/7; NPV = 110/110 = 100%\n", "B\u1ea3ng 4.\n", "\u0110\u1ed1i chi\u1ebfu \u0111\u00e1nh gi\u00e1 x\u00e2m l\u1ea5n th\u00e0nh b\u00ean ch\u1eadu h\u00f4ng gi\u1eefa CHT v\u00e0 GPB \u1edf c\u00e1c tr\u01b0\u1eddng h\u1ee3p \u0111\u01b0\u1ee3c ph\u1eabu thu\u1eadt tr\u01b0\u1edbc ho\u1eb7c sau x\u1ea1 tr\u1ecb\n", "GPB\n", "CHT\n", "D\u01b0\u01a1ng t\u00ednh \u00c2m t\u00ednh T\u1ed5ng\n", "C\u00f3 x\u00e2m l\u1ea5n 0 1 1\n", "Kh\u00f4ng x\u00e2m l\u1ea5n 1 115 116\n", "T\u1ed5ng 1 116 117\n", "Nh\u1eadn x\u00e9t: Acc = 115/117 = 98,3%; Sp = 115/116 = 99,1%; NPV = 115/116 = 99,1%\n", "B\u1ea3ng 5.\n", "\u0110\u1ed1i chi\u1ebfu \u0111\u00e1nh gi\u00e1 di c\u0103n h\u1ea1ch gi\u1eefa CHT v\u00e0 GPB v\u1edbi c\u00e1c tr\u01b0\u1eddng h\u1ee3p PT tr\u01b0\u1edbc ho\u1eb7c sau x\u1ea1 tr\u1ecb\n", "GPB\n", "CHT\n", "D\u01b0\u01a1ng t\u00ednh \u00c2m t\u00ednh T\u1ed5ng\n", "C\u00f3 di c\u0103n h\u1ea1ch 7 2 9\n", "Ko di c\u0103n h\u1ea1ch 11 97 108\n", "T\u1ed5ng 18 99 117\n", "Nh\u1eadn x\u00e9t: Se = 7/18; Sp = 97/99 = 98,0%; Acc = 104/117 = 88,9%; PPV = 7/9; NPV = 97/108 = 89,8%\n", "B\u1ea3ng 6.\n", "Gi\u00e1 tr\u1ecb ch\u1ea9n \u0111o\u00e1n \u0111\u00fang giai \u0111o\u1ea1n UT CTC c\u1ee7a CHT so v\u1edbi GPB v\u1edbi c\u00e1c tr\u01b0\u1eddng h\u1ee3p \u0111\u01b0\u1ee3c PT tr\u01b0\u1edbc ho\u1eb7c sau x\u1ea1 tr\u1ecb.\n", "GPB\n", "CHT \u00c2m t\u00ednh\n", "D\u01b0\u01a1ng t\u00ednh\n", "T\u1ed5ng\n", "IA IB IIA IIB IIIB IIIC\n", "Kh\u00f4ng th\u1ea5y u 54 54\n", "C\u00f3 th\u1ea5y u\n", "\u0110\u00fang G\u0110 7 25 1 3 0 7 43\n", "Sai G\u0110 2 3 1 2 0 1 11 20\n", "T\u1ed5ng 56 10 26 3 3 1 18 117\n", "Nh\u1eadn x\u00e9t: G\u0110 IA: Acc = 7/10; G\u0110 IB: Acc = 25/26 = 96,1%; G\u0110 IIA: Acc = 1/3; G\u0110 IIB: Acc = 3/3; G\u0110 IIIC: Acc = 7/18.\n", "T\u00ednh chung: Acc = 97/117 = 82,9%\n", "B\u1ea3ng 7.\n", "Gi\u00e1 tr\u1ecb ch\u1ea9n \u0111o\u00e1n \u0111\u00fang giai \u0111o\u1ea1n UT CTC c\u1ee7a CHT so v\u1edbi GPB v\u1edbi c\u00e1c tr\u01b0\u1eddng h\u1ee3p \u0111\u01b0\u1ee3c PT sau x\u1ea1 tr\u1ecb\n", "GPB\n", "CHT \u00c2m t\u00ednh\n", "D\u01b0\u01a1ng t\u00ednh\n", "T\u1ed5ng\n", "IA IB IIA IIB IIIB IIIC\n", "Kh\u00f4ng th\u1ea5y u 50 1 4 55\n", "C\u00f3 th\u1ea5y u \u0110\u00fang G\u0110 3 1 1 2 7\n", "Sai G\u0110 2 2 1 3 8\n", "T\u1ed5ng 52 4 1 2 1 1 9 70\n", "Nh\u1eadn x\u00e9t: G\u0110 IA: Acc = 3/4; G\u0110 IB: Acc = 1/1; G\u0110 IIA: Acc = 0/2; G\u0110 IIB: Acc = 1/1; G\u0110 IIIB:\n", "Acc = 0/1; G\u0110 IIIC: ACC = 2/9.\n", "T\u00ednh chung: Acc = 57/70 = 81,4%\n", "B\u1ea3ng 8.\n", "Gi\u00e1 tr\u1ecb ch\u1ea9n \u0111o\u00e1n \u0111\u00fang giai \u0111o\u1ea1n UT CTC c\u1ee7a CHT so v\u1edbi GPB \u1edf c\u00e1c tr\u01b0\u1eddng h\u1ee3p \u0111\u01b0\u1ee3c PT tr\u01b0\u1edbc x\u1ea1 tr\u1ecb\n", "GPB\n", "CHT \u00c2m t\u00ednh\n", "D\u01b0\u01a1ng t\u00ednh\n", "IA IB IIA IIB IIIC T\u1ed5ng\n", "Kh\u00f4ng th\u1ea5y u 4 2 6\n", "C\u00f3 th\u1ea5y u\n", "\u0110\u00fang G\u0110 4 24 1 2 5 36\n", "Sai G\u0110 1 4 5\n", "T\u1ed5ng 4 6 25 1 2 9 47\n", "Nh\u1eadn x\u00e9t: G\u0110 IA: Acc = 4/6; G\u0110 IB: Acc = 24/25 = 96,0%; G\u0110 IIA: Acc = 1/1; G\u0110 IIB: Acc = 2/2.\n", "T\u00ednh chung: Acc = 40/47 = 85,1%.\n", "B\u1ea3ng 9.\n", "Gi\u00e1 tr\u1ecb ch\u1ea9n \u0111o\u00e1n \u0111\u00fang giai \u0111o\u1ea1n UT CTC c\u1ee7a l\u00e2m s\u00e0ng so v\u1edbi GPB \u1edf c\u00e1c tr\u01b0\u1eddng h\u1ee3p \u0111\u01b0\u1ee3c PT tr\u01b0\u1edbc x\u1ea1 tr\u1ecb\n", "GPB\n", "LS \u00c2m t\u00ednh\n", "D\u01b0\u01a1ng t\u00ednh\n", "T\u1ed5ng\n", "IA IB IIA IIB IIIC\n", "Kh\u00f4ng th\u1ea5y u 2 2 1 5\n", "C\u00f3 th\u1ea5y u\n", "\u0110\u00fang G\u0110 23 1 24\n", "Sai G\u0110 2 4 2 1 1 8 18\n", "T\u1ed5ng 4 6 25 1 2 9 47\n", "Nh\u1eadn x\u00e9t: G\u0110 IA: Acc = 0/6; G\u0110 IB: Acc = 23/25 = 92,0%; G\u0110 IIA: Acc = 0/1; G\u0110 IIB: Acc =1/2;\n", "G\u0110 IIIC: Acc = 0/9.T\u00ednh chung: Acc = 26/47 = 55,3 %\n", "H\u00ecnh 3.\n", "H\u00ecnh \u1ea3nh UT CTC tr\u01b0\u1edbc ph\u1eabu thu\u1eadt: giai \u0111o\u1ea1n IB.\n", "GPB sau ph\u1eabu thu\u1eadt: giai \u0111o\u1ea1n IB.\n", "Nguy\u1ec5n Thu H.\n", "46 tu\u1ed5i.\n", "S\u1ed1 BA 17308386.\n", "H\u00ecnh 4.\n", "H\u00ecnh \u1ea3nh UT CTC tr\u01b0\u1edbc ph\u1eabu thu\u1eadt: giai \u0111o\u1ea1n IIB.\n", "GPB sau ph\u1eabu thu\u1eadt: giai \u0111o\u1ea1n IIB.\n", "Nguy\u1ec5n Th\u1ecb\n", "Ph\u01b0\u01a1ng H.\n", "47 tu\u1ed5i.\n", "S\u1ed1 BA 17303392.\n"], "4": ["4.\n", "B\u00e0n lu\u1eadn 4.1.\n", "\u0110\u1eb7c \u0111i\u1ec3m chung\n", "Tu\u1ed5i: nghi\u00ean c\u1ee9u 117 tr\u01b0\u1eddng h\u1ee3p UT CTC ch\u00fang t\u00f4i th\u1ea5y tu\u1ed5i th\u1ea5p nh\u1ea5t 25, cao nh\u1ea5t 71, trung b\u00ecnh 46,52 \u00b1 9,9, \u0111\u1ed9 tu\u1ed5i t\u1eeb tr\u00ean 40 \u0111\u1ebfn 50 chi\u1ebfm t\u1ef7 l\u1ec7 cao nh\u1ea5t (40,2%).\n", "K\u1ebft qu\u1ea3 nghi\u00ean c\u1ee9u c\u1ee7a Ng\u00f4 Th\u1ecb T\u00ednh v\u1edbi 210 b\u1ec7nh nh\u00e2n UT CTC \u1edf G\u0110 IB-IIB ghi nh\u1eadn nh\u00f3m tu\u1ed5i \u2265 40 chi\u1ebfm 84,8%, trung b\u00ecnh 48-52 tu\u1ed5i [4].\n", "Kh\u00e1c bi\u1ec7t n\u00e0y c\u00f3 th\u1ec3 do \u0111\u1ed1i t\u01b0\u1ee3ng nghi\u00ean c\u1ee9u c\u1ee7a ch\u00fang t\u00f4i l\u00e0 c\u00e1c tr\u01b0\u1eddng h\u1ee3p \u0111\u01b0\u1ee3c\n", "PT, \u0111\u00e2y l\u00e0 nh\u1eefng tr\u01b0\u1eddng h\u1ee3p c\u00f3 \u0111\u1ee7 s\u1ee9c kho\u1ebb, kh\u00f4ng c\u00f3 b\u1ec7nh m\u1ea1n t\u00ednh k\u00e8m theo nh\u01b0 tim m\u1ea1ch, h\u00f4 h\u1ea5p, kh\u00f4ng c\u00f3 ch\u1ed1ng ch\u1ec9 \u0111\u1ecbnh trong g\u00e2y m\u00ea n\u00ean \u00edt tu\u1ed5i h\u01a1n so v\u1edbi \u0111\u1ed9 tu\u1ed5i c\u1ee7a nh\u00f3m kh\u00f4ng\n", "PT.\n", "Nh\u01b0 v\u1eady \u0111\u1ed9 tu\u1ed5i c\u1ee7a BN c\u00f3 li\u00ean quan t\u1edbi l\u1ef1a ch\u1ecdn ph\u01b0\u01a1ng ph\u00e1p \u0111i\u1ec1u tr\u1ecb.\n", "M\u00f4 b\u1ec7nh h\u1ecdc: Trong 117 tr\u01b0\u1eddng h\u1ee3p UT\n", "CTC \u0111\u01b0\u1ee3c nghi\u00ean c\u1ee9u, UTBM v\u1ea3y c\u00f3 79 tr\u01b0\u1eddng h\u1ee3p chi\u1ebfm t\u1ef7 l\u1ec7 cao nh\u1ea5t 67,5%, UTBM tuy\u1ebfn c\u00f3 27 tr\u01b0\u1eddng h\u1ee3p chi\u1ebfm t\u1ec9 l\u1ec7 23,1%, 11 tr\u01b0\u1eddng h\u1ee3p c\u00f2n l\u1ea1i (9,4%).\n", "X\u00e9t v\u1ec1 t\u1ed5ng th\u1ec3 k\u1ebft qu\u1ea3 n\u00e0y t\u01b0\u01a1ng t\u1ef1 k\u1ebft qu\u1ea3 nghi\u00ean c\u1ee9u c\u1ee7a Ng\u00f4 Th\u1ecb T\u00ednh UTBM\n", "TB v\u1ea3y chi\u1ebfm 81,9%, tuy\u1ebfn 14,4% [4].\n", "Tuy nhi\u00ean x\u00e9t chi ti\u1ebft ch\u00fang t\u00f4i th\u1ea5y t\u1ec9 l\u1ec7 UTBM v\u1ea9y trong nghi\u00ean c\u1ee9u c\u1ee7a ch\u00fang t\u00f4i th\u1ea5p h\u01a1n, t\u1ec9 l\u1ec7\n", "UTBM tuy\u1ebfn trong nghi\u00ean c\u1ee9u c\u1ee7a ch\u00fang t\u00f4i cao h\u01a1n so v\u1edbi nghi\u00ean c\u1ee9u c\u1ee7a Ng\u00f4 Th\u1ecb T\u00ednh.\n", "Ph\u00f9 h\u1ee3p v\u1edbi nghi\u00ean c\u1ee9u c\u1ee7a Okamoto v\u00e0 cs c\u0169ng nh\u01b0 c\u1ee7a Smith v\u00e0 cs \u0111\u1ec1u cho r\u1eb1ng trong nh\u1eefng n\u0103m g\u1ea7n \u0111\u00e2y t\u1ec9 l\u1ec7 UTBM v\u1ea9y gi\u1ea3m trong khi t\u1ec9 l\u1ec7\n", "UTBM tuy\u1ebfn t\u0103ng.\n", "Pettersson cho r\u1eb1ng nguy\u00ean nh\u00e2n do s\u1eed d\u1ee5ng x\u00e9t nghi\u1ec7m t\u1ebf b\u00e0o h\u1ecdc trong t\u1ea7m so\u00e1t v\u00e0 ph\u00e1t hi\u1ec7n ung th\u01b0 CTC, x\u00e9t nghi\u1ec7m t\u1ebf b\u00e0o d\u1ec5 d\u00e0ng ph\u00e1t hi\u1ec7n UTBM v\u1ea9y nh\u01b0ng kh\u00f3 ph\u00e1t hi\u1ec7n UTBM tuy\u1ebfn.\n", "4.2.\n", "Gi\u00e1 tr\u1ecb c\u1ee7a CHT trong \u0111\u00e1nh gi\u00e1 k\u00edch th\u01b0\u1edbc, x\u00e2m l\u1ea5n, di c\u0103n h\u1ea1ch v\u00e0 ph\u00e2n lo\u1ea1i giai \u0111o\u1ea1n ung th\u01b0 c\u1ed5 t\u1eed cung 4.2.1.\n", "Gi\u00e1 tr\u1ecb c\u1ee7a CHT trong \u0111\u00e1nh gi\u00e1 k\u00edch th\u01b0\u1edbc u\n", "Trong 117 tr\u01b0\u1eddng h\u1ee3p \u0111\u01b0\u1ee3c PT, ch\u1ea5p nh\u1eadn sai l\u1ec7ch trong kho\u1ea3ng 5mm gi\u1eefa CHT v\u00e0 GPB \u0111\u1ea1i th\u1ec3 (ch\u00eanh l\u1ec7ch 5mm l\u00e0 t\u00ednh \u0111\u1ebfn sai l\u1ec7ch trong qu\u00e1 tr\u00ecnh b\u1ea3o qu\u1ea3n b\u1ec7nh ph\u1ea9m sau m\u1ed5) ch\u00fang t\u00f4i x\u00e1c \u0111\u1ecbnh \u0111\u01b0\u1ee3c CHT \u0111\u00e1nh gi\u00e1 k\u00edch th\u01b0\u1edbc u CTC c\u00f3 \u0111\u1ed9 ch\u00ednh x\u00e1c \u0111\u1ea1t 93,2%.\n", "K\u1ebft qu\u1ea3 nghi\u00ean c\u1ee9u c\u1ee7a ch\u00fang t\u00f4i t\u01b0\u01a1ng t\u1ef1 nh\u01b0 c\u00e1c k\u1ebft qu\u1ea3 nghi\u00ean c\u1ee9u c\u1ee7a c\u00e1c nh\u00f3m t\u00e1c gi\u1ea3\n", "Hricak v\u00e0 cs, Subak v\u00e0 cs c\u0169ng nh\u01b0 c\u1ee7a Shadev v\u00e0 cs \u0111\u1ec1u ghi nh\u1eadn v\u1edbi sai s\u1ed1 5 mm CHT \u0111\u00e1nh gi\u00e1 k\u00edch th\u01b0\u1edbc kh\u1ed1i u CTC \u0111\u1ea1t \u0111\u1ed9 ch\u00ednh x\u00e1c 93% [3].\n", "K\u1ebft qu\u1ea3 n\u00e0y c\u0169ng ph\u00f9 h\u1ee3p v\u1edbi k\u1ebft qu\u1ea3 nghi\u00ean c\u1ee9u c\u1ee7a \u0111a trung t\u00e2m v\u1edbi 208 b\u1ec7nh nh\u00e2n UT CTC \u0111\u00e3 ghi nh\u1eadn CHT \u0111\u00e1nh gi\u00e1 k\u00edch th\u01b0\u1edbc u c\u00f3 \u0111\u1ed9 ch\u00ednh x\u00e1c t\u1eeb 79-94%.\n", "Khi kh\u1ea3o s\u00e1t gi\u00e1 tr\u1ecb c\u1ee7a CHT trong \u0111\u00e1nh gi\u00e1 k\u00edch th\u01b0\u1edbc u \u1edf 70 tr\u01b0\u1eddng h\u1ee3p \u0111\u01b0\u1ee3c PT sau x\u1ea1 tr\u1ecb ch\u00fang t\u00f4i th\u1ea5y CHT c\u00f3 \u0111\u1ed9 ch\u00ednh x\u00e1c 98,6%.\n", "T\u01b0\u01a1ng t\u1ef1, khi kh\u1ea3o s\u00e1t gi\u00e1 tr\u1ecb c\u1ee7a CHT trong \u0111\u00e1nh gi\u00e1 k\u00edch th\u01b0\u1edbc u \u1edf 47 tr\u01b0\u1eddng h\u1ee3p \u0111\u01b0\u1ee3c PT tr\u01b0\u1edbc x\u1ea1 tr\u1ecb ch\u00fang t\u00f4i th\u1ea5y CHT c\u00f3 \u0111\u1ed9 ch\u00ednh x\u00e1c 85,1%.\n", "Nh\u01b0 v\u1eady \u0111\u1ed9 ch\u00ednh x\u00e1c c\u1ee7a CHT trong \u0111\u00e1nh gi\u00e1 k\u00edch th\u01b0\u1edbc u CTC sau x\u1ea1 tr\u1ecb cao h\u01a1n so v\u1edbi tr\u01b0\u1edbc x\u1ea1 tr\u1ecb.\n", "Kh\u00e1c bi\u1ec7t n\u00e0y c\u00f3 th\u1ec3 do d\u01b0\u1edbi t\u00e1c d\u1ee5ng c\u1ee7a x\u1ea1 tr\u1ecb ho\u1eb7c ho\u00e1 x\u1ea1 tr\u1ecb ti\u1ec1n ph\u1eabu kh\u1ed1i u ti\u00eau bi\u1ebfn ho\u1eb7c thu nh\u1ecf k\u00edch th\u01b0\u1edbc, t\u1ea1o \u0111i\u1ec1u ki\u1ec7n thu\u1eadn l\u1ee3i cho CHT \u0111\u00e1nh gi\u00e1 k\u00edch th\u01b0\u1edbc u ch\u00ednh x\u00e1c h\u01a1n.\n", "Kh\u1ea3o s\u00e1t gi\u00e1 tr\u1ecb c\u1ee7a LS trong ch\u1ea9n \u0111o\u00e1n k\u00edch th\u01b0\u1edbc u CTC v\u1edbi 47 tr\u01b0\u1eddng h\u1ee3p \u0111\u01b0\u1ee3c PT tr\u01b0\u1edbc x\u1ea1 tr\u1ecb ch\u00fang t\u00f4i th\u1ea5y LS c\u00f3 \u0111\u1ed9 ch\u00ednh x\u00e1c \u0111\u1ea1t 57,4%.\n", "C\u00e1c nghi\u00ean c\u1ee9u c\u1ee7a Okamoto v\u00e0 cs,\n", "Michell v\u00e0 cs c\u0169ng nh\u01b0 c\u1ee7a Nicolet v\u00e0 cs \u0111\u1ec1u ghi nh\u1eadn \u0111\u1ed9 ch\u00ednh x\u00e1c c\u1ee7a LS trong \u0111\u00e1nh gi\u00e1 k\u00edch th\u01b0\u1edbc u l\u00e0 60% [4].\n", "\u0110\u1ed9 ch\u00ednh x\u00e1c c\u1ee7a LS th\u1ea5p h\u01a1n nhi\u1ec1u so v\u1edbi CHT.\n", "Nh\u01b0 v\u1eady: CHT c\u00f3 \u0111\u1ed9 ch\u00ednh x\u00e1c cao trong \u0111\u00e1nh gi\u00e1 k\u00edch th\u01b0\u1edbc u CTC (93,2%).\n", "\u0110\u1ed9 ch\u00ednh x\u00e1c c\u1ee7a CHT trong \u0111\u00e1nh gi\u00e1 k\u00edch th\u01b0\u1edbc u \u1edf c\u00e1c\n", "CHT ch\u00ednh x\u00e1c h\u01a1n LS trong \u0111\u00e1nh gi\u00e1 k\u00edch th\u01b0\u1edbc u CTC (LS c\u00f3 \u0111\u1ed9 ch\u00ednh x\u00e1c ch\u1ec9 \u0111\u1ea1t 57,4%).\n", "4.2.2.\n", "Gi\u00e1 tr\u1ecb c\u1ee7a CHT trong \u0111\u00e1nh gi\u00e1 x\u00e2m l\u1ea5n \u00e2m \u0111\u1ea1o\n", "Trong 117 tr\u01b0\u1eddng h\u1ee3p \u0111\u01b0\u1ee3c ph\u1eabu thu\u1eadt CHT c\u00f3 \u0111\u1ed9 \u0111\u1eb7c hi\u1ec7u 98,2%, \u0111\u1ed9 ch\u00ednh x\u00e1c 96,6%, gi\u00e1 tr\u1ecb d\u1ef1 b\u00e1o \u00e2m t\u00ednh 98,2%, \u0111\u1ed9 nh\u1ea1y v\u00e0 gi\u00e1 tr\u1ecb d\u1ef1 b\u00e1o d\u01b0\u01a1ng t\u00ednh \u0111\u1ec1u l\u00e0 6/8.\n", "K\u1ebft qu\u1ea3 n\u00e0y ph\u00f9 h\u1ee3p v\u1edbi Hricak v\u00e0 cs: CHT \u0111\u00e1nh gi\u00e1 x\u00e2m l\u1ea5n \u00e2m \u0111\u1ea1o c\u00f3 \u0111\u1ed9 ch\u00ednh x\u00e1c 95% [3] c\u0169ng nh\u01b0 nghi\u00ean c\u1ee9u c\u1ee7a Bourgioti v\u00e0 cs:\n", "CHT \u0111\u00e1nh gi\u00e1 x\u00e2m l\u1ea5n \u00e2m \u0111\u1ea1o c\u00f3 \u0111\u1ed9 nh\u1ea1y 86- 91%, \u0111\u1ed9 \u0111\u1eb7c hi\u1ec7u 94-96% [5].\n", "Tuy nhi\u00ean \u0111\u1ed9 ch\u00ednh x\u00e1c c\u1ee7a CHT \u0111\u00e1nh gi\u00e1 x\u00e2m l\u1ea5n \u00e2m \u0111\u1ea1o trong nghi\u00ean c\u1ee9u c\u1ee7a ch\u00fang t\u00f4i cao h\u01a1n so v\u1edbi nghi\u00ean c\u1ee9u c\u1ee7a Sala v\u00e0 cs, c\u00e1c t\u00e1c gi\u1ea3 n\u00e0y cho r\u1eb1ng gi\u00e1 tr\u1ecb n\u00e0y l\u00e0 86-93% [2].\n", "S\u1ef1 kh\u00e1c bi\u1ec7t n\u00e0y c\u00f3 th\u1ec3 do c\u00e1c tr\u01b0\u1eddng h\u1ee3p UT CTC \u0111\u01b0\u1ee3c PT trong nghi\u00ean c\u1ee9u c\u1ee7a ch\u00fang t\u00f4i c\u00f3 t\u1ec9 l\u1ec7 x\u00e2m l\u1ea5n \u00e2m \u0111\u1ea1o th\u1ea5p (ch\u1ec9 c\u00f3 8/117 tr\u01b0\u1eddng h\u1ee3p chi\u1ebfm t\u1ec9 l\u1ec7 6,8%).\n", "Kh\u1ea3o s\u00e1t gi\u00e1 tr\u1ecb c\u1ee7a CHT trong \u0111\u00e1nh gi\u00e1 x\u00e2m l\u1ea5n \u00e2m \u0111\u1ea1o \u1edf c\u00e1c tr\u01b0\u1eddng h\u1ee3p \u0111\u01b0\u1ee3c PT sau x\u1ea1 tr\u1ecb, ch\u00fang t\u00f4i nh\u1eadn th\u1ea5y CHT c\u00f3 \u0111\u1ed9 \u0111\u1eb7c hi\u1ec7u 100%, \u0111\u1ed9 ch\u00ednh x\u00e1c 97,1%, gi\u00e1 tr\u1ecb d\u1ef1 b\u00e1o \u00e2m t\u00ednh 97,0%, \u0111\u1ed9 nh\u1ea1y l\u00e0 3/5 v\u00e0 gi\u00e1 tr\u1ecb d\u1ef1 b\u00e1o d\u01b0\u01a1ng t\u00ednh l\u00e0 3/3.\n", "Kh\u1ea3o s\u00e1t gi\u00e1 tr\u1ecb c\u1ee7a CHT trong \u0111\u00e1nh gi\u00e1 x\u00e2m l\u1ea5n \u00e2m \u0111\u1ea1o \u1edf c\u00e1c tr\u01b0\u1eddng h\u1ee3p \u0111\u01b0\u1ee3c PT tr\u01b0\u1edbc x\u1ea1 tr\u1ecb ch\u00fang t\u00f4i th\u1ea5y CHT c\u00f3 \u0111\u1ed9 \u0111\u1eb7c hi\u1ec7u 95,5%, \u0111\u1ed9 ch\u00ednh x\u00e1c 95,7%, gi\u00e1 tr\u1ecb d\u1ef1 b\u00e1o \u00e2m t\u00ednh 100%, \u0111\u1ed9 nh\u1ea1y l\u00e0 3/3 v\u00e0 gi\u00e1 tr\u1ecb d\u1ef1 b\u00e1o d\u01b0\u01a1ng t\u00ednh l\u00e0 3/5.\n", "Nh\u01b0 v\u1eady \u0111\u1ed9 ch\u00ednh x\u00e1c c\u1ee7a CHT trong \u0111\u00e1nh gi\u00e1 x\u00e2m l\u1ea5n \u00e2m \u0111\u1ea1o \u1edf c\u00e1c tr\u01b0\u1eddng h\u1ee3p \u0111\u01b0\u1ee3c ph\u1eabu thu\u1eadt sau x\u1ea1 tr\u1ecb cao h\u01a1n c\u00e1c tr\u01b0\u1eddng h\u1ee3p \u0111\u01b0\u1ee3c ph\u1eabu thu\u1eadt tr\u01b0\u1edbc x\u1ea1 tr\u1ecb (97,1% so v\u1edbi 95,5%).\n", "Ch\u1ee9ng t\u1ecf x\u1ea1 tr\u1ecb ho\u1eb7c ho\u00e1 x\u1ea1 tr\u1ecb c\u00f3 \u1ea3nh h\u01b0\u1edfng t\u1edbi gi\u00e1 tr\u1ecb ch\u1ea9n \u0111o\u00e1n x\u00e2m l\u1ea5n \u00e2m \u0111\u1ea1o c\u1ee7a\n", "CHT.\n", "C\u00f3 th\u1ec3 d\u01b0\u1edbi t\u00e1c d\u1ee5ng c\u1ee7a x\u1ea1 tr\u1ecb ho\u1eb7c ho\u00e1 x\u1ea1 tr\u1ecb t\u1ed5n th\u01b0\u01a1ng x\u00e2m l\u1ea5n \u00e2m \u0111\u1ea1o co nh\u1ecf ho\u1eb7c ti\u00eau bi\u1ebfn t\u1ea1o \u0111i\u1ec1u ki\u1ec7n thu\u1eadn l\u1ee3i cho CHT \u0111\u00e1nh gi\u00e1 x\u00e2m l\u1ea5n \u00e2m \u0111\u1ea1o ch\u00ednh x\u00e1c h\u01a1n.\n", "Kh\u1ea3o s\u00e1t gi\u00e1 tr\u1ecb c\u1ee7a kh\u00e1m LS trong ch\u1ea9n \u0111o\u00e1n x\u00e2m l\u1ea5n \u00e2m \u0111\u1ea1o \u1edf 47 tr\u01b0\u1eddng h\u1ee3p \u0111\u01b0\u1ee3c PT tr\u01b0\u1edbc x\u1ea1 tr\u1ecb, ch\u00fang t\u00f4i th\u1ea5y kh\u00e1m LS c\u00f3 \u0111\u1ed9 \u0111\u1eb7c hi\u1ec7u 90,9%, \u0111\u1ed9 ch\u00ednh x\u00e1c 87,2%, gi\u00e1 tr\u1ecb d\u1ef1 b\u00e1o \u00e2m t\u00ednh 95,2%, \u0111\u1ed9 nh\u1ea1y l\u00e0 1/3 v\u00e0 gi\u00e1 tr\u1ecb d\u1ef1 b\u00e1o d\u01b0\u01a1ng t\u00ednh l\u00e0 1/5.\n", "LS c\u00f3 gi\u00e1 tr\u1ecb th\u1ea5p h\u01a1n CHT trong ch\u1ea9n \u0111o\u00e1n x\u00e2m l\u1ea5n \u00e2m \u0111\u1ea1o.\n", "Nh\u01b0 v\u1eady: CHT c\u00f3 gi\u00e1 tr\u1ecb cao trong \u0111\u00e1nh gi\u00e1 x\u00e2m l\u1ea5n \u00e2m \u0111\u1ea1o (\u0111\u1ed9 ch\u00ednh x\u00e1c \u0111\u1ea1t 96,6%).\n", "Gi\u00e1 tr\u1ecb c\u1ee7a CHT trong \u0111\u00e1nh gi\u00e1 x\u00e2m l\u1ea5n \u00e2m \u0111\u1ea1o \u1edf c\u00e1c h\u1ee3p PT tr\u01b0\u1edbc x\u1ea1 tr\u1ecb (\u0111\u1ed9 ch\u00ednh x\u00e1c 97,1% so v\u1edbi 95,7%).\n", "CHT ch\u00ednh x\u00e1c h\u01a1n LS trong \u0111\u00e1nh gi\u00e1 x\u00e2m l\u1ea5n \u00e2m \u0111\u1ea1o (\u0111\u1ed9 ch\u00ednh x\u00e1c c\u1ee7a LS ch\u1ec9 \u0111\u1ea1t 87,5%).\n", "4.2.3.\n", "Gi\u00e1 tr\u1ecb c\u1ee7a CHT trong \u0111\u00e1nh gi\u00e1 x\u00e2m l\u1ea5n d\u00e2y ch\u1eb1ng r\u1ed9ng\n", "Trong 117 tr\u01b0\u1eddng h\u1ee3p \u0111\u01b0\u1ee3c ph\u1eabu thu\u1eadt CHT c\u00f3 \u0111\u1ed9 \u0111\u1eb7c hi\u1ec7u 98,2%, \u0111\u1ed9 ch\u00ednh x\u00e1c 98,3%, gi\u00e1 tr\u1ecb d\u1ef1 b\u00e1o \u00e2m t\u00ednh 100%, \u0111\u1ed9 nh\u1ea1y l\u00e0 5/5 v\u00e0 gi\u00e1 tr\u1ecb d\u1ef1 b\u00e1o d\u01b0\u01a1ng t\u00ednh l\u00e0 5/7.\n", "K\u1ebft qu\u1ea3 n\u00e0y kh\u00e1 t\u01b0\u01a1ng \u0111\u1ed3ng v\u1edbi k\u1ebft qu\u1ea3 nghi\u00ean c\u1ee9u c\u1ee7a Charis v\u00e0 cs: trong \u0111\u00e1nh gi\u00e1 x\u00e2m l\u1ea5n d\u00e2y ch\u1eb1ng r\u1ed9ng CHT c\u00f3 \u0111\u1ed9 \u0111\u1eb7c hi\u1ec7u 96%- 99%, gi\u00e1 tr\u1ecb d\u1ef1 b\u00e1o \u00e2m t\u00ednh 94%-100% [6].\n", "Tuy nhi\u00ean theo Sala v\u00e0 cs trong ph\u00e1t hi\u1ec7n x\u00e2m l\u1ea5n d\u00e2y ch\u1eb1ng r\u1ed9ng CHT c\u00f3 \u0111\u1ed9 ch\u00ednh x\u00e1c t\u1eeb 88% \u0111\u1ebfn 97%, \u0111\u1ed9 \u0111\u1eb7c hi\u1ec7u 93% [2].\n", "Nghi\u00ean c\u1ee9u c\u1ee7a\n", "Hricak v\u00e0 cs c\u0169ng cho r\u1eb1ng \u0111\u00e1nh gi\u00e1 x\u00e2m l\u1ea5n m\u00f4 c\u1eadn c\u1ed5 t\u1eed cung v\u00e0 d\u00e2y ch\u1eb1ng r\u1ed9ng c\u1ee7a CHT c\u00f3 \u0111\u1ed9 ch\u00ednh x\u00e1c l\u00e0 88% [3].\n", "Kh\u00e1c bi\u1ec7t gi\u1eefa c\u00e1c k\u1ebft qu\u1ea3 nghi\u00ean c\u1ee9u n\u00e0y c\u00f3 th\u1ec3 do 117 tr\u01b0\u1eddng h\u1ee3p \u0111\u01b0\u1ee3c ph\u1eabu thu\u1eadt trong nghi\u00ean c\u1ee9u c\u1ee7a ch\u00fang t\u00f4i t\u1ec9 l\u1ec7 x\u00e2m l\u1ea5n d\u00e2y ch\u1eb1ng r\u1ed9ng th\u1ea5p (ch\u1ec9 c\u00f3 5\n", "Khi kh\u1ea3o s\u00e1t gi\u00e1 tr\u1ecb c\u1ee7a CHT trong \u0111\u00e1nh gi\u00e1 x\u00e2m l\u1ea5n DCR \u1edf c\u00e1c tr\u01b0\u1eddng h\u1ee3p \u0111\u01b0\u1ee3c PT sau x\u1ea1 tr\u1ecb ch\u00fang t\u00f4i nh\u1eadn th\u1ea5y \u0111\u1ed9 \u0111\u1eb7c hi\u1ec7u, \u0111\u1ed9 ch\u00ednh x\u00e1c v\u00e0 gi\u00e1 tr\u1ecb d\u1ef1 b\u00e1o \u00e2m t\u00ednh \u0111\u1ec1u \u0111\u1ea1t 100%, \u0111\u1ed9 nh\u1ea1y v\u00e0 gi\u00e1 tr\u1ecb d\u1ef1 b\u00e1o d\u01b0\u01a1ng t\u00ednh \u0111\u1ec1u l\u00e0 3/3.\n", "C\u00e1c t\u00f4i th\u1ea5y CHT c\u00f3 \u0111\u1ed9 \u0111\u1eb7c hi\u1ec7u 95,6%, \u0111\u1ed9 ch\u00ednh x\u00e1c 95,7%, gi\u00e1 tr\u1ecb d\u1ef1 b\u00e1o \u00e2m t\u00ednh 100,0%, \u0111\u1ed9 nh\u1ea1y l\u00e0 2/2 v\u00e0 gi\u00e1 tr\u1ecb d\u1ef1 b\u00e1o d\u01b0\u01a1ng t\u00ednh l\u00e0 2/4.\n", "Kh\u00e1c bi\u1ec7t n\u00e0y c\u00f3 th\u1ec3 do d\u01b0\u1edbi t\u00e1c d\u1ee5ng x\u1ea1 tr\u1ecb ho\u1eb7c ho\u00e1 x\u1ea1 tr\u1ecb t\u1ed5n th\u01b0\u01a1ng x\u00e2m l\u1ea5n ti\u00eau bi\u1ebfn ho\u1eb7c teo nh\u1ecf t\u1ea1o \u0111i\u1ec1u ki\u1ec7n cho CHT \u0111\u00e1nh gi\u00e1 ch\u00ednh x\u00e1c h\u01a1n.\n", "Kh\u1ea3o s\u00e1t gi\u00e1 tr\u1ecb c\u1ee7a LS trong \u0111\u00e1nh gi\u00e1 x\u00e2m l\u1ea5n DCR \u1edf 47 tr\u01b0\u1eddng h\u1ee3p \u0111\u01b0\u1ee3c PT tr\u01b0\u1edbc x\u1ea1 tr\u1ecb, ch\u00fang t\u00f4i th\u1ea5y trong \u0111\u00e1nh gi\u00e1 x\u00e2m l\u1ea5n DCR l\u00e2m s\u00e0ng c\u00f3 \u0111\u1ed9 \u0111\u1eb7c hi\u1ec7u 95,6%, \u0111\u1ed9 ch\u00ednh x\u00e1c 93,6%, gi\u00e1 tr\u1ecb d\u1ef1 b\u00e1o \u00e2m t\u00ednh 97,7%, \u0111\u1ed9 nh\u1ea1y l\u00e0 1/2 v\u00e0 gi\u00e1 tr\u1ecb d\u1ef1 b\u00e1o d\u01b0\u01a1ng t\u00ednh l\u00e0 1/3.\n", "C\u00e1c nghi\u00ean c\u1ee9u c\u1ee7a Hricak v\u00e0 cs c\u0169ng nh\u01b0 c\u1ee7a Zand v\u00e0 cs \u0111\u1ec1u ghi nh\u1eadn \u0111\u1ed9 ch\u00ednh x\u00e1c c\u1ee7a LS trong \u0111\u00e1nh gi\u00e1 x\u00e2m l\u1ea5n d\u00e2y ch\u1eb1ng r\u1ed9ng ch\u1ec9 \u0111\u1ea1t t\u1eeb 29%-53% [3].\n", "LS c\u00f3 gi\u00e1 tr\u1ecb th\u1ea5p h\u01a1n so v\u1edbi CHT trong \u0111\u00e1nh gi\u00e1 x\u00e2m l\u1ea5n d\u00e2y ch\u1eb1ng r\u1ed9ng.\n", "Nh\u01b0 v\u1eady: CHT c\u00f3 \u0111\u1ed9 ch\u00ednh x\u00e1c cao trong \u0111\u00e1nh gi\u00e1 x\u00e2m l\u1ea5n d\u00e2y ch\u1eb1ng r\u1ed9ng (98,3%).\n", "\u0110\u1ed9 ch\u00ednh x\u00e1c c\u1ee7a CHT trong \u0111\u00e1nh gi\u00e1 x\u00e2m l\u1ea5n d\u00e2y ch\u1eb1ng r\u1ed9ng \u1edf c\u00e1c tr\u01b0\u1eddng h\u1ee3p PT tr\u01b0\u1edbc x\u1ea1 tr\u1ecb th\u1ea5p h\u01a1n \u1edf c\u00e1c tr\u01b0\u1eddng h\u1ee3p PT sau x\u1ea1 tr\u1ecb (\u0111\u1ed9 ch\u00ednh x\u00e1c 95,7% so v\u1edbi 100%).\n", "CHT ch\u00ednh x\u00e1c h\u01a1n LS trong \u0111\u00e1nh gi\u00e1 x\u00e2m l\u1ea5n d\u00e2y ch\u1eb1ng r\u1ed9ng (\u0111\u1ed9 ch\u00ednh x\u00e1c 95,7% so v\u1edbi 93,6%).\n", "4.2.4.\n", "Gi\u00e1 tr\u1ecb c\u1ee7a CHT trong \u0111\u00e1nh gi\u00e1 x\u00e2m l\u1ea5n th\u00e0nh b\u00ean ch\u1eadu h\u00f4ng v\u00e0/ho\u1eb7c ni\u1ec7u qu\u1ea3n\n", "V\u1edbi 117 tr\u01b0\u1eddng h\u1ee3p \u0111\u01b0\u1ee3c ph\u1eabu thu\u1eadt CHT c\u00f3 \u0111\u1ed9 ch\u00ednh x\u00e1c 98,3%, \u0111\u1ed9 \u0111\u1eb7c hi\u1ec7u 99,1% v\u00e0 gi\u00e1 tr\u1ecb d\u1ef1 b\u00e1o \u00e2m t\u00ednh 99,1%.\n", "Hricak v\u00e0 cs ghi nh\u1eadn trong \u0111\u00e1nh gi\u00e1 x\u00e2m l\u1ea5n th\u00e0nh b\u00ean ch\u1eadu h\u00f4ng\n", "CHT c\u00f3 \u0111\u1ed9 ch\u00ednh x\u00e1c 93,0% [3].\n", "Nh\u01b0 v\u1eady gi\u00e1 tr\u1ecb c\u1ee7a CHT trong \u0111\u00e1nh gi\u00e1 x\u00e2m l\u1ea5n th\u00e0nh b\u00ean ch\u1eadu h\u00f4ng trong nghi\u00ean c\u1ee9u c\u1ee7a ch\u00fang t\u00f4i cao h\u01a1n nghi\u00ean c\u1ee9u c\u1ee7a Hricak v\u00e0 cs.\n", "S\u1ef1 kh\u00e1c bi\u1ec7t n\u00e0y c\u00f3 th\u1ec3 do c\u00e1c tr\u01b0\u1eddng h\u1ee3p \u0111\u01b0\u1ee3c PT trong nghi\u00ean c\u1ee9u c\u1ee7a ch\u00fang t\u00f4i h\u1ea7u h\u1ebft \u0111\u1ec1u \u1edf G\u0110 s\u1edbm (91,5% th\u00e0nh b\u00ean ch\u1eadu h\u00f4ng th\u1ea5p.\n", "70 tr\u01b0\u1eddng h\u1ee3p \u0111\u01b0\u1ee3c PT sau x\u1ea1 tr\u1ecb, CHT c\u00f3 \u0111\u1ed9 ch\u00ednh x\u00e1c 98,6%.\n", "47 tr\u01b0\u1eddng h\u1ee3p \u0111\u01b0\u1ee3c PT tr\u01b0\u1edbc x\u1ea1 tr\u1ecb, CHT c\u00f3 \u0111\u1ed9 ch\u00ednh x\u00e1c 97,9%.\n", "Trong \u0111\u00e1nh gi\u00e1 x\u00e2m l\u1ea5n th\u00e0nh b\u00ean ch\u1eadu h\u00f4ng \u1edf c\u00e1c gi\u00e1 tr\u1ecb t\u01b0\u01a1ng \u0111\u01b0\u01a1ng nhau.\n", "Nh\u01b0 v\u1eady: CHT c\u00f3 gi\u00e1 tr\u1ecb cao trong \u0111\u00e1nh gi\u00e1 x\u00e2m l\u1ea5n th\u00e0nh b\u00ean ch\u1eadu h\u00f4ng v\u00e0/ho\u1eb7c ni\u1ec7u qu\u1ea3n (\u0111\u1ed9 ch\u00ednh x\u00e1c \u0111\u1ea1t 98,3%).\n", "Trong \u0111\u00e1nh gi\u00e1 x\u00e2m l\u1ea5n th\u00e0nh b\u00ean ch\u1eadu h\u00f4ng \u1edf c\u00e1c tr\u01b0\u1eddng h\u1ee3p \u0111\u01b0\u1ee3c\n", "PT tr\u01b0\u1edbc x\u1ea1 tr\u1ecb v\u00e0 sau x\u1ea1 tr\u1ecb CHT c\u00f3 \u0111\u1ed9 ch\u00ednh x\u00e1c t\u01b0\u01a1ng \u0111\u01b0\u01a1ng nhau (\u0111\u1ed9 ch\u00ednh x\u00e1c t\u01b0\u01a1ng \u1ee9ng l\u00e0 97,9% v\u00e0 98,6%).\n", "4.2.5.\n", "Gi\u00e1 tr\u1ecb c\u1ee7a CHT trong \u0111\u00e1nh gi\u00e1 di c\u0103n h\u1ea1ch\n", "Trong 117 tr\u01b0\u1eddng h\u1ee3p \u0111\u01b0\u1ee3c PT, CHT c\u00f3 \u0111\u1ed9 \u0111\u1eb7c hi\u1ec7u 98,0%, \u0111\u1ed9 ch\u00ednh x\u00e1c 88,9%, gi\u00e1 tr\u1ecb d\u1ef1 b\u00e1o \u00e2m t\u00ednh 89,8%, \u0111\u1ed9 nh\u1ea1y l\u00e0 7/18 v\u00e0 gi\u00e1 tr\u1ecb d\u1ef1 b\u00e1o d\u01b0\u01a1ng t\u00ednh l\u00e0 7/9.\n", "K\u1ebft qu\u1ea3 n\u00e0y kh\u00e1 t\u01b0\u01a1ng \u0111\u1ed3ng v\u1edbi c\u00e1c k\u1ebft qu\u1ea3 nghi\u00ean c\u1ee9u c\u1ee7a c\u00e1c t\u00e1c gi\u1ea3 trong v\u00e0 ngo\u00e0i n\u01b0\u1edbc.\n", "Theo Sala v\u00e0 cs, ph\u00e1t hi\u1ec7n h\u1ea1ch di c\u0103n c\u1ee7a CHT v\u00e0 CLVT \u0111\u1ec1u c\u00f3 \u0111\u1ed9 nh\u1ea1y v\u00e0 \u0111\u1ed9 \u0111\u1eb7c hi\u1ec7u t\u01b0\u01a1ng \u1ee9ng l\u00e0 43% v\u00e0 73%.\n", "Theo\n", "Wei TY v\u00e0 cs ch\u1ea9n \u0111o\u00e1n di c\u0103n h\u1ea1ch ch\u1eadu CHT c\u00f3 \u0111\u1ed9 nh\u1ea1y l\u00e0 70,6%, \u0111\u1ed9 \u0111\u1eb7c hi\u1ec7u 89,8%, gi\u00e1 tr\u1ecb d\u1ef1 b\u00e1o d\u01b0\u01a1ng t\u00ednh 66,7%, gi\u00e1 tr\u1ecb d\u1ef1 b\u00e1o \u00e2m t\u00ednh 91,4% v\u00e0 \u0111\u1ed9 ch\u00ednh x\u00e1c 85,5%.\n", "Nghi\u00ean c\u1ee9u \u0111a \u1ea3nh M\u1ef9 (ACRIN) v\u00e0 Nh\u00f3m ung th\u01b0 ph\u1ee5 khoa (GOG), \u0111\u00e1nh gi\u00e1 di c\u0103n h\u1ea1ch b\u1ea1ch huy\u1ebft c\u1ee7a\n", "CHT c\u00f3 \u0111\u1ed9 nh\u1ea1y l\u00e0 37% (20 trong s\u1ed1 54 b\u1ec7nh nh\u00e2n) v\u00e0 \u0111\u1ed9 \u0111\u1eb7c hi\u1ec7u 94% (99 trong s\u1ed1 105 b\u1ec7nh nh\u00e2n).\n", "Nghi\u00ean c\u1ee9u 108 b\u1ec7nh nh\u00e2n Ng\u00f4 Th\u1ecb T\u00ednh ghi nh\u1eadn ch\u1ea9n \u0111o\u00e1n h\u1ea1ch di c\u0103n CHT c\u00f3 \u0111\u1ed9 nh\u1ea1y 75,8%, \u0111\u1ed9 \u0111\u1eb7c hi\u1ec7u 88,6% v\u00e0 \u0111\u1ed9 ch\u00ednh x\u00e1c 85,2% [4].\n", "Nh\u01b0 v\u1eady t\u01b0\u01a1ng t\u1ef1 nh\u01b0 nghi\u00ean c\u1ee9u c\u1ee7a c\u00e1c t\u00e1c gi\u1ea3 trong v\u00e0 ngo\u00e0i n\u01b0\u1edbc ch\u00fang t\u00f4i nh\u1eadn th\u1ea5y trong \u0111\u00e1nh gi\u00e1 h\u1ea1ch di c\u0103n CHT c\u00f3 \u0111\u1ed9 nh\u1ea1y kh\u00f4ng cao (7/18) nh\u01b0ng \u0111\u1ed9 ch\u00ednh x\u00e1c kh\u00e1 cao (88,9%).\n", "Kh\u1ea3o s\u00e1t gi\u00e1 tr\u1ecb c\u1ee7a CHT trong \u0111\u00e1nh gi\u00e1 di c\u0103n h\u1ea1ch \u1edf nh\u00f3m PT sau x\u1ea1 tr\u1ecb ch\u00fang t\u00f4i th\u1ea5y\n", "CHT c\u00f3 \u0111\u1ed9 \u0111\u1eb7c hi\u1ec7u 98,4%, \u0111\u1ed9 ch\u00ednh x\u00e1c 88,6%, gi\u00e1 tr\u1ecb d\u1ef1 b\u00e1o \u00e2m t\u00ednh 89,6%, \u0111\u1ed9 nh\u1ea1y l\u00e0 2/9 v\u00e0 gi\u00e1 tr\u1ecb d\u1ef1 b\u00e1o d\u01b0\u01a1ng t\u00ednh l\u00e0 2/3.\n", "\u1ede nh\u00f3m \u0111\u01b0\u1ee3c\n", "PT tr\u01b0\u1edbc x\u1ea1 tr\u1ecb CHT c\u00f3 \u0111\u1ed9 \u0111\u1eb7c hi\u1ec7u 97,4%, \u0111\u1ed9 ch\u00ednh x\u00e1c 89,4%, gi\u00e1 tr\u1ecb d\u1ef1 b\u00e1o \u00e2m t\u00ednh 90,2%, \u0111\u1ed9 nh\u1ea1y l\u00e0 5/9 v\u00e0 gi\u00e1 tr\u1ecb d\u1ef1 b\u00e1o d\u01b0\u01a1ng t\u00ednh l\u00e0 5/6.\n", "Nh\u01b0 v\u1eady \u0111\u1ed9 ch\u00ednh x\u00e1c c\u1ee7a CHT trong \u0111\u00e1nh gi\u00e1 di c\u0103n h\u1ea1ch c\u1ee7a nh\u00f3m PT tr\u01b0\u1edbc x\u1ea1 tr\u1ecb t\u01b0\u01a1ng \u0111\u01b0\u01a1ng v\u1edbi nh\u00f3m PT sau x\u1ea1 tr\u1ecb.\n", "T\u1eeb k\u1ebft qu\u1ea3 n\u00e0y c\u00f3 th\u1ec3 r\u00fat ra nh\u1eadn x\u00e9t r\u1eb1ng: x\u1ea1 tr\u1ecb ho\u1eb7c ho\u00e1 x\u1ea1 tr\u1ecb \u1ea3nh h\u01b0\u1edfng kh\u00f4ng \u0111\u00e1ng k\u1ec3 t\u1edbi \u0111\u1ed9 ch\u00ednh x\u00e1c c\u1ee7a CHT trong \u0111\u00e1nh gi\u00e1 h\u1ea1ch di c\u0103n.\n", "4.2.6.\n", "Gi\u00e1 tr\u1ecb c\u1ee7a CHT trong ph\u00e2n lo\u1ea1i giai \u0111o\u1ea1n\n", "UT CTC\n", "\u0110\u00e1nh gi\u00e1 gi\u00e1 tr\u1ecb ch\u1ea9n \u0111o\u00e1n \u0111\u00fang giai \u0111o\u1ea1n\n", "UT CTC c\u1ee7a CHT so v\u1edbi GPB \u1edf 117 tr\u01b0\u1eddng h\u1ee3p \u0111\u01b0\u1ee3c PT tr\u01b0\u1edbc ho\u1eb7c sau x\u1ea1 tr\u1ecb ch\u00fang t\u00f4i th\u1ea5y: - Trong 56 tr\u01b0\u1eddng h\u1ee3p GPB sau PT x\u00e1c \u0111\u1ecbnh kh\u00f4ng th\u1ea5y t\u1ebf b\u00e0o ung th\u01b0 t\u1ea1i CTC, CHT ch\u1ea9n \u0111o\u00e1n \u0111\u00fang \u1edf 54 tr\u01b0\u1eddng h\u1ee3p, ch\u1ea9n \u0111o\u00e1n sai 2 c\u00f2n t\u1ed5n th\u01b0\u01a1ng nh\u1ecf sau x\u1ea1 tr\u1ecb (G\u0110 IA*), k\u1ebft qu\u1ea3\n", "GPB sau m\u1ed5 kh\u00f4ng th\u1ea5y t\u1ebf b\u00e0o ung th\u01b0, \u0111\u00e2y l\u00e0 s\u1eb9o CTC sau x\u1ea1 tr\u1ecb, tr\u01b0\u1eddng h\u1ee3p th\u1ee9 hai: CHT x\u00e1c \u0111\u1ecbnh c\u00f3 h\u1ea1ch ti\u1ec3u khung (G\u0110 IIIC), gi\u1ea3i ph\u1eabu b\u1ec7nh x\u00e1c \u0111\u1ecbnh \u0111\u00e2y l\u00e0 h\u1ea1ch vi\u00eam.\n", "Trong 54 tr\u01b0\u1eddng h\u1ee3p \u00e2m t\u00ednh th\u1eadt c\u1ee7a CHT c\u00f3 50 tr\u01b0\u1eddng h\u1ee3p \u0111\u01b0\u1ee3c ph\u1eabu thu\u1eadt sau x\u1ea1 tr\u1ecb, d\u01b0\u1edbi t\u00e1c d\u1ee5ng c\u1ee7a x\u1ea1 tr\u1ecb tr\u01b0\u1edbc ph\u1eabu thu\u1eadt kh\u1ed1i u nguy\u00ean ph\u00e1t ti\u00eau bi\u1ebfn t\u1ea1o \u0111i\u1ec1u ki\u1ec7n thu\u1eadt l\u1ee3i cho ph\u1eabu thu\u1eadt sau x\u1ea1 ti\u1ec1n ph\u1eabu c\u1eaft h\u1ebft t\u1ed5n th\u01b0\u01a1ng c\u00f3 m\u00f4 u, 4 tr\u01b0\u1eddng h\u1ee3p c\u00f2n l\u1ea1i \u0111\u01b0\u1ee3c ph\u1eabu thu\u1eadt tri\u1ec7t c\u0103n (tr\u01b0\u1edbc x\u1ea1), c\u1ea3 4\n", "UTBM vi x\u00e2m l\u1ea5n, CHT kh\u00f4ng th\u1ea5y u, GPB sau\n", "PT kh\u00f4ng th\u1ea5y t\u1ebf b\u00e0o u t\u1ea1i CTC, r\u1ea5t c\u00f3 th\u1ec3 t\u1ed5n th\u01b0\u01a1ng m\u00f4 u r\u1ea5t nh\u1ecf \u0111\u00e3 \u0111\u01b0\u1ee3c b\u1ea5m sinh thi\u1ebft l\u00e0m\n", "MBH ch\u1ee9 kh\u00f4ng h\u1eb3n k\u1ebft qu\u1ea3 MBH tr\u01b0\u1edbc PT sai.\n", "V\u1edbi nh\u1eefng u k\u00edch th\u01b0\u1edbc nh\u1ecf, CHT kh\u00f4ng th\u1ea5y u c\u1ea7n ph\u1ea3i d\u1ef1a v\u00e0o k\u1ebft qu\u1ea3 MBH tr\u01b0\u1edbc \u0111i\u1ec1u tr\u1ecb.\n", "N\u00f3i c\u00e1ch kh\u00e1c CHT c\u00f3 \u0111\u1ed9 \u0111\u1eb7c hi\u1ec7u th\u1ea5p trong ch\u1ea9n \u0111o\u00e1n UT CTC c\u00f3 k\u00edch th\u01b0\u1edbc nh\u1ecf.\n", "Khuy\u1ebfn c\u00e1o n\u00e0y gi\u00e0nh cho c\u00e1c b\u00e1c s\u0129 chuy\u00ean ng\u00e0nh\n", "C\u0110HA c\u0169ng nh\u01b0 ung th\u01b0 ph\u1ee5 khoa.\n", "- Giai \u0111o\u1ea1n IA: GPB x\u00e1c \u0111\u1ecbnh c\u00f3 10 tr\u01b0\u1eddng h\u1ee3p, CHT ch\u1ea9n \u0111o\u00e1n \u0111\u00fang 7 tr\u01b0\u1eddng h\u1ee3p, ch\u1ea9n \u0111o\u00e1n sai 3 tr\u01b0\u1eddng h\u1ee3p, c\u1ea3 3 tr\u01b0\u1eddng h\u1ee3p n\u00e0y CHT kh\u00f4ng x\u00e1c \u0111\u1ecbnh \u0111\u01b0\u1ee3c u nh\u01b0ng GPB ph\u00e1t hi\u1ec7n c\u00f3 t\u1ebf b\u00e0o ung th\u01b0 x\u00e2m l\u1ea5n t\u1ea1i CTC.\n", "T\u1ec9 l\u1ec7 ch\u1ea9n \u0111o\u00e1n \u0111\u00fang 7/10.\n", "- Giai \u0111o\u1ea1n IB: GPB x\u00e1c \u0111\u1ecbnh c\u00f3 26 tr\u01b0\u1eddng h\u1ee3p, CHT ch\u1ea9n \u0111o\u00e1n \u0111\u00fang 25 tr\u01b0\u1eddng h\u1ee3p, ch\u1ea9n \u0111o\u00e1n sai 1 tr\u01b0\u1eddng h\u1ee3p, \u0111\u00e2y l\u00e0 tr\u01b0\u1eddng h\u1ee3p CHT x\u00e1c \u0111\u1ecbnh c\u00f3 h\u1ea1ch di c\u0103n v\u00f9ng ti\u1ec3u khung (G\u0110\n", "IIIC), nh\u01b0ng GPB sau ph\u1eabu thu\u1eadt x\u00e1c \u0111\u1ecbnh \u0111\u00e2y l\u00e0 h\u1ea1ch vi\u00eam (G\u0110 IB).\n", "Gi\u00e1 tr\u1ecb ch\u1ea9n \u0111o\u00e1n \u0111\u00fang c\u1ee7a\n", "CHT \u1edf giai \u0111o\u1ea1n IB l\u00e0 96,1%.\n", "Nh\u01b0 v\u1eady \u1edf giai \u0111o\u1ea1n IB, CHT c\u00f3 \u0111\u1ed9 ch\u00ednh x\u00e1c r\u1ea5t cao trong ch\u1ea9n \u0111o\u00e1n giai \u0111o\u1ea1n UT CTC..\n", "- Giai \u0111o\u1ea1n IIA: GPB x\u00e1c \u0111\u1ecbnh c\u00f3 3 tr\u01b0\u1eddng h\u1ee3p, CHT ch\u1ea9n \u0111o\u00e1n \u0111\u00fang 1 tr\u01b0\u1eddng h\u1ee3p, 2 kh\u00f4ng x\u00e2m l\u1ea5n \u00e2m \u0111\u1ea1o (G\u0110 IB) nh\u01b0ng GPB x\u00e1c \u0111\u1ecbnh c\u00f3 t\u1ebf b\u00e0o ung th\u01b0 \u1edf v\u00e0nh \u00e2m \u0111\u1ea1o (G\u0110 IIA).\n", "T\u1ec9 l\u1ec7 ch\u1ea9n \u0111o\u00e1n \u0111\u00fang l\u00e0 1/3.\n", "- Giai \u0111o\u1ea1n IIB: GPB x\u00e1c \u0111\u1ecbnh c\u00f3 3 tr\u01b0\u1eddng h\u1ee3p, CHT ch\u1ea9n \u0111o\u00e1n \u0111\u00fang c\u1ea3 3 tr\u01b0\u1eddng h\u1ee3p, t\u1ec9 l\u1ec7 ch\u1ea9n \u0111o\u00e1n \u0111\u00fang l\u00e0 3/3.\n", "- Giai \u0111o\u1ea1n IIIB: GPB x\u00e1c \u0111\u1ecbnh c\u00f3 1 tr\u01b0\u1eddng h\u1ee3p c\u00f3 t\u1ebf b\u00e0o ung th\u01b0 \u1edf bu\u1ed3ng tr\u1ee9ng, CHT kh\u00f4ng th\u1ea5y x\u00e2m l\u1ea5n th\u00e0nh b\u00ean ch\u1eadu h\u00f4ng n\u00ean ph\u00e2n lo\u1ea1i\n", "G\u0110 IIB.\n", "- Giai \u0111o\u1ea1n IIIC: GPB x\u00e1c \u0111\u1ecbnh c\u00f3 18 tr\u01b0\u1eddng h\u1ee3p c\u00f3 h\u1ea1ch di c\u0103n, CHT x\u00e1c \u0111\u1ecbnh \u0111\u00fang 7 tr\u01b0\u1eddng h\u1ee3p, t\u1ec9 l\u1ec7 ch\u1ea9n \u0111o\u00e1n \u0111\u00fang l\u00e0 7/18.\n", "- N\u1ebfu t\u00ednh c\u1ea3 54 tr\u01b0\u1eddng h\u1ee3p CHT x\u00e1c \u0111\u1ecbnh \u0111\u00fang kh\u00f4ng th\u1ea5y u v\u00e0 43 tr\u01b0\u1eddng h\u1ee3p CHT c\u00f3 th\u1ea5y u v\u00e0 ph\u00e2n lo\u1ea1i \u0111\u00fang giai \u0111o\u1ea1n UT CTC,\n", "CHT ph\u00e2n lo\u1ea1i \u0111\u00fang giai \u0111o\u1ea1n \u1edf 97 tr\u01b0\u1eddng h\u1ee3p, gi\u00e1 tr\u1ecb ch\u1ea9n \u0111o\u00e1n \u0111\u00fang giai \u0111o\u1ea1n UT CTC c\u1ee7a\n", "CHT l\u00e0 82,9%.\n", "Nh\u01b0 v\u1eady \u0111\u1ed9 ch\u00ednh x\u00e1c trong ph\u00e2n lo\u1ea1i giai \u0111o\u1ea1n UT CTC c\u1ee7a CHT \u1edf G\u0110 IB l\u00e0 96,1%, t\u00ednh chung c\u00e1c giai \u0111o\u1ea1n l\u00e0 82,9%.\n", "K\u1ebft qu\u1ea3 n\u00e0y ph\u00f9 h\u1ee3p v\u1edbi k\u1ebft qu\u1ea3 nghi\u00ean c\u1ee9u c\u1ee7a Hricak v\u00e0 cs ghi nh\u1eadn CHT ph\u00e2n lo\u1ea1i giai \u0111o\u1ea1n UT CTC c\u00f3 \u0111\u1ed9 ch\u00ednh x\u00e1c chung l\u00e0 81,0% [3].\n", "K\u1ebft qu\u1ea3 nghi\u00ean c\u1ee9u c\u1ee7a c\u00e1c t\u00e1c gi\u1ea3 Okamoto v\u00e0 cs [3], Scheidler v\u00e0 cs, Ascher v\u00e0 cs ghi nh\u1eadn \u0111\u1ed9 ch\u00ednh x\u00e1c c\u1ee7a\n", "CHT trong ph\u00e2n lo\u1ea1i giai \u0111o\u1ea1n UT CTC t\u1eeb 85,0% \u0111\u1ebfn 96,0%.\n", "Nhi\u1ec1u nghi\u00ean c\u1ee9u kh\u00e1c ghi nh\u1eadn \u0111\u1ed9 ch\u00ednh x\u00e1c c\u1ee7a CHT trong ph\u00e2n lo\u1ea1i G\u0110\n", "UT CTC t\u1eeb 75-96%.\n", "Kh\u1ea3o s\u00e1t gi\u00e1 tr\u1ecb ch\u1ea9n \u0111o\u00e1n \u0111\u00fang giai \u0111o\u1ea1n UT\n", "CTC c\u1ee7a CHT \u1edf nh\u00f3m PT sau x\u1ea1 tr\u1ecb ch\u00fang t\u00f4i nh\u1eadn th\u1ea5y: - GPB sau PT x\u00e1c \u0111\u1ecbnh c\u00f3 52 tr\u01b0\u1eddng h\u1ee3p kh\u00f4ng th\u1ea5y t\u1ebf b\u00e0o ung th\u01b0 t\u1ea1i CTC, CHT x\u00e1c \u0111\u1ecbnh c\u00f3 50 tr\u01b0\u1eddng h\u1ee3p kh\u00f4ng th\u1ea5y u, 1 tr\u01b0\u1eddng h\u1ee3p CHT x\u00e1c \u0111\u1ecbnh giai \u0111o\u1ea1n IA* v\u00e0 1 tr\u01b0\u1eddng h\u1ee3p ch\u1ea9n \u0111o\u00e1n h\u1ea1ch ch\u1eadu di c\u0103n (giai \u0111o\u1ea1n IIIC) nh\u01b0 tr\u00ean \u0111\u00e3 ph\u00e2n t\u00edch.\n", "L\u01b0u \u00fd r\u1eb1ng \u0111\u00e2y l\u00e0 h\u00ecnh \u1ea3nh\n", "CHT v\u00e0 GPB sau x\u1ea1 ti\u1ec1n ph\u1eabu v\u1edbi m\u1ee5c \u0111\u00edch chuy\u1ec3n UT CTC t\u1eeb giai \u0111o\u1ea1n II v\u1ec1 giai \u0111o\u1ea1n th\u1ea5p h\u01a1n \u0111\u1ec3 chu\u1ea9n b\u1ecb ph\u1eabu thu\u1eadt.\n", "- T\u1ec9 l\u1ec7 ch\u1ea9n \u0111o\u00e1n \u0111\u00fang G\u0110 IA l\u00e0 3/4; G\u0110 IB l\u00e0 1/1; G\u0110 IIA l\u00e0 0/2; G\u0110 IIB l\u00e0 1/1; G\u0110 IIIB l\u00e0 0/1.G\u0110 IIIC l\u00e0 2/9.\n", "- T\u00ednh chung \u1edf nh\u00f3m PT sau x\u1ea1 tr\u1ecb gi\u00e1 tr\u1ecb ch\u1ea9n \u0111o\u00e1n \u0111\u00fang l\u00e0 81,4%.\n", "Kh\u1ea3o s\u00e1t gi\u00e1 tr\u1ecb ch\u1ea9n \u0111o\u00e1n \u0111\u00fang giai \u0111o\u1ea1n UT\n", "CTC c\u1ee7a CHT \u1edf nh\u00f3m PT tr\u01b0\u1edbc x\u1ea1 ch\u00fang t\u00f4i th\u1ea5y: - GPB sau PT x\u00e1c \u0111\u1ecbnh c\u00f3 4 tr\u01b0\u1eddng h\u1ee3p kh\u00f4ng c\u00f3 t\u1ebf b\u00e0o ung th\u01b0 t\u1ea1i CTC, CHT kh\u00f4ng th\u1ea5y u trong c\u1ea3 4 tr\u01b0\u1eddng h\u1ee3p, 4 tr\u01b0\u1eddng h\u1ee3p n\u00e0y \u0111\u00e3 \u0111\u01b0\u1ee3c ph\u00e2n t\u00edch \u1edf tr\u00ean.\n", "- T\u1ec9 l\u1ec7 ch\u1ea9n \u0111o\u00e1n \u0111\u00fang G\u0110 IA l\u00e0 4/6; G\u0110 l\u00e0 1/1; G\u0110 IIB l\u00e0 2/2; G\u0110 IIIC l\u00e0 5/9.\n", "- Gi\u00e1 tr\u1ecb ch\u1ea9n \u0111o\u00e1n \u0111\u00fang \u1edf G\u0110 IB l\u00e0 96,0%.\n", "N\u1ebfu t\u00ednh c\u1ea3 4 tr\u01b0\u1eddng h\u1ee3p CHT ch\u1ea9n \u0111o\u00e1n \u0111\u00fang kh\u00f4ng th\u1ea5y u, 36 tr\u01b0\u1eddng h\u1ee3p c\u00f3 th\u1ea5y u tr\u00ean CHT \u0111\u01b0\u1ee3c ph\u00e2n lo\u1ea1i \u0111\u00fang giai \u0111o\u1ea1n v\u00e0 ph\u1eabu thu\u1eadt tr\u01b0\u1edbc x\u1ea1 tr\u1ecb, CHT ch\u1ea9n \u0111o\u00e1n \u0111\u00fang giai \u0111o\u1ea1n 40 tr\u01b0\u1eddng h\u1ee3p, gi\u00e1 tr\u1ecb ch\u1ea9n \u0111o\u00e1n \u0111\u00fang c\u1ee7a CHT l\u00e0 85,1%.\n", "Nh\u01b0 v\u1eady \u1edf c\u00e1c tr\u01b0\u1eddng h\u1ee3p \u0111\u01b0\u1ee3c ph\u1eabu thu\u1eadt tr\u01b0\u1edbc x\u1ea1, \u0111\u1ed9 ch\u00ednh x\u00e1c c\u1ee7a CHT trong ch\u1ea9n \u0111o\u00e1n giai \u0111o\u1ea1n IB l\u00e0 96,0%.\n", "\u0110\u1ed9 ch\u00ednh x\u00e1c chung c\u1ee7a\n", "CHT trong ph\u00e2n lo\u1ea1i giai \u0111o\u1ea1n UT CTC \u1edf c\u00e1c\n", "Kh\u1ea3o s\u00e1t gi\u00e1 tr\u1ecb ch\u1ea9n \u0111o\u00e1n \u0111\u00fang giai \u0111o\u1ea1n c\u1ee7a\n", "LS \u1edf b\u1ec7nh nh\u00e2n PT tr\u01b0\u1edbc x\u1ea1 tr\u1ecb ch\u00fang t\u00f4i th\u1ea5y: 47 tr\u01b0\u1eddng h\u1ee3p \u0111\u01b0\u1ee3c ph\u1eabu thu\u1eadt, LS ch\u1ea9n \u0111o\u00e1n \u0111\u00fang giai \u0111o\u1ea1n 26 tr\u01b0\u1eddng h\u1ee3p, gi\u00e1 tr\u1ecb ch\u1ea9n \u0111o\u00e1n \u0111\u00fang l\u00e0 55,3%.\n", "Nghi\u00ean c\u1ee9u c\u1ee7a Ozsarlak v\u00e0 cs ghi nh\u1eadn ph\u00e2n lo\u1ea1i giai \u0111o\u1ea1n UT CTC c\u1ee7a kh\u00e1m\n", "LS c\u00f3 \u0111\u1ed9 ch\u00ednh x\u00e1c 47%.\n", "Qin Y v\u00e0 c\u1ed9ng s\u1ef1 ph\u00e2n t\u00edch h\u1ed3i c\u1ee9u 818 tr\u01b0\u1eddng h\u1ee3p UT CTC G\u0110 IB-IIB \u0111\u01b0\u1ee3c PT ghi nh\u1eadn t\u1ef7 l\u1ec7 ch\u1ea9n \u0111o\u00e1n \u0111\u00fang c\u00e1c G\u0110\n", "IB1, IB2, IIA v\u00e0 IIB c\u1ee7a LS t\u01b0\u01a1ng \u1ee9ng l\u00e0 85,4%, 77,4%, 35,3% v\u00e0 20,5%.\n", "Nh\u01b0 v\u1eady, LS c\u00f3 gi\u00e1 tr\u1ecb th\u1ea5p h\u01a1n r\u00f5 r\u1ec7t so v\u1edbi\n", "CHT trong ph\u00e2n lo\u1ea1i G\u0110 UT CTC hay n\u00f3i c\u00e1ch kh\u00e1c CHT ch\u00ednh x\u00e1c h\u01a1n LS trong ph\u00e2n lo\u1ea1i giai \u0111o\u1ea1n UT CTC (G\u0110 IB: 96,0% so v\u1edbi 92,0%, t\u00ednh chung: 85,1% so v\u1edbi 55,3%).\n", "H\u00ecnh \u1ea3nh CHT c\u00f3 t\u00ednh kh\u00e1ch quan, \u0111\u00e1nh gi\u00e1 \u0111\u01b0\u1ee3c kh\u00f4ng gian 3 chi\u1ec1u c\u1ee7a kh\u1ed1i u c\u0169ng nh\u01b0 m\u1ee9c \u0111\u1ed9 x\u00e2m l\u1ea5n v\u00e0 di c\u0103n h\u1ea1ch, trong khi \u0111\u00f3 \u0111\u00e1nh gi\u00e1 c\u1ee7a LS ph\u1ee5 thu\u1ed9c v\u00e0o kinh nghi\u1ec7m c\u1ee7a ng\u01b0\u1eddi kh\u00e1m, soi CTC ch\u1ec9 quan s\u00e1t th\u1ea5y ph\u1ea7n n\u1ed5i c\u1ee7a t\u1ea3ng b\u0103ng ch\u00ecm n\u00ean \u0111\u00e1nh gi\u00e1 ph\u00e2n lo\u1ea1i giai \u0111o\u1ea1n UT CTC c\u00f3 th\u1ec3 ch\u01b0a th\u1eadt ch\u00ednh x\u00e1c.\n", "Nh\u01b0 v\u1eady: CHT c\u00f3 gi\u00e1 tr\u1ecb cao trong ch\u1ea9n \u0111o\u00e1n ph\u00e2n lo\u1ea1i giai \u0111o\u1ea1n UT CTC (\u0111\u1ed9 ch\u00ednh x\u00e1c chung 82,9%).\n", "CHT c\u00f3 gi\u00e1 tr\u1ecb cao h\u01a1n LS trong ph\u00e2n lo\u1ea1i giai \u0111o\u1ea1n UT CTC (\u0111\u1ed9 ch\u00ednh x\u00e1c chung 85,1% so v\u1edbi 55,3%).\n", "S\u1ef1 t\u01b0\u01a1ng h\u1ee3p gi\u1eefa CHT v\u00e0 LS trong ch\u1ea9n \u0111o\u00e1n ph\u00e2n lo\u1ea1i giai \u0111o\u1ea1n UT\n", "CTC \u1edf m\u1ee9c \u0111\u1ed9 trung b\u00ecnh.\n", "Do v\u1eady vi\u1ec7c s\u1eed d\u1ee5ng CHT ph\u1ed1i h\u1ee3p v\u1edbi kh\u00e1m LS trong ch\u1ea9n \u0111o\u00e1n ph\u00e2n lo\u1ea1i G\u0110 UT CTC l\u00e0 c\u1ea7n thi\u1ebft \u0111\u1ec3 n\u00e2ng cao \u0111\u1ed9 ch\u00ednh x\u00e1c c\u1ee7a ch\u1ea9n \u0111o\u00e1n.\n", "Khuy\u1ebfn c\u00e1o n\u00e0y gi\u00e0nh cho c\u00e1c b\u00e1c s\u0129 chuy\u00ean ng\u00e0nh ung th\u01b0 s\u1ea3n ph\u1ee5 khoa.\n"], "5": ["5.\n", "K\u1ebft lu\u1eadn\n", "Nghi\u00ean c\u1ee9u 117 b\u1ec7nh nh\u00e2n UT CTC \u0111\u01b0\u1ee3c ph\u1eabu thu\u1eadt t\u1ea1i B\u1ec7nh vi\u1ec7n K trong giai \u0111o\u1ea1n t\u1eeb th\u00e1ng 7 n\u0103m 2017 \u0111\u1ebfn th\u00e1ng 8 n\u0103m 2018 ch\u00fang t\u00f4i th\u1ea5y: \u0111\u1ed9 tu\u1ed5i hay g\u1eb7p t\u1eeb 40 \u0111\u1ebfn 60, UTBM v\u1ea9y 67,5%, UTBM tuy\u1ebfn 23,1%.\n", "Gi\u00e1 tr\u1ecb c\u1ee7a\n", "CHT trong \u0111\u00e1nh gi\u00e1 k\u00edch th\u01b0\u1edbc u Acc= 93,2%; \u0111\u00e1nh gi\u00e1 x\u00e2m l\u1ea5n \u00e2m \u0111\u1ea1o: Sp 98,2%, Acc 96,6%\n", "NPV 98,2%, \u0111\u00e1nh gi\u00e1 x\u00e2m l\u1ea5n d\u00e2y ch\u1eb1ng r\u1ed9ng:\n", "Sp 98,2%, Acc 98,3% v\u00e0 NPV 100%, \u0111\u00e1nh gi\u00e1 x\u00e2m l\u1ea5n th\u00e0nh b\u00ean ch\u1eadu h\u00f4ng Acc 98,3%, Sp 99,1% v\u00e0 NPV 99,1%; ch\u1ea9n \u0111o\u00e1n h\u1ea1ch di c\u0103n Sp 98,0%, Acc 88,9% v\u00e0 NPV 89,8%.\n", "Ph\u00e2n lo\u1ea1i UT\n", "CTC giai \u0111o\u1ea1n IB Acc = 96,1%, t\u00ednh chung c\u00e1c giai \u0111o\u1ea1n Acc 82,9%.\n", "\u0110\u00e1nh gi\u00e1 k\u00edch th\u01b0\u1edbc, x\u00e2m l\u1ea5n, di c\u0103n v\u00e0 ph\u00e2n lo\u1ea1i giai \u0111o\u1ea1n UT CTC, CHT c\u00f3 gi\u00e1 tr\u1ecb cao h\u01a1n h\u1eb3n so v\u1edbi LS.\n", "Do v\u1eady s\u1eed d\u1ee5ng CHT ph\u1ed1i h\u1ee3p v\u1edbi LS trong \u0111\u00e1nh gi\u00e1 k\u00edch th\u01b0\u1edbc, x\u00e2m l\u1ea5n, di c\u0103n v\u00e0 ph\u00e2n lo\u1ea1i G\u0110 UT CTC l\u00e0 c\u1ea7n thi\u1ebft \u0111\u1ec3 n\u00e2ng cao \u0111\u1ed9 ch\u00ednh x\u00e1c c\u1ee7a ch\u1ea9n \u0111o\u00e1n.\n", "L\u1eddi c\u1ea3m \u01a1n\n", "\u0110\u1ec1 t\u00e0i n\u00e0y \u0111\u01b0\u1ee3c t\u00e0i tr\u1ee3 b\u1edfi Khoa Y D\u01b0\u1ee3c,\n"]}, "Word count": 5784}