{"title": "Original Article\n", "content": {"0": ["T\u00f3m t\u1eaft: Tr\u00e0 xanh t\u1eeb l\u00e2u \u0111\u00e3 tr\u1edf th\u00e0nh th\u1ee9c u\u1ed1ng quen thu\u1ed9c c\u1ee7a ng\u01b0\u1eddi Vi\u1ec7t v\u1edbi nhi\u1ec1u t\u00e1c d\u1ee5ng nh\u01b0 kh\u00e1ng khu\u1ea9n m\u1ea1nh, gi\u1ea3i \u0111\u1ed9c, t\u0103ng c\u01b0\u1eddng n\u0103ng l\u01b0\u1ee3ng, thanh l\u1ecdc c\u01a1 th\u1ec3.\n", "D\u1ea1ng b\u00e0o ch\u1ebf vi\u00ean s\u1ee7i \u0111\u01b0\u1ee3c nghi\u00ean c\u1ee9u ph\u00e1t tri\u1ec3n nh\u1eb1m \u0111a d\u1ea1ng th\u00eam c\u00e1c d\u00f2ng s\u1ea3n ph\u1ea9m t\u1eeb tr\u00e0, vi\u00ean s\u1ee7i c\u00f3 h\u00e0m l\u01b0\u1ee3ng EGCG cao l\u00e0m t\u0103ng hi\u1ec7u qu\u1ea3 ch\u1ed1ng oxy ho\u00e1, kh\u00e1ng khu\u1ea9n v\u1ed1n c\u00f3 trong tr\u00e0 xanh.\n", "B\u1eb1ng ph\u01b0\u01a1ng ph\u00e1p x\u00e1t h\u1ea1t \u01b0\u1edbt, d\u1eadp th\u1eb3ng v\u00e0 c\u00e1c nghi\u00ean c\u1ee9u t\u1ed1i \u01b0u ho\u00e1, \u0111\u00e3 l\u1ef1a ch\u1ecdn \u0111\u01b0\u1ee3c c\u00f4ng th\u1ee9c b\u00e0o ch\u1ebf vi\u00ean s\u1ee7i tr\u00e0 xanh \u0111\u1ea1t c\u00e1c ti\u00eau chu\u1ea9n ch\u1ea5t l\u01b0\u1ee3ng theo D\u01b0\u1ee3c \u0111i\u1ec3n Vi\u1ec7t Nam V.\n", "H\u00e0m l\u01b0\u1ee3ng EGCG \u0111\u01b0\u1ee3c \u0111\u1ecbnh l\u01b0\u1ee3ng b\u1eb1ng HPLC \u0111\u1ea1t 8,423 \u00b1 0,023%.\n", "T\u1eeb kho\u00e1: Tr\u00e0 xanh, vi\u00ean s\u1ee7i, epigallocatechin gallat- EGCG, HPLC.\n"], "1": ["1.\n", "M\u1edf \u0111\u1ea7u\n", "C\u00e2y tr\u00e0 (Camellia sinensis) c\u00f3 m\u1ed9t v\u1ecb tr\u00ed \u0111\u1eb7c bi\u1ec7t trong n\u1ec1n kinh t\u1ebf v\u00e0 \u0111\u1eddi s\u1ed1ng c\u1ee7a ng\u01b0\u1eddi Vi\u1ec7t\n", "Nam [1].\n", "Ngo\u00e0i gi\u00e1 tr\u1ecb dinh d\u01b0\u1ee1ng, n\u00f3 c\u00f2n l\u00e0 c\u00e2y c\u00f4ng nghi\u1ec7p l\u00e2u n\u0103m, c\u00f3 \u0111\u1eddi s\u1ed1ng kinh t\u1ebf l\u00e2u d\u00e0i, mau cho s\u1ea3n ph\u1ea9m, cho hi\u1ec7u qu\u1ea3 kinh t\u1ebf cao.\n", "Th\u00e0nh ph\u1ea7n ho\u00e1 h\u1ecdc trong tr\u00e0 xanh g\u1ed3m cafein, polyphenol, catechin (epigallocatechin gallat-\n", "EGCG), L-theanin,...\n", "C\u00e1c nghi\u00ean c\u1ee9u cho th\u1ea5y tr\u00e0 xanh l\u00e0m t\u0103ng tu\u1ea7n ho\u00e0n m\u00e1u, t\u0103ng c\u01b0\u1eddng ch\u1ee9c n\u0103ng ho\u1ea1t \u0111\u1ed9ng c\u1ee7a th\u1eadn v\u00e0 gi\u00fap t\u1ebf b\u00e0o\n", "AND t\u00e1i t\u1ea1o, gi\u1ea3m b\u1edbt c\u00e1c \u0111\u1ed9t bi\u1ebfn gen c\u00f3 th\u1ec3 g\u00e2y ung th\u01b0, ch\u1eefa b\u1ec7nh s\u00e2u r\u0103ng, k\u00edch th\u00edch h\u1ec7 th\u1ea7n kinh trung \u01b0\u01a1ng [2,3].\n", "Ngo\u00e0i ra, b\u1ed5 sung c\u00e1c ho\u1ea1t ch\u1ea5t sinh h\u1ecdc c\u00f3 trong tr\u00e0 xanh nh\u1eb1m t\u0103ng c\u01b0\u1eddng s\u1ee9c \u0111\u1ec1 kh\u00e1ng, gi\u1ea3i \u0111\u1ed9c gan, thanh l\u1ecdc c\u01a1 th\u1ec3 gi\u00fap lo\u1ea1i b\u1ecf nh\u1eefng \u0111\u1ed9c t\u1ed1, t\u1ea1p ch\u1ea5t; t\u0103ng c\u01b0\u1eddng n\u0103ng l\u01b0\u1ee3ng, th\u00fac \u0111\u1ea9y qu\u00e1 tr\u00ecnh trao \u0111\u1ed5i ch\u1ea5t c\u1ee7a c\u01a1 th\u1ec3, gi\u00fap ng\u0103n ng\u1eeba qu\u00e1 tr\u00ecnh l\u00e3o ho\u00e1,...\n", "\u0110\u1eb7c bi\u1ec7t, EGCG trong tr\u00e0 xanh t\u1ea1o n\u00ean ho\u1ea1t t\u00ednh kh\u00e1ng khu\u1ea9n m\u1ea1nh c\u1ee7a tr\u00e0 xanh [4-6].\n", "_* T\u00e1c gi\u1ea3 li\u00ean h\u1ec7.\n", "Trong th\u1eddi \u0111\u1ea1i v\u0103n ho\u00e1 giao thoa, c\u00e1ch th\u1ee9c u\u1ed1ng tr\u00e0 c\u0169ng v\u00ec th\u1ebf m\u00e0 \u0111\u01b0\u1ee3c thay \u0111\u1ed5i cho ph\u00f9 h\u1ee3p \u0111\u1ec3 \u0111\u1ea1t \u0111\u01b0\u1ee3c ti\u00eau ch\u00ed gi\u1eef nguy\u00ean \u0111\u01b0\u1ee3c c\u00f4ng d\u1ee5ng ch\u00ednh c\u1ee7a tr\u00e0 xanh, mang \u0111\u00fang h\u01b0\u01a1ng v\u1ecb truy\u1ec1n th\u1ed1ng v\u00e0 thu\u1eadn ti\u1ec7n cho ng\u01b0\u1eddi d\u00f9ng trong c\u00e1ch s\u1eed d\u1ee5ng.\n", "\u0110\u00e1p \u1ee9ng nhu c\u1ea7u \u0111\u00f3, tr\u00ean th\u1ecb ch\u1ebf t\u1eeb nguy\u00ean li\u1ec7u tr\u00e0 xanh, tuy nhi\u00ean ch\u01b0a c\u00f3 nhi\u1ec1u d\u1ea1ng b\u00e0o ch\u1ebf vi\u00ean s\u1ee7i tr\u00e0 xanh [7,8].\n", "Tr\u00ean c\u01a1 s\u1edf \u0111\u00f3 ch\u00fang t\u00f4i ti\u1ebfn h\u00e0nh nghi\u00ean c\u1ee9u b\u00e0o ch\u1ebf vi\u00ean s\u1ee7i tr\u00e0 xanh v\u1edbi m\u1ee5c ti\u00eau b\u00e0o ch\u1ebf vi\u00ean s\u1ee7i tr\u00e0 xanh v\u00e0 \u0111\u00e1nh gi\u00e1 h\u00e0m l\u01b0\u1ee3ng EGCG trong vi\u00ean s\u1ee7i b\u1eb1ng ph\u01b0\u01a1ng ph\u00e1p s\u1eafc k\u00fd l\u1ecfng hi\u1ec7u n\u0103ng cao HPLC.\n"], "2": ["2.\n", "\u0110\u1ed1i t\u01b0\u1ee3ng v\u00e0 ph\u01b0\u01a1ng ph\u00e1p nghi\u00ean c\u1ee9u 2.1.\n", "\u0110\u1ed1i t\u01b0\u1ee3ng nghi\u00ean c\u1ee9u, dung m\u00f4i, ho\u00e1 ch\u1ea5t\n", "M\u1eabu nghi\u00ean c\u1ee9u l\u00e0 b\u1ed9t tr\u00e0 xanh nguy\u00ean ch\u1ea5t \u0111\u1ed9 \u1ea9m 6% (s\u1ea3n xu\u1ea5t 09/2019 t\u1ea1i C\u00f4ng ty TNHH\n", "S\u1ea3n xu\u1ea5t v\u00e0 Th\u01b0\u01a1ng m\u1ea1i matcha Xu\u00e2n Tr\u01b0\u1eddng).\n", "C\u00e1c lo\u1ea1i t\u00e1 d\u01b0\u1ee3c acid citric khan, lactose, simethicon, Tween 80, Crosspovidone, EtOH 96, natri bicarbonat, aspartam, PVP-K30, PEG- 6000.\n", "Dung m\u00f4i v\u00e0 ho\u00e1 ch\u1ea5t ch\u1ea1y HPLC: methanol tinh khi\u1ebft d\u00f9ng cho HPLC (Merck, \u0110\u1ee9c), n\u01b0\u1edbc c\u1ea5t 2 l\u1ea7n.\n", "Ch\u1ea5t chu\u1ea9n epigallocatechin gallat\n", "EGCG (Wako Chemicals, Nh\u1eadt B\u1ea3n, \u0111\u1ed9 tinh khi\u1ebft 98%) 2.2.\n", "Thi\u1ebft b\u1ecb d\u1ee5ng c\u1ee5\n", "T\u1ee7 s\u1ea5y Memmert Binder-FD115, c\u00e2n k\u0129 thu\u1eadt\n", "Precisa BJ 610C, c\u00e2n ph\u00e2n t\u00edch Precisa 262SMA-FR, m\u00e1y d\u1eadp vi\u00ean 1 ch\u00e0y TDP5, m\u00e1y s\u1eafc k\u00fd l\u1ecfng hi\u1ec7u n\u0103ng cao HPLC s\u1eed d\u1ee5ng h\u1ec7 th\u1ed1ng Agilent 1260 Series Infinity c\u1ee7a Agilent\n", "Technologies, Hoa K\u1ef3 v\u1edbi detector DAD v\u00e0 b\u1ed9 ph\u1eadn b\u01a1m m\u1eabu t\u1ef1 \u0111\u1ed9ng.\n"], "3": ["3.\n", "Ph\u01b0\u01a1ng ph\u00e1p nghi\u00ean c\u1ee9u 3.1.\n", "B\u00e0o ch\u1ebf vi\u00ean s\u1ee7i tr\u00e0 xanh\n", "L\u1ef1a ch\u1ecdn t\u00e1 d\u01b0\u1ee3c [9,10]: vi\u1ec7c l\u1ef1a ch\u1ecdn t\u00e1 d\u01b0\u1ee3c \u0111\u1ec3 x\u00e2y d\u1ef1ng c\u00f4ng th\u1ee9c d\u1eadp vi\u00ean l\u00e0 m\u1ed9t kh\u00e2u quan tr\u1ecdng trong qu\u00e1 tr\u00ecnh s\u1ea3n xu\u1ea5t vi\u00ean s\u1ee7i, v\u00ec t\u00e1 d\u01b0\u1ee3c \u1ea3nh h\u01b0\u1edfng tr\u1ef1c ti\u1ebfp \u0111\u1ebfn t\u00ednh sinh kh\u1ea3 d\u1ee5ng c\u1ee7a vi\u00ean.\n", "Ti\u1ebfn h\u00e0nh b\u00e0o ch\u1ebf vi\u00ean s\u1ee7i theo ph\u01b0\u01a1ng ph\u00e1p t\u1ea1o h\u1ea1t \u01b0\u1edbt, c\u00e1c giai \u0111o\u1ea1n nh\u01b0 sau:\n", "B\u01b0\u1edbc 1: c\u00e2n d\u01b0\u1ee3c ch\u1ea5t v\u00e0 t\u00e1 d\u01b0\u1ee3c (xay, nghi\u1ec1n, r\u00e2y d\u01b0\u1ee3c ch\u1ea5t v\u00e0 t\u00e1 d\u01b0\u1ee3c \u0111\u1ebfn \u0111\u1ed9 m\u1ecbn th\u00edch h\u1ee3p (n\u1ebfu c\u1ea7n)).\n", "B\u01b0\u1edbc 2: tr\u1ed9n th\u00e0nh h\u1ed7n h\u1ee3p b\u1ed9t k\u00e9p \u0111\u1ed3ng nh\u1ea5t.\n", "B\u01b0\u1edbc 3: th\u00eam t\u00e1 d\u01b0\u1ee3c d\u00ednh l\u1ecfng, nh\u00e0o tr\u1ed9n th\u00e0nh kh\u1ed1i \u1ea9m \u0111\u1ee7 \u0111\u1ec3 x\u00e1t h\u1ea1t.\n", "B\u01b0\u1edbc 4: x\u00e1t h\u1ea1t qua r\u00e2y th\u00edch h\u1ee3p.\n", "B\u01b0\u1edbc 5: s\u1ea5y h\u1ea1t \u1edf 50C t\u1edbi \u0111\u1ed9 \u1ea9m th\u00edch h\u1ee3p (kho\u1ea3ng 2%).\n", "B\u01b0\u1edbc 6: s\u1eeda h\u1ea1t, tr\u1ed9n v\u1edbi t\u00e1 d\u01b0\u1ee3c r\u00e3 ngo\u00e0i (n\u1ebfu c\u00f3) v\u00e0 t\u00e1 d\u01b0\u1ee3c tr\u01a1n.\n", "B\u01b0\u1edbc 7: d\u1eadp vi\u00ean trong \u0111i\u1ec1u ki\u1ec7n ph\u00f2ng th\u00ed nghi\u1ec7m \u0111\u01b0\u1ee3c ki\u1ec3m so\u00e1t \u0111\u1ed9 \u1ea9m v\u00e0 nhi\u1ec7t \u0111\u1ed9 \u0111\u1eb7c bi\u1ec7t l\u00e0 \u0111\u1ed9 \u1ea9m t\u01b0\u01a1ng \u0111\u1ed1i ph\u1ea3i < 40%, nhi\u1ec7t \u0111\u1ed9 kho\u1ea3ng 25\u00b0C.\n", "N\u1ebfu \u0111\u1ed9 \u1ea9m cao, ph\u1ea3n \u1ee9ng s\u1ee7i b\u1ecdt c\u00f3 th\u1ec3 x\u1ea3y ra ngay trong qu\u00e1 tr\u00ecnh b\u00e0o ch\u1ebf.\n", "3.2.\n", "\u0110\u00e1nh gi\u00e1 ch\u1ea5t l\u01b0\u1ee3ng vi\u00ean s\u1ee7i\n", "C\u00e1c y\u00eau c\u1ea7u k\u1ef9 thu\u1eadt c\u1ee7a vi\u00ean s\u1ee7i b\u1ecdt \u0111\u01b0\u1ee3c \u0111\u00e1nh gi\u00e1 bao g\u1ed3m: t\u00ednh ch\u1ea5t, \u0111\u1ed9 r\u00e3, \u0111\u1ed9 \u0111\u1ed3ng \u0111\u1ec1u kh\u1ed1i l\u01b0\u1ee3ng, \u0111\u1ed9 ho\u00e0 tan (ti\u1ebfn h\u00e0nh theo c\u00e1c ph\u01b0\u01a1ng ph\u00e1p th\u1eed t\u01b0\u01a1ng \u1ee9ng ghi trong Ph\u1ee5 l\u1ee5c 1.20, 11.3, 11.4 D\u01b0\u1ee3c \u0111i\u1ec3n Vi\u1ec7t Nam V) [11].\n", "\u0110\u1ed1i v\u1edbi ph\u00e9p th\u1eed \u0111\u1ed9 ho\u00e0 tan, k\u1ebft qu\u1ea3 c\u00e1c m\u1ee9c \u0111\u1ed9 tan \u0111\u01b0\u1ee3c x\u00e1c \u0111\u1ecbnh theo thang \u0111o Likert t\u1eeb 1= r\u1ea5t k\u00e9m, 2= k\u00e9m, 3= trung b\u00ecnh, 4= t\u1ed1t, 5= r\u1ea5t t\u1ed1t.\n", "3.3.\n", "\u0110\u1ecbnh l\u01b0\u1ee3ng EGCG trong vi\u00ean s\u1ee7i tr\u00e0 xanh b\u1eb1ng ph\u01b0\u01a1ng ph\u00e1p s\u1eafc k\u00fd l\u1ecfng hi\u1ec7u n\u0103ng cao\n", "HPLC\n", "H\u00e0m l\u01b0\u1ee3ng EGCG trong vi\u00ean s\u1ee7i tr\u00e0 xanh \u0111\u01b0\u1ee3c \u0111\u1ecbnh l\u01b0\u1ee3ng b\u1eb1ng ph\u01b0\u01a1ng ph\u00e1p HPLC [12] v\u1edbi c\u00e1c \u0111i\u1ec1u ki\u1ec7n nh\u01b0 sau: m\u00e1y s\u1eafc k\u00fd l\u1ecfng hi\u1ec7u n\u0103ng cao (HPLC) Agilent 1260 Infinity (Agilent\n", "Technologies, M\u1ef9) v\u1edbi detector DAD v\u00e0 b\u1ed9 ph\u1eadn b\u01a1m m\u1eabu t\u1ef1 \u0111\u1ed9ng, c\u1ed9t s\u1eafc k\u00fd: Agilent Eclipse\n", "Plus C18 ( 4,6 \u00d7 250 mm; c\u1ee1 h\u1ea1t 5\u03bcm), b\u01b0\u1edbc s\u00f3ng \u0111o c\u1ee7a detector DAD l\u00e0 256 nm, t\u1ed1c \u0111\u1ed9 d\u00f2ng 0,5 ml/ph\u00fat, th\u1ec3 t\u00edch b\u01a1m m\u1eabu 20\u00b5l, nhi\u1ec7t \u0111\u1ed9 c\u1ed9t: 25C, pha \u0111\u1ed9ng l\u00e0 h\u1ec7 dung m\u00f4i methanol: n\u01b0\u1edbc theo t\u1ec9 l\u1ec7 th\u1ec3 t\u00edch 30:70.\n", "Chu\u1ea9n b\u1ecb m\u1eabu EGCG \u0111\u1ed1i chi\u1ebfu: dung d\u1ecbch chu\u1ea9n EGCG v\u1edbi n\u1ed3ng \u0111\u1ed9 g\u1ed1c 25 mg/ml pha lo\u00e3ng b\u1eb1ng MeOH th\u00e0nh d\u00e3y dung d\u1ecbch c\u00f3 n\u1ed3ng \u0111\u1ed9 25250 \u03bcg/ml.\n", "Chu\u1ea9n b\u1ecb m\u1eabu th\u1eed: c\u00e2n ch\u00ednh x\u00e1c kh\u1ed1i l\u01b0\u1ee3ng c\u1ee7a vi\u00ean s\u1ee7i v\u00e0 nghi\u1ec1n th\u00e0nh b\u1ed9t m\u1ecbn.\n", "D\u00f9ng c\u00e2n ph\u00e2n t\u00edch c\u00e2n ch\u00ednh x\u00e1c m\u1ed9t l\u01b0\u1ee3ng b\u1ed9t vi\u00ean t\u01b0\u01a1ng \u1ee9ng v\u1edbi kho\u1ea3ng 0,10 g cho v\u00e0o b\u00ecnh \u0111\u1ecbnh m\u1ee9c 10 ml, th\u00eam 8ml methanol, l\u1eafc si\u00eau \u00e2m sau \u0111\u00f3 th\u00eam methanol v\u1eeba \u0111\u1ee7 th\u1ec3 t\u00edch, l\u1eafc \u0111\u1ec1u v\u00e0 l\u1ecdc thu \u0111\u01b0\u1ee3c dung d\u1ecbch m\u1eabu th\u1eed \u0111em ph\u00e2n t\u00edch\n", "HPLC.\n"], "4": ["4.\n", "K\u1ebft qu\u1ea3 v\u00e0 b\u00e0n lu\u1eadn 4.1.\n", "B\u00e0o ch\u1ebf vi\u00ean s\u1ee7i\n", "C\u00f4ng th\u1ee9c vi\u00ean s\u1ee7i 3 gam \u0111\u01b0\u1ee3c t\u1ea1o th\u00e0nh theo t\u1ef7 l\u1ec7 c\u00e2n b\u1eb1ng ho\u00e1 h\u1ecdc t\u1eeb acid citric v\u00e0 natri bicarbonat d\u1ef1a tr\u00ean ph\u1ea3n \u1ee9ng ho\u00e1 h\u1ecdc, sau \u0111\u00f3 c\u00e1c nguy\u00ean li\u1ec7u th\u00e0nh ph\u1ea7n c\u1ee7a c\u00f4ng th\u1ee9c \u0111\u00e3 \u0111\u01b0\u1ee3c c\u00e2n theo kh\u1ed1i l\u01b0\u1ee3ng bao g\u1ed3m b\u1ed9t tr\u00e0 xanh 16 %, lactose 20 %, crosspovidone 10 %, tween 80 1 %, c\u1ed3n 96 (m\u1ed9t l\u01b0\u1ee3ng r\u1ea5t nh\u1ecf \u0111\u1ec3 l\u00e0m t\u00e1 d\u01b0\u1ee3c d\u00ednh tr\u01b0\u1edbc khi x\u00e1t h\u1ea1t).\n", "Sau khi chu\u1ea9n b\u1ecb h\u1ed7n h\u1ee3p th\u00edch h\u1ee3p, ti\u1ebfp t\u1ee5c th\u00eam PEG 6000 4 % \u0111\u1ec3 t\u1ea1o h\u1ea1t, sau \u0111\u00f3 n\u00e9n h\u1ed7n h\u1ee3p b\u1eb1ng m\u00e1y d\u1eadp vi\u00ean.\n", "\u0110\u1ec3 t\u1ed1i \u01b0u ho\u00e1 c\u00f4ng th\u1ee9c, c\u1ea7n ti\u1ebfn h\u00e0nh kh\u1ea3o s\u00e1t t\u1ef7 l\u1ec7 th\u00e0nh ph\u1ea7n acid citric v\u00e0 natri bicarbonat d\u1ef1a tr\u00ean ph\u1ea3n \u1ee9ng c\u00e2n b\u1eb1ng ho\u00e1 h\u1ecdc.\n", "K\u1ebft qu\u1ea3 kh\u1ea3o s\u00e1t \u0111\u01b0\u1ee3c \u0111\u00e1nh gi\u00e1 theo ba y\u1ebfu t\u1ed1 \u0111\u1ed9 ho\u00e0 tan, th\u1eddi gian s\u1ee7i b\u1ecdt v\u00e0 pH.\n", "H3C6H5O7.H2O + 3NaHCO3 Na3C6H5O7 + 4H2O + 3CO2\n", "K\u1ebft qu\u1ea3 tr\u00ean cho th\u1ea5y c\u00f4ng th\u1ee9c F4 cho ra vi\u00ean s\u1ee7i c\u00f3 th\u1eddi gian s\u1ee7i b\u1ecdt l\u00e0 4 \u00b1 0,51 ph\u00fat v\u00e0 \u0111\u1ed9 ho\u00e0 tan l\u00e0 r\u1ea5t t\u1ed1t (B\u1ea3ng 1).\n", "L\u1ef1a ch\u1ecdn t\u1ef7 l\u1ec7 t\u00e1 d\u01b0\u1ee3c \u0111\u1ed9n v\u00e0 t\u00e1 d\u01b0\u1ee3c si\u00eau r\u00e3, tr\u01a1n: sau khi l\u1ef1a ch\u1ecdn \u0111\u01b0\u1ee3c c\u00f4ng th\u1ee9c c\u00f3 h\u00e0m l\u01b0\u1ee3ng acid citric v\u00e0 natri bicarbonat th\u00edch h\u1ee3p.\n", "\u0110\u1ec3 c\u00f4ng th\u1ee9c \u0111\u1ea1t \u0111\u1ed9 r\u00e3 v\u00e0 \u0111\u1ed9 ho\u00e0 tan ho\u1ea1t ch\u1ea5t nhanh, \u0111\u1ec1 t\u00e0i x\u00e2y d\u1ef1ng v\u00e0 kh\u1ea3o s\u00e1t 3 c\u00f4ng th\u1ee9c (C1, C2, C3) cho vi\u00ean s\u1ee7i 3gam \u0111\u1ec3 t\u1ed1i \u01b0u ho\u00e1 c\u00f4ng th\u1ee9c nh\u01b0 sau (B\u1ea3ng 2).\n", "L\u1ef1a ch\u1ecdn t\u1ef7 l\u1ec7 t\u00e1 d\u01b0\u1ee3c \u0111\u1ed9n v\u00e0 t\u00e1 d\u01b0\u1ee3c si\u00eau r\u00e3, tr\u01a1n: Sau khi l\u1ef1a ch\u1ecdn \u0111\u01b0\u1ee3c c\u00f4ng th\u1ee9c c\u00f3 h\u00e0m l\u01b0\u1ee3ng acid citric v\u00e0 natri bicarbonat th\u00edch h\u1ee3p.\n", "\u0110\u1ec3 c\u00f4ng th\u1ee9c \u0111\u1ea1t \u0111\u1ed9 r\u00e3 v\u00e0 \u0111\u1ed9 ho\u00e0 tan ho\u1ea1t ch\u1ea5t nhanh, \u0111\u1ec1 t\u00e0i x\u00e2y d\u1ef1ng v\u00e0 kh\u1ea3o s\u00e1t 3 c\u00f4ng th\u1ee9c (C1, C2, C3) cho vi\u00ean s\u1ee7i 3gam \u0111\u1ec3 t\u1ed1i \u01b0u ho\u00e1 c\u00f4ng th\u1ee9c nh\u01b0 sau (B\u1ea3ng 2).\n", "B\u1ea3ng 1.\n", "\u1ea2nh h\u01b0\u1edfng c\u1ee7a t\u1ef7 l\u1ec7 t\u00e1 d\u01b0\u1ee3c s\u1ee7i b\u1ecdt \u0111\u1ebfn m\u1ed9t s\u1ed1 \u0111\u1eb7c t\u00ednh c\u1ee7a vi\u00ean n\u00e9n b\u00e0o ch\u1ebf\n", "C\u00f4ng th\u1ee9c Acid citric\n", "Natri bicarbonat\n", "Th\u1eddi gian s\u1ee7i b\u1ecdt (ph\u00fat) pH \u0110\u1ed9 ho\u00e0 tan\n", "F1 0,5 0,5 6 \u00b1 0,51 5,9 \u00b1 1,5 3\n", "F2 0,5 1 3 \u00b1 0,52 6,1 \u00b1 0,2 3\n", "F3 1 1 4 \u00b1 0,83 5,9 \u00b1 0,1 4\n", "F4 1 1,5 4 \u00b1 0,51 5,6 \u00b1 0,7 5\n", "F5 1 0,5 2 \u00b1 0,81 5,8 \u00b1 0,2 4\n", "F6 1,5 1,5 2 \u00b1 1,13 5,9 \u00b1 1,0 4\n", "F7 1,5 1 4 \u00b1 0,71 5,7 \u00b1 0,4 3\n", "B\u1ea3ng 2.\n", "C\u00e1c c\u00f4ng th\u1ee9c vi\u00ean s\u1ee7i tr\u00e0 xanh C1, C2, C3\n", "Th\u00e0nh ph\u1ea7n\n", "B\u1ed9t tr\u00e0 xanh\n", "Acid citric khan\n", "Natri bicar- bonat\n", "Tween\n", "Lactose Crosspovidone Aspartam\n", "PEG (b\u1ed9t)\n", "C\u1ed3n\n", "C\u00f4ng th\u1ee9c (%)\n", "C1 16,5 18,5 28,7 1,0 19,1 11,2 1,7 3,3 V\u1eeba \u0111\u1ee7\n", "C2 16,5 18,5 28,7 1,0 23,1 7,3 1,7 3,3 V\u1eeba \u0111\u1ee7\n", "C3 16,5 18,5 28,7 1,0 20,5 9,9 1,7 3,3 V\u1eeba \u0111\u1ee7 4.2.\n", "\u0110\u00e1nh gi\u00e1 ch\u1ea5t l\u01b0\u1ee3ng vi\u00ean s\u1ee7i b\u00e0o ch\u1ebf \u0111\u01b0\u1ee3c\n", "H\u00ecnh 1.\n", "H\u00ecnh \u1ea3nh vi\u00ean s\u1ee7i tr\u00e0 xanh (c\u00f4ng th\u1ee9c 3).\n", "a.\n", "\u0110\u1eb7c \u0111i\u1ec3m, t\u00ednh ch\u1ea5t, \u0111\u1ed9 r\u00e3\n", "B\u1ea3ng 3.\n", "K\u1ebft qu\u1ea3 kh\u1ea3o s\u00e1t \u0111\u1eb7c t\u00ednh vi\u00ean s\u1ee7i tr\u00e0 xanh\n", "\u0110\u1eb7c t\u00ednh C1 C2 C3\n", "T\u00ednh ch\u1ea5t\n", "Vi\u00ean m\u00e0u xanh, c\u1ea1nh v\u00e0 th\u00e0nh vi\u00ean s\u1ee9t m\u1ebb\n", "Vi\u00ean m\u00e0u xanh, vi\u00ean l\u00e0nh l\u1eb7n, nh\u1eb5n b\u00f3ng, \u0111\u1ed3ng nh\u1ea5t\n", "Vi\u00ean m\u00e0u xanh, l\u00e0nh l\u1eb7n, nh\u1eb5n b\u00f3ng, \u0111\u1ed3ng nh\u1ea5t\n", "\u0110\u01b0\u1eddng k\u00ednh (mm) 20 20 20\n", "\u0110\u1ed9 r\u00e3 (ph\u00fat)\n", "M\u1eabu 1 3,68 5,25 4,34\n", "M\u1eabu 2 3,94 4,96 4,5\n", "M\u1eabu 3 3,47 5,78 4,15\n", "M\u1eabu 4 3,22 4,82 4,76\n", "M\u1eabu 5 3,91 5,15 4,25\n", "M\u1eabu 6 4,12 4,94 4,28\n", "Trung b\u00ecnh 3,723 4,94 4,28 b.\n", "\u0110\u1ed9 \u0111\u1ed3ng \u0111\u1ec1u kh\u1ed1i l\u01b0\u1ee3ng\n", "B\u1ea3ng 4.\n", "K\u1ebft qu\u1ea3 kh\u1ea3o s\u00e1t \u0111\u1ed9 \u0111\u1ed3ng \u0111\u1ec1u kh\u1ed1i l\u01b0\u1ee3ng c\u1ee7a vi\u00ean s\u1ee7i tr\u00e0 xanh\n", "C\u00f4ng th\u1ee9c C1 C2 C3\n", "Kh\u1ed1i l\u01b0\u1ee3ng vi\u00ean (g) 2,983 2,827 2,968 2,809 2,983 2,743 2,956 2,726 2,786 2,967 2,958 2,983 2,894 2,963 2,828 2,891 2,895 2,758 2,835 2,772 2,736 2,854 2,836 2,921 2,918 2,931 2,958 2,926 2,718 2,78 2,952 2,858 2,774 2,942 2,962 2,953 2,738 2,988 2,928 2,734 2,789 2,706 2,978 2,745 2,861 2,988 2,984 2,811 2,881 2,856 2,987 2,884 2,896 2,748 2,713 2,964 2,756 2,856 2,756 2,953\n", "KLTB (g) 2,874 2,871 2,857\n", "RSD (%) 3,27 2,97 3,56\n", "K\u1ebft qu\u1ea3 nghi\u00ean c\u1ee9u cho th\u1ea5y, c\u00f4ng th\u1ee9c 1 cho vi\u00ean s\u1ee7i c\u00f3 \u0111\u1ed9 r\u00e3 t\u1ed1t nh\u01b0ng vi\u00ean b\u1ecb bong m\u1eb7t khi ra kh\u1ecfi c\u1ed1i.\n", "C\u00f4ng th\u1ee9c 2 t\u1ea1o vi\u00ean s\u1ee7i c\u1ee9ng, \u0111\u1eb9p nh\u01b0ng \u0111\u1ed9 r\u00e3 kh\u00f4ng \u0111\u1ea1t.\n", "C\u00f4ng th\u1ee9c 3 t\u1ea1o vi\u00ean s\u1ee7i c\u1ee9ng, \u0111\u1eb9p, \u0111\u1ed9 r\u00e3 t\u1ed1t.\n", "Nguy\u00ean nh\u00e2n th\u01b0\u1eddng do kh\u1ed1i kh\u00f4ng kh\u00ed trong h\u1ea1t b\u1ecb n\u00e9n m\u1ea1nh nh\u01b0ng kh\u00f4ng tho\u00e1t ra \u0111\u01b0\u1ee3c v\u00e0 t\u1ea1o th\u00e0nh m\u1ed9t l\u1edbp \u0111\u1ec7m kh\u00f4ng kh\u00ed, l\u1edbp \u0111\u1ec7m n\u00e0y tr\u01b0\u01a1ng n\u1edf nhanh \u1edf th\u1eddi k\u1ef3 gi\u1ea3i n\u00e9n.\n", "Hi\u1ec7n t\u01b0\u1ee3ng n\u00e0y th\u01b0\u1eddng g\u1eb7p khi kh\u1ed1i h\u1ea1t c\u00f3 qu\u00e1 nhi\u1ec1u b\u1ed9t m\u1ecbn ho\u1eb7c kho\u1ea3ng c\u00e1ch gi\u1eefa ch\u00e0y v\u00e0 c\u1ed1i qu\u00e1 nh\u1ecf (lo\u1ea1i tr\u1eeb nguy\u00ean nh\u00e2n n\u00e0y).\n", "C\u00e1c nguy\u00ean nh\u00e2n kh\u00e1c c\u00f3 th\u1ec3 l\u00e0 do thi\u1ebfu t\u00e1 d\u01b0\u1ee3c tr\u01a1n ho\u1eb7c h\u00e0m \u1ea9m c\u1ee7a h\u1ea1t qu\u00e1 cao.\n", "Kh\u1eafc ph\u1ee5c nh\u01b0\u1ee3c \u0111i\u1ec3m n\u00e0y c\u00f3 th\u1ec3 t\u0103ng l\u01b0\u1ee3ng t\u00e1 d\u01b0\u1ee3c d\u00ednh, th\u00eam t\u00e1 d\u01b0\u1ee3c d\u00ednh kh\u00f4 ho\u1eb7c thay \u0111\u1ed5i t\u1ef7 l\u1ec7 t\u00e1 d\u01b0\u1ee3c tr\u01a1n b\u00f3ng.\n", "C\u1ea3 3 c\u00f4ng th\u1ee9c \u0111\u1ec1u \u0111\u1ea1t ch\u1ec9 ti\u00eau \u0111\u1ed9 \u0111\u1ed3ng \u0111\u1ec1u kh\u1ed1i l\u01b0\u1ee3ng.\n", "Trong ph\u01b0\u01a1ng ph\u00e1p nghi\u00ean c\u1ee9u n\u00e0y, ngo\u00e0i vi\u1ec7c \u0111\u00e3 l\u1ef1a ch\u1ecdn t\u00e1 d\u01b0\u1ee3c s\u1ee7i b\u1ecdt (acid citric v\u00e0 natri bicarbonat) v\u1edbi \u0111\u1ed9 ho\u00e0 tan v\u00e0 pH th\u00edch h\u1ee3p, vi\u1ec7c thay \u0111\u1ed5i t\u1ef7 l\u1ec7 t\u00e1 d\u01b0\u1ee3c si\u00eau r\u00e3, tr\u01a1n (Crosspovidone) v\u00e0 t\u00e1 d\u01b0\u1ee3c \u0111\u1ed9n (lactose) gi\u00fap vi\u00ean s\u1ee7i \u0111\u1ea1t \u0111\u1ed9 r\u00e3 v\u00e0 \u0111\u1ed9 ho\u00e0 tan ho\u1ea1t ch\u1ea5t nhanh.\n", "K\u1ebft qu\u1ea3 nghi\u00ean c\u1ee9u cho th\u1ea5y c\u00f4ng th\u1ee9c 3 cho vi\u00ean s\u1ee7i \u0111\u1ea1t c\u00e1c ch\u1ec9 ti\u00eau ch\u1ea5t l\u01b0\u1ee3ng.\n", "Ti\u1ebfp t\u1ee5c kh\u1ea3o s\u00e1t \u0111\u00e1nh gi\u00e1 h\u00e0m l\u01b0\u1ee3ng EGCG trong vi\u00ean s\u1ee7i tr\u00e0 xanh x\u00e2y d\u1ef1ng theo c\u00f4ng th\u1ee9c s\u1ed1 3 \u0111\u01b0\u1ee3c th\u1ec3 hi\u1ec7n trong B\u1ea3ng 5.\n", "c.\n", "\u0110\u1ecbnh l\u01b0\u1ee3ng EGCG trong vi\u00ean s\u1ee7i tr\u00e0 xanh\n", "D\u1ef1a tr\u00ean ph\u01b0\u01a1ng ph\u00e1p \u0111\u1ecbnh l\u01b0\u1ee3ng EGCG b\u1eb1ng s\u1eafc k\u00fd l\u1ecfng hi\u1ec7u n\u0103ng cao HPLC \u0111\u00e3 x\u00e2y d\u1ef1ng, ti\u1ebfn h\u00e0nh x\u00e2y d\u1ef1ng ph\u01b0\u01a1ng tr\u00ecnh \u0111\u01b0\u1eddng chu\u1ea9n c\u1ee7a EGCG \u0111\u1ec3 t\u00ednh h\u00e0m l\u01b0\u1ee3ng EGCG trong vi\u00ean s\u1ee7i tr\u00e0 xanh.\n", "K\u1ebft qu\u1ea3 thu \u0111\u01b0\u1ee3c ph\u01b0\u01a1ng tr\u00ecnh \u0111\u01b0\u1eddng chu\u1ea9n y = 6,7716x + 77,986 v\u1edbi h\u1ec7 s\u1ed1 t\u01b0\u01a1ng quan R2 = 0,9989 (B\u1ea3ng 5 v\u00e0 H\u00ecnh 2).\n", "Trong kho\u1ea3ng n\u1ed3ng \u0111\u1ed9 kh\u1ea3o s\u00e1t 25250 \u00b5g/ml c\u00f3 s\u1ef1 t\u01b0\u01a1ng quan tuy\u1ebfn t\u00ednh ch\u1eb7t ch\u1ebd gi\u1eefa di\u1ec7n t\u00edch pic v\u00e0 n\u1ed3ng \u0111\u1ed9\n", "EGCG v\u1edbi h\u1ec7 s\u1ed1 t\u01b0\u01a1ng quan r\u1ea5t cao.\n", "B\u1ea3ng 5.\n", "K\u1ebft qu\u1ea3 kh\u1ea3o s\u00e1t s\u1ef1 t\u01b0\u01a1ng quan tuy\u1ebfn t\u00ednh gi\u1eefa di\u1ec7n t\u00edch pic v\u00e0 n\u1ed3ng \u0111\u1ed9 c\u1ee7a EGCG\n", "TT\n", "N\u1ed3ng \u0111\u1ed9 (\u00b5g/ml)\n", "Di\u1ec7n t\u00edch pic(mAU.min) 1 25 270,479 2 50 414,762 3 100 726,751 4 150 1087,73 5 250 1783,89\n", "H\u00ecnh 2.\n", "\u0110\u1ed3 th\u1ecb \u0111\u01b0\u1eddng chu\u1ea9n tuy\u1ebfn t\u00ednh gi\u1eefa di\u1ec7n t\u00edch pic v\u00e0 n\u1ed3ng \u0111\u1ed9 c\u1ee7a EGCG.\n", "B\u1ea3ng 6.\n", "K\u1ebft qu\u1ea3 x\u00e1c \u0111\u1ecbnh h\u00e0m l\u01b0\u1ee3ng EGCG trong m\u1eabu vi\u00ean s\u1ee7i tr\u00e0 xanh\n", "Vi\u00ean\n", "Di\u1ec7n t\u00edch pic (mAU.min)\n", "Kh\u1ed1i l\u01b0\u1ee3ng vi\u00ean s\u1ee7i tr\u00e0 xanh (g)\n", "H\u00e0m l\u01b0\u1ee3ng EGCG (%) 1 1409,6 2,956 8,063 2 1395,8 2,743 8,600 3 1467,81 2,983 8,334 4 1449,75 2,896 8,478 5 1372,63 2,811 8,244 6 1474,84 2,921 8,560 7 1503,13 2,963 8,610 8 1423,52 2,836 8,493\n", "Trung b\u00ecnh 8,423\n", "RSD (%) 0,023\n", "Nh\u1eadn x\u00e9t: h\u00e0m l\u01b0\u1ee3ng EGCG trong vi\u00ean s\u1ee7i tr\u00e0 xanh b\u00e0o ch\u1ebf \u0111\u01b0\u1ee3c l\u00e0 8,423 \u00b1 0,023 %.\n", "Theo c\u00e1c nghi\u00ean c\u1ee9u \u0111\u00e3 \u0111\u01b0\u1ee3c c\u00f4ng b\u1ed1, h\u00e0m l\u01b0\u1ee3ng\n", "EGCG c\u00f3 n\u1ed3ng \u0111\u1ed9 cao nh\u1ea5t kho\u1ea3ng 9-13% l\u01b0\u1ee3ng ch\u1ea5t kh\u00f4 trong b\u1ed9t tr\u00e0 xanh [13-14].\n", "Nh\u01b0 v\u1eady, b\u01b0\u1edbc \u0111\u1ea7u c\u00f3 th\u1ebf kh\u1eb3ng \u0111\u1ecbnh vi\u00ean s\u1ee7i tr\u00e0 xanh b\u00e0o ch\u1ebf \u0111\u01b0\u1ee3c v\u1eabn gi\u1eef nguy\u00ean \u0111\u01b0\u1ee3c h\u00e0m l\u01b0\u1ee3ng ho\u1ea1t ch\u1ea5t c\u00f3 t\u00e1c d\u1ee5ng sinh h\u1ecdc ch\u00ednh c\u1ee7a tr\u00e0 xanh, tuy nhi\u00ean c\u1ea7n ti\u1ebfp t\u1ee5c th\u1ef1c hi\u1ec7n c\u00e1c nghi\u00ean c\u1ee9u sinh h\u1ecdc \u0111\u1ec3 \u0111\u00e1nh gi\u00e1 \u0111\u01b0\u1ee3c hi\u1ec7u qu\u1ea3 c\u1ee7a vi\u00ean s\u1ee7i nh\u01b0 ch\u1ed1ng oxy ho\u00e1, kh\u00e1ng khu\u1ea9n.\n"], "5": ["5.\n", "K\u1ebft lu\u1eadn\n", "\u0110\u00e3 b\u00e0o ch\u1ebf \u0111\u01b0\u1ee3c vi\u00ean s\u1ee7i tr\u00e0 xanh 3 gam b\u1eb1ng ph\u01b0\u01a1ng ph\u00e1p t\u1ea1o h\u1ea1t v\u00e0 n\u00e9n tr\u1ef1c ti\u1ebfp \u1edf quy m\u00f4 ph\u00f2ng th\u00ed nghi\u1ec7m.\n", "Vi\u00ean s\u1ee7i tr\u00e0 xanh \u0111\u1ea1t c\u00e1c ti\u00eau chu\u1ea9n v\u1ec1 vi\u00ean n\u00e9n, vi\u00ean s\u1ee7i theo quy \u0111\u1ecbnh c\u1ee7a D\u01b0\u1ee3c \u0111i\u1ec3n Vi\u1ec7t Nam V.\n", "C\u00f4ng th\u1ee9c s\u1ed1 3 \u0111\u00e1p \u1ee9ng \u0111\u1ea7y \u0111\u1ee7 c\u00e1c ti\u00eau chu\u1ea9n, vi\u00ean c\u00f3 m\u00e0u xanh, l\u00e0nh l\u1eb7n, nh\u1eb5n b\u00f3ng, \u0111\u1ed3ng nh\u1ea5t, \u0111\u1ed9 r\u00e3 nh\u1ecf h\u01a1n 5 ph\u00fat, \u0111\u1ed9 ho\u00e0 tan r\u1ea5t t\u1ed1t, \u0111\u1ea1t ch\u1ec9 ti\u00eau \u0111\u1ed9 \u0111\u1ed3ng \u0111\u1ec1u kh\u1ed1i l\u01b0\u1ee3ng.\n", "\u0110\u1ecbnh l\u01b0\u1ee3ng \u0111\u01b0\u1ee3c h\u00e0m l\u01b0\u1ee3ng EGCG trong vi\u00ean s\u1ee7i tr\u00e0 xanh l\u00e0 8,423 \u00b1 0,023%.\n", "V\u1edbi c\u00f4ng th\u1ee9c l\u1ef1a ch\u1ecdn c\u00f3 th\u1ec3 \u00e1p d\u1ee5ng \u0111\u1ec3 n\u00e2ng c\u1ea5p quy tr\u00ecnh b\u00e0o ch\u1ebf \u1edf quy m\u00f4 l\u1edbn h\u01a1n nh\u1eb1m \u00e1p d\u1ee5ng v\u00e0o th\u1ef1c ti\u1ec5n.\n", "L\u1eddi c\u1ea3m \u01a1n\n", "Nghi\u00ean c\u1ee9u n\u00e0y \u0111\u01b0\u1ee3c t\u00e0i tr\u1ee3 b\u1edfi \u0111\u1ec1 t\u00e0i c\u01a1 s\u1edf c\u1ee7a Khoa Y D\u01b0\u1ee3c Nghi\u00ean c\u1ee9u b\u00e0o ch\u1ebf v\u00e0 \u0111\u00e1nh gi\u00e1 h\u00e0m l\u01b0\u1ee3ng EGCG trong vi\u00ean s\u1ee7i tr\u00e0 xanh, m\u00e3 s\u1ed1: CS.19.06.\n"]}, "Word count": 2627}