{"title": "Original Article\n", "content": {"0": ["T\u00f3m t\u1eaft: Nghi\u00ean c\u1ee9u chi ph\u00ed tr\u1ef1c ti\u1ebfp \u0111i\u1ec1u tr\u1ecb vi\u00eam ph\u1ed5i tr\u1ebb em \u0111i\u1ec1u tr\u1ecb \u1edf b\u1ec7nh vi\u1ec7n B\u1ea1ch Mai t\u1eeb th\u00e1ng 10/2018 \u0111\u1ebfn th\u00e1ng 3/2019 cho th\u1ea5y chi ph\u00ed gi\u01b0\u1eddng b\u1ec7nh chi\u1ebfm t\u1ef7 l\u1ec7 cao nh\u1ea5t, sau \u0111\u00f3 m\u1edbi \u0111\u1ebfn chi ph\u00ed thu\u1ed1c v\u00e0 chi ph\u00ed cho ch\u1ea9n \u0111o\u00e1n.Trong chi ph\u00ed thu\u1ed1c th\u00ec kh\u00e1ng sinh l\u00e0 cao nh\u1ea5t, trong chi ph\u00ed ch\u1ea9n \u0111o\u00e1n th\u00ec chi ph\u00ed x\u00e9t nghi\u1ec7m chi\u1ebfm ch\u1ee7 y\u1ebfu.\n", "Chi ph\u00ed \u0111i\u1ec1u tr\u1ecb c\u00f3 m\u1ed1i li\u00ean quan r\u00f5 r\u1ec7t \u0111\u1ebfn s\u1ed1 ng\u00e0y \u0111i\u1ec1u tr\u1ecb b\u00ean c\u1ea1nh \u0111\u00f3 c\u00e1c y\u1ebfu t\u1ed1 m\u1ee9c \u0111\u1ed9 b\u1ec7nh hay c\u00f3 b\u1ec7nh m\u1eafc k\u00e8m ch\u1ec9 \u1ea3nh h\u01b0\u1edfng khi xem x\u00e9t ri\u00eang l\u1ebb.\n", "S\u1ef1 h\u1ed7 tr\u1ee3 c\u1ee7a b\u1ea3o hi\u1ec3m y t\u1ebf c\u00f3 th\u1ec3 l\u00ean t\u1edbi h\u01a1n 70% t\u1ed5ng chi ph\u00ed tr\u1ef1c ti\u1ebfp.\n", "K\u1ebft qu\u1ea3 nghi\u00ean c\u1ee9u cho th\u1ea5y chi ph\u00ed \u0111i\u1ec1u tr\u1ecb \u1edf Vi\u1ec7t Nam th\u1ea5p h\u01a1n m\u1ed9t s\u1ed1 n\u01b0\u1edbc trong khu v\u1ef1c, s\u1ef1 ph\u00e2n b\u1ed5 ch\u00ed ph\u00ed t\u01b0\u01a1ng \u0111\u1ed3ng v\u1edbi m\u1ed9t s\u1ed1 nghi\u00ean c\u1ee9u kh\u00e1c trong n\u01b0\u1edbc, tuy nhi\u00ean chi ph\u00ed cho thu\u1ed1c kh\u00e1ng sinh \u0111\u00e3 gi\u1ea3m \u0111\u00e1ng k\u1ec3 m\u1eb7c d\u00f9 thu\u1ed1c d\u00f9ng \u1edf b\u1ec7nh vi\u1ec7n B\u1ea1ch Mai \u0111ang k\u00ea ch\u1ee7 y\u1ebfu l\u00e0 thu\u1ed1c g\u1ed1c.\n", "T\u1eeb kho\u00e1: Chi ph\u00ed \u0111i\u1ec1u tr\u1ecb, vi\u00eam ph\u1ed5i, tr\u1ebb em, b\u1ec7nh vi\u1ec7n B\u1ea1ch Mai.\n"], "1": ["1.\n", "\u0110\u1eb7t v\u1ea5n \u0111\u1ec1\n", "Vi\u00eam ph\u1ed5i l\u00e0 b\u1ec7nh g\u00e2y t\u1eed vong h\u00e0ng \u0111\u1ea7u \u1edf tr\u1ebb em d\u01b0\u1edbi 5 tu\u1ed5i \u1edf tr\u00ean to\u00e0n th\u1ebf gi\u1edbi c\u0169ng nh\u01b0\n", "Vi\u1ec7t Nam.\n", "Theo t\u1ed5 ch\u1ee9c y t\u1ebf th\u1ebf gi\u1edbi (WHO), h\u1eb1ng n\u0103m c\u00f3 kho\u1ea3ng 2 tri\u1ec7u tr\u1ebb em t\u1eed vong v\u00ec vi\u00eam ph\u1ed5i tr\u00ean to\u00e0n th\u1ebf gi\u1edbi, ch\u1ec9 s\u1ed1 m\u1edbi m\u1eafc b\u1ec7nh \u1edf l\u1ee9a tu\u1ed5i n\u00e0y l\u00e0 0,29 \u0111\u1ee3t b\u1ec7nh/tr\u1ebb/n\u0103m v\u00e0 chi\u1ebfm 19% trong t\u1ed5ng s\u1ed1 tr\u1ebb t\u1eed vong d\u01b0\u1edbi 5 tu\u1ed5i \u1edf c\u00e1c n\u01b0\u1edbc \u0111ang ph\u00e1t tri\u1ec3n [1], [2].\n", "C\u00f3 nhi\u1ec1u nguy\u00ean nh\u00e2n g\u00e2y b\u1ec7nh vi\u00eam ph\u1ed5i nh\u01b0: virus, vi khu\u1ea9n, h\u00edt s\u1eb7c th\u1ee9c \u0103n, d\u1ecb v\u1eadt,...trong \u0111\u00f3 vi khu\u1ea9n l\u00e0 _T\u00e1c gi\u1ea3 li\u00ean h\u1ec7.\n", "nguy\u00ean nh\u00e2n ph\u1ed5 bi\u1ebfn nh\u1ea5t [3].\n", "C\u00f3 \u0111\u1ebfn 69% c\u00e1c ph\u00e1t hi\u1ec7n \u0111\u01b0\u1ee3c t\u00e1c nh\u00e2n vi sinh g\u00e2y b\u1ec7nh, trong \u0111\u00f3 2 vi khu\u1ea9n S.Pneumoniae v\u00e0 H.influenzae l\u00e0 c\u00f3 t\u1ef7 l\u1ec7 ph\u00e1t hi\u1ec7n cao nh\u1ea5t (41,3% v\u00e0 22,2%) [4].\n", "V\u1edbi t\u1ec9 l\u1ec7 m\u1eafc vi khu\u1ea9n cao nh\u01b0 v\u1eady th\u00ec kh\u00e1ng sinh l\u00e0 thu\u1ed1c kh\u00f4ng th\u1ec3 thi\u1ebfu trong \u0111i\u1ec1u tr\u1ecb vi\u00eam ph\u1ed5i cho b\u1ec7nh nh\u00e2n.\n", "Tuy nhi\u00ean t\u00ecnh h\u00ecnh kh\u00e1ng kh\u00e1ng sinh hi\u1ec7n nay c\u1ee7a c\u00e1c lo\u1ea1i vi khu\u1ea9n g\u00e2y vi\u00eam ph\u1ed5i \u1edf n\u01b0\u1edbc ta ng\u00e0y c\u00e0ng tr\u1ea7m tr\u1ecdng.\n", "Trong khi \u0111\u00f3, vi\u1ec7c s\u1ea3n xu\u1ea5t ra c\u00e1c lo\u1ea1i thu\u1ed1c kh\u00e1ng sinh m\u1edbi, \u00edt b\u1ecb kh\u00e1ng thu\u1ed1c b\u1edfi vi khu\u1ea9n v\u1eabn c\u00f2n r\u1ea5t h\u1ea1n ch\u1ebf.\n", "Do t\u1ef7 l\u1ec7 vi khu\u1ea9n kh\u00e1ng kh\u00e1ng sinh cao, vi\u1ec7c \u0111i\u1ec1u tr\u1ecb vi\u00eam ph\u1ed5i ng\u00e0y c\u00e0ng tr\u1edf n\u00ean kh\u00f3 kh\u0103n, \u0111\u00f2i h\u1ecfi ph\u00e1c \u0111\u1ed3 \u0111i\u1ec1u tr\u1ecb ph\u1ed1i h\u1ee3p nhi\u1ec1u lo\u1ea1i thu\u1ed1c, \u0111\u1eb7c bi\u1ec7t l\u00e0 kh\u00e1ng sinh.\n", "K\u00e8m theo s\u1ed1 ng\u00e0y \u0111i\u1ec1u tr\u1ecb k\u00e9o d\u00e0i, trung b\u00ecnh l\u00ean t\u1edbi 6,5 ng\u00e0y cho m\u1ed9t \u0111\u1ee3t \u0111i\u1ec1u tr\u1ecb vi\u00eam ph\u1ed5i [5].\n", "Ngo\u00e0i ra c\u00f2n c\u1ea7n k\u1ebft h\u1ee3p s\u1eed d\u1ee5ng nhi\u1ec1u li\u1ec7u ph\u00e1p \u0111i\u1ec1u tr\u1ecb kh\u00e1c nhau c\u0169ng nh\u01b0 c\u00e1c d\u1ecbch v\u1ee5 y t\u1ebf h\u1ed7 tr\u1ee3, \u0111i\u1ec1u n\u00e0y g\u00e2y n\u00ean g\u00e1nh n\u1eb7ng kinh t\u1ebf kh\u00f4ng h\u1ec1 nh\u1ecf cho ng\u01b0\u1eddi b\u1ec7nh v\u00e0 to\u00e0n x\u00e3 h\u1ed9i.\n", "Tuy nhi\u00ean, c\u00e1c nghi\u00ean c\u1ee9u c\u1ee5 th\u1ec3 v\u1ec1 ph\u00e2n t\u00edch, \u0111\u00e1nh gi\u00e1 chi ph\u00ed \u0111i\u1ec1u tr\u1ecb vi\u00eam ph\u1ed5i tr\u1ebb em t\u1ea1i Vi\u1ec7t Nam v\u1eabn c\u00f2n r\u1ea5t h\u1ea1n ch\u1ebf.\n", "Nghi\u00ean c\u1ee9u Ph\u00e2n t\u00edch chi ph\u00ed \u0111i\u1ec1u tr\u1ecb vi\u00eam ph\u1ed5i \u1edf tr\u1ebb em t\u1ea1i b\u1ec7nh vi\u1ec7n B\u1ea1ch Mai H\u00e0 N\u1ed9i t\u1eeb th\u00e1ng 10/2018 \u0111\u1ebfn th\u00e1ng 3/2019 \u0111\u01b0\u1ee3c th\u1ef1c hi\u1ec7n nh\u1eb1m Ph\u00e2n t\u00edch chi ph\u00ed tr\u1ef1c ti\u1ebfp \u0111i\u1ec1u tr\u1ecb v\u00e0 c\u00e1c y\u1ebfu t\u1ed1 \u1ea3nh h\u01b0\u1edfng \u0111\u1ebfn chi ph\u00ed \u0111i\u1ec1u tr\u1ecb vi\u00eam ph\u1ed5i \u1edf tr\u1ebb em t\u1ea1i b\u1ec7nh vi\u1ec7n B\u1ea1ch Mai H\u00e0 N\u1ed9i t\u1eeb th\u00e1ng 10/2018 \u0111\u1ebfn th\u00e1ng 3/2019.\n"], "2": ["2.\n", "\u0110\u1ed1i t\u01b0\u1ee3ng v\u00e0 ph\u01b0\u01a1ng ph\u00e1p nghi\u00ean c\u1ee9u 2.1.\n", "\u0110\u1ed1i t\u01b0\u1ee3ng nghi\u00ean c\u1ee9u\n", "\u0110\u1ed1i t\u01b0\u1ee3ng nghi\u00ean c\u1ee9u: B\u1ec7nh nhi vi\u00eam ph\u1ed5i \u0111\u01b0\u1ee3c \u0111i\u1ec1u tr\u1ecb n\u1ed9i tr\u00fa t\u1ea1i b\u1ec7nh vi\u1ec7n B\u1ea1ch Mai H\u00e0\n", "N\u1ed9i t\u1eeb 01/10/2018 \u0111\u1ebfn 31/03/2018\n", "N\u1ed9i dung nghi\u00ean c\u1ee9u: Chi ph\u00ed (CP) \u0111i\u1ec1u tr\u1ecb tr\u1ef1c ti\u1ebfp c\u1ee7a b\u1ec7nh nhi vi\u00eam ph\u1ed5i \u0111\u01b0\u1ee3c \u0111i\u1ec1u tr\u1ecb n\u1ed9i tr\u00fa t\u1ea1i b\u1ec7nh vi\u1ec7n B\u1ea1ch Mai H\u00e0 N\u1ed9i t\u1eeb 01/10/2018 \u0111\u1ebfn 31/03/2019, bao g\u1ed3m: CP gi\u01b0\u1eddng b\u1ec7nh, CP th\u1ee7 thu\u1eadt, ph\u1eabu thu\u1eadt, P ch\u1ea9n \u0111o\u00e1n, CP v\u1eadt t\u01b0 y t\u1ebf, CP thu\u1ed1c, CP d\u1ecbch v\u1ee5 y t\u1ebf kh\u00e1c.\n", "Ti\u00eau chu\u1ea9n l\u1ef1a ch\u1ecdn\n", "B\u1ec7nh nh\u00e2n nhi <60 th\u00e1ng tu\u1ed5i, \u0111\u01b0\u1ee3c ch\u1ea9n \u0111o\u00e1n vi\u00eam ph\u1ed5i v\u00e0 \u0111i\u1ec1u tr\u1ecb n\u1ed9i tr\u00fa t\u1ea1i khoa Nhi gian t\u1eeb 01/10/2018 \u0111\u1ebfn 31/03/2019; B\u1ec7nh nh\u00e2n c\u00f3 tham gia BHYT.\n", "Ti\u00eau chu\u1ea9n lo\u1ea1i tr\u1eeb\n", "B\u1ec7nh nh\u00e2n kh\u00f4ng ho\u00e0n t\u1ea5t qu\u00e1 tr\u00ecnh \u0111i\u1ec1u tr\u1ecb (b\u1ecf \u0111i\u1ec1u tr\u1ecb, chuy\u1ec3n vi\u1ec7n ho\u1eb7c t\u1eed vong); H\u1ed3 s\u01a1 b\u1ec7nh \u00e1n r\u00e1ch, m\u1edd, kh\u00f4ng \u0111\u1ea7y \u0111\u1ee7 th\u00f4ng tin; B\u1ec7nh nh\u00e2n kh\u00f4ng c\u00f3 BHYT.\n", "2.2.\n", "Ph\u01b0\u01a1ng ph\u00e1p nghi\u00ean c\u1ee9u\n", "Thi\u1ebft k\u1ebf nghi\u00ean c\u1ee9u: \u0110\u1ec1 t\u00e0i \u0111\u01b0\u1ee3c nghi\u00ean c\u1ee9u d\u1ef1a tr\u00ean ph\u01b0\u01a1ng ph\u00e1p m\u00f4 t\u1ea3 ti\u1ebfn c\u1ee9u\n", "Ph\u01b0\u01a1ng ph\u00e1p thu th\u1eadp s\u1ed1 li\u1ec7u: C\u00e1c th\u00f4ng tin d\u1eef li\u1ec7u \u0111\u01b0\u1ee3c thu th\u1eadp t\u1eeb h\u1ed3 s\u01a1 b\u1ec7nh \u00e1n c\u1ee7a b\u1ec7nh nh\u00e2n \u0111\u01b0\u1ee3c l\u01b0u l\u1ea1i trong ph\u00f2ng l\u01b0u tr\u1eef h\u1ed3 s\u01a1 b\u1ec7nh \u00e1n v\u00e0 phi\u1ebfu thanh to\u00e1n chi ph\u00ed \u0111\u01b0\u1ee3c in ra t\u1eeb ph\u1ea7n m\u1ec1m qu\u1ea3n l\u00fd c\u1ee7a b\u1ec7nh vi\u1ec7n t\u1ea1i ph\u00f2ng h\u00e0nh ch\u00ednh t\u1ea1i khoa nhi b\u1ec7nh vi\u1ec7n B\u1ea1ch Mai.\n", "C\u00e1ch l\u1ea5y m\u1eabu: Qu\u00e1 tr\u00ecnh l\u1ea5y s\u1ed1 li\u1ec7u \u0111\u01b0\u1ee3c ti\u1ebfn h\u00e0nh t\u1eeb ng\u00e0y 01/10/2018 \u0111\u1ebfn 31/03/2019 t\u1ea1i ph\u00f2ng h\u00e0nh ch\u00ednh \u2013 k\u1ebf to\u00e1n v\u00e0 ph\u00f2ng h\u1ed9i tr\u01b0\u1eddng t\u1ea1i khoa Nhi b\u1ec7nh vi\u1ec7n B\u1ea1ch Mai.\n", "Trong kho\u1ea3ng th\u1eddi gian t\u1eeb 11h30 \u0111\u1ebfn 14h00, v\u1edbi t\u1ea7n su\u1ea5t 3 l\u1ea7n/tu\u1ea7n.\n", "Sau khi lo\u1ea1i nh\u1eefng HSBA kh\u00f4ng \u0111\u1ea1t y\u00eau c\u1ea7u, \u0111\u1ec1 t\u00e0i thu \u0111\u01b0\u1ee3c 312 HSBA \u0111\u00e1p \u1ee9ng \u0111\u1ea7y \u0111\u1ee7 c\u00e1c ti\u00eau chu\u1ea9n l\u1ef1a ch\u1ecdn v\u00e0 ti\u00eau chu\u1ea9n lo\u1ea1i tr\u1eeb.\n", "Do s\u1ed1 HSBA ph\u00f9 h\u1ee3p thu \u0111\u01b0\u1ee3c nh\u1ecf h\u01a1n c\u1ee1 m\u1eabu ban \u0111\u1ea7u (385) n\u00ean \u0111\u1ec1 t\u00e0i l\u1ea5y t\u1ea5t c\u1ea3 312 HSBA \u0111\u1ec3 ti\u1ebfn h\u00e0nh nghi\u00ean c\u1ee9u.\n", "2.3.\n", "Ph\u01b0\u01a1ng ph\u00e1p x\u1eed l\u00fd v\u00e0 ph\u00e2n t\u00edch s\u1ed1 li\u1ec7u\n", "C\u00e1c s\u1ed1 li\u1ec7u thu \u0111\u01b0\u1ee3c s\u1ebd \u0111\u01b0\u1ee3c nh\u1eadp ph\u1ea7n m\u1ec1m\n", "Epidata 3.1.\n", "S\u1ed1 li\u1ec7u sau khi thu th\u1eadp \u0111\u01b0\u1ee3c th\u1ed1ng k\u00ea, t\u1ed5ng h\u1ee3p, l\u1eadp b\u1ea3ng, ph\u00e2n lo\u1ea1i, l\u00e0m s\u1ea1ch theo c\u00e1c bi\u1ebfn s\u1ed1 c\u1ee7a t\u1eebng m\u1ee5c ti\u00eau nghi\u00ean c\u1ee9u.\n", "Ph\u00e2n t\u00edch s\u1ed1 li\u1ec7u: - S\u1eed d\u1ee5ng ph\u1ea7n m\u1ec1m Stata \u0111\u1ec3 ti\u1ebfn h\u00e0nh ph\u00e2n t\u00edch.\n", "- Ph\u01b0\u01a1ng ph\u00e1p so s\u00e1nh: so s\u00e1nh c\u00e1c gi\u00e1 tr\u1ecb, s\u1ed1 li\u1ec7u trong ph\u00e2n t\u00edch.\n", "- Ph\u01b0\u01a1ng ph\u00e1p m\u00f4 h\u00ecnh ho\u00e1, \u0111\u1ed3 th\u1ecb, bi\u1ec3u \u0111\u1ed3: minh ho\u1ea1 c\u00e1c y\u1ebfu t\u1ed1 c\u1ea7n ph\u00e2n t\u00edch.\n", "2.4.\n", "\u0110\u1ea1o \u0111\u1ee9c trong nghi\u00ean c\u1ee9u\n", "B\u1ec7nh nh\u00e2n \u0111\u01b0\u1ee3c bi\u1ebft th\u00f4ng tin v\u1ec1 nghi\u00ean c\u1ee9u v\u00e0 c\u00f3 quy\u1ec1n t\u1eeb ch\u1ed1i tham gia nghi\u00ean c\u1ee9u.\n", "To\u00e0n b\u1ed9 th\u00f4ng tin c\u00e1 nh\u00e2n c\u1ee7a b\u1ec7nh nh\u00e2n \u0111\u01b0\u1ee3c gi\u1eef b\u00ed m\u1eadt.\n", "M\u1ecdi th\u00f4ng tin thu th\u1eadp \u0111\u01b0\u1ee3c ch\u1ec9 nh\u1eb1m m\u1ee5c \u0111\u00edch ph\u1ee5c v\u1ee5 nghi\u00ean c\u1ee9u.\n"], "3": ["3.\n", "K\u1ebft qu\u1ea3 v\u00e0 b\u00e0n lu\u1eadn 3.1.\n", "M\u1ed9t s\u1ed1 \u0111\u1eb7c \u0111i\u1ec3m m\u1eabu nghi\u00ean c\u1ee9u\n", "\u0110\u1eb7c \u0111i\u1ec3m m\u1eabu nghi\u00ean c\u1ee9u \u0111a d\u1ea1ng, \u0111\u1ed9 tu\u1ed5i trung b\u00ecnh l\u00e0 10,7 th\u00e1ng; c\u00f3 s\u1ef1 ch\u1ec7nh l\u1ec7ch gi\u1eefa t\u1ef7 l\u1ec7 nam v\u00e0 n\u1eef.\n", "T\u1ea5t c\u1ea3 b\u1ec7nh nh\u00e2n trong nghi\u00ean c\u1ee9u \u0111\u1ec1u c\u00f3 BHYT, \u0111a s\u1ed1 l\u00e0 \u0111\u00fang tuy\u1ebfn.\n", "C\u00f3 kho\u1ea3ng 9,3% b\u1ec7nh nh\u00e2n c\u00f3 b\u1ec7nh m\u1eafc k\u00e8m v\u00e0 kho\u1ea3ng 7,4% b\u1ec7nh nh\u00e2n \u0111\u01b0\u1ee3c ch\u1ea9n \u0111o\u00e1n l\u00e0 m\u1eafc vi\u00eam ph\u1ed5i n\u1eb7ng.\n", "B\u1ea3ng 3.1.\n", "\u0110\u1eb7c \u0111i\u1ec3m m\u1eabu nghi\u00ean c\u1ee9u (n=312)\n", "\u0110\u1eb7c \u0111i\u1ec3m\n", "S\u1ed1 l\u01b0\u1ee3ng (n)\n", "T\u1ec9 l\u1ec7 % (%)\n", "Gi\u1edbi t\u00ednh\n", "Nam 196 62,82\n", "N\u1eef 116 37,18\n", "Nh\u00f3m tu\u1ed5i (th\u00e1ng) 0 -> 2 86 27,56 2 -> 12 129 41,35 12 -> 72 97 31,09\n", "M\u1ee9c \u0111\u1ed9 (BHYT) 100% 192 61,54 40% 119 38,14 32% 1 0,32\n", "M\u1ee9c \u0111\u1ed9 b\u1ec7nh\n", "N\u1eb7ng 23 7,37\n", "Kh\u00f4ng r\u00f5 th\u00f4ng tin 289 92,63\n", "B\u1ec7nh m\u1eafc k\u00e8m\n", "Ti\u00eau ho\u00e1 9 2,9\n", "Tim m\u1ea1ch 4 1,28\n", "Th\u1ea7n kinh 2 0,64\n", "H\u00f4 h\u1ea5p 2 0,64\n", "Nhi\u1ec5m tr\u00f9ng 1 0,32\n", "Truy\u1ec1n nhi\u1ec5m 3 0,96\n", "M\u00e1u 3 0,96\n", "Tai m\u0169i h\u1ecdng 1 0,32\n", "Da li\u1ec5u 2 0,64\n", "Kh\u00e1c 2 0,64\n", "Kh\u00f4ng c\u00f3 23 90,7 3.2.\n", "C\u01a1 c\u1ea5u chi ph\u00ed \u0111i\u1ec1u tr\u1ecb tr\u1ef1c ti\u1ebfp\n", "B\u1ea3ng 3.2.\n", "T\u1ed5ng chi ph\u00ed tr\u1ef1c ti\u1ebfp \u0111i\u1ec1u tr\u1ecb trung b\u00ecnh\n", "STT N\u1ed9i dung Gi\u00e1 tr\u1ecb (VN\u0110)\n", "T\u1ed5ng chi ph\u00ed \u0111i\u1ec1u tr\u1ecb tr\u1ef1c ti\u1ebfp 1.857.218.802,0 2 T\u1ed5ng chi ph\u00ed trung b\u00ecnh 5.952.624,4 3 Chi ph\u00ed cao nh\u1ea5t 51.159.486,0 4 Chi ph\u00ed th\u1ea5p nh\u1ea5t 731.960,0\n", "B\u1ea3ng 3.3.\n", "C\u01a1 c\u1ea5u chi ph\u00ed trung b\u00ecnh theo lo\u1ea1i chi ph\u00ed\n", "STT Lo\u1ea1i chi ph\u00ed\n", "Gi\u00e1 tr\u1ecb (VN\u0110)\n", "T\u1ec9 l\u1ec7 (%)\n", "Ng\u00e0y gi\u01b0\u1eddng chuy\u00ean khoa 2.564.530,0 43,08 2 X\u00e9t nghi\u1ec7m 885.666,4 14,88\n", "Ch\u1ea9n \u0111o\u00e1n h\u00ecnh \u1ea3nh v\u00e0 th\u0103m d\u00f2 ch\u1ee9c n\u0103ng 132.678,2 2,23 4 Thu\u1ed1c 1.559.526,6 26,20\n", "Th\u1ee7 thu\u1eadt, ph\u1eabu thu\u1eadt 343.031,4 5,76 6 V\u1eadt t\u01b0 y t\u1ebf 401.198,3 6,74\n", "Chi ph\u00ed kh\u00e1c (ti\u1ec1n \u0103n, n\u01b0\u1edbc s\u00f4i, m\u00e1u v\u00e0 c\u00e1c ch\u1ebf ph\u1ea9m...) 65.993,1 1,11\n", "B\u1ea3ng 3.4.\n", "C\u01a1 c\u1ea5u chi ph\u00ed theo nh\u00f3m thu\u1ed1c \u0111i\u1ec1u tr\u1ecb\n", "STT Nh\u00f3m thu\u1ed1c Gi\u00e1 tr\u1ecb (VN\u0110) T\u1ec9 l\u1ec7 (%) 1 Kh\u00e1ng sinh 973.416,5 62,42 2 H\u00f4 h\u1ea5p 146.503,5 9,39\n", "Gi\u1ea3m \u0111au,h\u1ea1 s\u1ed1t 1.594,3 0,10 4 Ti\u00eau ho\u00e1 28.451,7 1,82 5 Tim m\u1ea1ch 6.735,0 0,43 6 Th\u1ea7n kinh 5.655,5 0,36 7 Mi\u1ec5n d\u1ecbch 131.955,8 8,46 8 \u0110i\u1ec7n gi\u1ea3i 22.840,8 1,46 9 D\u1ecb \u1ee9ng 1.359,0 0,09 10 M\u00e1u 7.907,4 0,51 11 Ch\u1ed1ng n\u1ea5m 673,9 0,04 12 Kh\u00e1c 232.433,2 14,92\n", "B\u1ea3ng 3.5.\n", "C\u01a1 c\u1ea5u chi ph\u00ed theo ch\u1ea9n \u0111o\u00e1n\n", "STT N\u1ed9i dung Gi\u00e1 tr\u1ecb (VN\u0110) T\u1ec9 l\u1ec7 (%) 1 X\u00e9t nghi\u1ec7m 885.666,4 87,0\n", "Ch\u1ea9n \u0111o\u00e1n h\u00ecnh \u1ea3nh v\u00e0 th\u0103m d\u00f2 ch\u1ee9c n\u0103ng 132.678,2 13,0\n", "T\u1ed5ng 1.018.344,6 100%\n", "T\u1ed5ng chi ph\u00ed trung b\u00ecnh tr\u1ef1c ti\u1ebfp \u0111i\u1ec1u tr\u1ecb c\u00f3 s\u1ef1 ch\u1ec7nh l\u1ec7ch cao kho\u1ea3ng 70 l\u1ea7n, chi ph\u00ed t\u1eadp trung ch\u1ee7 y\u1ebfu \u1edf chi ph\u00ed gi\u01b0\u1eddng b\u1ec7nh, thu\u1ed1c v\u00e0 x\u00e9t nghi\u1ec7m (kho\u1ea3ng 83%).\n", "Trong thu\u1ed1c \u0111i\u1ec1u tr\u1ecb th\u00ec kh\u00e1ng sinh chi\u1ebfm 62,4% \u0111i\u1ec1u n\u00e0y ph\u00f9 h\u1ee3p v\u1edbi nguy\u00ean nh\u00e2n g\u00e2y b\u1ec7nh; trong chi ph\u00ed ch\u1ea9n \u0111o\u00e1n th\u00ec chi ph\u00ed x\u00e9t nghi\u1ec7m l\u00e0 kho\u1ea3ng 87%.\n", "3.3.\n", "C\u01a1 c\u1ea5u chi ph\u00ed theo \u0111\u1ed1i t\u01b0\u1ee3ng chi tr\u1ea3\n", "B\u1ea3ng 3.6.\n", "C\u01a1 c\u1ea5u chi ph\u00ed theo \u0111\u1ed1i t\u01b0\u1ee3ng chi tr\u1ea3\n", "BHYT chi tr\u1ea3 (VN\u0110)\n", "B\u1ec7nh nh\u00e2n chi tr\u1ea3 (VN\u0110)\n", "T\u1ed5ng (VN\u0110)\n", "Thu\u1ed1c 1.228.301,0 331.225,6 1.159.526,6\n", "D\u1ecbch v\u1ee5 y t\u1ebf 3.160.255,3 1.232.842,1 4.393.097,4\n", "T\u1ed5ng (VN\u0110) 4.388.556,3 1.564.067,7 5.952.624,0\n", "H\u00ecnh 3.1.\n", "T\u1ef7 l\u1ec7 chi ph\u00ed theo t\u1eebng nh\u00f3m \u0111\u1ed1i t\u01b0\u1ee3ng chi tr\u1ea3.\n", "H\u00ecnh 3.2.\n", "Chi ph\u00ed chi tr\u1ea3 c\u00e1c th\u00e0nh ph\u1ea7n gi\u1eefa ng\u01b0\u1eddi b\u1ec7nh v\u00e0 BHYT.\n", "\u0110\u1ed1i v\u1edbi ng\u01b0\u1eddi b\u1ec7nh c\u00f3 tham gia BHYT th\u00ec d\u1ef1a v\u00e0o vi\u1ec7c \u0111\u00fang tuy\u1ebfn, tr\u00e1i tuy\u1ebfn hay tr\u00e1i tuy\u1ebfn k\u00e8m v\u01b0\u1ee3t tuy\u1ebfn m\u00e0 s\u1ebd \u0111\u01b0\u1ee3c BHYT chi tr\u1ea3 100%, 40% v\u00e0 32% chi ph\u00ed tr\u1ef1c ti\u1ebfp \u0111i\u1ec1u tr\u1ecb.\n", "C\u00f3 s\u1ef1 t\u01b0\u01a1ng \u0111\u1ed3ng trong c\u1ea5u tr\u00fac th\u00e0nh ph\u1ea7n chi ph\u00ed \u0111i\u1ec1u tr\u1ecb theo \u0111\u1ed1i t\u01b0\u1ee3ng chi tr\u1ea3.\n", "Chi ph\u00ed ng\u01b0\u1eddi b\u1ec7nh chi tr\u1ea3 v\u00e0 chi ph\u00ed BHYT chi tr\u1ea3 c\u00f3 s\u1ef1 kh\u00e1c bi\u1ec7t v\u1ec1 t\u1ef7 l\u1ec7 nh\u01b0ng chi ph\u00ed ng\u01b0\u1eddi b\u1ec7nh chi tr\u1ea3 \u0111\u1ec1u th\u1ea5p h\u01a1n chi ph\u00ed BHYT chi tr\u1ea3.\n", "3.4.\n", "Ph\u00e2n t\u00edch c\u00e1c y\u1ebfu t\u1ed1 \u1ea3nh h\u01b0\u1edfng t\u1edbi chi ph\u00ed tr\u1ef1c ti\u1ebfp \u0111i\u1ec1u tr\u1ecb vi\u00eam ph\u1ed5i 3.4.1.\n", "Ph\u00e2n t\u00edch m\u1ed1i li\u00ean h\u1ec7 gi\u1eefa gi\u1edbi t\u00ednh v\u00e0 chi ph\u00ed tr\u1ef1c ti\u1ebfp \u0111i\u1ec1u tr\u1ecb vi\u00eam ph\u1ed5i\n", "B\u1ea3ng 3.9.\n", "M\u1ed1i li\u00ean h\u1ec7 gi\u1eefa gi\u1edbi t\u00ednh v\u00e0 chi ph\u00ed tr\u1ef1c ti\u1ebfp \u0111i\u1ec1u tr\u1ecb\n", "Gi\u1edbi t\u00ednh\n", "Chi ph\u00ed\n", "Nam N\u1eef\n", "Chi ph\u00ed \u0111i\u1ec1u tr\u1ecb (VN\u0110) 6.264.248,8 5.426.086,5\n", "P value=0,44 3.4.2.\n", "Ph\u00e2n t\u00edch m\u1ed1i li\u00ean h\u1ec7 gi\u1eefa nh\u00f3m tu\u1ed5i v\u00e0 chi ph\u00ed tr\u1ef1c ti\u1ebfp \u0111i\u1ec1u tr\u1ecb vi\u00eam ph\u1ed5i\n", "B\u1ea3ng 3.10.\n", "M\u1ed1i li\u00ean h\u1ec7 gi\u1eefa nh\u00f3m tu\u1ed5i v\u00e0 chi ph\u00ed tr\u1ef1c ti\u1ebfp \u0111i\u1ec1u tr\u1ecb\n", "Nh\u00f3m tu\u1ed5i\n", "Chi ph\u00ed 0-1\n", "Th\u00e1ng 1-12\n", "Th\u00e1ng >12\n", "Th\u00e1ng\n", "Chi ph\u00ed \u0111i\u1ec1u tr\u1ecb (VN\u0110) 5.800.96 8,6 6.535.522, 5.016.49 9,3\n", "P value=0,10 3.4.3.\n", "Ph\u00e2n t\u00edch m\u1ed1i li\u00ean h\u1ec7 gi\u1eefa m\u1ee9c \u0111\u1ed9 b\u1ec7nh v\u00e0 chi ph\u00ed tr\u1ef1c ti\u1ebfp \u0111i\u1ec1u tr\u1ecb vi\u00eam ph\u1ed5i\n", "B\u1ea3ng 3.11.\n", "M\u1ed1i li\u00ean h\u1ec7 gi\u1eefa m\u1ee9c \u0111\u1ed9 b\u1ec7nh v\u00e0 chi ph\u00ed tr\u1ef1c ti\u1ebfp \u0111i\u1ec1u tr\u1ecb\n", "M\u1ee9c \u0111\u1ed9\n", "Chi ph\u00ed\n", "Kh\u00f4ng r\u00f5 th\u00f4ng tin\n", "N\u1eb7ng\n", "Chi ph\u00ed \u0111i\u1ec1u tr\u1ecb (VN\u0110) 5.708.387,4 9.021.514,8\n", "P value=0,0035 3.4.4.\n", "Ph\u00e2n t\u00edch m\u1ed1i li\u00ean h\u1ec7 gi\u1eefa b\u1ec7nh m\u1eafc k\u00e8m v\u00e0 chi ph\u00ed tr\u1ef1c ti\u1ebfp \u0111i\u1ec1u tr\u1ecb vi\u00eam ph\u1ed5i\n", "B\u1ea3ng 3.12.\n", "M\u1ed1i li\u00ean h\u1ec7 gi\u1eefa b\u1ec7nh m\u1eafc k\u00e8m v\u00e0 chi ph\u00ed tr\u1ef1c ti\u1ebfp \u0111i\u1ec1u tr\u1ecb\n", "B\u1ec7nh m\u1eafc k\u00e8m Chi ph\u00ed\n", "Kh\u00f4ng c\u00f3\n", "BMK\n", "C\u00f3 BMK\n", "Chi ph\u00ed \u0111i\u1ec1u tr\u1ecb (VN\u0110) 5.786.023,7 7.578.417,4\n", "P value=0,0063 3.4.5.\n", "Ph\u00e2n t\u00edch m\u1ed1i li\u00ean h\u1ec7 gi\u1eefa s\u1ed1 ng\u00e0y \u0111i\u1ec1u tr\u1ecb v\u00e0 chi ph\u00ed tr\u1ef1c ti\u1ebfp \u0111i\u1ec1u tr\u1ecb vi\u00eam ph\u1ed5i\n", "Ph\u01b0\u01a1ng tr\u00ecnh h\u1ed3i quy tuy\u1ebfn t\u00ednh \u0111a bi\u1ebfn\n", "Ti\u1ebfn h\u00e0nh ph\u00e2n t\u00edch, \u0111\u1ec1 t\u00e0i thu \u0111\u01b0\u1ee3c ph\u01b0\u01a1ng tr\u00ecnh nh\u01b0 sau:\n", "Chi ph\u00ed tr\u1ef1c ti\u1ebfp \u0111i\u1ec1u tr\u1ecb = - 540192 \u2013 697961,5 (gi\u1edbi t\u00ednh) \u2013 318718,4 (nh\u00f3m tu\u1ed5i) + 708333,3 (b\u1ec7nh m\u1eafc k\u00e8m) + 154463 (m\u1ee9c \u0111\u1ed9 b\u1ec7nh) + 1069948 (s\u1ed1 ng\u00e0y \u0111i\u1ec1u tr\u1ecb)\n", "B\u1ea3ng 3.13.\n", "K\u1ebft qu\u1ea3 ph\u00e2n t\u00edch h\u1ed3i quy tuy\u1ebfn t\u00ednh \u0111a bi\u1ebfn\n", "Bi\u1ec7n gi\u1ea3i ph\u01b0\u01a1ng tr\u00ecnh: + Bi\u1ebfn \u0111\u1ecbnh l\u01b0\u1ee3ng: Khi bi\u1ebfn s\u1ed1 ng\u00e0y \u0111i\u1ec1u tr\u1ecb t\u0103ng l\u00ean th\u00ec chi ph\u00ed tr\u1ef1c ti\u1ebfp \u0111i\u1ec1u tr\u1ecb c\u00f3 kh\u1ea3 n\u0103ng t\u0103ng l\u00ean (h\u1ec7 s\u1ed1 h\u1ed3i quy c\u00f3 gi\u00e1 tr\u1ecb d\u01b0\u01a1ng).\n", "+ Bi\u1ebfn \u0111\u1ecbnh t\u00ednh:\n", "\u0110\u1ed1i v\u1edbi c\u00e1c bi\u1ebfn \u0111\u1ecbnh t\u00ednh gi\u1edbi t\u00ednh, nh\u00f3m tu\u1ed5i v\u00e0 m\u1ee9c \u0111\u1ed9 b\u1ec7nh (c\u00f3 h\u1ec7 s\u1ed1 h\u1ed3i quy gi\u00e1 tr\u1ecb \u00e2m).\n", "Trong m\u1ed7i bi\u1ebfn, y\u1ebfu t\u1ed1 n\u00e0o \u0111\u01b0\u1ee3c quy \u01b0\u1edbc v\u1edbi gi\u00e1 tr\u1ecb cao h\u01a1n th\u00ec chi ph\u00ed tr\u1ef1c ti\u1ebfp \u0111i\u1ec1u tr\u1ecb c\u00f3 th\u1ec3 s\u1ebd th\u1ea5p h\u01a1n.V\u00ed d\u1ee5: Gi\u1edbi t\u00ednh nam quy \u01b0\u1edbc gi\u00e1 tr\u1ecb l\u00e0 1, gi\u1edbi t\u00ednh n\u1eef quy \u01b0\u1edbc gi\u00e1 tr\u1ecb l\u00e0 2 th\u00ec chi ph\u00ed tr\u1ef1c ti\u1ebfp \u0111i\u1ec1u tr\u1ecb \u1edf n\u1eef gi\u1edbi s\u1ebd th\u1ea5p h\u01a1n nam gi\u1edbi.\n", "\u0110\u1ed1i v\u1edbi bi\u1ebfn b\u1ec7nh m\u1eafc k\u00e8m, y\u1ebfu t\u1ed1 n\u00e0o \u0111\u01b0\u1ee3c quy \u01b0\u1edbc gi\u00e1 tr\u1ecb cao h\u01a1n th\u00ec chi ph\u00ed tr\u1ef1c ti\u1ebfp \u0111i\u1ec1u tr\u1ecb c\u00f3 th\u1ec3 s\u1ebd t\u0103ng l\u00ean (do h\u1ec7 s\u1ed1 h\u1ed3i quy gi\u00e1 tr\u1ecb d\u01b0\u01a1ng).\n", "nh\u00ecn v\u00e0o c\u1ed9t gi\u00e1 tr\u1ecb p c\u1ee7a T-test c\u00f3 th\u1ec3 th\u1ea5y r\u1eb1ng ch\u1ec9 c\u00f3 y\u1ebfu t\u1ed1 s\u1ed1 ng\u00e0y \u0111i\u1ec1u tr\u1ecb c\u00f3 m\u1ed1i li\u00ean quan c\u00f3 \u00fd ngh\u0129a th\u1ed1ng k\u00ea v\u1edbi t\u1ed5ng chi ph\u00ed \u0111i\u1ec1u tr\u1ecb (p = 0,00), 4 y\u1ebfu t\u1ed1 c\u00f2n l\u1ea1i: gi\u1edbi t\u00ednh, nh\u00f3m tu\u1ed5i, b\u1ec7nh m\u1eafc k\u00e8m, m\u1ee9c \u0111\u1ed9 b\u1ec7nh (c\u00f3 gi\u00e1 tr\u1ecb p l\u1ea7n l\u01b0\u1ee3t l\u00e0 0,076 ; 0,206 ; 0,283 ; 0,837) kh\u00f4ng c\u00f3 \u00fd ngh\u0129a th\u1ed1ng k\u00ea.\n", "H\u1ec7 s\u1ed1 R2 c\u1ee7a m\u00f4 h\u00ecnh h\u1ed3i quy c\u00f3 gi\u00e1 tr\u1ecb b\u1eb1ng 0,5824 cho th\u1ea5y s\u1ef1 thay \u0111\u1ed5i c\u1ee7a chi ph\u00ed \u0111i\u1ec1u tr\u1ecb \u0111\u01b0\u1ee3c gi\u1ea3i th\u00edch b\u1edfi 58,24% s\u1ef1 thay \u0111\u1ed5i c\u1ee7a c\u00e1c bi\u1ebfn s\u1ed1 trong m\u00f4 h\u00ecnh.\n"], "4": ["4.\n", "B\u00e0n lu\u1eadn\n", "Chi ph\u00ed tr\u1ef1c ti\u1ebfp \u0111i\u1ec1u tr\u1ecb vi\u00eam ph\u1ed5i \u1edf tr\u1ebb em t\u1ea1i b\u1ec7nh vi\u1ec7n B\u1ea1ch Mai H\u00e0 N\u1ed9i t\u1eeb th\u00e1ng 10/2018 \u0111\u1ebfn th\u00e1ng 3/2019\n", "C\u01a1 c\u1ea5u chi ph\u00ed trung b\u00ecnh \u0111i\u1ec1u tr\u1ecb tr\u1ef1c ti\u1ebfp v\u00e0 c\u01a1 c\u1ea5u chi ph\u00ed theo lo\u1ea1i chi ph\u00ed\n", "Theo k\u1ebft qu\u1ea3 nghi\u00ean c\u1ee9u, chi ph\u00ed tr\u1ef1c ti\u1ebfp trung b\u00ecnh \u0111i\u1ec1u tr\u1ecb vi\u00eam ph\u1ed5i c\u1ee7a m\u1ed9t ng\u01b0\u1eddi b\u1ec7nh trong m\u1ed9t \u0111\u1ee3t \u0111i\u1ec1u tr\u1ecb vi\u00eam ph\u1ed5i l\u00e0 5.952.624,4\n", "VN\u0110, trong \u0111\u00f3 kho\u1ea3n m\u1ee5c cho ph\u00ed l\u1edbn nh\u1ea5t ch\u00ednh l\u00e0 chi ph\u00ed d\u00e0nh cho gi\u01b0\u1eddng b\u1ec7nh (43,04%).\n", "\u0110\u00e2y c\u0169ng l\u00e0 ph\u1ea7n chi ph\u00ed l\u1edbn nh\u1ea5t m\u00e0 ng\u01b0\u1eddi b\u1ec7nh v\u00e0 BHYT ph\u1ea3i chi tr\u1ea3.Ti\u1ebfp theo \u0111\u00f3 l\u00e0 chi ph\u00ed d\u00e0nh cho thu\u1ed1c \u0111i\u1ec1u tr\u1ecb (26,20%).\n", "Vi\u1ec7c chi ph\u00ed gi\u00e0nh cho gi\u01b0\u1eddng b\u1ec7nh chi\u1ebfm t\u1ec9 tr\u1ecdng cao nh\u1ea5t c\u00f3 th\u1ec3 gi\u1ea3i th\u00edch m\u1ed9t ph\u1ea7n l\u00e0 do theo xu h\u01b0\u1edbng hi\u1ec7n nay, ng\u01b0\u1eddi b\u1ec7nh th\u01b0\u1eddng c\u00f3 nhu c\u1ea7u s\u1eed d\u1ee5ng c\u00e1c lo\u1ea1i gi\u01b0\u1eddng d\u1ecbch v\u1ee5 v\u1edbi chi ph\u00ed cao h\u01a1n c\u00e1c gi\u01b0\u1eddng t\u1ef1 nguy\u1ec7n th\u00f4ng th\u01b0\u1eddng \u0111\u1ec3 c\u00f3 \u0111\u01b0\u1ee3c ch\u1ebf \u0111\u1ed9 ngh\u1ec9 ng\u01a1i, ch\u0103m s\u00f3c t\u1ed1t h\u01a1n (\u0111i\u1ec1u ho\u00e0, d\u1ecdn v\u1ec7 sinh, ph\u00f2ng \u00edt gi\u01b0\u1eddng...).\n", "Ngo\u00e0i ra, tu\u1ef3 v\u00e0o m\u1ee9c \u0111\u1ed9 b\u1ec7nh m\u00e0 ng\u01b0\u1eddi b\u1ec7nh s\u1ebd \u0111\u01b0\u1ee3c n\u1eb1m t\u1ea1i c\u00e1c ph\u00f2ng h\u1ed3i s\u1ee9c c\u1ea5p c\u1ee9u, h\u1ed3i s\u1ee9c t\u00edch c\u1ef1c...\n", "Khi \u0111\u00f3, ngo\u00e0i chi ph\u00ed v\u1ec1 qu\u1ea7n \u00e1o, m\u0169, ch\u0103n, ga...th\u00ec chi ph\u00ed c\u1ee7a c\u00e1c m\u00e1y m\u00f3c, thi\u1ebft b\u1ecb h\u1ed7 tr\u1ee3 \u0111i\u1ec1u tr\u1ecb, theo d\u00f5i ng\u01b0\u1eddi b\u1ec7nh nh\u01b0 m\u00e1y theo d\u00f5i nh\u1ecbp tim, thi\u1ebft b\u1ecb \u0111o d\u1ea5u hi\u1ec7u sinh t\u1ed3n, m\u00e1y theo d\u00f5i huy\u1ebft \u00e1p...c\u0169ng \u0111\u01b0\u1ee3c t\u00ednh v\u00e0o trong chi ph\u00ed gi\u01b0\u1eddng b\u1ec7nh.\n", "\u0110i\u1ec1u n\u00e0y d\u1eabn t\u1edbi chi ph\u00ed cho 1 ng\u00e0y n\u1eb1m th\u1ec3 l\u00e0 1 trong nh\u1eefng nguy\u00ean nh\u00e2n d\u1eabn t\u1edbi vi\u1ec7c vi\u1ec7c chi ph\u00ed gi\u01b0\u1eddng b\u1ec7nh chi\u1ebfm t\u1ec9 tr\u1ecdng cao trong t\u1ed5ng chi ph\u00ed tr\u1ef1c ti\u1ebfp \u0111i\u1ec1u tr\u1ecb.\n", "K\u1ebft qu\u1ea3 nghi\u00ean c\u1ee9u n\u00e0y kh\u00f4ng t\u01b0\u01a1ng \u0111\u1ed3ng v\u1edbi k\u1ebft qu\u1ea3 nghi\u00ean c\u1ee9u c\u1ee7a t\u00e1c gi\u1ea3 Nguy\u1ec5n Ng\u1ecdc\n", "T\u00fa c\u00f4ng b\u1ed1 n\u0103m 2017 [6] v\u00e0 t\u00e1c gi\u1ea3 B\u00f9i Th\u1ecb\n", "Quy\u00ean c\u00f4ng b\u1ed1 n\u0103m 2016 [7].\n", "Theo k\u1ebft qu\u1ea3 c\u1ee7a 2 nghi\u00ean c\u1ee9u n\u00e0y, chi ph\u00ed tr\u1ef1c ti\u1ebfp \u0111i\u1ec1u tr\u1ecb trung b\u00ecnh trong m\u1ed9t \u0111\u1ee3t \u0111i\u1ec1u tr\u1ecb vi\u00eam ph\u1ed5i dao \u0111\u1ed9ng t\u1eeb 1.131.217,0 - 3.073.692,0 VN\u0110.\n", "Trong \u0111\u00f3 chi ph\u00ed chi\u1ebfm t\u1ec9 tr\u1ecdng cao nh\u1ea5t, v\u00e0 lu\u00f4n chi\u1ebfm h\u01a1n 50% trong t\u1ed5ng chi ph\u00ed \u0111i\u1ec1u tr\u1ecb l\u00e0 chi ph\u00ed thu\u1ed1c.\n", "K\u1ebft qu\u1ea3 nghi\u00ean c\u1ee9u c\u1ee7a \u0111\u1ec1 t\u00e0i c\u0169ng n\u00f3i l\u00ean s\u1ef1 t\u00edch c\u1ef1c trong vi\u1ec7c \u0111i\u1ec1u tr\u1ecb cho ng\u01b0\u1eddi b\u1ec7nh t\u1ea1i thu\u1ed1c s\u1eed d\u1ee5ng h\u1ea7u h\u1ebft \u0111\u1ec1u l\u00e0 c\u00e1c thu\u1ed1c g\u1ed1c, v\u1edbi chi ph\u00ed l\u00e0 t\u01b0\u01a1ng \u0111\u1ed1i cao cho 1 \u0111\u01a1n v\u1ecb s\u1eed d\u1ee5ng.\n", "Tuy v\u1eady chi ph\u00ed d\u00e0nh cho thu\u1ed1c ch\u1ec9 chi\u1ebfm 26,20% trong t\u1ed5ng chi ph\u00ed \u0111i\u1ec1u tr\u1ecb.\n", "\u0110i\u1ec1u n\u00e0y cho th\u1ea5y vi\u1ec7c s\u1eed d\u1ee5ng thu\u1ed1c c\u1ee7a c\u00e1c b\u00e1c s\u0129 l\u00e0 h\u1ee3p l\u00fd, v\u1edbi li\u1ec1u s\u1eed d\u1ee5ng \u00edt nh\u01b0ng mang l\u1ea1i hi\u1ec7u qu\u1ea3 \u0111i\u1ec1u tr\u1ecb cao cho ng\u01b0\u1eddi b\u1ec7nh.\n", "C\u00e1c nghi\u00ean c\u1ee9u tr\u00ean th\u1ebf gi\u1edbi c\u0169ng cho ra nh\u1eefng k\u1ebft qu\u1ea3 kh\u00e1c nhau v\u1ec1 chi ph\u00ed trung b\u00ecnh \u0111i\u1ec1u tr\u1ecb v\u00e0 c\u01a1 c\u1ea5u trong chi ph\u00ed \u0111i\u1ec1u tr\u1ecb vi\u00eam ph\u1ed5i \u1edf tr\u1ebb em.\n", "Nh\u01b0ng nh\u00ecn chung, c\u00e1c chi ph\u00ed n\u00e0y l\u1edbn h\u01a1n so v\u1edbi chi ph\u00ed \u0111i\u1ec1u tr\u1ecb t\u1ea1i Vi\u1ec7t nam.\n", "Theo nghi\u00ean c\u1ee9u c\u1ee7a \u0110\u1eb7ng \u0110\u1ee9c Anh v\u00e0 c\u00e1c c\u1ed9ng s\u1ef1 [4], chi ph\u00ed trung b\u00ecnh c\u1ee7a m\u1ed9t \u0111\u1ee3t \u0111i\u1ec1u tr\u1ecb vi\u00eam ph\u1ed5i l\u00e0 375,5 USD (8.636.500,0 VN\u0110) \u1edf\n", "Malaysia v\u00e0 200,3 USD (4.606.900,0 VN\u0110) \u1edf\n", "Indonesia.\n", "Theo m\u1ed9t nghi\u00ean c\u1ee9u t\u1ea1i Pakistan n\u0103m 2008, chi ph\u00ed thu\u1ed1c \u0111i\u1ec1u tr\u1ecb \u0111\u1ee9ng th\u1ee9 nh\u1ea5t (40,54%), ti\u1ebfp theo l\u00e0 chi ph\u00ed d\u00e0nh cho sinh ho\u1ea1t, \u0103n u\u1ed1ng c\u1ee7a b\u1ec7nh nh\u00e2n v\u00e0 ng\u01b0\u1eddi nh\u00e0 b\u1ec7nh nh\u00e2n l\u00ean t\u1edbi 23,68% [8].\n", "C\u01a1 c\u1ea5u chi ph\u00ed theo nh\u00f3m thu\u1ed1c \u0111i\u1ec1u tr\u1ecb\n", "Theo c\u00e1c h\u01b0\u1edbng d\u1eabn \u0111i\u1ec1u tr\u1ecb vi\u00eam ph\u1ed5i hi\u1ec7n nay, trong c\u00e1c ph\u00e1c \u0111\u1ed3 \u0111i\u1ec1u tr\u1ecb h\u1ea7u h\u1ebft \u0111\u1ec1u c\u00f3 s\u1eed d\u1ee5ng thu\u1ed1c kh\u00e1ng sinh v\u00e0 ph\u1ed1i h\u1ee3p kh\u00e1ng sinh.\n", "\u0110i\u1ec1u n\u00e0y c\u00f3 th\u1ec3 gi\u1ea3i th\u00edch l\u00e0 do trong \u0111i\u1ec1u tr\u1ecb vi\u00eam ph\u1ed5i, kh\u00e1ng sinh l\u00e0 nh\u00f3m thu\u1ed1c ch\u00ednh c\u00f3 vai tr\u00f2 r\u1ea5t quan tr\u1ecdng, quy\u1ebft \u0111\u1ecbnh hi\u1ec7u qu\u1ea3 \u0111i\u1ec1u tr\u1ecb.\n", "C\u00e1c nh\u00f3m thu\u1ed1c kh\u00e1c ch\u1ee7 y\u1ebfu d\u00f9ng \u0111\u1ec3 \u0111i\u1ec1u tr\u1ecb tri\u1ec7u ch\u1ee9ng ho\u1eb7c \u0111i\u1ec1u tr\u1ecb c\u00e1c b\u1ec7nh m\u1eafc k\u00e8m.\n", "\u0110\u1ed3ng th\u1eddi m\u1ed9t s\u1ed1 ng\u01b0\u1eddi b\u1ec7nh c\u0169ng c\u00f3 \u0111\u01b0\u1ee3c s\u1eed d\u1ee5ng c\u00e1c thu\u1ed1c kh\u00e1ng sinh brand name.\n", "Do \u0111\u00f3 vi\u1ec7c chi ph\u00ed thu\u1ed1c kh\u00e1ng sinh lu\u00f4n chi\u1ebfm t\u1ec9 tr\u1ecdng cao nh\u1ea5t l\u00e0 \u0111i\u1ec1u ho\u00e0n to\u00e0n h\u1ee3p l\u00fd.\n", "\u0110i\u1ec1u n\u00e0y c\u0169ng ph\u00f9 h\u1ee3p v\u1edbi k\u1ebft qu\u1ea3 thu \u0111\u01b0\u1ee3c c\u1ee7a \u0111\u1ec1 t\u00e0i, khi chi ph\u00ed kh\u00e1ng sinh chi\u1ebfm t\u1ec9 tr\u1ecdng cao nh\u1ea5t (62,42%) trong t\u1ed5ng chi ph\u00ed thu\u1ed1c.\n", "So s\u00e1nh k\u1ebft qu\u1ea3 v\u1edbi c\u00e1c nghi\u00ean c\u1ee9u kh\u00e1c, \u0111\u1ec1 t\u00e0i ghi nh\u1eadn c\u00f3 s\u1ef1 kh\u00e1c bi\u1ec7t.\n", "T\u1ea1i B\u1ec7nh vi\u1ec7n Lao v\u00e0 b\u1ec7nh ph\u1ed5i Th\u00e1i Nguy\u00ean, con s\u1ed1 n\u00e0y l\u00e0 87,8% [6].\n", "Trong nghi\u00ean c\u1ee9u c\u1ee7a\n", "B\u00f9i Th\u1ecb Quy\u00ean, t\u1ea1i Nam \u0110\u1ecbnh, t\u1ec9 l\u1ec7 chi ph\u00ed c\u1ee7a thu\u1ed1c kh\u00e1ng sinh l\u00e0 r\u1ea5t cao, dao \u0111\u1ed9ng t\u1eeb 72,6 \u2013 87,7% [7].\n", "Vi\u1ec7c t\u1ec9 tr\u1ecdng chi ph\u00ed c\u1ee7a kh\u00e1ng sinh c\u00f3 gi\u1ea3m \u0111i l\u00e0 m\u1ed9t t\u00edn hi\u1ec7u \u0111\u00e1ng m\u1eebng.\n", "Tuy nhi\u00ean t\u1ec9 l\u1ec7 n\u00e0y v\u1eabn \u0111ang \u1edf m\u1ee9c t\u01b0\u01a1ng \u0111\u1ed1i cao.\n", "M\u1ed9t s\u1ed1 nguy\u00ean nh\u00e2n kh\u00e1ch quan c\u0169ng c\u00f3 th\u1ec3 d\u1eabn t\u1edbi t\u00ecnh tr\u1ea1ng n\u00e0y.\n", "Khi nh\u1eadp vi\u1ec7n, ng\u01b0\u1eddi nh\u00e0 kh\u00f4ng nh\u1edb t\u00ean thu\u1ed1c \u0111\u00e3 cho tr\u1ebb u\u1ed1ng tr\u01b0\u1edbc khi v\u00e0o vi\u1ec7n, g\u00e2y n\u00ean kh\u00f3 kh\u0103n cho b\u00e1c s\u0129 khi quy\u1ebft \u0111\u1ecbnh kh\u00e1ng sinh ph\u00f9 h\u1ee3p v\u1edbi tr\u1ebb theo ti\u1ec1n s\u1eed d\u00f9ng thu\u1ed1c.\n", "Ngo\u00e0i ra, theo quan s\u00e1t c\u1ee7a \u0111\u1ec1 t\u00e0i, x\u00e9t nghi\u1ec7m kh\u00e1ng sinh \u0111\u1ed3 kh\u00f4ng \u0111\u01b0\u1ee3c th\u1ef1c hi\u1ec7n nhi\u1ec1u trong qu\u00e1 tr\u00ecnh \u0111i\u1ec1u tr\u1ecb.\n", "Vi\u1ec7c ch\u1ec9 \u0111\u1ecbnh d\u00f9ng kh\u00e1ng sinh, c\u00e1c b\u00e1c s\u0129 c\u0103n c\u1ee9 ch\u1ee7 y\u1ebfu d\u1ef1a tr\u00ean c\u00e1c k\u1ebft qu\u1ea3 kh\u00e1m l\u00e2m s\u00e0ng v\u00e0 c\u1eadn l\u00e2m s\u00e0ng, danh m\u1ee5c thu\u1ed1c s\u1eed d\u1ee5ng t\u1ea1i b\u1ec7nh vi\u1ec7n v\u00e0 kinh nghi\u1ec7m \u0111i\u1ec1u tr\u1ecb c\u1ee7a b\u1ea3n th\u00e2n \u0111\u1ec3 ra y l\u1ec7nh, sau \u0111\u00f3 d\u1ef1a tr\u00ean ti\u1ebfn tri\u1ec3n \u0111i\u1ec1u tr\u1ecb b\u1ec7nh m\u00e0 ti\u1ebfn h\u00e0nh thay \u0111\u1ed5i, s\u1eed d\u1ee5ng c\u00e1c ph\u00e1c \u0111\u1ed3 thay th\u1ebf.\n", "Do \u0111\u00f3, \u0111\u00e2y c\u00f3 th\u1ec3 l\u00e0 1 trong nh\u1eefng nguy\u00ean nh\u00e2n khi\u1ebfn cho vi\u1ec7c s\u1eed d\u1ee5ng thu\u1ed1c kh\u00e1ng sinh ch\u01b0a \u0111\u1ea1t \u0111\u01b0\u1ee3c hi\u1ec7u qu\u1ea3 t\u1ed1i \u01b0u nh\u1ea5t, \u0111\u1eb7c bi\u1ec7t l\u00e0 v\u1edbi t\u00ecnh tr\u1ea1ng vi khu\u1ea9n \u0111a kh\u00e1ng thu\u1ed1c \u0111ang t\u0103ng cao nh\u01b0 hi\u1ec7n nay.\n", "C\u01a1 c\u1ea5u chi ph\u00ed theo ch\u1ea9n \u0111o\u00e1n\n", "Chi ph\u00ed ch\u1ea9n \u0111o\u00e1n \u0111\u01b0\u1ee3c ph\u00e2n chia th\u00e0nh chi ph\u00ed x\u00e9t nghi\u1ec7m, chi ph\u00ed ch\u1ea9n \u0111o\u00e1n h\u00ecnh \u1ea3nh v\u00e0 th\u0103m d\u00f2 ch\u1ee9c n\u0103ng.\n", "Trong \u0111\u00f3 chi ph\u00ed x\u00e9t nghi\u1ec7m chi\u1ebfm t\u1ec9 tr\u1ecdng cao nh\u1ea5t l\u00e0 87%, chi ph\u00ed ch\u1ea9n \u0111o\u00e1n h\u00ecnh \u1ea3nh v\u00e0 th\u0103m d\u00f2 ch\u1ee9c n\u0103ng l\u00e0 13%.\n", "M\u1eb7c d\u00f9 \u0111\u01a1n gi\u00e1 th\u1ef1c hi\u1ec7n m\u1ed7i lo\u1ea1i x\u00e9t nghi\u1ec7m th\u01b0\u1eddng kh\u00f4ng cao nh\u01b0ng do ng\u01b0\u1eddi b\u1ec7nh vi\u00eam ph\u1ed5i ph\u1ea3i l\u00e0m r\u1ea5t nhi\u1ec1u x\u00e9t nghi\u1ec7m n\u00ean chi ph\u00ed d\u00e0nh cho x\u00e9t nghi\u1ec7m chi\u1ebfm t\u1ec9 tr\u1ecdng r\u1ea5t l\u1edbn.\n", "Trong x\u00e9t nghi\u1ec7m sinh ho\u00e1 m\u00e1u: C\u00e1c x\u00e9t nghi\u1ec7m ure, creatinin, CRP, GOT/GPT l\u00e0 c\u00e1c x\u00e9t nghi\u1ec7m m\u00e0 h\u1ec1u h\u1ebft c\u00e1c ng\u01b0\u1eddi b\u1ec7nh \u0111\u1ec1u c\u00f3 ch\u1ec9 \u0111\u1ecbnh th\u1ef1c hi\u1ec7n v\u00e0 chi\u1ebfm t\u1ec9 l\u1ec7 chi ph\u00ed l\u1edbn trong t\u1ed5ng chi ph\u00ed x\u00e9t nghi\u1ec7m (60%).\n", "Nguy\u00ean nh\u00e2n l\u00e0 v\u00ec c\u00e1c x\u00e9t nghi\u1ec7m tr\u00ean \u0111\u00f3ng vai tr\u00f2 r\u1ea5t quan tr\u1ecdng trong vi\u1ec7c theo d\u00f5i v\u00e0 \u0111i\u1ec1u tr\u1ecb c\u1ee7a ng\u01b0\u1eddi b\u1ec7nh n\u00ean \u0111\u01b0\u1ee3c ch\u1ec9 \u0111\u1ecbnh th\u01b0\u1eddng xuy\u00ean.\n", "X\u00e9t nghi\u1ec7m\n", "CRP d\u00f9ng \u0111\u1ec3 \u0111\u00e1nh gi\u00e1 ti\u1ebfn tri\u1ec3n c\u1ee7a c\u00e1c ph\u1ea3n \u1ee9ng vi\u00eam v\u00e0 theo d\u00f5i \u0111\u00e1p \u1ee9ng \u0111i\u1ec1u tr\u1ecb \u0111\u1ed1i v\u1edbi c\u00e1c b\u1ec7nh l\u00fd nhi\u1ec5m tr\u00f9ng.\n", "X\u00e9t nghi\u1ec7m ure, creatinin d\u00f9ng \u0111\u1ec3 \u0111\u00e1nh gi\u00e1 ch\u1ee9c n\u0103ng th\u1eadn.\n", "X\u00e9t nghi\u1ec7m\n", "GOT/GPT d\u00f9ng \u0111\u1ec3 ki\u1ec3m tra ch\u1ee9c n\u0103ng gan.\n", "T\u1eeb \u0111\u00f3 c\u00f3 th\u1ec3 \u0111\u01b0a ra ph\u00e1c \u0111\u1ed3 \u0111i\u1ec1u tr\u1ecb v\u00e0 hi\u1ec7u ch\u1ec9nh li\u1ec1u thu\u1ed1c s\u1eed d\u1ee5ng cho ph\u00f9 h\u1ee3p v\u1edbi t\u00ecnh tr\u1ea1ng s\u1ee9c kho\u1ebb c\u1ee7a tr\u1ebb.\n", "C\u00e1c x\u00e9t nghi\u1ec7m vi sinh tuy kh\u00f4ng c\u00f3 s\u1ef1 ch\u00eanh l\u1ec7ch v\u1ec1 s\u1ed1 l\u01b0\u1ee3ng b\u1ec7nh nh\u00e2n c\u00f3 ch\u1ec9 \u0111\u1ecbnh th\u1ef1c hi\u1ec7n so v\u1edbi c\u00e1c x\u00e9t nghi\u1ec7m c\u01a1 b\u1ea3n kh\u00e1c, nh\u01b0ng l\u1ea1i chi\u1ebfm t\u1ec9 l\u1ec7 chi ph\u00ed r\u1ea5t l\u1edbn trong t\u1ed5ng chi ph\u00ed x\u00e9t nghi\u1ec7m (67,14%).\n", "\u0110i\u1ec1u c\u00f3 th\u1ec3 gi\u1ea3i th\u00edch l\u00e0 do c\u00e1c \u0111\u01a1n gi\u00e1 c\u00e1c ch\u1ec9 \u0111\u1ecbnh x\u00e9t nghi\u1ec7m vi sinh l\u1edbn h\u01a1n so v\u1edbi \u0111\u01a1n gi\u00e1 c\u00e1c x\u00e9t nghi\u1ec7m c\u00f2n l\u1ea1i.\n", "\u0110\u1eb7c bi\u1ec7t l\u00e0 c\u00e1c x\u00e9t nghi\u1ec7m k\u1ef9 thu\u1eadt cao nh\u01b0 x\u00e9t nghi\u1ec7m vi sinh sinh h\u1ecdc ph\u00e2n t\u1eed v\u1edbi 720.000 VN\u0110 cho 1 l\u1ea7n th\u1ef1c hi\u1ec7n.\n", "Ngo\u00e0i x\u00e9t nghi\u1ec7m, m\u1ed9t s\u1ed1 k\u0129 thu\u1eadt ch\u1ea9n \u0111o\u00e1n c\u00f3 \u0111\u01a1n gi\u00e1 cao nh\u01b0 n\u1ed9i soi ph\u1ebf qu\u1ea3n, ch\u1ee5p\n", "CT...\n", "\u0111ang \u0111\u01b0\u1ee3c \u00e1p d\u1ee5ng ng\u00e0y c\u00e0ng nhi\u1ec1u trong ch\u1ea9n \u0111o\u00e1n v\u00e0 \u0111i\u1ec1u tr\u1ecb.\n", "C\u00e1c k\u0129 thu\u1eadt n\u00e0y g\u00f3p ph\u1ea7n ch\u1ea9n \u0111o\u00e1n b\u1ec7nh ch\u00ednh x\u00e1c h\u01a1n, ph\u00e1t hi\u1ec7n \u0111\u01b0\u1ee3c c\u00e1c t\u1ed5n th\u01b0\u01a1ng, nguy\u00ean nh\u00e2n g\u00e2y b\u1ec7nh m\u00e0 b\u1eb1ng nh\u1eefng k\u0129 thu\u1eadt ch\u1ea9n \u0111o\u00e1n th\u00f4ng th\u01b0\u1eddng kh\u00f4ng ph\u00e1t hi\u1ec7n \u0111\u01b0\u1ee3c.\n", "Tuy nhi\u00ean, do gi\u00e1 c\u1ee7a c\u00e1c d\u1ecbch v\u1ee5 n\u00e0y t\u01b0\u01a1ng \u0111\u1ed1i cao n\u00ean chi ph\u00ed ch\u1ea9n \u0111o\u00e1n b\u1ec7nh s\u1ebd t\u0103ng, t\u1ec9 tr\u1ecdng chi ph\u00ed ch\u1ea9n \u0111o\u00e1n s\u1ebd ng\u00e0y c\u00e0ng l\u1edbn h\u01a1n.\n", "C\u01a1 c\u1ea5u chi ph\u00ed theo \u0111\u1ed1i t\u01b0\u1ee3ng chi tr\u1ea3\n", "Theo ghi nh\u1eadn c\u1ee7a \u0111\u1ec1 t\u00e0i, s\u1ed1 ti\u1ec1n kh\u00e1m ch\u1eefa b\u1ec7nh ph\u1ea3i chi tr\u1ea3 c\u1ee7a ng\u01b0\u1eddi b\u1ec7nh \u0111\u00fang tuy\u1ebfn v\u00e0 tr\u00e1i tuy\u1ebfn r\u1ea5t kh\u00e1c nhau, ch\u00eanh l\u1ec7ch t\u1edbi 60% t\u1ed5ng chi ph\u00ed.\n", "Tuy nhi\u00ean, d\u00f9 kh\u00f4ng \u0111\u01b0\u1ee3c h\u01b0\u1edfng \u0111\u1ea7y \u0111\u1ee7 quy\u1ec1n l\u1ee3i c\u1ee7a BHYT nh\u01b0ng nhi\u1ec1u gia \u0111\u00ecnh ng\u01b0\u1eddi b\u1ec7nh v\u1eabn ch\u1ea5p nh\u1eadn \u0111i\u1ec1u tr\u1ecb tr\u00e1i tuy\u1ebfn.\n", "\u0110i\u1ec1u \u0111\u00f3 ph\u1ea7n n\u00e0o cho th\u1ea5y m\u1ee9c \u0111\u1ed9 tin t\u01b0\u1edfng c\u1ee7a ng\u01b0\u1eddi b\u1ec7nh \u0111\u1ed1i v\u1edbi c\u00e1c b\u1ec7nh vi\u1ec7n l\u1edbn n\u00f3i chung, b\u1ec7nh\n", "Nghi\u00ean c\u1ee9u c\u1ee7a t\u00e1c gi\u1ea3 Nguy\u1ec5n Ng\u1ecdc T\u00fa t\u1ea1i b\u1ec7nh qu\u1ea3 t\u01b0\u01a1ng \u0111\u1ed3ng v\u1ec1 t\u1ec9 l\u1ec7 chi ph\u00ed m\u00e0 ng\u01b0\u1eddi b\u1ec7nh vi\u00eam ph\u1ed5i ph\u1ea3i chi tr\u1ea3 cho 1 \u0111\u1ee3t \u0111i\u1ec1u tr\u1ecb.\n", "Theo nghi\u00ean c\u1ee9u n\u00e0y, t\u1ec9 l\u1ec7 chi tr\u1ea3 c\u1ee7a BHYT l\u00e0 71,1% v\u00e0 c\u1ee7a ng\u01b0\u1eddi nh\u00e2n l\u00e0 28,9% [6].\n", "\u0110\u1ed1i v\u1edbi chi ph\u00ed BHYT chi tr\u1ea3: trong t\u1ed5ng chi ph\u00ed BHYT chi tr\u1ea3, chi ph\u00ed d\u00e0nh cho thu\u1ed1c l\u00e0 28% v\u00e0 d\u00e0nh cho DVYT l\u00e0 72%, k\u1ebft qu\u1ea3 n\u00e0y c\u0169ng g\u1ea7n t\u01b0\u01a1ng \u0111\u01b0\u01a1ng v\u1edbi k\u1ebft qu\u1ea3 \u0111\u01b0\u1ee3c tr\u00ecnh b\u00e0y trong b\u1ea3ng 3.6 (chi ph\u00ed thu\u1ed1c chi\u1ebfm 26,02% chi ph\u00ed \u0111i\u1ec1u tr\u1ecb).\n", "Nguy\u00ean nh\u00e2n l\u00e0 do \u0111\u01a1n gi\u00e1 c\u1ee7a d\u1ecbch v\u1ee5 y t\u1ebf l\u1edbn h\u01a1n \u0111\u01a1n gi\u00e1 c\u1ee7a c\u00e1c thu\u1ed1c \u0111i\u1ec1u tr\u1ecb.\n", "\u0110\u1ed1i v\u1edbi chi ph\u00ed ng\u01b0\u1eddi b\u1ec7nh chi tr\u1ea3: C\u00e1c thu\u1ed1c \u0111i\u1ec1u tr\u1ecb vi\u00eam ph\u1ed5i \u0111a s\u1ed1 \u0111\u1ec1u c\u00f3 trong danh m\u1ee5c thu\u1ed1c BHYT, trong khi c\u00f3 nhi\u1ec1u x\u00e9t nghi\u1ec7m ch\u1ea9n \u0111o\u00e1n kh\u00f4ng \u0111\u01b0\u1ee3c b\u1ea3o hi\u1ec3m y t\u1ebf chi tr\u1ea3, m\u00e0 ch\u1ea9n \u0111o\u00e1n l\u00e0 d\u1ecbch v\u1ee5 chi\u1ebfm t\u1ef7 trong cao trong c\u00e1c d\u1ecbch v\u1ee5 y t\u1ebf.\n", "Ngo\u00e0i ra, v\u1edbi kh\u1ea3 n\u0103ng kinh t\u1ebf cho ph\u00e9p, ng\u01b0\u1eddi b\u1ec7nh c\u00f3 nhu c\u1ea7u \u0111i\u1ec1u tr\u1ecb \u1edf nh\u1eefng ph\u00f2ng gi\u01b0\u1eddng d\u1ecbch v\u1ee5 ch\u1ea5t l\u01b0\u1ee3ng cao, chi ph\u00ed cho nh\u1eefng d\u1ecbch v\u1ee5 n\u00e0y s\u1ebd do b\u1ec7nh nh\u00e2n t\u1ef1 chi tr\u1ea3.\n", "V\u1eady n\u00ean \u0111\u1ed1i v\u1edbi b\u1ec7nh nh\u00e2n, chi ph\u00ed d\u00e0nh cho d\u1ecbch v\u1ee5 y t\u1ebf (79%) s\u1ebd cao h\u01a1n chi ph\u00ed thu\u1ed1c (21%).\n", "Trong c\u01a1 c\u1ea5u chi ph\u00ed d\u00e0nh cho DVYT hay chi ph\u00ed d\u00e0nh cho thu\u1ed1c \u0111i\u1ec1u tr\u1ecb, chi ph\u00ed do BHYT chi tr\u1ea3 lu\u00f4n l\u1edbn h\u01a1n chi ph\u00ed do ng\u01b0\u1eddi b\u1ec7nh chi tr\u1ea3.\n", "\u0110i\u1ec1u n\u00e0y ho\u00e0n to\u00e0n d\u1ec5 hi\u1ec3u khi x\u00e9t v\u1edbi m\u1ee9c \u0111\u1ed9 h\u1ed7 tr\u1ee3 c\u1ee7a BHYT c\u1ee7a ng\u01b0\u1eddi b\u1ec7nh trong nghi\u00ean c\u1ee9u: C\u00f3 t\u1edbi 61,54% tr\u1ebb c\u00f3 BHYT \u0111\u00fang tuy\u1ebfn \u0111\u01b0\u1ee3c h\u1ed7 tr\u1ee3 ho\u00e0n to\u00e0n 100% chi ph\u00ed \u0111i\u1ec1u tr\u1ecb.\n", "Ngo\u00e0i ra h\u1ea7u h\u1ebft c\u00e1c thu\u1ed1c \u0111i\u1ec1u tr\u1ecb vi\u00eam ph\u1ed5i v\u00e0 c\u00e1c d\u1ecbch v\u1ee5 y t\u1ebf \u0111\u1ec1u \u0111\u00e3 thu\u1ed9c danh m\u1ee5c thu\u1ed1c b\u1ea3o hi\u1ec3m y t\u1ebf chi tr\u1ea3.\n", "Tuy nhi\u00ean \u0111\u1ed1i v\u1edbi DVYT s\u1ebd h\u01a1i c\u00f3 s\u1ef1 kh\u00e1c bi\u1ec7t.\n", "Tu\u1ef3 theo \u0111i\u1ec1u ki\u1ec7n kinh t\u1ebf c\u1ee7a gia \u0111\u00ecnh v\u00e0 nhu c\u1ea7u \u0111i\u1ec1u tr\u1ecb, ng\u01b0\u1eddi b\u1ec7nh c\u00f3 th\u1ec3 s\u1eed d\u1ee5ng c\u00e1c d\u1ecbch v\u1ee5 ri\u00eang kh\u00e1c v\u00e0 ph\u1ea3i t\u1ef1 chi tr\u1ea3 cho c\u00e1c d\u1ecbch v\u1ee5 \u0111\u00f3 (ch\u1ebf \u0111\u1ed9 dinh d\u01b0\u1ee1ng, ch\u0103m s\u00f3c ri\u00eang, thay \u0111\u1ed5i ph\u00f2ng/gi\u01b0\u1eddng b\u1ec7nh...) \u0111\u1eb7c bi\u1ec7t l\u00e0 d\u1ecbch v\u1ee5 v\u1ec1 gi\u01b0\u1eddng b\u1ec7nh.\n", "Theo ghi nh\u1eadn trong qu\u00e1 tr\u00ecnh l\u1ea5y s\u1ed1 li\u1ec7u \u0111\u1ec1 t\u00e0i th\u00ec nhu c\u1ea7u c\u1ee7a ng\u01b0\u1eddi b\u1ec7nh \u1edf c\u00e1c ph\u00f2ng gi\u01b0\u1eddng d\u1ecbch v\u1ee5 l\u00e0 kh\u00e1 l\u1edbn, v\u1edbi chi ph\u00ed kh\u00f4ng h\u1ec1 nh\u1ecf.\n", "Ch\u00ednh \u0111i\u1ec1u n\u00e0y \u0111\u00e3 l\u00e0m thay \u0111\u1ed5i m\u1ee9c \u0111\u1ed9 ch\u00eanh l\u1ec7ch chi ph\u00ed do BHYT chi tr\u1ea3 v\u00e0 chi ph\u00ed do ng\u01b0\u1eddi b\u1ec7nh chi tr\u1ea3 gi\u1eefa 2 nh\u00f3m thu\u1ed1c v\u00e0 DVYT, t\u1eeb 2,6 l\u1ea7n t\u0103ng l\u00ean 3,7 l\u1ea7n.\n", "M\u1ed1i li\u00ean h\u1ec7 gi\u1eefa c\u00e1c y\u1ebfu t\u1ed1 v\u1edbi chi ph\u00ed \u0111i\u1ec1u tr\u1ecb\n", "Khi x\u00e9t ri\u00eang l\u1ebb c\u00e1c y\u1ebfu t\u1ed1 (gi\u1edbi t\u00ednh, nh\u00f3m tu\u1ed5i, b\u1ec7nh m\u1eafc k\u00e8m, m\u1ee9c \u0111\u1ed9 b\u1ec7nh v\u00e0 s\u1ed1 ng\u00e0y \u0111i\u1ec1u tr\u1ecb) v\u1edbi chi ph\u00ed \u0111i\u1ec1u tr\u1ecb trung b\u00ecnh, \u0111\u1ec1 t\u00e0i ghi nh\u1eadn s\u1ef1 t\u01b0\u01a1ng quan c\u00f3 \u00fd ngh\u0129a th\u1ed1ng k\u00ea c\u1ee7a 3 y\u1ebfu t\u1ed1 b\u1ec7nh m\u1eafc k\u00e8m, m\u1ee9c \u0111\u1ed9 b\u1ec7nh v\u00e0 s\u1ed1 ng\u00e0y \u0111i\u1ec1u tr\u1ecb c\u00f3 th\u1ec3 \u1ea3nh h\u01b0\u1edfng t\u1edbi chi ph\u00ed \u0111i\u1ec1u tr\u1ecb.\n", "Tuy nhi\u00ean khi x\u00e9t chung t\u1ea5t c\u1ea3 c\u00e1c y\u1ebfu t\u1ed1 b\u1eb1ng ph\u01b0\u01a1ng tr\u00ecnh h\u1ed3i quy tuy\u1ebfn t\u00ednh \u0111a bi\u1ebfn, ch\u1ec9 c\u00f2n y\u1ebfu t\u1ed1 s\u1ed1 ng\u00e0y \u0111i\u1ec1u tr\u1ecb l\u00e0 c\u00f3 m\u1ed1i li\u00ean quan c\u00f3 \u00fd ngh\u0129a th\u1ed1ng k\u00ea v\u1edbi chi ph\u00ed \u0111i\u1ec1u tr\u1ecb trung b\u00ecnh.\n", "\u0110\u00e2y s\u1ebd c\u00f3 \u1ea3nh h\u01b0\u1edfng r\u1ea5t l\u1edbn \u0111\u1ebfn chi ph\u00ed c\u1ee7a ng\u01b0\u1eddi b\u1ec7nh, b\u1edfi t\u0103ng s\u1ed1 ng\u00e0y n\u1eb1m n\u1ed9i tr\u00fa l\u00e0 t\u0103ng chi ph\u00ed gi\u01b0\u1eddng b\u1ec7nh, thu\u1ed1c hay c\u00e1c DVYT kh\u00e1c d\u1eabn \u0111\u1ebfn t\u0103ng chi ph\u00ed \u0111i\u1ec1u tr\u1ecb.\n", "X\u00e9t r\u1ed9ng c\u00e1c chi ph\u00ed gi\u00e1n ti\u1ebfp kh\u00e1c, s\u1ed1 ng\u00e0y n\u1eb1m vi\u1ec7n t\u0103ng c\u00f2n \u1ea3nh h\u01b0\u1edfng t\u1edbi chi ph\u00ed \u0111i l\u1ea1i, chi phi \u0103n u\u1ed1ng, ng\u01b0\u1eddi ph\u1ee5c v\u1ee5, nh\u1ea5t l\u00e0 tr\u1ebb em l\u1ee9a tu\u1ed5i nh\u1ecf, s\u1ed1 l\u01b0\u1ee3ng ng\u01b0\u1eddi ph\u1ee5c v\u1ee5 c\u00e0ng nhi\u1ec1u.\n"], "5": ["5.\n", "K\u1ebft lu\u1eadn\n", "Tr\u00ean c\u01a1 s\u1edf nghi\u00ean c\u1ee9u 312 HSBA tr\u1ebb em vi\u00eam ph\u1ed5i t\u1ea1i b\u1ec7nh vi\u1ec7n B\u1ea1ch Mai H\u00e0 N\u1ed9i t\u1eeb th\u00e1ng 10/2018 \u0111\u1ebfn th\u00e1ng 3/2019, cho th\u1ea5y trong chi ph\u00ed \u0111i\u1ec1u tr\u1ecb tr\u1ef1c ti\u1ebfp th\u00ec chi ph\u00ed gi\u01b0\u1eddng b\u1ec7nh chi\u1ebfm t\u1ec9 tr\u1ecdng cao nh\u1ea5t l\u00e0 43,08%, ti\u1ebfp theo l\u00e0 chi ph\u00ed thu\u1ed1c chi\u1ebfm 26,20%, chi ph\u00ed cho ch\u1ea9n \u0111o\u00e1n l\u00e0 17,11%.\n", "Trong chi ph\u00ed thu\u1ed1c th\u00ec chi ph\u00ed thu\u1ed1c kh\u00e1ng sinh chi\u1ebfm 62,42%; BHYT c\u00f3 th\u1ec3 h\u1ed7 tr\u1ee3 cho ng\u01b0\u1eddi b\u1ec7nh t\u1edbi 73,7% t\u1ed5ng chi ph\u00ed \u0111i\u1ec1u tr\u1ecb.\n", "Trong nh\u00f3m c\u00e1c y\u1ebfu t\u1ed1 \u1ea3nh h\u01b0\u1edfng \u0111\u1ebfn chi ph\u00ed \u0111i\u1ec1u tr\u1ecb th\u00ec lu\u00f4n b\u1ecb \u1ea3nh h\u01b0\u1edfng b\u1edfi y\u1ebfu t\u1ed1 s\u1ed1 ng\u00e0y \u0111i\u1ec1u tr\u1ecb.\n", "C\u00e1c y\u1ebfu t\u1ed1 b\u1ec7nh m\u1eafc k\u00e8m v\u00e0 m\u1ee9c \u0111\u1ed9 b\u1ec7nh c\u00f3 \u1ea3nh h\u01b0\u1edfng \u0111\u1ebfn chi ph\u00ed \u0111i\u1ec1u tr\u1ecb khi \u0111\u01b0\u1ee3c x\u00e9t ri\u00eang bi\u1ec7t.\n", "Chi ph\u00ed \u0111i\u1ec1u tr\u1ecb trung b\u00ecnh c\u1ee7a nh\u00f3m tr\u1ebb c\u00f3 m\u1ee9c \u0111\u1ed9 b\u1ec7nh n\u1eb7ng hay b\u1ec7nh m\u1eafc k\u00e8m cao h\u01a1n so v\u1edbi nh\u00f3m ch\u01b0a ghi nh\u1eadn \u0111\u01b0\u1ee3c m\u1ee9c \u0111\u1ed9 ho\u1eb7c kh\u00f4ng c\u00f3 b\u1ec7nh m\u1eafc k\u00e8m.\n"]}, "Word count": 4781}