{"title": "Original Article\n", "content": {"0": ["T\u00f3m t\u1eaft: S\u00e2m v\u0169 di\u1ec7p (Panax bipinnatifidus Seem.) l\u00e0 m\u1ed9t c\u00e2y thu\u1ed1c qu\u00fd thu\u1ed9c h\u1ecd Nh\u00e2n s\u00e2m\n", "Araliaceae.\n", "Tr\u00ean c\u01a1 s\u1edf c\u00e1c k\u1ebft qu\u1ea3 nghi\u00ean c\u1ee9u th\u00e0nh ph\u1ea7n ho\u00e1 h\u1ecdc c\u1ee7a th\u00e2n r\u1ec5 s\u00e2m v\u0169 di\u1ec7p \u0111\u00e3 \u0111\u01b0\u1ee3c c\u00f4ng b\u1ed1, trong nghi\u00ean c\u1ee9u n\u00e0y, ph\u00e2n t\u00edch \u0111\u1ecbnh t\u00ednh b\u1eb1ng S\u1eafc k\u00fd l\u1ecfng hi\u1ec7u n\u0103ng cao (HPLC) th\u00e0nh ph\u1ea7n ho\u00e1 h\u1ecdc c\u1ee7a b\u1ed9 ph\u1eadn th\u00e2n v\u00e0 l\u00e1 cho th\u1ea5y c\u00f3 s\u1ef1 gi\u1ed1ng nhau v\u1ec1 th\u00e0nh ph\u1ea7n saponin gi\u1eefa b\u1ed9 ph\u1eadn th\u00e2n, l\u00e1 v\u00e0 th\u00e2n r\u1ec5.\n", "B\u1eb1ng c\u00e1c k\u1ef9 thu\u1eadt s\u1eafc k\u00fd, ch\u00fang t\u00f4i \u0111\u00e3 ph\u00e2n l\u1eadp \u0111\u01b0\u1ee3c h\u1ee3p ch\u1ea5t saponin ch\u00ednh t\u1eeb l\u00e1 s\u00e2m v\u0169 di\u1ec7p thu h\u00e1i t\u1ea1i Sa Pa, L\u00e0o Cai.\n", "Tr\u00ean c\u01a1 s\u1edf d\u1eef li\u1ec7u ph\u1ed5 c\u1ed9ng h\u01b0\u1edfng t\u1eeb h\u1ea1t nh\u00e2n NMR v\u00e0 ph\u1ed5 kh\u1ed1i MS, c\u00f9ng v\u1edbi so s\u00e1nh v\u1edbi s\u1ed1 li\u1ec7u \u0111\u00e3 c\u00f4ng b\u1ed1, c\u1ea5u tr\u00fac ho\u00e1 h\u1ecdc c\u1ee7a h\u1ee3p ch\u1ea5t saponin n\u00e0y \u0111\u01b0\u1ee3c x\u00e1c \u0111\u1ecbnh l\u00e0 stipuleanosid R2.\n", "\u0110\u00e2y l\u00e0 c\u00f4ng b\u1ed1 \u0111\u1ea7u ti\u00ean v\u1ec1 th\u00e0nh ph\u1ea7n saponin \u0111\u01b0\u1ee3c ph\u00e2n l\u1eadp t\u1eeb b\u1ed9 ph\u1eadn tr\u00ean m\u1eb7t \u0111\u1ea5t c\u1ee7a S\u00e2m v\u0169 di\u1ec7p.\n", "T\u1eeb kho\u00e1: S\u00e2m v\u0169 di\u1ec7p; Panax bipinnatifidus; Araliaceae; Stipuleanosid R2; HPLC.\n"], "1": ["1.\n", "\u0110\u1eb7t v\u1ea5n \u0111\u1ec1\n", "S\u00e2m v\u0169 di\u1ec7p (Panax bipinnatifidus Seem.) ph\u00e2n b\u1ed1 t\u1ef1 nhi\u00ean v\u00e0 \u0111\u01b0\u1ee3c tr\u1ed3ng \u1edf m\u1ed9t s\u1ed1 t\u1ec9nh T\u00e2y\n", "B\u1eafc n\u01b0\u1edbc ta bao g\u1ed3m L\u00e0o Cai v\u00e0 H\u00e0 Giang l\u00e0 m\u1ed9t d\u01b0\u1ee3c li\u1ec7u qu\u00fd \u0111\u01b0\u1ee3c s\u1eed d\u1ee5ng nhi\u1ec1u trong c\u00e1c b\u00e0i thu\u1ed1c y h\u1ecdc c\u1ed5 truy\u1ec1n, c\u00f3 ti\u1ec1m n\u0103ng \u0111\u1ec3 ph\u00e1t _T\u00e1c gi\u1ea3 li\u00ean h\u1ec7.\n", "tri\u1ec3n th\u00e0nh s\u1ea3n ph\u1ea9m ch\u0103m s\u00f3c s\u1ee9c kho\u1ebb [1, 2].\n", "C\u00e1c k\u1ebft qu\u1ea3 nghi\u00ean c\u1ee9u c\u00f4ng b\u1ed1 g\u1ea7n \u0111\u00e2y kh\u1eb3ng \u0111\u1ecbnh ph\u1ea7n th\u00e2n r\u1ec5 s\u00e2m v\u0169 di\u1ec7p ch\u1ee9a nhi\u1ec1u saponin khung olean [3-5].\n", "K\u1ebft qu\u1ea3 nghi\u00ean c\u1ee9u v\u1ec1 c\u00e1c lo\u00e0i Panax n\u1ed5i ti\u1ebfng kh\u00e1c nh\u01b0 s\u00e2m Tri\u1ec1u\n", "Ti\u00ean (P.\n", "ginseng), s\u00e2m M\u1ef9 (P.\n", "quinquefolius), tam th\u1ea5t (P.\n", "notoginseng) cho th\u1ea5y c\u00e1c b\u1ed9 ph\u1eadn kh\u00e1c c\u1ee7a c\u00e2y bao g\u1ed3m th\u00e2n, l\u00e1 v\u00e0 hoa \u0111\u1ec1u gi\u00e0u ho\u1ea1t ch\u1ea5t saponin kh\u00f4ng k\u00e9m ph\u1ea7n th\u00e2n r\u1ec5 [6].\n", "Ngo\u00e0i ra, ph\u1ea7n th\u00e2n l\u00e1 c\u1ee7a c\u00e1c lo\u00e0i tr\u00ean c\u0169ng \u0111\u01b0\u1ee3c s\u1eed d\u1ee5ng trong y h\u1ecdc c\u1ed5 truy\u1ec1n gi\u1ed1ng nh\u01b0 th\u00e2n r\u1ec5 v\u00e0 c\u1ee7 c\u1ee7a ch\u00fang.\n", "H\u01a1n n\u1eefa, l\u00e1 v\u00e0 hoa l\u00e0 b\u1ed9 ph\u1eadn t\u00e1i sinh c\u00f9ng v\u1edbi qu\u00e1 tr\u00ecnh sinh tr\u01b0\u1edfng c\u1ee7a s\u00e2m v\u0169 di\u1ec7p.\n", "Tuy nhi\u00ean \u1edf Vi\u1ec7t Nam hi\u1ec7n nay ch\u01b0a c\u00f3 c\u00f4ng b\u1ed1 n\u00e0o nghi\u00ean c\u1ee9u v\u1ec1 th\u00e0nh ph\u1ea7n ho\u00e1 h\u1ecdc ph\u1ea7n tr\u00ean m\u1eb7t \u0111\u1ea5t c\u1ee7a S\u00e2m v\u0169 di\u1ec7p.\n", "Tr\u00ean c\u01a1 s\u1edf \u0111\u00f3, ch\u00fang t\u00f4i ti\u1ebfn h\u00e0nh ph\u00e2n t\u00edch th\u00e0nh ph\u1ea7n saponin trong b\u1ed9 ph\u1eadn th\u00e2n v\u00e0 l\u00e1 S\u00e2m v\u0169 di\u1ec7p v\u00e0 k\u1ebft qu\u1ea3 thu \u0111\u01b0\u1ee3c \u0111\u01b0\u1ee3c tr\u00ecnh b\u00e0y trong b\u00e0i b\u00e1o n\u00e0y.\n"], "2": ["2.\n", "\u0110\u1ed1i t\u01b0\u1ee3ng v\u00e0 ph\u01b0\u01a1ng ph\u00e1p nghi\u00ean c\u1ee9u 2.1.\n", "\u0110\u1ed1i t\u01b0\u1ee3ng nghi\u00ean c\u1ee9u\n", "M\u1eabu nghi\u00ean c\u1ee9u l\u00e0 b\u1ed9 ph\u1eadn th\u00e2n v\u00e0 l\u00e1 s\u00e2m v\u0169 di\u1ec7p (Panax bipinnatifidus Seem.) \u0111\u01b0\u1ee3c thu h\u00e1i \u1edf Sa Pa, L\u00e0o Cai v\u00e0o th\u00e1ng 3-2016 v\u00e0 \u0111\u01b0\u1ee3c gi\u00e1m \u0111\u1ecbnh t\u00ean khoa h\u1ecdc b\u1edfi TS Ph\u1ea1m Thanh\n", "Huy\u1ec1n, Khoa T\u00e0i nguy\u00ean D\u01b0\u1ee3c li\u1ec7u, Vi\u1ec7n D\u01b0\u1ee3c li\u1ec7u.\n", "M\u1eabu ti\u00eau b\u1ea3n (PB-001/2016) \u0111\u01b0\u1ee3c l\u01b0u gi\u1eef t\u1ea1i Khoa Y D\u01b0\u1ee3c, \u0110\u1ea1i h\u1ecdc Qu\u1ed1c gia H\u00e0 N\u1ed9i.\n", "2.2.\n", "Dung m\u00f4i ho\u00e1 ch\u1ea5t\n", "C\u00e1c dung m\u00f4i ethanol (EtOH), methanol (MeOH), dichloromethane (CH2Cl2), chloroform (CHCl3), ethyl acetate (EtOAc), n- butanol (BuOH) \u0111\u1ec1u \u0111\u1ea1t ti\u00eau chu\u1ea9n k\u1ef9 thu\u1eadt v\u00e0 \u0111\u01b0\u1ee3c ch\u01b0ng c\u1ea5t l\u1ea1i tr\u01b0\u1edbc khi d\u00f9ng.\n", "Ch\u1ea5t h\u1ea5p ph\u1ee5 l\u00e0 silica gel pha th\u01b0\u1eddng (0,040 - 0,063 mm,\n", "Nacalai Tesque Inc., Nh\u1eadt B\u1ea3n), silica gel pha \u0111\u1ea3o ODS-A (50\u03bcm, YMC Co.\n", "Ltd., Nh\u1eadt B\u1ea3n).\n", "B\u1ea3n m\u1ecfng pha th\u01b0\u1eddng Kieselgel 60 F254 v\u00e0 pha \u0111\u1ea3o TLC Silica gel 60 RP-18 F254S (Merck,\n", "Damstadt, \u0110\u1ee9c).\n", "Ph\u00e1t hi\u1ec7n ch\u1ea5t b\u1eb1ng \u0111\u00e8n t\u1eed ngo\u1ea1i b\u01b0\u1edbc s\u00f3ng 254 nm v\u00e0 365 nm, phun thu\u1ed1c th\u1eed axit H2SO4 10 % v\u00e0 \u0111\u01b0\u1ee3c h\u01a1 \u0111\u1ebfn khi hi\u1ec7n m\u00e0u.\n", "Dung m\u00f4i ch\u1ea1y s\u1eafc k\u00fd l\u1ecfng hi\u1ec7u n\u0103ng cao\n", "HPLC (methanol, acetonitril, acid acetic) c\u1ee7a\n", "Merck, \u0110\u1ee9c, n\u01b0\u1edbc c\u1ea5t d\u00f9ng cho ph\u00e2n t\u00edch.\n", "2.3.\n", "Thi\u1ebft b\u1ecb d\u1ee5ng c\u1ee5\n", "Ph\u00e2n t\u00edch s\u1eafc k\u00fd l\u1ecfng hi\u1ec7u n\u0103ng cao HPLC s\u1eed d\u1ee5ng h\u1ec7 th\u1ed1ng Agilent 1260 Series Infinity c\u1ee7a Agilent Technologies, Hoa K\u1ef3 v\u1edbi detector\n", "DAD v\u00e0 b\u1ed9 ph\u1eadn b\u01a1m m\u1eabu t\u1ef1 \u0111\u1ed9ng.\n", "N\u0103ng su\u1ea5t quay c\u1ef1c \u0111o tr\u00ean m\u00e1y Jasco DIP-360 digital polarimeter (Jasco, Nh\u1eadt B\u1ea3n).\n", "\u0110i\u1ec3m n\u00f3ng ch\u1ea3y \u0111\u01b0\u1ee3c x\u00e1c \u0111\u1ecbnh b\u1eb1ng m\u00e1y Stuart SMP3 (Sanyo,\n", "Nh\u1eadt B\u1ea3n).\n", "Ph\u1ed5 1H-NMR (500 MHz) v\u00e0 13C-\n", "NMR (125 MHz) \u0111\u01b0\u1ee3c \u0111o tr\u00ean m\u00e1y Bruker\n", "Avance 500 NMR spectrometer (BrukerSpin,\n", "\u0110\u1ee9c), dung m\u00f4i CD3OD, ch\u1ea5t n\u1ed9i chu\u1ea9n tetramethylsilan (TMS).\n", "Ph\u1ed5 kh\u1ed1i ion ho\u00e1 phun m\u00f9 \u0111i\u1ec7n t\u1eed (ESI-MS) \u0111\u01b0\u1ee3c \u0111o tr\u00ean m\u00e1y\n", "AGILENT 1260 Series LC-MS/MS ion Trap (Agilent Technologies, Hoa K\u1ef3).\n", "2.4.\n", "Ph\u01b0\u01a1ng ph\u00e1p nghi\u00ean c\u1ee9u a.\n", "Ph\u01b0\u01a1ng ph\u00e1p ph\u00e2n l\u1eadp c\u00e1c h\u1ee3p ch\u1ea5t\n", "D\u01b0\u1ee3c li\u1ec7u \u0111\u01b0\u1ee3c chi\u1ebft h\u1ed3i l\u01b0u b\u1eb1ng dung m\u00f4i\n", "EtOH 70%.\n", "Ph\u00e2n \u0111o\u1ea1n ho\u00e1 b\u1eb1ng dung m\u00f4i k\u1ef9 thu\u1eadt ether, EtOAc v\u00e0 BuOH.\n", "S\u1eed d\u1ee5ng s\u1eafc k\u00fd c\u1ed9t v\u1edbi ch\u1ea5t nh\u1ed3i c\u1ed9t l\u00e0 silica gel pha th\u01b0\u1eddng v\u00e0 pha \u0111\u1ea3o \u0111\u1ec3 ph\u00e2n l\u1eadp c\u00e1c h\u1ee3p ch\u1ea5t.\n", "Theo d\u00f5i c\u00e1c ph\u00e2n \u0111o\u1ea1n ch\u1ea5t b\u1eb1ng s\u1eafc k\u00fd l\u1edbp m\u1ecfng.\n", "\u0110\u00e8n t\u1eed ngo\u1ea1i ho\u1eb7c thu\u1ed1c th\u1eed d\u00f9ng \u0111\u1ec3 ph\u00e1t hi\u1ec7n v\u1ebft ch\u1ea5t.\n", "Ki\u1ec3m tra \u0111\u1ed9 tinh khi\u1ebft c\u1ee7a c\u00e1c ch\u1ea5t ph\u00e2n l\u1eadp b\u1eb1ng s\u1eafc k\u00fd l\u1edbp m\u1ecfng.\n", "b.\n", "X\u00e1c \u0111\u1ecbnh c\u1ea5u tr\u00fac c\u00e1c h\u1ee3p ch\u1ea5t ph\u00e2n l\u1eadp \u0111\u01b0\u1ee3c\n", "S\u1eed d\u1ee5ng c\u00e1c ph\u01b0\u01a1ng ph\u00e1p ph\u1ed5 bao g\u1ed3m ph\u1ed5 kh\u1ed1i l\u01b0\u1ee3ng (ESI-MS), ph\u1ed5 c\u1ed9ng h\u01b0\u1edfng t\u1eeb h\u1ea1t nh\u00e2n (1H-NMR, 13C-NMR, DEPT) k\u1ebft h\u1ee3p so s\u00e1nh d\u1eef li\u1ec7u ph\u1ed5 thu \u0111\u01b0\u1ee3c v\u1edbi c\u00e1c d\u1eef li\u1ec7u ph\u1ed5 \u0111\u00e3 c\u00f4ng b\u1ed1 trong c\u00e1c t\u00e0i li\u1ec7u tham kh\u1ea3o \u0111\u1ec3 bi\u1ec7n gi\u1ea3i c\u1ea5u tr\u00fac ch\u1ea5t ph\u00e2n l\u1eadp \u0111\u01b0\u1ee3c.\n", "c.\n", "\u0110\u1ecbnh t\u00ednh Stipuleanosid R2 b\u1eb1ng s\u1eafc k\u00fd l\u1ecfng hi\u1ec7u n\u0103ng cao\n", "\u0110i\u1ec1u ki\u1ec7n s\u1eafc k\u00fd\n", "S\u1eed d\u1ee5ng ch\u01b0\u01a1ng tr\u00ecnh s\u1eafc k\u00fd \u0111\u00e3 \u0111\u01b0\u1ee3c x\u00e2y d\u1ef1ng cho stipuleanosid R2 v\u00e0 S\u00e2m v\u0169 di\u1ec7p theo t\u00e0i li\u1ec7u tham kh\u1ea3o [9]:\n", "M\u00e1y s\u1eafc k\u00fd l\u1ecfng hi\u1ec7u n\u0103ng cao Agilent 1260\n", "Infinity.\n", "C\u1ed9t s\u1eafc k\u00fd: Agilent Eclipse Plus C18 ( 4,6 \u00d7 100 mm; c\u1ee1 h\u1ea1t 3,5\u03bcm).\n", "Detector DAD ph\u00e1t hi\u1ec7n \u1edf b\u01b0\u1edbc s\u00f3ng 203 nm\n", "T\u1ed1c \u0111\u1ed9 d\u00f2ng: 0,8 ml/ph\u00fat\n", "Th\u1ec3 th\u00edch b\u01a1m m\u1eabu: 20 \u00b5l\n", "Nhi\u1ec7t \u0111\u1ed9 c\u1ed9t: 25oC\n", "Dung m\u00f4i pha m\u1eabu: Methanol\n", "Pha \u0111\u1ed9ng: Acetonitril (k\u00eanh A) : 0,5% acid acetic/H2O (k\u00eanh B) v\u1edbi ch\u01b0\u01a1ng tr\u00ecnh gradient trong 30 ph\u00fat: (0-5 ph\u00fat: 80% A, 5-15 ph\u00fat: 8060% A, 15-20 ph\u00fat: 60% A, 20-25 ph\u00fat: 6080% A, 25-30 ph\u00fat: 80% A).\n", "Chu\u1ea9n b\u1ecb m\u1eabu Stipuleanosid R2 \u0111\u1ed1i chi\u1ebfu: d\u00f9ng c\u00e2n ph\u00e2n t\u00edch c\u00e2n ch\u00ednh x\u00e1c kho\u1ea3ng 1,0 mg\n", "Stipuleanosid R2 (Wako Chemicals, Nh\u1eadt B\u1ea3n, \u0111\u1ed9 tinh khi\u1ebft 98%, m\u00e3 s\u1ea3n ph\u1ea9m 155-01701) r\u1ed3i pha th\u00e0nh dung d\u1ecbch g\u1ed1c t\u01b0\u01a1ng \u1ee9ng v\u1edbi n\u1ed3ng \u0111\u1ed9 1,0 mg/mL (1000 ppm) trong metanol, sau \u0111\u00f3 si\u00eau \u00e2m 10 ph\u00fat r\u1ed3i l\u1ecdc qua m\u00e0ng l\u1ecdc cellulose 0,45 \u00b5m, pha lo\u00e3ng th\u00e0nh dung d\u1ecbch c\u00f3 n\u1ed3ng \u0111\u1ed9 0,5 mg/mL d\u00f9ng cho s\u1eafc k\u00fd HPLC.\n", "Chu\u1ea9n b\u1ecb m\u1eabu th\u1eed: d\u00f9ng c\u00e2n ph\u00e2n t\u00edch c\u00e2n ch\u00ednh x\u00e1c kho\u1ea3ng 100,0 mg cao t\u1ed5ng l\u00e1, th\u00e2n v\u00e0 r\u1ec5 s\u00e2m v\u0169 di\u1ec7p r\u1ed3i ho\u00e0 tan trong methanol v\u1edbi n\u1ed3ng \u0111\u1ed9 100,0 mg/mL, si\u00eau \u00e2m 10 ph\u00fat, ly t\u00e2m l\u1ea5y d\u1ecbch chi\u1ebft r\u1ed3i l\u1ecdc qua m\u00e0ng l\u1ecdc cellulose 0,45 \u00b5m.\n"], "3": ["3.\n", "K\u1ebft qu\u1ea3 v\u00e0 b\u00e0n lu\u1eadn 3.1.\n", "Ph\u00e2n t\u00edch \u0111\u1ecbnh t\u00ednh th\u00e0nh ph\u1ea7n saponin, d\u1ea5u v\u00e2n tay s\u1eafc k\u00fd c\u1ee7a stipuleanosid R2 trong th\u00e2n, l\u00e1 v\u00e0 r\u1ec5 s\u00e2m v\u0169 di\u1ec7p b\u1eb1ng HPLC\n", "H\u00ecnh 1.\n", "S\u1eafc k\u00fd \u0111\u1ed3 HPLC c\u1ee7a stipuleanosid R2 (A) v\u00e0 c\u00e1c m\u1eabu cao c\u1ee7a r\u1ec5 (B), th\u00e2n v\u00e0 l\u00e1 (C) S\u00e2m v\u0169 di\u1ec7p (Panax bipinnatifidus).\n", "S\u1eed d\u1ee5ng ch\u01b0\u01a1ng tr\u00ecnh ph\u00e2n t\u00edch HPLC nh\u01b0 trong ph\u1ea7n 2.4.3 l\u1ea7n l\u01b0\u1ee3t cho ch\u1ea5t tinh khi\u1ebft stipuleanosid R2 v\u00e0 c\u00e1c m\u1eabu cao to\u00e0n ph\u1ea7n c\u1ee7a th\u00e2n r\u1ec5, l\u00e1 v\u00e0 th\u00e2n c\u1ee7a S\u00e2m v\u0169 di\u1ec7p, k\u1ebft qu\u1ea3 ph\u00e2n t\u00edch HPLC minh ho\u1ea1 tr\u00ean H\u00ecnh 1 cho th\u1ea5y s\u1eafc k\u00fd \u0111\u1ed3 c\u1ee7a b\u1ed9 ph\u1eadn r\u1ec5, th\u00e2n v\u00e0 l\u00e1 \u0111\u1ec1u xu\u1ea5t hi\u1ec7n pic c\u00f3 th\u00f4ng s\u1ed1 th\u1eddi gian l\u01b0u t\u01b0\u01a1ng \u1ee9ng c\u1ee7a stipuleanosid R2 (tR = 15,565 ph\u00fat) c\u00f9ng v\u1edbi th\u00f4ng s\u1ed1 \u0111\u1ed9 tinh khi\u1ebft pic v\u00e0 ch\u1ed3ng ph\u1ed5 UV tr\u00ean c\u01a1 s\u1edf ch\u1ebf \u0111\u1ed9 qu\u00e9t ph\u1ed5 c\u1ee7a \u0111\u1ea7u d\u00f2 DAD.\n", "B\u00ean c\u1ea1nh \u0111\u00f3 c\u00e1c t\u00edn hi\u1ec7u ch\u00ednh kh\u00e1c c\u0169ng kh\u00e1 t\u01b0\u01a1ng \u0111\u1ed3ng bao g\u1ed3m t\u00edn hi\u1ec7u t\u1ea1i tR = 16,62 v\u00e0 17,21 ph\u00fat cho th\u1ea5y s\u1ef1 gi\u1ed1ng nhau v\u1ec1 th\u00e0nh ph\u1ea7n saponin trong b\u1ed9 ph\u1eadn r\u1ec5, th\u00e2n v\u00e0 l\u00e1.\n", "Th\u00e0nh ph\u1ea7n ho\u00e1 h\u1ecdc c\u1ee7a c\u00e1c c\u00e2y thu\u1ed1c, \u0111\u1eb7c bi\u1ec7t l\u00e0 saponin/ginsenosid c\u1ee7a c\u00e1c lo\u00e0i Panax th\u01b0\u1eddng ph\u1ee9c t\u1ea1p g\u1ed3m nhi\u1ec1u th\u00e0nh ph\u1ea7n v\u00e0 vi\u1ec7c x\u00e1c \u0111\u1ecbnh ch\u00ednh x\u00e1c t\u1eebng th\u00e0nh ph\u1ea7n \u0111\u00f2i h\u1ecfi ph\u00e2n l\u1eadp s\u1eafc k\u00fd v\u00e0 x\u00e1c c\u1ea5u tr\u00fac ho\u00e1 h\u1ecdc b\u1eb1ng c\u00e1c ph\u01b0\u01a1ng ph\u00e1p ph\u1ed5 [6], do \u0111\u00f3 nghi\u00ean c\u1ee9u t\u00e1ch c\u00e1c ch\u1ea5t tinh khi\u1ebft l\u00e0 c\u1ea7n thi\u1ebft \u0111\u1ec3 g\u00f3p ph\u1ea7n ho\u00e0n thi\u1ec7n ch\u00ednh x\u00e1c v\u00e0 \u0111\u1ea7y \u0111\u1ee7 c\u01a1 s\u1edf d\u1eef th\u00e0nh ph\u1ea7n ho\u00e1 h\u1ecdc c\u1ee7a \u0111\u1ed1i t\u01b0\u1ee3ng nghi\u00ean c\u1ee9u.\n", "3.2.\n", "Chi\u1ebft xu\u1ea5t v\u00e0 ph\u00e2n l\u1eadp saponin ch\u00ednh c\u1ee7a th\u00e2n v\u00e0 l\u00e1 S\u00e2m v\u0169 di\u1ec7p\n", "M\u1eabu th\u00e2n v\u00e0 l\u00e1 s\u00e2m v\u0169 di\u1ec7p \u0111\u01b0\u1ee3c r\u1eeda s\u1ea1ch, ph\u01a1i kh\u00f4, th\u00e1i nh\u1ecf.\n", "Ti\u1ebfn h\u00e0nh chi\u1ebft ki\u1ec7t 450 g m\u1eabu b\u1eb1ng dung m\u00f4i ethanol 70%, chi\u1ebft h\u1ed3i l\u01b0u 3 l\u1ea7n (m\u1ed7i l\u1ea7n 1500 mL trong 3 gi\u1edd).\n", "G\u1ed9p dung m\u00f4i v\u00e0 c\u00f4 d\u01b0\u01a1i \u00e1p su\u1ea5t gi\u1ea3m cho 57,6 g cao chi\u1ebft t\u1ed5ng ethanol.\n", "Ho\u00e0 tan 57,0 g cao chi\u1ebft trong n\u01b0\u1edbc c\u1ea5t (500 mL) v\u00e0 chi\u1ebft ph\u00e2n b\u1ed1 l\u1ea7n l\u01b0\u1ee3t v\u1edbi c\u00e1c dung m\u00f4i c\u00f3 \u0111\u1ed9 ph\u00e2n c\u1ef1c t\u0103ng d\u1ea7n \u00ca-te, EtOAc v\u00e0 BuOH (m\u1ed7i dung m\u00f4i 3 l\u1ea7n, m\u1ed7i l\u1ea7n 500 mL).\n", "C\u00f4 quay d\u01b0\u1edbi \u00e1p su\u1ea5t gi\u1ea3m \u0111\u1ec3 thu \u0111\u01b0\u1ee3c c\u00e1c c\u1eafn ph\u00e2n \u0111o\u1ea1n t\u01b0\u01a1ng \u1ee9ng \u00ca-te (3,44 g), EtOAc (1,14 g) v\u00e0 BuOH (12,54 g).\n", "L\u1ea5y c\u1eafn BuOH (~ 12 g), ti\u1ebfn h\u00e0nh c\u1ed9t s\u1eafc k\u00fd silica gel (85 mm \u00d7 80 mm) v\u1edbi h\u1ec7 dung m\u00f4i r\u1eeda gi\u1ea3i l\u00e0 gradient c\u1ee7a\n", "CH2Cl2-MeOH (5:10:1, v/v, m\u1ed7i ph\u00e2n \u0111o\u1ea1n 400 mL) thu \u0111\u01b0\u1ee3c 4 ph\u00e2n \u0111o\u1ea1n k\u00fd hi\u1ec7u l\u00e0\n", "BL1~BL4.\n", "T\u1eeb ph\u00e2n \u0111o\u1ea1n BL2 (2,8 g) ti\u1ebfn h\u00e0nh s\u1eafc k\u00fd c\u1ed9t silica gel (45 mm \u00d7 350 mm) r\u1eeda gi\u1ea3i b\u1eb1ng\n", "CHCl3-MeOH-H2O (3:1:0,1, v/v/v, 1200 mL) thu \u0111\u01b0\u1ee3c 4 ph\u00e2n \u0111o\u1ea1n nh\u1ecf (BL2.1~BL2.4).\n", "Ph\u00e2n \u0111o\u1ea1n BL.2.2 (580 mg) ti\u1ebfn h\u00e0nh s\u1eafc k\u00fd c\u1ed9t pha \u0111\u1ea3o C18 (35 mm \u00d7 400 mm) v\u1edbi h\u1ec7 pha \u0111\u1ed9ng\n", "MeOH-H2O (1:1, v/v, 1000 mL) thu \u0111\u01b0\u1ee3c ch\u1ea5t saponin ch\u00ednh 1.\n", "Ch\u1ea5t 1 (Stipuleanosid R2): B\u1ed9t m\u00e0u tr\u1eafng; =+7,5 (c 0,2, MeOH); ESI-MS: m/z 1087 [M-H]- t\u01b0\u01a1ng \u1ee9ng kh\u1ed1i l\u01b0\u1ee3ng ph\u00e2n t\u1eed M=1088; 1H-NMR (CD3OD, 500 MHz): 0,81, 0,85, 0,93, 0,95, 0,96, 1,05, 1,17 (7 t\u00edn hi\u1ec7u CH3, s,\n", "CH3-25, 26, 24, 23, 30, 29, 27), 4,37 (1H, d, J = 8,0 Hz, H-1'), 4,87 (H-1''), 5,19 (1H, br s, H-1'''), 5,27 (1H, br s, H-12), 5,40 (1H, d, J = 8,0 Hz, H- 1''); 13C-NMR (CD3OD, 125 MHz) 39,8 (C- 1), 26,9 (C-2), 91,0 (C-3), 40,2 (C-4), 62,2 (C- 5), 19,3 (C-6), 33,5 (C-7), 40,7 (C-8), 57,0 (C- 9), 37,9 (C-10), 24,5 (C-11), 123,8 (C-12), 144,8 (C-13), 42,9 (C-14), 28,5 (C-15), 24,0 (C-16), 48,0 (C-17), 42,6 (C-18), 47,2 (C-19), 31,5 (C- 20), 34,9 (C-21), 34,0 (C-22), 28,9 (C-23), 16,0 (C-24), 16,9 (C-25), 17,7 (C-26), 26,3 (C-27), 178,1 (C-28), 33,15 (C-29), 24 (C-30).\n", "GlcA: 106,36 (C-1), 78,19 (C-2), 82,05 (C-3), 82 (C-4), 76,45 (C-5), 176,36 (C-6).\n", "Glc I: 104,4 (C-1), 77,9 (C-2), 78,7 (C-3), 73,91 (C-4), 78,2 (C-5), 71,1 (C-6).\n", "Ara: 108,3 (C-1), 87,1 (C-2), 75,6 (C-3), 90,8 (C-4), 62,4 (C-5).\n", "Glc II: 95,7 (C-1), 75,3 (C-2), 78,3 (C-3), 71,1 (C-4), 79,4 (C-5), 63,3 (C-6).\n", "3.3.\n", "Bi\u1ec7n gi\u1ea3i c\u1ea5u tr\u00fac c\u1ee7a saponin ph\u00e2n l\u1eadp \u0111\u01b0\u1ee3c\n", "H\u00ecnh 2.\n", "C\u1ea5u tr\u00fac ho\u00e1 h\u1ecdc c\u1ee7a saponin ph\u00e2n l\u1eadp \u0111\u01b0\u1ee3c, stipulenosid R2 (1).\n", "Saponin 1 ph\u00e2n l\u1eadp \u0111\u01b0\u1ee3c d\u01b0\u1edbi d\u1ea1ng b\u1ed9t m\u00e0u tr\u1eafng, n\u0103ng su\u1ea5t quay c\u1ef1c ri\u00eang +7,5 (c 0,2, MeOH).\n", "Ph\u1ed5 kh\u1ed1i l\u01b0\u1ee3ng ESI-MS xu\u1ea5t hi\u1ec7n pic ion ph\u00e2n t\u1eed t\u1ea1i m/z 1087 [M-H]- ph\u00f9 h\u1ee3p c\u00f4ng th\u1ee9c ph\u00e2n t\u1eed l\u00e0 C53H84O23 (M = 1088).\n", "Ph\u1ed5 c\u1ed9ng h\u01b0\u1edfng t\u1eeb h\u1ea1t nh\u00e2n 1H v\u00e0 13C NMR c\u1ee7a 1 mang c\u00e1c \u0111\u1eb7c \u0111i\u1ec3m c\u1ee7a m\u1ed9t saponin c\u00f3 ph\u1ea7n aglycon l\u00e0 m\u1ed9t triterpene khung oleanane \u0111\u1eb7c tr\u01b0ng c\u1ee7a c\u00e1c saponin ch\u00ednh \u0111\u00e3 \u0111\u01b0\u1ee3c c\u00f4ng b\u1ed1 t\u1eeb s\u00e2m v\u0169 di\u1ec7p [4-7].\n", "Ph\u1ed5 1H-NMR cho th\u1ea5y t\u00edn hi\u1ec7u c\u1ee7a 7 nh\u00f3m metyl b\u1eadc ba c\u1ed9ng h\u01b0\u1edfng trong v\u00f9ng tr\u01b0\u1eddng m\u1ea1nh t\u1ea1i c\u00e1c gi\u00e1 tr\u1ecb 0,81, 0,85, 0,93, 0,95, 0,96, 1,05, 1,17 (7 t\u00edn hi\u1ec7u CH3, s, CH3-25, 26, 24, 23, 30, 29, 27).\n", "Proton olefin t\u1ea1i 5,27 (1H, br s, H- 12) g\u1ee3i \u00fd s\u1ef1 hi\u1ec7n di\u1ec7n c\u1ee7a 1 li\u00ean k\u1ebft \u0111\u00f4i.\n", "Tr\u00ean ph\u1ed5 c\u00f2n xu\u1ea5t hi\u1ec7n c\u00e1c t\u00edn hi\u1ec7u c\u1ed9ng h\u01b0\u1edfng trong v\u00f9ng t\u1eeb 3,0-4,0 ppm kh\u1eb3ng \u0111\u1ecbnh s\u1ef1 c\u00f3 m\u1eb7t c\u1ee7a c\u00e1c nh\u00f3m oxymetin v\u00e0 oximetylen c\u1ee7a 4 ph\u00e2n t\u1eed \u0111\u01b0\u1eddng c\u0169ng nh\u01b0 cacbon oximetin kh\u00e1c.\n", "T\u00edn hi\u1ec7u proton anomeric c\u1ee7a m\u1ed9t \u0111\u01a1n v\u1ecb glucorunic acid (GluA), 2 \u0111\u01a1n v\u1ecb glucose (Glc) v\u00e0 m\u1ed9t arabifuranose [Ara(f)] l\u1ea7n l\u01b0\u1ee3t xu\u1ea5t hi\u1ec7n \u1edf 4,37 (1H, d, J = 8 Hz, H-1'), 4,87 (H-1''), 5,19 (1H, br s, H-1''') v\u00e0 5,40 (1H, d, J = 8,0 Hz, H-1'').\n", "Ph\u1ed5 13C-NMR bao g\u1ed3m t\u00edn hi\u1ec7u c\u1ee7a 53 nguy\u00ean t\u1eed cacbon.\n", "Ph\u00e2n t\u00edch d\u1eef li\u1ec7u ph\u1ed5 DEPT x\u00e1c nh\u1eadn s\u1ef1 c\u00f3 m\u1eb7t c\u1ee7a 7 carbon methyl (CH3), 13 carbon methylen (CH2), 24 carbon methin (CH) v\u00e0 7 carbon b\u1eadc 4 (C).\n", "Trong \u0111\u00f3 23 t\u00edn hi\u1ec7u \u0111\u01b0\u1ee3c x\u00e1c \u0111\u1ecbnh thu\u1ed9c 4 \u0111\u01a1n v\u1ecb \u0111\u01b0\u1eddng [GluA, 2 \u0111\u01a1n v\u1ecb Glc v\u00e0 Ara(f)] [8], v\u00e0 30 t\u00edn hi\u1ec7u c\u00f2n l\u1ea1i thu\u1ed9c ph\u1ea7n aglycon oleanolic acid v\u1edbi m\u1ed9t oxymetin t\u1ea1i 91,0 (C-3).\n", "S\u1ef1 hi\u1ec7n di\u1ec7n c\u1ee7a n\u1ed1i \u0111\u00f4i \u0111\u1eb7c tr\u01b0ng C-12/C-13 th\u1ec3 hi\u1ec7n qua t\u00edn hi\u1ec7u t\u1ea1i 123,8 v\u00e0 144,8 ppm v\u00e0 m\u1ed9t carborxylic carbon t\u1ea1i 178,1 (C-28) [3, 5].\n", "\u0110\u1ed9 d\u1ecbch chuy\u1ec3n ho\u00e1 h\u1ecdc t\u1ea1i C-3 v\u00e0 C-28 g\u1ee3i \u00fd c\u00f3 s\u1ef1 li\u00ean k\u1ebft c\u00e1c \u0111\u01a1n v\u1ecb \u0111\u01b0\u1eddng t\u1ea1i \u0111\u00e2y [3].\n", "T\u1eeb t\u1ea5t c\u1ea3 c\u00e1c ph\u00e2n t\u00edch n\u00eau tr\u00ean, c\u00f9ng v\u1edbi s\u1ef1 ph\u00f9 h\u1ee3p ho\u00e0n to\u00e0n v\u1ec1 s\u1ed1 li\u1ec7u ph\u1ed5 NMR c\u1ee7a 1 so v\u1edbi c\u00e1c s\u1ed1 li\u1ec7u t\u01b0\u01a1ng \u1ee9ng \u0111\u00e3 \u0111\u01b0\u1ee3c c\u00f4ng b\u1ed1 [5, 9] cho ph\u00e9p x\u00e1c \u0111\u1ecbnh c\u1ea5u tr\u00fac ho\u00e1 h\u1ecdc c\u1ee7a saponin 1 ch\u00ednh l\u00e0 stipuleanosid R2 (H\u00ecnh 2).\n", "L\u00e0 c\u00e2y d\u01b0\u1ee3c li\u1ec7u quan tr\u1ecdng c\u1ee7a v\u00f9ng T\u00e2y\n", "B\u1eafc, s\u00e2m v\u0169 di\u1ec7p \u0111ang \u0111\u01b0\u1ee3c \u0111\u1ea7u t\u01b0 nghi\u00ean c\u1ee9u \u0111\u1ec3 ph\u00e1t tri\u1ec3n \u1ee9ng d\u1ee5ng trong y d\u01b0\u1ee3c h\u1ecdc hi\u1ec7n \u0111\u1ea1i.\n", "Trong \u0111\u00f3 vi\u1ec7c nghi\u00ean c\u1ee9u th\u00e0nh ph\u1ea7n ho\u1ea1t ch\u1ea5t\n", "D]\u03b1[\n", "D]\u03b1[ sinh h\u1ecdc l\u00e0 r\u1ea5t quan tr\u1ecdng, l\u00e0m c\u01a1 s\u1edf cho vi\u1ec7c \u0111\u00e1nh gi\u00e1 ch\u1ea5t l\u01b0\u1ee3ng, chu\u1ea9n ho\u00e1 d\u01b0\u1ee3c li\u1ec7u v\u00e0 ch\u1ebf ph\u1ea9m.\n", "Vi\u1ec7c s\u1eed d\u1ee5ng d\u01b0\u1ee3c li\u1ec7u trong y h\u1ecdc hi\u1ec7n \u0111\u1ea1i d\u1ef1a tr\u00ean c\u01a1 s\u1edf khoa h\u1ecdc v\u1ec1 th\u00e0nh ph\u1ea7n ho\u1ea1t ch\u1ea5t, do \u0111\u00f3 k\u1ebft qu\u1ea3 nghi\u00ean c\u1ee9u n\u00e0y cho th\u1ea5y th\u00e0nh ph\u1ea7n th\u00e2n v\u00e0 l\u00e1 s\u00e2m v\u0169 di\u1ec7p v\u1edbi th\u00e0nh ph\u1ea7n saponin gi\u1ed1ng th\u00e2n r\u1ec5 c\u00f3 th\u1ec3 \u0111\u01b0\u1ee3c s\u1eed d\u1ee5ng l\u00e0m d\u01b0\u1ee3c li\u1ec7u t\u01b0\u01a1ng t\u1ef1 nh\u01b0 ph\u1ea7n th\u00e2n r\u1ec5.\n", "Vi\u1ec7c t\u1eadn d\u1ee5ng th\u00eam ph\u1ea7n tr\u00ean m\u1eb7t \u0111\u1ea5t s\u00e2m v\u0169 di\u1ec7p cung c\u1ea5p th\u00eam ngu\u1ed3n nguy\u00ean li\u1ec7u v\u00e0 s\u1eed d\u1ee5ng \u0111\u01b0\u1ee3c tri\u1ec7t \u0111\u1ec3 c\u00e1c b\u1ed9 ph\u1eadn c\u1ee7a c\u00e2y thu\u1ed1c n\u00e0y gi\u1ed1ng nh\u01b0 c\u00e1c lo\u00e0i Panax n\u1ed5i ti\u1ebfng kh\u00e1c nh\u01b0 s\u00e2m\n", "Tri\u1ec1u Ti\u00ean (P.ginseng), tam th\u1ea5t (P.\n", "notoginseng), s\u00e2m M\u1ef9 (P.\n", "quinquefolius),...\n", "[7].\n", "\u0110\u00e2y l\u00e0 c\u00f4ng b\u1ed1 \u0111\u1ea7u ti\u00ean v\u1ec1 th\u00e0nh ph\u1ea7n ho\u00e1 h\u1ecdc c\u1ee7a b\u1ed9 ph\u1eadn tr\u00ean m\u1eb7t \u0111\u1ea5t c\u1ee7a s\u00e2m v\u0169 di\u1ec7p.\n", "K\u1ebft qu\u1ea3 nghi\u00ean c\u1ee9u n\u00e0y \u0111\u00f3ng g\u00f3p c\u01a1 s\u1edf khoa h\u1ecdc v\u1ec1 ho\u00e1 th\u1ef1c v\u1eadt cho c\u00e2y thu\u1ed1c s\u00e2m v\u0169 di\u1ec7p.\n"], "4": ["4.\n", "K\u1ebft lu\u1eadn\n", "\u0110\u00e2y l\u00e0 nghi\u00ean c\u1ee9u \u0111\u1ea7u ti\u00ean v\u1ec1 th\u00e0nh ph\u1ea7n ho\u00e1 h\u1ecdc c\u1ee7a b\u1ed9 ph\u1eadn tr\u00ean m\u1eb7t \u0111\u1ea5t c\u1ee7a c\u00e2y thu\u1ed1c qu\u00fd s\u00e2m v\u0169 di\u1ec7p (P.\n", "bipinnatifidius) ph\u00e2n b\u1ed1 \u1edf v\u00f9ng T\u00e2y B\u1eafc n\u01b0\u1edbc ta.\n", "K\u1ebft qu\u1ea3 ph\u00e2n t\u00edch HPLC cho th\u1ea5y b\u1ed9 ph\u1eadn th\u00e2n v\u00e0 l\u00e1 c\u1ee7a s\u00e2m v\u0169 di\u1ec7p c\u0169ng c\u00f3 ch\u1ee9a nhi\u1ec1u saponin t\u01b0\u01a1ng t\u1ef1 nh\u01b0 ph\u1ea7n th\u00e2n r\u1ec5.\n", "Th\u00e0nh ph\u1ea7n stipuleanosid R2 \u0111\u00e3 \u0111\u01b0\u1ee3c ph\u00e2n l\u1eadp v\u00e0 x\u00e1c \u0111\u1ecbnh c\u1ea5u tr\u00fac tr\u00ean c\u01a1 s\u1edf \u0111\u1ea7y \u0111\u1ee7 c\u00e1c d\u1eef li\u1ec7u ph\u1ed5 th\u1ef1c nghi\u1ec7m bao g\u1ed3m MS v\u00e0 NMR.\n", "L\u1eddi c\u1ea3m \u01a1n\n", "Nghi\u00ean c\u1ee9u n\u00e0y \u0111\u01b0\u1ee3c t\u00e0i tr\u1ee3 b\u1edfi \u0111\u1ec1 t\u00e0i c\u01a1 s\u1edf c\u1ee7a Khoa Y D\u01b0\u1ee3c Nghi\u00ean c\u1ee9u th\u00e0nh ph\u1ea7n ho\u00e1 h\u1ecdc ph\u1ea7n tr\u00ean m\u1eb7t \u0111\u1ea5t c\u1ee7a S\u00e2m v\u0169 di\u1ec7p, m\u00e3 s\u1ed1:\n", "CS.18.02.\n"]}, "Word count": 2677}