{"title": "Original Article\n", "content": {"0": ["T\u00f3m t\u1eaft: M\u1ee5c ti\u00eau: h\u1eadu qu\u1ea3 do b\u1ec7nh t\u1eadt v\u00e0 t\u1eed vong s\u01a1 sinh r\u1ea5t n\u1eb7ng n\u1ec1 nh\u01b0ng c\u00e1c can thi\u1ec7p s\u1eb5n c\u00f3 trong ph\u1ea1m vi c\u00e1c ch\u01b0\u01a1ng tr\u00ecnh ch\u0103m s\u00f3c s\u1ee9c kho\u1ebb b\u00e0 m\u1eb9 - tr\u1ebb em c\u00f3 th\u1ec3 c\u1ee9u s\u1ed1ng sinh m\u1ea1ng c\u1ee7a h\u1ea7u h\u1ebft tr\u1ebb s\u01a1 sinh.\n", "Trong \u0111\u00f3, \u1ee7 \u1ea5m da k\u1ec1 da cho tr\u1ebb l\u00e0 can thi\u1ec7p \u0111\u01a1n gi\u1ea3n, d\u1ec5 th\u1ef1c hi\u1ec7n g\u00f3p ph\u1ea7n n\u00e2ng cao s\u1ee9c kho\u1ebb v\u00e0 gi\u1ea3m t\u1ec9 l\u1ec7 t\u1eed vong \u1edf tr\u1ebb, \u0111\u1eb7c bi\u1ec7t l\u00e0 \u1edf nh\u1eefng tr\u1ebb \u0111\u1ebb non.\n", "\u0110\u1ed1i t\u01b0\u1ee3ng v\u00e0 ph\u01b0\u01a1ng ph\u00e1p: Ph\u01b0\u01a1ng ph\u00e1p m\u00f4 t\u1ea3 c\u1eaft ngang th\u00f4ng qua s\u1eed d\u1ee5ng b\u1ed9 c\u00e2u h\u1ecfi ph\u1ecfng v\u1ea5n ki\u1ebfn th\u1ee9c 60 b\u00e0 m\u1eb9 c\u00f3 tr\u1ebb \u0111\u1ebb non v\u1ec1 ph\u01b0\u01a1ng ph\u00e1p da k\u1ec1 da v\u00e0 ph\u00e2n t\u00edch m\u1ed9t s\u1ed1 m\u1ed9t s\u1ed1 y\u1ebfu t\u1ed1 li\u00ean quan \u0111\u1ebfn ki\u1ebfn th\u1ee9c c\u1ee7a c\u00e1c b\u00e0 m\u1eb9 v\u1ec1 ph\u01b0\u01a1ng ph\u00e1p da k\u1ec1 da cho tr\u1ebb \u0111\u1ebb non.\n", "K\u1ebft qu\u1ea3: 94,8% b\u00e0 m\u1eb9 nh\u1eadn th\u1ee9c th\u1ea5y ph\u01b0\u01a1ng ph\u00e1p da k\u1ec1 da l\u00e0 c\u1ea7n thi\u1ebft cho tr\u1ebb, 91,78% b\u00e0 m\u1eb9 bi\u1ebft v\u1ec1 ph\u01b0\u01a1ng ph\u00e1p da k\u1ec1 da trong \u0111\u00f3 ch\u1ec9 c\u00f3 8,3% b\u00e0 m\u1eb9 ch\u01b0a c\u00f3 ki\u1ebfn th\u1ee9c v\u1ec1 ph\u01b0\u01a1ng ph\u00e1p da k\u1ec1 da.\n", "T\u1ef7 l\u1ec7 b\u00e0 m\u1eb9 t\u00ecm hi\u1ec3u ph\u01b0\u01a1ng ph\u00e1p da k\u1ec1 da \u0111\u00ecnh b\u1ea1n b\u00e8 chi\u1ebfm 58,2%, qua ph\u01b0\u01a1ng ti\u1ec7n th\u00f4ng tin internet 45,5% v\u00e0 18,2% qua c\u00e1n b\u1ed9 y t\u1ebf.\n", "M\u1eb9 c\u00f3 h\u1ecdc v\u1ea5n \u0111\u1ea1i h\u1ecdc c\u00f3 li\u00ean quan \u0111\u1ebfn ki\u1ebfn th\u1ee9c v\u1ec1 ph\u01b0\u01a1ng ph\u00e1p da k\u1ec1 da v\u1edbi p<0,05.\n", "K\u1ebft lu\u1eadn: t\u0103ng c\u01b0\u1eddng c\u00f4ng t\u00e1c tuy\u00ean truy\u1ec1n vai tr\u00f2 t\u00e1c d\u1ee5ng c\u1ee7a ph\u01b0\u01a1ng ph\u00e1p da k\u1ec1 da tr\u00ean tr\u1ebb s\u01a1 sinh non th\u00e1ng \u0111\u1eb7c bi\u1ec7t nh\u00f3m b\u00e0 m\u1eb9 c\u00f3 tr\u00ecnh \u0111\u1ed9 h\u1ecdc v\u1ea5n ch\u01b0a cao.\n", "T\u1eeb kho\u00e1: Da k\u1ec1 da, \u0111\u1ebb non.\n"], "1": ["1.\n", "M\u1edf \u0111\u1ea7u\n", "Ch\u0103m s\u00f3c s\u1ee9c kho\u1ebb s\u01a1 sinh hi\u1ec7n \u0111ang l\u00e0 m\u1ed9t v\u1ea5n \u0111\u1ec1 thu h\u00fat \u0111\u01b0\u1ee3c s\u1ef1 quan t\u00e2m c\u1ee7a c\u00e1c qu\u1ed1c gia tr\u00ean to\u00e0n th\u1ebf gi\u1edbi [1].\n", "Trong nh\u1eefng n\u0103m qua, t\u1ec9 l\u1ec7 t\u1eed vong tr\u1ebb em n\u00f3i chung \u0111\u00e3 gi\u1ea3m m\u1ea1nh nh\u01b0ng t\u1ec9 l\u1ec7 t\u1eed vong s\u01a1 sinh gi\u1ea3m kh\u00f4ng \u0111\u00e1ng k\u1ec3 [2].\n", "M\u1eb7c d\u00f9 h\u1eadu qu\u1ea3 do b\u1ec7nh t\u1eadt v\u00e0 t\u1eed vong s\u01a1 sinh r\u1ea5t n\u1eb7ng n\u1ec1 nh\u01b0ng c\u00e1c can thi\u1ec7p s\u1eb5n c\u00f3 trong ph\u1ea1m vi c\u00e1c ch\u01b0\u01a1ng tr\u00ecnh ch\u0103m s\u00f3c s\u1ee9c kho\u1ebb b\u00e0 m\u1eb9 - tr\u1ebb em c\u00f3 th\u1ec3 c\u1ee9u s\u1ed1ng sinh m\u1ea1ng c\u1ee7a h\u1ea7u h\u1ebft tr\u1ebb s\u01a1 sinh [3].\n", "Trong \u0111\u00f3, \u1ee7 \u1ea5m da k\u1ec1 da cho tr\u1ebb l\u00e0 can thi\u1ec7p \u0111\u01a1n gi\u1ea3n, d\u1ec5 th\u1ef1c hi\u1ec7n g\u00f3p ph\u1ea7n n\u00e2ng cao s\u1ee9c kho\u1ebb v\u00e0 gi\u1ea3m t\u1ec9 l\u1ec7 t\u1eed vong \u1edf tr\u1ebb, _* T\u00e1c gi\u1ea3 li\u00ean h\u1ec7.\n", "\u0111\u1eb7c bi\u1ec7t l\u00e0 \u1edf nh\u1eefng tr\u1ebb \u0111\u1ebb non [2, 4].\n", "T\u1ea1i B\u1ec7nh m\u1eb9 \u0111\u0103ng k\u00ed sinh t\u1ea1i B\u1ec7nh vi\u1ec7n ng\u00e0y c\u00e0ng t\u0103ng, theo th\u1ed1ng k\u00ea n\u0103m 2017 t\u1ef7 l\u1ec7 \u0111\u1ebb non >60,5% t\u1ea1i c\u00e1c c\u00e1n b\u1ed9 nh\u00e2n vi\u00ean y t\u1ebf c\u00f3 m\u1ed9t c\u00e1ch nh\u00ecn t\u1ed5ng qu\u00e1t v\u1ec1 th\u1ef1c tr\u1ea1ng ki\u1ebfn th\u1ee9c v\u00e0 th\u1ef1c h\u00e0nh c\u1ee7a c\u00e1c b\u00e0 m\u1eb9 c\u0169ng nh\u01b0 hi\u1ec7u qu\u1ea3 c\u1ee7a ph\u01b0\u01a1ng ph\u00e1p \u1ee7 \u1ea5m da k\u1ec1 da t\u1eeb \u0111\u00f3 \u0111\u01b0a ra c\u00e1c bi\u1ec7n ph\u00e1p nh\u1eb1m c\u1ea3i thi\u1ec7n, n\u00e2ng cao c\u00e1c d\u1ecbch v\u1ee5 ch\u0103m s\u00f3c s\u1ee9c kho\u1ebb cho b\u00e0 m\u1eb9 v\u00e0 tr\u1ebb em, ch\u00fang t\u00f4i th\u1ef1c hi\u1ec7n nghi\u00ean c\u1ee9u n\u00e0y v\u1edbi m\u1ee5c ti\u00eau: m\u00f4 t\u1ea3 ki\u1ebfn th\u1ee9c c\u1ee7a b\u00e0 m\u1eb9 v\u00e0 m\u1ed9t s\u1ed1 y\u1ebfu t\u1ed1 li\u00ean quan v\u1ec1 ph\u01b0\u01a1ng ph\u00e1p da k\u1ec1 da cho tr\u1ebb \u0111\u1ebb non t\u1ea1i B\u1ec7nh vi\u1ec7n B\u1ea1ch Mai.\n"], "2": ["2.\n", "\u0110\u1ed1i t\u01b0\u1ee3ng v\u00e0 ph\u01b0\u01a1ng ph\u00e1p nghi\u00ean c\u1ee9u 2.1.\n", "\u0110\u1ecba \u0111i\u1ec3m v\u00e0 th\u1eddi gian nghi\u00ean c\u1ee9u\n", "Nghi\u00ean c\u1ee9u \u0111\u01b0\u1ee3c th\u1ef1c hi\u1ec7n t\u1ea1i, Khoa Nhi 2019 \u0111\u1ebfn th\u00e1ng 3 n\u0103m 2020.\n", "2.2.\n", "\u0110\u1ed1i t\u01b0\u1ee3ng nghi\u00ean c\u1ee9u 2.2.1.\n", "Ti\u00eau chu\u1ea9n l\u1ef1a ch\u1ecdn - 60 b\u00e0 m\u1eb9 m\u1eb9 t\u1eeb 18 tu\u1ed5i tr\u1edf l\u00ean c\u00f3 con l\u00e0 tr\u1ebb \u0111\u1ebb non \u0111ang n\u1eb1m \u0111i\u1ec1u tr\u1ecb t\u1ea1i Khoa Nhi, B\u1ec7nh vi\u1ec7n\n", "B\u1ea1ch Mai, kh\u00f4ng m\u1eafc c\u00e1c b\u1ec7nh ngo\u00e0i da, l\u00e2y nhi\u1ec5m.\n", "- Tr\u1ebb \u0111\u1ebb non tu\u1ed5i thai d\u01b0\u1edbi 37 tu\u1ea7n.\n", "- Con c\u00e2n n\u1eb7ng t\u1eeb 1000g \u0111\u1ebfn 2000g.\n", "- T\u00ecnh nguy\u1ec7n tham gia nghi\u00ean c\u1ee9u.\n", "2.2.2.\n", "Ti\u00eau chu\u1ea9n lo\u1ea1i tr\u1eeb - B\u00e0 m\u1eb9 v\u00e0 tr\u1ebb \u0111\u1ebb non kh\u00f4ng \u0111\u1ee7 ti\u00eau chu\u1ea9n tr\u00ean.\n", "- B\u00e0 m\u1eb9 m\u1eafc b\u1ec7nh \u1ea3nh h\u01b0\u1edfng \u0111\u1ebfn tr\u1ebb.\n", "- Tr\u1ebb suy h\u00f4 h\u1ea5p, d\u1ecb t\u1eadt b\u1ea9m sinh, v\u00e0ng da, s\u1ed1t, \u0111ang n\u1eb1m trong \u0111\u01a1n v\u1ecb h\u1ed3i s\u1ee9c s\u01a1 sinh.\n", "2.3.\n", "Ph\u01b0\u01a1ng ph\u00e1p nghi\u00ean c\u1ee9u 2.3.1.\n", "Thi\u1ebft k\u1ebf nghi\u00ean c\u1ee9u\n", "M\u00f4 t\u1ea3 c\u1eaft ngang.\n", "2.3.2.\n", "C\u1ee1 m\u1eabu v\u00e0 ph\u01b0\u01a1ng ph\u00e1p ch\u1ecdn m\u1eabu\n", "C\u1ee1 m\u1eabu nghi\u00ean c\u1ee9u: l\u1ea5y to\u00e0n b\u1ed9 \u0111\u1ed1i t\u01b0\u1ee3ng nghi\u00ean c\u1ee9u ph\u00f9 h\u1ee3p v\u1edbi ti\u00eau chu\u1ea9n l\u1ef1a ch\u1ecdn.\n", "C\u00e1ch l\u1ea5y m\u1eabu: l\u1ea5y m\u1eabu thu\u1eadn ti\u1ec7n, l\u1ea5y to\u00e0n b\u1ed9 \u0111\u1ed1i t\u01b0\u1ee3ng trong th\u1eddi gian t\u1eeb th\u00e1ng 10 n\u0103m 2019 \u0111\u1ebfn th\u00e1ng 3 n\u0103m 2020.\n", "T\u1ed5ng s\u1ed1 \u0111\u1ed1i t\u01b0\u1ee3ng thu th\u1eadp \u0111\u01b0\u1ee3c n=60.\n", "2.3.3.\n", "C\u00e1c ch\u1ec9 s\u1ed1 bi\u1ebfn s\u1ed1 nghi\u00ean c\u1ee9u\n", "\u0110\u1ed1i t\u01b0\u1ee3ng nghi\u00ean c\u1ee9u \u0111\u01b0\u1ee3c thu th\u1eadp c\u00e1c th\u00f4ng tin chung v\u1ec1 \u0111\u1ed9 tu\u1ed5i ngh\u1ec1 ngh\u1ec1 nghi\u1ec7p.\n", "\u0110\u00e1nh gi\u00e1 v\u1ec1 ki\u1ebfn th\u1ee9c c\u1ee7a c\u00e1c b\u00e0 m\u1eb9 v\u1ec1 ph\u01b0\u01a1ng ph\u00e1p da k\u1ec1 da bao g\u1ed3m: ngu\u1ed3n ki\u1ebfn th\u1ee9c v\u1ec1 ph\u01b0\u01a1ng ph\u00e1p da k\u1ec1 da, ki\u1ebfn th\u1ee9c c\u1ee7a c\u00e1c b\u00e0 m\u1eb9 v\u1ec1 ph\u01b0\u01a1ng ph\u00e1p da k\u1ec1 da, hi\u1ec7u qu\u1ea3, t\u00e1c d\u1ee5ng, c\u00e1ch th\u1ee9c, th\u1eddi gian th\u1ef1c hi\u1ec7n ph\u01b0\u01a1ng ph\u00e1p da k\u1ec1 da.\n", "\u0110\u00e1nh gi\u00e1 m\u1ed9t s\u1ed1 y\u1ebfu t\u1ed1 li\u00ean quan \u0111\u1ebfn ph\u01b0\u01a1ng ph\u00e1p da k\u1ec1 da bao g\u1ed3m tu\u1ed5i, ngh\u1ec1 nghi\u1ec7p, tr\u00ecnh \u0111\u1ed9 h\u1ecdc v\u1ea5n c\u1ee7a b\u00e0 m\u1eb9, tu\u1ed5i thai c\u1ee7a con, th\u1ee9 t\u1ef1 sinh con, gi\u1edbi t\u00ednh tr\u1ebb, ph\u01b0\u01a1ng th\u1ee9c \u0111\u1ebb m\u1ed5 hay \u0111\u1ebb th\u01b0\u1eddng.\n", "2.4.\n", "X\u1eed l\u00fd v\u00e0 ph\u00e2n t\u00edch s\u1ed1 li\u1ec7u\n", "S\u1ed1 li\u1ec7u \u0111\u01b0\u1ee3c nh\u1eadp tr\u00ean ph\u1ea7n m\u1ec1m Epi Data 3.1 v\u00e0 ph\u00e2n t\u00edch tr\u00ean ph\u1ea7n m\u1ec1m SPSS ver 20.0.\n", "Ph\u00e2n t\u00edch m\u00f4 t\u1ea3: s\u1eed d\u1ee5ng c\u00e1c th\u00f4ng s\u1ed1 nh\u01b0 t\u1ea7n s\u1ed1, t\u1ef7 l\u1ec7 %.\n", "Ph\u00e2n t\u00edch m\u1ed1i li\u00ean quan: t\u00ecm m\u1ed1i li\u00ean quan gi\u1eefa c\u00e1c y\u1ebfu t\u1ed1 v\u1edbi ki\u1ebfn th\u1ee9c, th\u1ef1c h\u00e0nh c\u1ee7a b\u00e0 m\u1eb9 ph\u01b0\u01a1ng ph\u00e1p da k\u1ec1 da.\n", "2.5.\n", "\u0110\u1ea1o \u0111\u1ee9c trong nghi\u00ean c\u1ee9u\n", "Nghi\u00ean c\u1ee9u \u0111\u01b0\u1ee3c s\u1ef1 \u0111\u1ed3ng \u00fd c\u1ee7a ban l\u00e3nh \u0111\u1ea1o\n", "Th\u00f4ng tin li\u00ean quan \u0111\u1ebfn \u0111\u1ed1i t\u01b0\u1ee3ng nghi\u00ean c\u1ee9u s\u1ebd \u0111\u01b0\u1ee3c \u0111\u1ea3m b\u1ea3o gi\u1eef b\u00ed m\u1eadt.\n", "Ng\u01b0\u1eddi tham gia nghi\u00ean c\u1ee9u \u0111\u01b0\u1ee3c gi\u1ea3i th\u00edch v\u00e0 cung c\u1ea5p \u0111\u1ea7y \u0111\u1ee7 c\u00e1c th\u00f4ng tin v\u1ec1 nghi\u00ean c\u1ee9u.\n", "Khi c\u00f3 s\u1ef1 t\u1ef1 nguy\u1ec7n tham gia c\u1ee7a \u0111\u1ed1i t\u01b0\u1ee3ng nghi\u00ean c\u1ee9u th\u00ec b\u1eaft \u0111\u1ea7u th\u1ef1c hi\u1ec7n nghi\u00ean c\u1ee9u.\n", "Nghi\u00ean c\u1ee9u ch\u1ec9 nh\u1eb1m cho ph\u1ee5c v\u1ee5 s\u1ee9c kho\u1ebb ng\u01b0\u1eddi b\u1ec7nh, kh\u00f4ng c\u00f3 m\u1ee5c \u0111\u00edch n\u00e0o kh\u00e1c.\n"], "3": ["3.\n", "K\u1ebft qu\u1ea3 nghi\u00ean c\u1ee9u 3.1.\n", "Ki\u1ebfn th\u1ee9c v\u1ec1 ph\u01b0\u01a1ng ph\u00e1p \u1ee7 \u1ea5m da k\u1ec1 da c\u1ee7a c\u00e1c b\u00e0 m\u1eb9\n", "Bi\u1ec3u \u0111\u1ed3 1.\n", "Ki\u1ebfn th\u1ee9c c\u1ee7a b\u00e0 m\u1eb9 v\u1ec1 s\u1ef1 c\u1ea7n thi\u1ebft ph\u1ea3i gi\u1eef \u1ea5m cho tr\u1ebb sau sinh (n=60).\n", "Nh\u1eadn x\u00e9t: h\u1ea7u h\u1ebft b\u00e0 m\u1eb9 \u0111\u1ec1u hi\u1ec3u v\u1ec1 s\u1ef1 c\u1ea7n thi\u1ebft ph\u1ea3i gi\u1eef \u1ea5m cho tr\u1ebb sau sinh chi\u1ebfm 94,8%.\n", "Ch\u1ec9 c\u00f3 5,2% b\u00e0 m\u1eb9 cho r\u1eb1ng kh\u00f4ng bi\u1ebft.\n", "94,8 0 5,2\n", "R\u1ea5t c\u1ea7n thi\u1ebft C\u1ea7n thi\u1ebft Kh\u00f4ng bi\u1ebft\n", "B\u1ea3ng 1.\n", "Ki\u1ebfn th\u1ee9c c\u1ee7a b\u00e0 m\u1eb9 v\u1ec1 c\u00e1c ph\u01b0\u01a1ng ph\u00e1p gi\u1eef \u1ea5m tr\u1ebb sau sinh (n=60)\n", "C\u00e1ch gi\u1eef \u1ea5m\n", "S\u1ed1 l\u01b0\u1ee3ng (n)\n", "T\u1ec9 l\u1ec7 (%)\n", "Da k\u1ec1 da v\u1edbi m\u1eb9 31 53,4\n", "N\u1eb1m c\u1ea1nh m\u1eb9 40 69,0\n", "\u0110\u1ed9i m\u0169 40 69,0\n", "Qu\u1ea5n t\u00e3 37 63,8\n", "N\u1eb1m ph\u00f2ng \u1ea5m 11 19,0\n", "Cho b\u00fa m\u1eb9 6 10,3\n", "Nh\u1eadn x\u00e9t: 69% b\u00e0 m\u1eb9 cho r\u1eb1ng ph\u01b0\u01a1ng ph\u00e1p gi\u1eef \u1ea5m tr\u1ebb s\u01a1 sinh l\u00e0 n\u1eb1m c\u1ea1nh m\u1eb9 v\u00e0 \u0111\u1ed9i m\u0169 cho tr\u1ebb, qu\u1ea5n t\u00e3 (61,7%), h\u01a1n 50% b\u00e0 m\u1eb9 bi\u1ebft \u0111\u1ebfn ph\u01b0\u01a1ng ph\u00e1p da k\u1ec1 da v\u1edbi m\u1eb9.\n", "B\u1ea3ng 2.\n", "T\u1ec9 l\u1ec7 b\u00e0 m\u1eb9 bi\u1ebft ph\u01b0\u01a1ng ph\u00e1p \u1ee7 \u1ea5m da k\u1ec1 da (n=60)\n", "Bi\u1ebft ph\u01b0\u01a1ng ph\u00e1p da k\u1ec1 da\n", "S\u1ed1 l\u01b0\u1ee3ng (n)\n", "T\u1ec9 l\u1ec7 (%)\n", "C\u00f3 55 91,7\n", "Kh\u00f4ng 5 8,3\n", "T\u1ed5ng 60 100\n", "Nh\u1eadn x\u00e9t: 91,7% b\u00e0 m\u1eb9 c\u00f3 bi\u1ebft \u0111\u1ebfn ph\u01b0\u01a1ng ph\u00e1p \u1ee7 \u1ea5m da k\u1ec1 da ch\u1ec9 c\u00f3 8,3% b\u00e0 m\u1eb9 kh\u00f4ng bi\u1ebft \u0111\u1ebfn ph\u01b0\u01a1ng ph\u00e1p n\u00e0y.\n", "B\u1ea3ng 3.\n", "Ngu\u1ed3n ti\u1ebfp c\u1eadn th\u00f4ng tin c\u1ee7a b\u00e0 m\u1eb9 v\u1ec1 ph\u01b0\u01a1ng ph\u00e1p da k\u1ec1 da (n=60)\n", "Ngu\u1ed3n ti\u1ebfp c\u1eadn th\u00f4ng tin\n", "S\u1ed1 l\u01b0\u1ee3ng(n) T\u1ec9 l\u1ec7 (%)\n", "Qua ph\u01b0\u01a1ng ti\u1ec7n th\u00f4ng tin internet 21 45,5\n", "Qua c\u00e1n b\u1ed9 nh\u00e2n vi\u00ean y t\u1ebf 9 18,2\n", "Qua ng\u01b0\u1eddi th\u00e2n, gia \u0111\u00ecnh, b\u1ea1n b\u00e8 30 58,2\n", "Nh\u1eadn x\u00e9t: trong s\u1ed1 55 b\u00e0 m\u1eb9 bi\u1ebft v\u1ec1 ph\u01b0\u01a1ng ph\u00e1p da k\u1ec1 da th\u00ec c\u00f3 45,5% b\u00e0 m\u1eb9 bi\u1ebft qua ph\u01b0\u01a1ng ti\u1ec7n th\u00f4ng tin \u0111\u1ea1i ch\u00fang, 58,2% bi\u1ebft qua ng\u01b0\u1eddi th\u00e2n, gia \u0111\u00ecnh, b\u1ea1n b\u00e8 l\u00e0 ch\u1ec9 c\u00f3 18,2% b\u00e0 m\u1eb9 bi\u1ebft qua c\u00e1 b\u1ed9 nh\u00e2n vi\u00ean y t\u1ebf.\n", "B\u1ea3ng 4.\n", "Ki\u1ebfn th\u1ee9c v\u1ec1 l\u1ee3i \u00edch \u0111\u1ed1i v\u1edbi con c\u1ee7a \u1ee7 \u1ea5m cho tr\u1ebb sinh non theo ph\u01b0\u01a1ng ph\u00e1p da k\u1ec1 da (n=60)\n", "N\u1ed9i dung\n", "S\u1ed1 l\u01b0\u1ee3ng (n)\n", "T\u1ec9 l\u1ec7 (%)\n", "Tr\u1ebb \u0111\u01b0\u1ee3c gi\u1eef \u1ea5m gi\u1ea3m nguy c\u01a1 h\u1ea1 th\u00e2n nhi\u1ec7t 52 89,7\n", "Gi\u1ea3m qu\u1ea5y kh\u00f3c gi\u00fap tr\u1ebb ng\u1ee7 ngon h\u01a1n t\u0103ng c\u00e2n, ph\u00e1t tri\u1ec3n tinh th\u1ea7n c\u1ea3m x\u00fac 44 75,9\n", "Ho\u00e0n thi\u1ec7n 5 gi\u00e1c quan nhanh ch\u00f3ng 1 1,7\n", "Gi\u1ea3m c\u01a1n ng\u1eebng th\u1edf, \u1ed5n \u0111\u1ecbnh nh\u1ecbp th\u1edf nh\u1ecbp tim 6 10,3\n", "Th\u00fac \u0111\u1ea9y nu\u00f4i con b\u1eb1ng s\u1eefa m\u1eb9 31 53,4\n", "Gi\u1ea3m m\u1eafc b\u1ec7nh v\u00e0 t\u1eed vong 1 1,7\n", "Nh\u1eadn x\u00e9t: 89,7% b\u00e0 m\u1eb9 cho r\u1eb1ng l\u1ee3i \u00edch c\u1ee7a tr\u1ebb \u0111\u01b0\u1ee3c gi\u1eef \u1ea5m gi\u1ea3m nguy c\u01a1 h\u1ea1 th\u00e2n nhi\u1ec7t, 75,9% cho r\u1eb1ng \u1ee7 \u1ea5m theo ph\u01b0\u01a1ng ph\u00e1p da k\u1ec1 da gi\u00fap tr\u1ebb gi\u1ea3m qu\u1ea5y kh\u00f3c, ng\u1ee7 ngon h\u01a1n, t\u0103ng c\u00e2n v\u00e0 ph\u00e1t tri\u1ec3n tinh th\u1ea7n c\u1ea3m x\u00fac.\n", "Trong khi \u0111\u00f3 53,4% b\u00e0 m\u1eb9 nh\u1eadn th\u1ea5y ph\u01b0\u01a1ng ph\u00e1p da k\u1ec1 da c\u00f3 t\u00e1c d\u1ee5ng th\u00fac \u0111\u1ea9y nu\u00f4i con b\u1eb1ng s\u1eefa m\u1eb9 50% b\u00e0 m\u1eb9 cho r\u1eb1ng ph\u01b0\u01a1ng ph\u00e1p n\u00e0y c\u00f3 t\u00e1c d\u1ee5ng th\u00fac \u0111\u1ea7u nu\u00f4i con b\u1eb1ng s\u1eefa m\u1eb9.\n", "B\u1ea3ng 5.\n", "Ki\u1ebfn th\u1ee9c v\u1ec1 l\u1ee3i \u00edch \u0111\u1ed1i v\u1edbi m\u1eb9 c\u1ee7a \u1ee7 \u1ea5m cho tr\u1ebb sinh non theo ph\u01b0\u01a1ng ph\u00e1p da k\u1ec1 da (n=60)\n", "N\u1ed9i dung\n", "S\u1ed1 l\u01b0\u1ee3ng (n)\n", "T\u1ec9 l\u1ec7 (%)\n", "Gi\u00fap h\u1ec7 th\u1ea7n kinh m\u1eb9 y\u00ean b\u00ecnh, tho\u1ea3i m\u00e1i, ph\u1ee5c h\u1ed3i s\u1ee9c kho\u1ebb nhanh h\u01a1n 5 8,3\n", "Gi\u00fap m\u1eb9 t\u0103ng ti\u1ebft s\u1eefa, t\u1ea1o \u0111i\u1ec1u ki\u1ec7n thu\u1eadn l\u1ee3i cho tr\u1ebb b\u00fa m\u1eb9 s\u1edbm 30 50\n", "Gi\u00fap co h\u1ed3i t\u1eed cung t\u1ed1t gi\u1ea3m nguy c\u01a1 ch\u1ea3y m\u00e1u sau \u0111\u1ebb 16 26,6\n", "Thi\u1ebft l\u1eadp m\u1ed1i quan h\u1ec7 g\u1eafn b\u00f3 m\u1eb9 con, m\u1eb9 t\u1ef1 tin h\u01a1n v\u1edbi vai tr\u00f2 quan tr\u1ecdng trong vi\u1ec7c ch\u0103m s\u00f3c tr\u1ebb 53 88,3\n", "C\u1ea3m nh\u1eadn d\u1ec5 d\u00e0ng t\u00ecnh tr\u1ea1ng c\u1ee7a con, gi\u1ea3m lo l\u1eafng c\u00e1c v\u1ea5n \u0111\u1ec1 c\u00f3 th\u1ec3 x\u1ea3y ra \u0111\u1ed1i v\u1edbi tr\u1ebb 25 41,6\n", "Nh\u1eadn x\u00e9t: 91,4% b\u00e0 m\u1eb9 bi\u1ebft l\u1ee3i \u00edch c\u1ee7a \u1ee7 \u1ea5m cho tr\u1ebb sinh non nh\u1eb1m thi\u1ebft l\u1eadp m\u1ed1i quan h\u1ec7 g\u1eafn b\u00f3 m\u1eb9 con, 51,7% b\u00e0 m\u1eb9 cho r\u1eb1ng da k\u1ec1 da gi\u00fap m\u1eb9 t\u0103ng ti\u1ebft s\u1eefa, t\u1ea1o \u0111i\u1ec1u ki\u1ec7n thu\u1eadn l\u1ee3i c\u1ee7a tr\u1ebb b\u00fa m\u1eb9 s\u1edbm.\n", "3.2.\n", "M\u1ed9t s\u1ed1 y\u1ebfu t\u1ed1 li\u00ean quan \u0111\u1ebfn ki\u1ebfn th\u1ee9c c\u1ee7a b\u00e0 m\u1eb9 v\u1ec1 ph\u01b0\u01a1ng ph\u00e1p da k\u1ec1 da\n", "B\u1ea3ng 6.\n", "Ph\u00e2n t\u00edch \u0111a bi\u1ebfn m\u1ed9t s\u1ed1 y\u1ebfu t\u1ed1 \u1ea3nh h\u01b0\u1edfng \u0111\u1ebfn ki\u1ebfn th\u1ee9c ph\u01b0\u01a1ng ph\u00e1p da k\u1ec1 da c\u1ee7a b\u00e0 m\u1eb9\n", "Y\u1ebfu t\u1ed1 p\n", "Tu\u1ed5i c\u1ee7a b\u00e0 m\u1eb9 0,116\n", "M\u1eb9 c\u00f3 tr\u00ecnh \u0111\u1ed9 h\u1ecdc \u0111\u1ea1i h\u1ecdc 0,012\n", "Ngh\u1ec1 nghi\u1ec7p c\u1ee7a b\u00e0 m\u1eb9 0,118\n", "D\u00e2n t\u1ed9c 0,526\n", "Th\u1ee9 t\u1ef1 sinh 0,167\n", "Gi\u1edbi t\u00ednh c\u1ee7a tr\u1ebb 0,398\n", "Ph\u01b0\u01a1ng ph\u00e1p \u0111\u1ebb 0,523\n", "Nh\u1eadn x\u00e9t: tr\u00ecnh \u0111\u1ed9 h\u1ecdc v\u1ea5n c\u1ee7a m\u1eb9 c\u00f3 li\u00ean quan \u0111\u1ebfn ki\u1ebfn th\u1ee9c c\u1ee7a b\u00e0 m\u1eb9 v\u1ec1 ph\u01b0\u01a1ng ph\u00e1p da k\u1ec1 da v\u1edbi p<0,05.\n"], "4": ["4.\n", "B\u00e0n lu\u1eadn\n", "Nghi\u00ean c\u1ee9u tr\u00ean 60 b\u00e0 m\u1eb9 sinh con t\u1ea1i B\u1ec7nh r\u1ea5t c\u1ea7n thi\u1ebft ph\u1ea3i gi\u1eef \u1ea5m cho tr\u1ebb s\u01a1 sinh.\n", "\u0110i\u1ec1u \u0111\u00f3 cho th\u1ea5y ki\u1ebfn th\u1ee9c, hi\u1ec3u bi\u1ebft c\u1ee7a b\u00e0 m\u1eb9 v\u00e0 ch\u0103m s\u00f3c cho tr\u1ebb l\u00e0 kh\u00e1 t\u1ed1t.\n", "91,7% b\u00e0 m\u1eb9 bi\u1ebft v\u1ec1 ph\u01b0\u01a1ng ph\u00e1p da k\u1ec1 da.\n", "T\u1ef7 l\u1ec7 n\u00e0y c\u00f3 th\u1ec3 \u0111\u01b0\u1ee3c gi\u1ea3i th\u00edch do ph\u01b0\u01a1ng ph\u00e1p n\u00e0y h\u1ea7u h\u1ebft \u0111\u00e3 \u0111\u01b0\u1ee3c gi\u1edbi thi\u1ec7u v\u00e0 \u00e1p d\u1ee5ng cho r\u1ed9ng r\u00e3i cho c\u00e1c b\u1ec7nh vi\u1ec7n trong c\u1ea3 n\u01b0\u1edbc.\n", "Ch\u1ec9 c\u00f3 8,3% b\u00e0 m\u1eb9 th\u1ea5y \u0111\u00e2y l\u00e0 l\u1ea7n \u0111\u1ea7u ti\u00ean h\u1ecd nghe th\u1ea5y kh\u00e1i ni\u1ec7m n\u00e0y.\n", "H\u1ea7u h\u1ebft b\u00e0 m\u1eb9 cho r\u1eb1ng ph\u01b0\u01a1ng ph\u00e1p da k\u1ec1 da l\u00e0 m\u1ed9t bi\u1ec7n ph\u00e1p gi\u00fap cho vi\u1ec7c gi\u1eef \u1ea5m cho tr\u1ebb.\n", "89,7% b\u00e0 m\u1eb9 cho r\u1eb1ng l\u1ee3i \u00edch c\u1ee7a ph\u01b0\u01a1ng ph\u00e1p da k\u1ec1 da \u0111\u1ed1i v\u1edbi tr\u1ebb \u0111\u01b0\u1ee3c gi\u1eef \u1ea5m gi\u1ea3m nguy c\u01a1 h\u1ea1 th\u00e2n nhi\u1ec7t.\n", "75,9% b\u00e0 m\u1eb9 cho r\u1eb1ng n\u00f3 gi\u00fap tr\u1ebb gi\u1ea3m qu\u1ea5y kh\u00f3c ng\u1ee7 ngon h\u01a1n tuy nhi\u00ean ch\u1ec9 c\u00f3 1,7% b\u00e0 m\u1eb9 cho r\u1eb1ng n\u00f3 gi\u00fap ho\u00e0n thi\u1ec7n 5 gi\u00e1c quan nhanh ch\u00f3ng v\u00e0 gi\u1ea3m m\u1eafc b\u1ec7nh, t\u1eed vong.\n", "91,4% b\u00e0 m\u1eb9 bi\u1ebft l\u1ee3i \u00edch c\u1ee7a \u1ee7 \u1ea5m cho tr\u1ebb sinh non nh\u1eb1m thi\u1ebft l\u1eadp m\u1ed1i quan h\u1ec7 g\u1eafn b\u00f3 m\u1eb9 con, 51,7% b\u00e0 m\u1eb9 cho r\u1eb1ng da k\u1ec1 da gi\u00fap m\u1eb9 t\u0103ng ti\u1ebft s\u1eefa, t\u1ea1o \u0111i\u1ec1u ki\u1ec7n thu\u1eadn l\u1ee3i c\u1ee7a tr\u1ebb b\u00fa m\u1eb9 s\u1edbm.\n", "Ch\u1ec9 c\u00f3 8,6% b\u00e0 m\u1eb9 cho r\u1eb1ng ph\u01b0\u01a1ng ph\u00e1p da k\u1ec1 da gi\u00fap m\u1eb9 y\u00ean b\u00ecnh tho\u1ea3i m\u00e1i, ph\u1ee5c h\u1ed3i s\u1ee9c kho\u1ebb nhanh h\u01a1n.\n", "K\u1ebft qu\u1ea3 nghi\u00ean c\u1ee9u c\u1ee7a ch\u00fang t\u00f4i c\u00f2n th\u1ea5y do \u0111\u00e2y ch\u1ec9 l\u00e0 \u0111i\u1ec1u tra ban \u0111\u1ea7u \u1edf B\u1ec7nh vi\u1ec7n B\u1ea1ch\n", "Mai.\n", "C\u00e1c b\u00e0 m\u1eb9 trong nghi\u00ean c\u1ee9u ch\u01b0a bao gi\u1edd \u0111\u01b0\u1ee3c t\u01b0 v\u1ea5n \u0111\u00e0o t\u1ea1o, h\u01b0\u1edbng d\u1eabn h\u1ed7 tr\u1ee3 da k\u1ec1 da t\u1eeb c\u00e1n b\u1ed9 y t\u1ebf tr\u1ef1c ti\u1ebfp ch\u0103m s\u00f3c t\u1ea1i c\u00e1c l\u1ea7n kh\u00e1m thai tr\u01b0\u1edbc sinh.\n", "C\u00e1c b\u00e0 m\u1eb9 bi\u1ebft v\u1ec1 ph\u01b0\u01a1ng ph\u00e1p n\u00e0y ch\u1ee7 y\u1ebfu l\u00e0 do t\u1ef1 t\u00ecm hi\u1ec3u qua s\u00e1ch b\u00e1o tr\u01b0\u1edbc khi chu\u1ea9n b\u1ecb sinh con.\n", "\u0110i\u1ec1u ki\u1ec7n th\u1eddi ti\u1ebft kh\u00ed h\u1eadu n\u00f3ng \u1ea9m c\u1ee7a n\u01b0\u1edbc ta c\u0169ng c\u00f3 th\u1ec3 l\u00e0 m\u1ed9t trong nh\u1eefng nguy\u00ean nh\u00e2n khi\u1ebfn t\u1ef7 l\u1ec7 b\u00e0 m\u1eb9 \u1ee7 \u1ea5m da k\u1ec1 da cho con th\u1ea5p.\n", "M\u1ed9t s\u1ed1 b\u00e0 m\u1eb9 cho r\u1eb1ng kh\u00f4ng c\u1ea7n thi\u1ebft ho\u1eb7c kh\u00f4ng tho\u1ea3i m\u00e1i khi da k\u1ec1 da tr\u1ebb khi th\u1eddi ti\u1ebft n\u00f3ng.\n", "V\u1ec1 ngu\u1ed3n ti\u1ebfp c\u1eadn v\u1edbi th\u00f4ng tin v\u1ec1 ph\u01b0\u01a1ng ph\u00e1p da k\u1ec1 da.\n", "Trong s\u1ed1 55 b\u00e0 m\u1eb9 bi\u1ebft v\u1ec1 ph\u01b0\u01a1ng ph\u00e1p da k\u1ec1 da th\u00ec c\u00f3 45,5% b\u00e0 m\u1eb9 bi\u1ebft qua ph\u01b0\u01a1ng ti\u1ec7n th\u00f4ng tin \u0111\u1ea1i ch\u00fang, 58,2% bi\u1ebft qua ng\u01b0\u1eddi th\u00e2n, gia \u0111\u00ecnh, b\u1ea1n b\u00e8 l\u00e0 ch\u1ec9 c\u00f3 18,2% b\u00e0 m\u1eb9 bi\u1ebft qua c\u00e1 b\u1ed9 nh\u00e2n vi\u00ean y t\u1ebf.\n", "\u0110i\u1ec1u n\u00e0y cho th\u1ea5y vai tr\u00f2 c\u1ee7a nh\u00e2n vi\u00ean y t\u1ebf ch\u01b0a \u0111\u01b0\u1ee3c ph\u00e1t huy, h\u01a1n n\u1eefa ch\u00ednh b\u1ea3n th\u00e2n c\u00e1n b\u1ed9 y t\u1ebf ch\u01b0a th\u1ef1c s\u1ef1 hi\u1ec3u \u0111\u01b0\u1ee3c l\u1ee3i \u00edch, c\u00e1ch th\u1ef1c hi\u1ec7n c\u0169ng nh\u01b0 ch\u01b0a \u0111\u01b0\u1ee3c t\u1eadp hu\u1ea5n v\u1ec1 k\u1ef9 thu\u1eadt n\u00e0y.\n", "Theo kinh nghi\u1ec7m c\u1ee7a c\u00e1c n\u01b0\u1edbc kh\u00e1c, \u0111\u1ec3 th\u00fac \u0111\u1ea9y \u0111\u01b0\u1ee3c ki\u1ebfn th\u1ee9c c\u0169ng nh\u01b0 th\u1ef1c h\u00e0nh da k\u1ec1 da gi\u1eefa m\u1eb9 v\u00e0 tr\u1ebb s\u01a1 sinh, c\u00e1n b\u1ed9 y t\u1ebf ph\u1ea3i l\u00e0 ng\u01b0\u1eddi tr\u1ef1c ti\u1ebfp h\u01b0\u1edbng d\u1eabn gi\u00fap \u0111\u1ee1 b\u00e0 m\u1eb9 [6-8].\n", "V\u00ec v\u1eady c\u1ea7n t\u0103ng c\u01b0\u01a1ng ki\u1ebfn th\u1ee9c th\u1ef1c h\u00e0nh c\u1ee7a c\u00e1n b\u1ed9 y t\u1ebf ho\u1eb7c c\u00f3 li\u00ean quan \u0111\u1ebfn l\u0129nh v\u1ef1c ch\u0103m s\u00f3c b\u00e0 m\u1eb9 v\u00e0 tr\u1ebb s\u01a1 sinh v\u1ec1 ph\u01b0\u01a1ng ph\u00e1p \u1ee7 \u1ea5m da k\u1ec1 da c\u1ee7a tr\u1ebb s\u01a1 sinh.\n", "M\u1ed9t khi \u0111\u01b0\u1ee3c \u00e1p d\u1ee5ng, ph\u01b0\u01a1ng ph\u00e1p n\u00e0y s\u1ebd mang l\u1ea1i nhi\u1ec1u l\u1ee3i \u00edch c\u1ee7a b\u00e0 m\u1eb9 v\u00e0 tr\u1ebb s\u01a1 sinh l\u00e0m gi\u1ea3m t\u1ef7 l\u1ec7 h\u1ea1 nhi\u1ec7t \u1edf tr\u1ebb s\u01a1 sinh, gi\u1ea3m s\u1ed1 ng\u00e0y n\u1eb1m vi\u1ec7n.\n", "\u0110\u1ed1i v\u1edbi c\u1ed9ng \u0111\u1ed3ng, can thi\u1ec7p n\u00e0y l\u00e0m gi\u1ea3m t\u1ef7 l\u1ec7 t\u1eed vong v\u00e0 m\u1eafc b\u1ec7nh, nh\u1ea5t l\u00e0 \u1edf c\u00e1c n\u01b0\u1edbc \u0111ang ph\u00e1t tri\u1ec3n, gi\u1ea3m b\u1edbt ti\u00eau hao c\u00e1c ngu\u1ed3n t\u00e0i ch\u00ednh v\u00e0 th\u00fac \u0111\u1ea9y s\u1ee9c kho\u1ebb gia \u0111\u00ecnh n\u00f3i chung.\n", "Trong nghi\u00ean c\u1ee9u c\u1ee7a ch\u00fang t\u00f4i m\u1eb9 c\u00f3 h\u1ecdc v\u1ea5n l\u00e0 \u0111\u1ea1i h\u1ecdc c\u00f3 ki\u1ebfn th\u1ee9c v\u1ec1 ph\u01b0\u01a1ng ph\u00e1p da k\u1ec1 da t\u1ed1t h\u01a1n v\u00e0 c\u00f3 li\u00ean quan \u0111\u1ebfn ki\u1ebfn th\u1ee9c c\u1ee7a b\u00e0 m\u1eb9 v\u1ec1 ph\u01b0\u01a1ng ph\u00e1p da k\u1ec1 da v\u1edbi p<0,05.\n", "T\u1ea5t c\u1ea3 c\u00e1c y\u1ebfu t\u1ed1 kh\u00e1c nh\u01b0 ngh\u1ec1 nghi\u1ec7p, nh\u00f3m tu\u1ed5i, d\u00e2n t\u1ed9c c\u1ee7a b\u00e0 m\u1eb9, th\u1ee9 t\u1ef1 sinh, gi\u1edbi t\u00ednh, ph\u01b0\u01a1ng ph\u00e1p \u0111\u1ebb c\u1ee7a tr\u1ebb kh\u00f4ng \u1ea3nh h\u01b0\u1edfng c\u00f3 \u00fd ngh\u0129a th\u1ed1ng k\u00ea \u0111\u1ebfn ki\u1ebfn th\u1ee9c v\u1ec1 ph\u01b0\u01a1ng ph\u00e1p da k\u1ec1 da c\u1ee7a b\u00e0 m\u1eb9.\n", "Nghi\u00ean c\u1ee9u \u0111\u01b0\u1ee3c th\u1ef1c hi\u1ec7n \u1edf c\u00e1c b\u00e0 m\u1eb9 \u0111\u1ebb th\u01b0\u1eddng \u1edf M.\n", "Evereklian n\u0103m 2016 v\u1ec1 ki\u1ebfn th\u1ee9c ph\u01b0\u01a1ng ph\u00e1p da k\u1ec1 da cho th\u1ea5y tr\u00ecnh \u0111\u1ed9 h\u1ecdc v\u1ea5n c\u1ee7a b\u00e0 m\u1eb9 kh\u00f4ng \u1ea3nh h\u01b0\u1edfng c\u00f3 \u00fd ngh\u0129a th\u1ed1ng k\u00ea \u0111\u1ebfn da k\u1ec1 da, ng\u01b0\u1ee3c l\u1ea1i y\u1ebfu t\u1ed1 tu\u1ed5i c\u1ee7a b\u00e0 m\u1eb9 d\u01b0\u1edbi 25, sinh con l\u1ea7n \u0111\u1ea7u li\u00ean quan c\u00f3 \u00fd ngh\u0129a th\u1ed1ng k\u00ea v\u1edbi ki\u1ebfn th\u1ee9c v\u1ec1 ph\u01b0\u01a1ng ph\u00e1p da k\u1ec1 da [9].\n", "Trong nghi\u00ean c\u1ee9u c\u1ee7a ch\u00fang t\u00f4i, ch\u1ec9 th\u1ea5y tr\u00ecnh \u0111\u1ed9 h\u1ecdc v\u1ea5n c\u1ee7a m\u1eb9 li\u00ean quan \u0111\u1ebfn ki\u1ebfn th\u1ee9c c\u1ee7a b\u00e0 m\u1eb9 v\u1ec1 ph\u01b0\u01a1ng ph\u00e1p da k\u1ec1 da, c\u00f3 th\u1ec3 gi\u1ea3i th\u00edch do ch\u1ec9 c\u00f3 8,3% b\u00e0 m\u1eb9 c\u00f3 ki\u1ebfn th\u1ee9c \u0111\u00fang n\u00ean kh\u00f3 c\u00f3 th\u1ec3 k\u1ebft lu\u1eadn v\u1ec1 m\u1ed1i li\u00ean quan gi\u1eefa m\u1ed9t s\u1ed1 y\u1ebfu t\u1ed1 c\u1ee7a b\u00e0 m\u1eb9 v\u00e0 tr\u1edf s\u01a1 sinh.\n", "C\u1ea7n nghi\u00ean c\u1ee9u v\u1edbi c\u1ee1 m\u1eabu l\u1edbn h\u01a1n \u0111\u1ec3 t\u00ecm hi\u1ec3u k\u1ef9 v\u1ec1 c\u00e1c m\u1ed1i li\u00ean quan n\u00e0y.\n"], "5": ["5.\n", "K\u1ebft lu\u1eadn i) 94,8% b\u00e0 m\u1eb9 nh\u1eadn th\u1ee9c th\u1ea5y ph\u01b0\u01a1ng ph\u00e1p da k\u1ec1 da l\u00e0 c\u1ea7n thi\u1ebft cho tr\u1ebb, 91,78% b\u00e0 m\u1eb9 bi\u1ebft v\u1ec1 ph\u01b0\u01a1ng ph\u00e1p da k\u1ec1 da trong \u0111\u00f3 ch\u1ec9 c\u00f3 8,3% b\u00e0 m\u1eb9 ch\u01b0a c\u00f3 ki\u1ebfn th\u1ee9c v\u1ec1 ph\u01b0\u01a1ng ph\u00e1p da k\u1ec1 da.\n", "T\u1ef7 l\u1ec7 b\u00e0 m\u1eb9 t\u00ecm hi\u1ec3u ph\u01b0\u01a1ng ph\u00e1p da k\u1ec1 da \u0111\u00ecnh b\u1ea1n b\u00e8 chi\u1ebfm 58,2%, qua ph\u01b0\u01a1ng ti\u1ec7n th\u00f4ng tin internet 45,5% v\u00e0 18,2% qua c\u00e1n b\u1ed9 y t\u1ebf; ii) Tr\u00ecnh \u0111\u1ed9 h\u1ecdc v\u1ea5n c\u1ee7a m\u1eb9 c\u00f3 li\u00ean quan \u0111\u1ebfn ki\u1ebfn th\u1ee9c c\u1ee7a b\u00e0 m\u1eb9 v\u1ec1 ph\u01b0\u01a1ng ph\u00e1p da k\u1ec1 da v\u1edbi p<0,05.\n"], "6": ["6.\n", "Khuy\u1ebfn ngh\u1ecb i) T\u1ed5 ch\u1ee9c \u0111\u00e0o t\u1ea1o, t\u1eadp hu\u1ea5n v\u1ec1 t\u00e1c d\u1ee5ng, l\u1ee3i \u00edch c\u1ee7a c\u00e1c can thi\u1ec7p s\u1edbm ngay sau sinh \u1ee7 \u1ea5m da k\u1ec1 da trong v\u00f2ng 1 gi\u1edd sau sinh cho c\u00e1c c\u00e1n b\u1ed9 y t\u1ebf l\u00e0m vi\u1ec7c ho\u1eb7c c\u00f3 li\u00ean quan \u0111\u1ebfn l\u0129nh v\u1ef1c ch\u0103m s\u00f3c s\u1ee9c kho\u1ebb s\u01a1 sinh \u0111\u1eb7c bi\u1ec7t b\u00e0 m\u1eb9 c\u00f3 tr\u00ecnh \u0111\u1ed9 h\u1ecdc v\u1ea5n ch\u01b0a cao; ii) T\u0103ng c\u01b0\u1eddng truy\u1ec1n th\u00f4ng gi\u00e1o d\u1ee5c v\u1ec1 ch\u0103m s\u00f3c s\u1ee9c kho\u1ebb s\u01a1 sinh n\u00f3i chung v\u00e0 c\u00e1c can thi\u1ec7p ti\u1ebft y\u1ebfu ngay sau sinh \u0111\u1ebfn c\u00e1c b\u00e0 m\u1eb9 c\u0169ng nh\u01b0 c\u00e1c th\u00e0nh vi\u00ean trong gia \u0111\u00ecnh, nh\u1ea5n m\u1ea1nh \u0111\u1ebfn l\u1ee3i \u00edch c\u1ee7a vi\u1ec7c th\u1ef1c h\u00e0nh t\u1ed1t c\u00f4ng t\u00e1c n\u00e0y \u0111\u1ed1i v\u1edbi t\u1eebng tr\u1ebb s\u01a1 sinh t\u1eebng gia \u0111\u00ecnh v\u00e0 to\u00e0n qu\u1ed1c gia.\n"]}, "Word count": 3007}