{"title": "Original Article\n", "content": {"0": ["T\u00f3m t\u1eaft: M\u1ee5c ti\u00eau: X\u00e1c \u0111\u1ecbnh t\u1ef7 l\u1ec7 hi\u1ec7n \u1ea3nh v\u00e0 k\u00edch th\u01b0\u1edbc c\u1ee7a \u0111\u1ed9ng m\u1ea1ch (\u0110M) n\u00e3o gi\u1eefa v\u00e0 m\u1ed9t s\u1ed1\n", "\u0110M li\u00ean quan b\u1eb1ng h\u00ecnh \u1ea3nh phim ch\u1ee5p c\u1eaft l\u1edbp vi t\u00ednh 256 d\u00e3y.\n", "Ph\u01b0\u01a1ng ph\u00e1p: nghi\u00ean c\u1ee9u m\u00f4 t\u1ea3 c\u1eaft ngang h\u1ed3i c\u1ee9u v\u1edbi ph\u01b0\u01a1ng ph\u00e1p ch\u1ecdn m\u1eabu thu\u1eadn ti\u1ec7n c\u1ee1 m\u1eabu 261.\n", "K\u1ebft qu\u1ea3: Kh\u1ea3 n\u0103ng hi\u1ec7n \u1ea3nh c\u00e1c \u0111o\u1ea1n c\u1ee7a \u0110M n\u00e3o gi\u1eefa l\u00e0 100%; \u0110M th\u00f4ng sau l\u00e0 76,4; \u0110M c\u1ea3nh trong \u0111o\u1ea1n trong s\u1ecd ngo\u00e0i m\u00e0ng c\u1ee9ng l\u00e0 100%%; \u0110\u01b0\u1eddng k\u00ednh trung b\u00ecnh (\u0110KTB), chi\u1ec1u d\u00e0i trung b\u00ecnh (CDTB) c\u1ee7a c\u00e1c \u0110M l\u1ea7n l\u01b0\u1ee3t l\u00e0 (mm): M1T 3,25\u00b10,43 v\u00e0 19,98\u00b16,10; M1 P 3,26\u00b10,46 v\u00e0 19,68\u00b16,28; M2T tr\u00e1i 2,10\u00b10,48 v\u00e0 22,85\u00b113,18; M2T ph\u1ea3i 2,09\u00b10,49 v\u00e0 23,42\u00b111,89; M2D tr\u00e1i 2,48\u00b10,49 v\u00e0 31,73-16,36; M2D ph\u1ea3i 2,55\u00b10,49 v\u00e0 29,11\u00b115,31.\n", "PCoA T 1,29\u00b10,63 v\u00e0 11,87\u00b14,87; PCoA P 1,26\u00b10,66 v\u00e0 14,02\u00b19,13;\n", "K\u1ebft lu\u1eadn v\u00e0 khuy\u1ebfn ngh\u1ecb: K\u00edch th\u01b0\u1edbc \u0110M n\u00e3o gi\u1eefa v\u00e0 m\u1ed9t s\u1ed1 \u0110M li\u00ean qua \u0111\u01b0\u1ee3c \u0111\u00e1nh gi\u00e1 ch\u00ednh x\u00e1c trong nghi\u00ean c\u1ee9u, h\u00ecnh \u1ea3nh gi\u1ea3i ph\u1eabu m\u1ea1ch m\u00e1u r\u00f5 n\u00e9t tr\u00ean phim ch\u1ee5p.\n", "T\u1eeb kho\u00e1: \u0110\u1ed9ng m\u1ea1ch n\u00e3o gi\u1eefa, ch\u1ee5p m\u1ea1ch m\u00e1u n\u00e3o, ch\u1ee5p c\u1eaft l\u1edbp vi t\u00ednh \u0111a d\u00e3y...\n"], "1": ["1.\n", "\u0110\u1eb7t v\u1ea5n \u0111\u1ec1\n", "Th\u1eddi gian tr\u01b0\u1edbc \u0111\u00e2y, nghi\u00ean c\u1ee9u gi\u1ea3i ph\u1eabu m\u1ea1ch m\u00e1u n\u00f3i chung v\u00e0 m\u1ea1ch n\u00e3o n\u00f3i n\u00f3i ri\u00eang b\u1eb1ng ph\u1eabu t\u00edch ho\u1eb7c l\u00e0m khu\u00f4n \u0111\u00fac m\u1ea1ch m\u00e1u lu\u00f4n l\u00e0 v\u1ea5n \u0111\u1ec1 kh\u00f3...[1].\n", "C\u00e1c k\u1ef9 thu\u1eadt tr\u00ean, \u0111\u00e3 gi\u00fap b\u1ed9c l\u1ed9, hi\u1ec7n h\u00ecnh c\u00e1c m\u1ea1ch c\u1ea7n m\u00f4 t\u1ea3, l\u00e0m c\u01a1 s\u1edf cho s\u1ef1 kh\u1ea3o s\u00e1t c\u00e1c m\u1ea1ch m\u00e1u trong gi\u1ea3i _T\u00e1c gi\u1ea3 li\u00ean h\u1ec7.\n", "ph\u1eabu y h\u1ecdc.\n", "Tuy nhi\u00ean, c\u00e1c k\u1ef9 thu\u1eadt nghi\u00ean c\u1ee9u tr\u00ean c\u0169ng b\u1ed9c l\u1ed9 m\u1ed9t s\u1ed1 nh\u01b0\u1ee3c \u0111i\u1ec3m nh\u01b0: m\u1ee9c \u0111\u1ed9 ch\u00ednh x\u00e1c khi \u0111\u00e1nh gi\u00e1 c\u00e1c s\u1ed1 \u0111o v\u1ec1 k\u00edch th\u01b0\u1edbc ph\u1ee5 thu\u1ed9c v\u00e0o c\u00e1ch b\u1ea3o qu\u1ea3n m\u1eabu; ph\u01b0\u01a1ng ph\u00e1p nghi\u00ean c\u1ee9u x\u00e2m l\u1ea5n \u0111\u00f4i khi ph\u00e1 hu\u1ef7 m\u1eabu nghi\u00ean c\u1ee9u; kh\u00f3 b\u1ea3o qu\u1ea3n m\u1eabu nghi\u00ean c\u1ee9u trong th\u1eddi gian d\u00e0i; c\u1ee1 m\u1eabu th\u01b0\u1eddng ch\u01b0a \u0111\u1ee7 l\u1edbn \u0111\u1ec3 ph\u00e1t hi\u1ec7n \u0111\u01b0\u1ee3c c\u00e1c bi\u1ebfn th\u1ec3 gi\u1ea3i ph\u1eabu hi\u1ebfm g\u1eb7p....\n", "S\u1ef1 ph\u00e1t tri\u1ec3n c\u1ee7a c\u00e1c ph\u01b0\u01a1ng ti\u1ec7n ch\u1ea9n \u0111o\u00e1n h\u00ecnh \u1ea3nh m\u1ea1ch m\u00e1u hi\u1ec7n \u0111\u1ea1i \u0111\u00e3 \u0111em \u0111\u1ebfn ph\u01b0\u01a1ng ph\u00e1p nghi\u00ean c\u1ee9u gi\u1ea3i ph\u1eabu m\u1ea1ch m\u00e1u m\u1edbi, kh\u1eafc ph\u1ee5c \u0111\u01b0\u1ee3c c\u00e1c nh\u01b0\u1ee3c \u0111i\u1ec3m n\u00f3i tr\u00ean nh\u01b0: c\u1ee1 m\u1eabu nghi\u00ean c\u1ee9u \u0111\u1ee7 l\u1edbn, kh\u00f4ng ph\u00e1 hu\u1ef7 m\u1eabu nghi\u00ean c\u1ee9u, d\u1ec5 ti\u1ebfn h\u00e0nh, b\u1ea3o qu\u1ea3n m\u1eabu nghi\u00ean c\u1ee9u d\u1ec5 d\u00e0ng trong th\u1eddi gian d\u00e0i, k\u1ef9 thu\u1eadt \u0111o k\u00edch th\u01b0\u1edbc \u0111\u01b0\u1ee3c l\u1eadp tr\u00ecnh b\u1eb1ng ph\u1ea7n m\u1ec1m \u0111\u1ea3m b\u1ea3o \u0111\u1ed9 ch\u00ednh x\u00e1c cao...[1].\n", "Trong c\u00e1c ph\u01b0\u01a1ng ti\u1ec7n ch\u1ea9n \u0111o\u00e1n h\u00ecnh \u1ea3nh \u0111\u01b0\u1ee3c \u1ee9ng d\u1ee5ng v\u00e0o nghi\u00ean c\u1ee9u \u0110M n\u00e3o nh\u01b0: ch\u1ee5p m\u1ea1ch s\u1ed1 ho\u00e1 xo\u00e1 n\u1ec1n (DSA), ch\u1ee5p c\u1eaft l\u1edbp vi t\u00ednh \u0111a d\u00e3y (MSCT), ch\u1ee5p c\u1ed9ng h\u01b0\u1edfng t\u1eeb (MRI), MSCT \u0111\u01b0\u1ee3c nhi\u1ec1u nh\u00e0 nghi\u00ean c\u1ee9u l\u1ef1a ch\u1ecdn b\u1edfi t\u00ednh ph\u1ed5 bi\u1ebfn, d\u1ec5 ti\u1ebfn h\u00e0nh, kh\u00f4ng x\u00e2m l\u1ea5n, kh\u1ea3 n\u0103ng hi\u1ec7n \u1ea3nh cao...\n", "Theo t\u00ecm hi\u1ec3u c\u1ee7a nh\u00f3m nghi\u00ean c\u1ee9u, hi\u1ec7n nay t\u1ea1i Vi\u1ec7t Nam ch\u01b0a c\u00f3 b\u00e1o c\u00e1o n\u00e0o \u1ee9ng d\u1ee5ng MSCT 256 d\u00e3y trong nghi\u00ean c\u1ee9u gi\u1ea3i ph\u1eabu \u0110M n\u00e3o gi\u1eefa (MCA).\n"], "2": ["2.\n", "\u0110\u1ed1i t\u01b0\u1ee3ng v\u00e0 ph\u01b0\u01a1ng ph\u00e1p nghi\u00ean c\u1ee9u 2.1.\n", "\u0110\u1ed1i t\u01b0\u1ee3ng nghi\u00ean c\u1ee9u\n", "Nghi\u00ean c\u1ee9u \u0111\u01b0\u1ee3c th\u1ef1c hi\u1ec7n tr\u00ean c\u00e1c phim ch\u1ee5p \u0110M n\u00e3o b\u1eb1ng MSCT 256 d\u00e3y t\u1ea1i khoa\n", "Ch\u1ea9n \u0111o\u00e1n h\u00ecnh \u1ea3nh B\u1ec7nh vi\u1ec7n H\u1eefu Ngh\u1ecb H\u00e0\n", "N\u1ed9i, trong kho\u1ea3ng th\u1eddi gian t\u1eeb th\u00e1ng 11 n\u0103m 2017 \u0111\u1ebfn th\u00e1ng 12 n\u0103m 2018.\n", "2.2.\n", "Ti\u00eau chu\u1ea9n l\u1ef1a ch\u1ecdn m\u1eabu nghi\u00ean c\u1ee9u\n", "C\u00e1c phim ch\u1ee5p \u0110M n\u00e3o b\u1eb1ng MSCT 256 d\u00e3y c\u00f3 h\u00ecnh \u1ea3nh r\u00f5 n\u00e9t, c\u00f3 \u0111\u1ea7y \u0111\u1ee7 c\u00e1c th\u00f4ng tin v\u1ec1 t\u00ean, tu\u1ed5i, ng\u00e0y ch\u1ee5p.\n", "H\u00ecnh \u1ea3nh \u0110M nghi\u00ean c\u1ee9u tr\u00ean phim kh\u00f4ng b\u1ecb ph\u00ecnh m\u1ea1ch, b\u00f3c t\u00e1ch m\u1ea1ch, kh\u00f4ng v\u00f4i ho\u00e1 > 50 % l\u00f2ng m\u1ea1ch.\n", "H\u00ecnh \u1ea3nh \u0110M nghi\u00ean c\u1ee9u tr\u00ean phim kh\u00f4ng c\u00f3 v\u1eadt li\u1ec7u can thi\u1ec7p m\u1ea1ch, kh\u00f4ng b\u1ecb \u0111\u00e8 \u0111\u1ea7y b\u1edfi c\u00e1c b\u1ec7nh l\u00fd kh\u1ed1i u ho\u1eb7c c\u00e1c b\u1ec7nh l\u00fd kh\u00e1c.\n", "2.3.\n", "Ti\u00eau chu\u1ea9n lo\u1ea1i tr\u1eeb\n", "C\u00e1c phim ch\u1ee5p kh\u00f4ng ghi \u0111\u1ea7y \u0111\u1ee7 c\u00e1c th\u00f4ng tin ng\u01b0\u1eddi ch\u1ee5p.\n", "Phim ch\u1ee5p b\u1ecb m\u1edd kh\u00f4ng \u0111\u00e1nh gi\u00e1 \u0111\u01b0\u1ee3c h\u00ecnh \u1ea3nh tr\u00ean phim.\n", "Phim ch\u1ee5p c\u00f3 h\u00ecnh \u1ea3nh can thi\u1ec7p m\u1ea1ch, c\u00e1c b\u1ec7nh l\u00fd tai bi\u1ebfn m\u1ea1ch n\u00e3o, kh\u1ed1i u n\u00e3o \u0111\u00e8 \u0111\u1ea9y...\n", "2.4.\n", "Ph\u01b0\u01a1ng ti\u1ec7n nghi\u00ean c\u1ee9u\n", "Ph\u01b0\u01a1ng ti\u1ec7n \u0111\u01b0\u1ee3c s\u1eed d\u1ee5ng trong nghi\u00ean c\u1ee9u c\u1ee7a ch\u00fang t\u00f4i g\u1ed3m: m\u00e1y ch\u1ee5p c\u1eaft l\u1edbp vi t\u00ednh 256\n", "Revolution c\u1ee7a h\u00e3ng GE, h\u1ec7 th\u1ed1ng m\u00e1y b\u01a1m ti\u00eam thu\u1ed1c c\u1ea3n quang v\u00e0 ph\u1ea7n m\u1ec1m m\u00e1y t\u00ednh th\u1ef1c hi\u1ec7n t\u00e1i t\u1ea1o h\u00ecnh \u1ea3nh t\u1eeb d\u1eef li\u1ec7u ch\u1ee5p tr\u00ean m\u00e1y MSCT 256.\n", "2.5.\n", "Ph\u01b0\u01a1ng ph\u00e1p nghi\u00ean c\u1ee9u - Thi\u1ebft k\u1ebf nghi\u00ean c\u1ee9u:\n", "Ti\u1ebfn h\u00e0nh nghi\u00ean c\u1ee9u theo ph\u01b0\u01a1ng ph\u00e1p nghi\u00ean c\u1ee9u m\u00f4 t\u1ea3 c\u1eaft ngang.\n", "C\u1ee1 m\u1eabu nghi\u00ean c\u1ee9u:\n", "T\u00ednh theo c\u00f4ng th\u1ee9c t\u00ednh c\u1ee1 m\u1eabu cho vi\u1ec7c \u01b0\u1edbc t\u00ednh t\u1ef7 l\u1ec7 ph\u1ea7n tr\u0103m.\n", "n = Z2 1- \u03b1/2 )1( d pp  + n : C\u1ee1 m\u1eabu nghi\u00ean c\u1ee9u + Z21- \u03b1/2: H\u1ec7 s\u1ed1 tin c\u1eady.\n", "V\u1edbi \u03b1 = 0.05 ta c\u00f3\n", "Z21- \u03b1/2 = 1.962 + p: t\u1ef7 l\u1ec7 bi\u1ebfn \u0111\u1ed5i v\u00f2ng \u0111\u1ed9ng m\u1ea1ch n\u00e3o tr\u00ean m\u00e1y ch\u1ee5p MSCT 256.\n", "+ Ch\u1ecdn p = 0,7843 l\u00e0 t\u1ef7 l\u1ec7 bi\u1ebfn \u0111\u1ed5i h\u00ecnh th\u00e1i \u0111a gi\u00e1c m\u1ea1ch n\u00e3o (theo H.M.\n", "T\u00fa 2011) [2] + d: \u0111\u1ed9 ch\u00ednh x\u00e1c mong mu\u1ed1n, ch\u1ecdn d = 0,05\n", "Thay v\u00e0o c\u00f4ng th\u1ee9c tr\u00ean ta c\u00f3 : n = 260,22.\n", "Ch\u00fang t\u00f4i ch\u1ecdn 261 file \u1ea3nh c\u1ee7a 261 b\u1ec7nh nh\u00e2n.\n", "Ph\u01b0\u01a1ng ph\u00e1p ch\u1ecdn m\u1eabu.\n", "Ch\u1ecdn m\u1eabu thu\u1eadn ti\u1ec7n: L\u1ea5y t\u1ea5t c\u1ea3 b\u1ec7nh nh\u00e2n \u0111\u1ee7 ti\u00eau chu\u1ea9n v\u00e0o m\u1eabu nghi\u00ean c\u1ee9u, khi \u0111\u1ee7 c\u1ee1 m\u1eabu th\u00ec d\u1eebng l\u1ea1i.\n", "Ph\u01b0\u01a1ng ph\u00e1p thu th\u1eadp s\u1ed1 li\u1ec7u\n", "Thu th\u1eadp th\u00f4ng tin theo ph\u01b0\u01a1ng ph\u00e1p ti\u1ebfn c\u1ee9u, c\u00e1c b\u1ec7nh nh\u00e2n \u0111\u1ee7 ti\u00eau chu\u1ea9n t\u1eeb th\u00e1ng 11/2017 \u0111\u1ebfn h\u1ebft th\u00e1ng 12/2018.\n", "Bi\u1ebfn s\u1ed1 nghi\u00ean c\u1ee9u c\u1ee7a \u0110M n\u00e3o gi\u1eefa v\u00e0 m\u1ed9t s\u1ed1 \u0110M li\u00ean quan\n", "Trong nghi\u00ean c\u1ee9u n\u00e0y ch\u00fang t\u00f4i x\u00e1c \u0111\u1ecbnh t\u1ef7 l\u1ec7 hi\u1ec7n \u1ea3nh v\u00e0 k\u00edch th\u01b0\u1edbc c\u1ee7a c\u00e1c m\u1ea1ch sau : + \u0110M n\u00e3o gi\u1eefa: \u0111o\u1ea1n M1, M2 tr\u00ean, M2 d\u01b0\u1edbi,\n", "\u0110M c\u1ea3nh trong \u0111o\u1ea1n trong s\u1ecd ngo\u00e0i m\u00e0ng c\u1ee9ng (ICA) v\u00e0 hai \u0110M th\u00f4ng sau (PcoA) do c\u00f3 li\u00ean quan m\u1eadt thi\u1ebft v\u1edbi \u0110M n\u00e3o gi\u1eefa.\n", "- M1T, M1P (\u0111o\u1ea1n th\u1ee9 nh\u1ea5t c\u1ee7a \u0110M n\u00e3o gi\u1eefa b\u00ean tr\u00e1i v\u00e0 b\u00ean ph\u1ea3i);\n", "\u0110o\u1ea1n M1: \u0111\u01b0\u1ee3c x\u00e1c \u0111\u1ecbnh t\u1eeb \u0111i\u1ec3m \u0111\u1ed9ng m\u1ea1ch n\u00e3o gi\u1eefa t\u00e1ch ra t\u1eeb \u0111\u1ed9ng m\u1ea1ch c\u1ea3nh trong \u0111\u1ebfn \u0111i\u1ec3m chia th\u00e0nh c\u00e1c nh\u00e1nh t\u1eadn (2 ho\u1eb7c 3 nh\u00e1nh).\n", "- M2T T, M2T P (\u0111o\u1ea1n th\u1ee9 hai c\u1ee7a \u0110M n\u00e3o gi\u1eefa nh\u00e1nh tr\u00ean b\u00ean tr\u00e1i v\u00e0 b\u00ean ph\u1ea3i);\n", "\u0110o\u1ea1n M2 tr\u00ean (nh\u00e1nh tr\u00e1n \u0111\u1ec9nh): \u0111\u01b0\u1ee3c x\u00e1c \u0111\u1ecbnh t\u1eeb \u0111i\u1ec3m cu\u1ed1i M1 \u0111\u1ebfn ch\u1ed7 t\u00e1ch th\u00e0nh 2 nh\u00e1nh t\u1eadn ph\u00eda tr\u00ean (nh\u00e1nh tr\u01b0\u1edbc trung t\u00e2m v\u00e0 nh\u00e1nh h\u01b0\u1edbng l\u00ean tr\u00ean.\n", "- M2D T, M2D P (\u0111o\u1ea1n th\u1ee9 hai c\u1ee7a \u0110M n\u00e3o gi\u1eefa nh\u00e1nh d\u01b0\u1edbi b\u00ean tr\u00e1i v\u00e0 b\u00ean ph\u1ea3i);\n", "\u0110o\u1ea1n M2 d\u01b0\u1edbi (nh\u00e1nh th\u00e1i d\u01b0\u01a1ng): \u0111\u01b0\u1ee3c x\u00e1c \u0111\u1ecbnh t\u1eeb \u0111i\u1ec3m cu\u1ed1i M1 \u0111\u1ebfn ch\u1ed7 t\u00e1ch th\u00e0nh c\u00e1c nh\u00e1nh t\u1eadn ph\u00eda d\u01b0\u1edbi (nh\u00e1nh \u0111\u1ec9nh sau v\u00e0 nh\u00e1nh g\u00f3c) ho\u1eb7c nh\u00e1nh l\u1edbn cu\u1ed1i c\u00f9ng b\u1eaft \u0111\u1ea7u \u0111\u1ed5i h\u01b0\u1edbng xu\u1ed1ng d\u01b0\u1edbi.\n", "+ \u0110M c\u1ea3nh trong \u0111o\u1ea1n trong s\u1ecd ngo\u00e0i m\u00e0ng c\u1ee9ng \u0111\u01b0\u1ee3c x\u00e1c \u0111\u1ecbnh t\u1eeb \u0111i\u1ec3m \u0110M c\u1ea3nh trong \u0111i v\u00e0o s\u1ecd qua l\u1ed7 \u1ed1ng \u0110M c\u1ea3nh \u0111\u1ebfn khi chia th\u00e0nh\n", "\u0110M n\u00e3o tr\u01b0\u1edbc v\u00e0o gi\u1eefa + \u0110\u1ed9ng m\u1ea1ch th\u00f4ng sau: - PCoAT, PCoAP (\u0110M th\u00f4ng sau b\u00ean tr\u00e1i v\u00e0 b\u00ean ph\u1ea3i);\n", "\u0110M th\u00f4ng sau, n\u1ed1i gi\u1eefa h\u1ec7 th\u1ed1ng \u0110M c\u1ea3nh trong v\u00e0 h\u1ec7 th\u1ed1ng \u0110M n\u1ec1n \u2013 \u0111\u1ed1t s\u1ed1ng, \u0111i\u1ec3m xu\u1ea5t ph\u00e1t t\u1ea1i ch\u1ed7 n\u1ed1i v\u1edbi \u0110M c\u1ea3nh trong v\u00e0 k\u1ebft th\u00fac t\u1ea1i \u0111i\u1ec3m n\u1ed1i v\u1edbi \u0110M n\u00e3o sau.\n", "+ Hi\u1ec7n \u1ea3nh \u0111\u1ea7y \u0111\u1ee7: M\u1ed9t \u0111o\u1ea1n m\u1ea1ch \u0111\u01b0\u1ee3c coi l\u00e0 hi\u1ec7n \u1ea3nh \u0111\u1ea7y \u0111\u1ee7 khi \u0111o\u1ea1n m\u1ea1ch \u0111\u00f3 hi\u1ec7n r\u00f5 r\u00e0ng tr\u00ean phim ch\u1ee5p t\u1eeb \u0111i\u1ec3m \u0111\u1ea7u ti\u00ean \u0111\u1ebfn \u0111i\u1ec3m cu\u1ed1i c\u00f9ng.\n", "+ Hi\u1ec7n \u1ea3nh k\u00e9m: \u0110o\u1ea1n m\u1ea1ch \u0111\u01b0\u1ee3c coi l\u00e0 hi\u1ec7n \u1ea3nh k\u00e9m khi \u0111o\u1ea1n m\u1ea1ch \u0111\u00f3 c\u00f3 hi\u1ec7n \u1ea3nh tr\u00ean phim ch\u1ee5p nh\u01b0ng c\u00f3 s\u1ef1 gi\u00e1n \u0111o\u1ea1n d\u1ecdc theo chi\u1ec1u d\u00e0i c\u1ee7a \u0111o\u1ea1n m\u1ea1ch \u0111\u00f3 (t\u1eeb \u0111i\u1ec3m \u0111\u1ea7u \u0111\u1ebfn \u0111i\u1ec3m cu\u1ed1i) v\u00e0 kh\u00f4ng \u0111o \u0111\u01b0\u1ee3c chi\u1ec1u d\u00e0i ho\u1eb7c \u0111\u01b0\u1eddng k\u00ednh t\u01b0\u01a1ng \u1ee9ng.\n", "+ \u0110M thi\u1ec3u s\u1ea3n : khi \u0111\u01b0\u1eddng k\u00ednh c\u1ee7a \u0111o\u1ea1n m\u1ea1ch < 1 mm, ri\u00eang v\u1edbi \u0110M th\u00f4ng sau l\u00e0 < 0,5mm.\n", "+ \u0110M b\u1ea5t s\u1ea3n : khi kh\u00f4ng th\u1ea5y hi\u1ec7n \u1ea3nh m\u1ea1ch tr\u00ean film ch\u1ee5p.\n", "+ \u0110o chi\u1ec1u d\u00e0i: \u0111o theo chi\u1ec1u d\u1ecdc \u0111o\u1ea1n m\u1ea1ch.\n", "+ \u0110o \u0111\u01b0\u1eddng k\u00ednh: \u0111o vu\u00f4ng g\u00f3c v\u1edbi \u0111o\u1ea1n m\u1ea1ch \u1edf gi\u1eefa \u0111o\u1ea1n m\u1ea1ch.\n", "Gi\u1ea3i ph\u1eabu d\u1ea1ng th\u00f4ng th\u01b0\u1eddng v\u00e0 c\u00e1c bi\u1ebfn \u0111\u1ed5i c\u1ee7a \u0110M n\u00e3o gi\u1eefa v\u00e0 m\u1ed9t s\u1ed1 \u0110M li\u00ean quan\n", "Trong ph\u1ea1m vi nghi\u00ean c\u1ee9u n\u00e0y ch\u00fang t\u00f4i ch\u1ec9 m\u00f4 t\u1ea3:\n", "\u0110o\u1ea1n M1, M2 tr\u00ean, M2 d\u01b0\u1edbi c\u1ee7a \u0110M n\u00e3o gi\u1eefa, \u0110M th\u00f4ng sau hai b\u00ean, \u0111o\u1ea1n trong s\u1ecd ngo\u00e0i m\u00e0ng c\u1ee9ng c\u1ee7a \u0110M c\u1ea3nh trong - X\u1eed l\u00fd s\u1ed1 li\u1ec7u:\n", "S\u1ed1 li\u1ec7u \u0111\u01b0\u1ee3c nh\u1eadp v\u00e0 x\u1eed l\u00fd theo thu\u1eadt to\u00e1n th\u1ed1ng k\u00ea ph\u1ea7n m\u1ec1m SPSS 18.0 for Window v\u00e0 c\u00e1c ph\u00e9p to\u00e1n th\u00f4ng th\u01b0\u1eddng.\n", "- Bi\u1ec7n ph\u00e1p kh\u1ed1ng ch\u1ebf sai s\u1ed1:\n", "D\u00f9ng b\u1ec7nh \u00e1n nghi\u00ean c\u1ee9u th\u1ed1ng nh\u1ea5t, t\u1eadp hu\u1ea5n k\u1ef9 cho c\u00e1c c\u1ed9ng t\u00e1c vi\u00ean, th\u1ed1ng nh\u1ea5t c\u00e1c ph\u01b0\u01a1ng ph\u00e1p d\u1ef1ng \u1ea3nh, c\u00e1c m\u1ed1c \u0111o \u0111\u01b0\u1eddng k\u00ednh v\u00e0 chi\u1ec1u d\u00e0i, l\u00e0m s\u1ea1ch s\u1ed1 li\u1ec7u tr\u01b0\u1edbc khi x\u1eed l\u00fd.\n", "Khi nh\u1eadp s\u1ed1 li\u1ec7u v\u00e0 x\u1eed l\u00fd \u0111\u01b0\u1ee3c ti\u1ebfn h\u00e0nh hai l\u1ea7n \u0111\u1ec3 \u0111\u1ed1i chi\u1ebfu k\u1ebft qu\u1ea3.\n"], "3": ["3.\n", "K\u1ebft qu\u1ea3 v\u00e0 b\u00e0n lu\u1eadn 3.1.\n", "Ph\u00e2n b\u1ed1 \u0111\u1ed1i t\u01b0\u1ee3ng theo tu\u1ed5i v\u00e0 gi\u1edbi\n", "B\u1ea3ng 3.1.\n", "Ph\u00e2n b\u1ed1 theo nh\u00f3m tu\u1ed5i v\u00e0 gi\u1edbi\n", "Gi\u1edbi\n", "Tu\u1ed5i\n", "Nam N\u1eef T\u1ed5ng n % n % n % \u2264 60 tu\u1ed5i 37 14,18 49 18,72 86 32,9 > 60 tu\u1ed5i 103 39,42 72 27,68 175 67,1\n", "T\u1ed5ng s\u1ed1 140 53,6 121 43,4 261 100\n", "Trong th\u1eddi gian nghi\u00ean c\u1ee9u t\u1eeb th\u00e1ng 7/2017 \u0111\u1ebfn th\u00e1ng 12 n\u0103m 2018, ch\u00fang t\u00f4i thu th\u1eadp \u0111\u01b0\u1ee3c 261 file \u1ea3nh c\u1ee7a 261 BN \u0111\u1ea1t ti\u00eau chu\u1ea9n nghi\u00ean c\u1ee9u \u0111\u1ec1 ra.\n", "V\u1edbi c\u1ee1 m\u1eabu nghi\u00ean c\u1ee9u, \u0111\u1ed9 tu\u1ed5i trung b\u00ecnh l\u00e0: 62,9 \u00b1 16,2; nh\u1ecf tu\u1ed5i nh\u1ea5t trong nghi\u00ean c\u1ee9u l\u00e0 17 l\u1edbn nh\u1ea5t l\u00e0 87.\n", "Chia th\u00e0nh 2 nh\u00f3m tu\u1ed5i: nh\u00f3m 1 \u2264 60 tu\u1ed5i chi\u1ebfm 32,9; nh\u00f3m 2 tr\u00ean 60 chi\u1ebfm: 67,1%.\n", "Theo Ogeng.O [3] chia th\u00e0nh 8 nh\u00f3m tu\u1ed5i t\u1eeb 20-100, m\u1ed7i nh\u00f3m c\u00e1ch nhau 10 tu\u1ed5i, \u0111\u1ed9 tu\u1ed5i hay g\u1eb7p trong nghi\u00ean c\u1ee9u c\u1ee7a J.A Ogeng'O l\u00e0 20-79.\n", "Theo ch\u00fang t\u00f4i, vi\u1ec7c chia qu\u00e1 nh\u1ecf nh\u00f3m tu\u1ed5i s\u1ebd g\u1eb7p kh\u00f3 kh\u0103n trong vi\u1ec7c th\u1ed1ng k\u00ea s\u1ed1 li\u1ec7u v\u00e0 c\u1ee1 m\u1eabu c\u00f3 th\u1ec3 kh\u00f4ng \u0111\u1ee7 l\u1edbn \u0111\u1ec3 c\u00f3 \u00fd ngh\u0129a th\u1ed1ng k\u00ea.\n", "Theo R.M.\n", "KrzyewsKi [4] nh\u00f3m b\u1ec7nh nh\u00e2n b\u1ecb ph\u00ecnh m\u1ea1ch c\u00f3 \u0111\u1ed9 tu\u1ed5i trung b\u00ecnh 53.66 \u00b114.01; \u0111\u1ed9 tu\u1ed5i trung b\u00ecnh nh\u00f3m ch\u1ee9ng kho\u1ebb m\u1ea1nh l\u00e0 53.47 \u00b114.48.\n", "Theo t\u00e1c gi\u1ea3\n", "Krabbe (1998) [1] khi nghi\u00ean c\u1ee9u gi\u1ea3i ph\u1eabu v\u00f2ng\n", "\u0110M n\u00e3o b\u1eb1ng MRI chia th\u00e0nh 2 nh\u00f3m tu\u1ed5i: 20- 25 chi\u1ebfm 33,3% (50/150) v\u00e0 60-68 chi\u1ebfm 66,7% (100/150), ch\u00fang t\u00f4i ti\u1ebfp t\u1ee5c t\u00ecm hi\u1ec3u m\u1ee5c \u0111\u00edch c\u1ee7a nh\u00f3m t\u00e1c gi\u1ea3 chia th\u00e0nh 2 nh\u00f3m tu\u1ed5i n\u00eau tr\u00ean v\u00e0 v\u00ec sao l\u1ea1i c\u00f3 kho\u1ea3ng tr\u1ed1ng tu\u1ed5i (26-59) s\u1ebd \u0111\u00e1nh gi\u00e1 nh\u01b0 th\u1ebf n\u00e0o, trong nghi\u00ean c\u1ee9u t\u00e1c gi\u1ea3 c\u0169ng \u0111\u01b0a ra k\u1ebft lu\u1eadn v\u1ec1 \u0111\u01b0\u1eddng k\u00ednh ng\u01b0\u1eddi gi\u00e0 nh\u1ecf h\u01a1n ng\u01b0\u1eddi tr\u1ebb.\n", "Theo M.S.\n", "Jim\u00e9nez-Sosa [5] \u0111\u1ed9 tu\u1ed5i trung b\u00ecnh trong nghi\u00ean c\u1ee9u l\u00e0 50 \u00b1 18, nh\u1ecf nh\u1ea5t l\u00e0 1 tu\u1ed5i, l\u1edbn nh\u1ea5t l\u00e0 99 tu\u1ed5i.\n", "Nh\u01b0 v\u1eady, trong nghi\u00ean c\u1ee9u gi\u1ea3i ph\u1eabu m\u1ea1ch m\u00e1u n\u00e3o, ch\u00fang t\u00f4i nh\u1eadn th\u1ea5y c\u00e1c t\u00e1c gi\u1ea3 th\u01b0\u1eddng c\u00f3 xu h\u01b0\u1edbng t\u1eadp trung v\u00e0o nh\u00f3m tu\u1ed5i t\u1eeb trung ni\u00ean tr\u1edf l\u00ean l\u00e0 ch\u00ednh.\n", "V\u1ec1 m\u1ed1i li\u00ean quan gi\u1eefa nh\u00f3m tu\u1ed5i v\u00e0 k\u00edch th\u01b0\u1edbc, ch\u00fang t\u00f4i s\u1ebd t\u1eadp trung nghi\u00ean c\u1ee9u s\u00e2u h\u01a1n \u1edf ph\u1ea7n sau.\n", "Trong nh\u00f3m \u0111\u1ed1i t\u01b0\u1ee3ng nghi\u00ean c\u1ee9u: t\u1ec9 l\u1ec7 nam 140/261 chi\u1ebfm 53,6%; t\u1ec9 l\u1ec7 n\u1eef 121/261 chi\u1ebfm 46,4%.\n", "T\u1ec9 l\u1ec7 nam/n\u1eef l\u00e0 1,15/1, \u0111\u00e2y l\u00e0 t\u1ec9 l\u1ec7 kh\u00e1 c\u00e2n b\u1eb1ng.Theo H.M.\n", "T\u00fa [2] t\u1ec9 l\u1ec7 nam/n\u1eef l\u00e0 1,4/1 (58.82/41.18), C.Hamidi [6] l\u00e0 1/1 (50,6/49,4); t\u1ec9 l\u1ec7 nam t\u1ec9 l\u1ec7 n\u00e0y g\u1ea7n t\u01b0\u01a1ng \u0111\u01b0\u01a1ng v\u1edbi nghi\u00ean c\u1ee9u c\u1ee7a ch\u00fang t\u00f4i.\n", "Nh\u01b0 v\u1eady trong m\u1ed9t s\u1ed1 nghi\u00ean c\u1ee9u \u1ee9ng d\u1ee5ng MSCT \u0111\u00e1nh gi\u00e1 gi\u1ea3i ph\u1eabu m\u1ea1ch n\u00e3o th\u01b0\u1eddng t\u1ec9 l\u1ec7 c\u00e2n b\u1eb1ng v\u1ec1 gi\u1edbi.\n", "3.2.\n", "Kh\u1ea3 n\u0103ng hi\u1ec7n \u1ea3nh c\u1ee7a \u0110M n\u00e3o gi\u1eefa v\u00e0 c\u00e1c\n", "\u0110M li\u00ean quan\n", "B\u1ea3ng 3.2.\n", "Kh\u1ea3 n\u0103ng hi\u1ec7n \u1ea3nh c\u1ee7a \u0110M n\u00e3o gi\u1eefa v\u00e0 c\u00e1c \u0110M li\u00ean quan\n", "\u0110o\u1ea1n v\u00e0 nh\u00e1nh m\u1ea1ch\n", "B\u00ean n\n", "Hi\u1ec7n \u1ea3nh \u0111\u1ea7y \u0111\u1ee7 (%)\n", "Hi\u1ec7n \u1ea3nh k\u00e9m (%)\n", "Kh\u00f4ng hi\u1ec7n \u1ea3nh (%)\n", "M1\n", "T 261 100 0 0\n", "P 261 100 0 0\n", "M2 tr\u00ean\n", "T 261 100 0 0\n", "P 261 100 0 0\n", "M2 d\u01b0\u1edbi\n", "T 261 100 0 0\n", "P 261 100 0 0\n", "ICA \u0111o\u1ea1n trong s\u1ecd ngo\u00e0i m\u00e0ng c\u1ee9ng\n", "T 261 100 0 0\n", "P 261 100 0 0\n", "\u0110\u1ed9ng m\u1ea1ch th\u00f4ng sau (PCoA)\n", "T 261 74,7 2,7 22,6\n", "P 261 78,15 1,15 0,7\n", "Theo B\u1ea3ng 3.2: Kh\u1ea3 n\u0103ng hi\u1ec7n \u1ea3nh c\u00e1c \u0111o\u1ea1n c\u1ee7a MCA, ICA \u0111o\u1ea1n trong s\u1ecd ngo\u00e0i m\u00e0ng c\u1ee9ng l\u00e0 100% tr\u00ean h\u00ecnh \u1ea3nh ch\u1ee5p MSCT 256 d\u00e3y.\n", "Theo ch\u00fang t\u00f4i, do c\u00e1c \u0110M n\u00f3i tr\u00ean \u0111\u1ec1u l\u00e0 c\u00e1c nh\u00e1nh l\u1edbn, v\u00f9ng c\u1ea5p m\u00e1u r\u1ed9ng, t\u1ed1c \u0111\u1ed9 d\u00f2ng ch\u1ea3y cao, n\u00ean thu\u1ed1c l\u01b0u th\u00f4ng t\u1ed1t n\u00ean c\u00e1c \u0110M n\u00e0y \u0111\u1ec1u hi\u1ec7n \u1ea3nh \u0111\u1ea7y \u0111\u1ee7.\n", "Theo S.J.Dimmick [7] khi nghi\u00ean c\u1ee9u v\u1ec1 c\u00e1c bi\u1ebfn \u0111\u1ed5i c\u1ee7a \u0110M n\u00e3o b\u1eb1ng\n", "MSCT \u0111\u00e3 kh\u00f4ng ghi nh\u1eadn bi\u1ebfn th\u1ec3 b\u1ea5t s\u1ea3n MCA (hi\u1ec7n \u1ea3nh 100%), t\u1ec9 l\u1ec7 b\u1ea5t s\u1ea3n b\u1ea9m sinh ICA l\u00e0 r\u1ea5t hi\u1ebfm kho\u1ea3ng 0,01% b\u1edfi vai tr\u00f2 r\u1ea5t quan tr\u1ecdng c\u1ee7a c\u00e1c \u0110M tr\u00ean trong vi\u1ec7c duy tr\u00ec c\u1ea5p m\u00e1u cho n\u00e3o, nh\u1eefng c\u00e1 th\u1ec3 c\u00f3 bi\u1ebfn th\u1ec3 \u1edf c\u00e1c \u0110M n\u00f3i tr\u00ean kh\u00f3 t\u1ed3n t\u1ea1i trong qu\u1ea7n th\u1ec3.\n", "V\u1edbi PCoA l\u00e0 \u0110M nh\u1ecf nh\u01b0ng c\u00f3 vai tr\u00f2 quan tr\u1ecdng, k\u1ebft n\u1ed1i 2 h\u1ec7 m\u1ea1ch ch\u00ednh c\u1ea5p m\u00e1u cho n\u00e3o l\u00e0 ICA v\u00e0 h\u1ec7 s\u1ed1ng-n\u1ec1n, \u0111\u00e2y l\u00e0 \u0110M c\u00f3 t\u1ec9 l\u1ec7 bi\u1ebfn th\u1ec3 cao nh\u1ea5t trong s\u1ed1 c\u00e1c \u0110M \u0111\u01b0\u1ee3c nghi\u00ean c\u1ee9u, t\u1ec9 l\u1ec7 kh\u00f4ng hi\u1ec7n \u1ea3nh trung b\u00ecnh l\u00e0 21,65 trong \u0111\u00f3 b\u00ean tr\u00e1i l\u00e0 22,6%; ph\u1ea3i l\u00e0 20,7%.\n", "T\u1ec9 l\u1ec7 hi\u1ec7n \u1ea3nh k\u00e9m l\u00e0 1,92%, theo H.M.\n", "T\u00fa [3], t\u1ec9 l\u1ec7 kh\u00f4ng hi\u1ec7n \u1ea3nh 2 b\u00ean l\u00e0 30,39%; kh\u00f4ng hi\u1ec7n \u1ea3nh 1 b\u00ean l\u00e0 15,68%, theo ch\u00fang t\u00f4i \u0111\u00e2y l\u00e0 t\u1ef7 l\u1ec7 cao.\n", "Theo\n", "P.T.H\u00e0 [8], t\u1ec9 l\u1ec7 n\u00e0y l\u00e0 23,85% (52/218) khi nghi\u00ean c\u1ee9u b\u1eb1ng MSCT v\u00e0 10,55% khi nghi\u00ean c\u1ee9u b\u1eb1ng DSA; A.Saha [9] khi nghi\u00ean c\u1ee9u ph\u1eabu t\u00edch c\u00f3 38,2% kh\u00f4ng th\u1ea5y PCoA.\n", "Nh\u01b0 v\u1eady, qua k\u1ebft qu\u1ea3 nghi\u00ean c\u1ee9u c\u1ee7a c\u00e1c t\u00e1c gi\u1ea3, c\u00f3 th\u1ec3 nh\u1eadn th\u1ea5y khi nghi\u00ean c\u1ee9u gi\u1ea3i ph\u1eabu PCoA b\u1eb1ng ch\u1ee5p\n", "DSA kh\u1ea3 n\u0103ng hi\u1ec7n \u1ea3nh PCoA l\u00e0 cao h\u01a1n c\u00e1c ph\u01b0\u01a1ng ph\u00e1p ch\u1ea9n \u0111o\u00e1n h\u00ecnh \u1ea3nh kh\u00e1c.\n", "3.3.\n", "K\u00edch th\u01b0\u1edbc \u0110M n\u00e3o gi\u1eefa v\u00e0 c\u00e1c \u0110M li\u00ean quan + \u0110\u01b0\u1eddng k\u00ednh:\n", "B\u1ea3ng 3.3.\n", "\u0110\u01b0\u1eddng k\u00ednh trung b\u00ecnh (\u0110KTB) \u0110M n\u00e3o gi\u1eefa v\u00e0 c\u00e1c \u0110M li\u00ean quan\n", "\u0110o\u1ea1n m\u1ea1ch B\u00ean n \u0110KTB\u00b1SD GTNN-GTLN KTC 95%\n", "M1\n", "T 261 3,25\u00b10,43 2,1-4,8 3,2 \u2013 3,3\n", "P 261 3,26\u00b10,46 1,5-5,2 3,2 \u2013 3,3\n", "M2 tr\u00ean\n", "T 261 2,10\u00b10,48 1,0-3,5 2,0 \u2013 2,2\n", "P 261 2,09\u00b10,49 1,0-3,7 2,0 \u2013 2,2\n", "M2 d\u01b0\u1edbi\n", "T 261 2,48\u00b10,49 1,3-4,2 2,4 \u2013 2,5\n", "P 261 2,55\u00b10,49 1,5-3,9 2,5 \u2013 2,6\n", "PCoA\n", "T 155 1,29\u00b10,63 0,5-3,3 1,2-1,4\n", "P 168 1,26\u00b10,66 0,5-3,4 1,2-1,4\n", "ICA trong s\u1ecd ngo\u00e0i m\u00e0ng c\u1ee9ng\n", "T 261 5,10\u00b10,84 1,5-7,7 5,0-5,2\n", "P 261 4,98\u00b10,79 2,7-7,9 4,9-5,1\n", "Khi nghi\u00ean c\u1ee9u v\u1ec1 MCA c\u00e1c t\u00e1c gi\u1ea3 \u0111\u1ec1u th\u1ed1ng nh\u1ea5t cao v\u1ec1 vi\u1ec7c ph\u00e2n chia c\u00e1c \u0111o\u1ea1n, M1 t\u1eeb l\u00fac MCA t\u00e1ch kh\u1ecfi ICA \u0111\u1ebfn khi t\u00e1ch th\u00e0nh 2 th\u00e2n tr\u00ean (superior trunk) v\u00e0 d\u01b0\u1edbi (inferior trunk), c\u00f3 th\u1ec3 c\u00f3 th\u00e2n trung gian (intermediate trunk), c\u00e1c th\u00e2n (M2) ti\u1ebfp t\u1ee5c chia th\u00e0nh c\u00e1c \u0111o\u1ea1n M3, M4.\n", "Theo G.K.Gullari [10], t\u1ec9 l\u1ec7 c\u00f3 th\u00e2n trung gian l\u00e0 61%.\n", "G.K.Gullari l\u00e0 m\u1ed9t trong s\u1ed1 r\u1ea5t \u00edt t\u00e1c gi\u1ea3 c\u00f3 \u0111\u00e1nh gi\u00e1 \u0111\u01b0\u1eddng k\u00ednh th\u00e2n tr\u00ean, d\u01b0\u1edbi c\u1ee7a MCA m\u00e0 nh\u00f3m nghi\u00ean c\u1ee9u t\u00ecm hi\u1ec3u \u0111\u01b0\u1ee3c, \u00f4ng \u0111\u01b0a ra kh\u00e1i ni\u1ec7m th\u00e2n tr\u00ean tr\u1ed9i (the superior trunk was dominant) chi\u1ebfm 22% v\u1edbi \u0111\u01b0\u1eddng k\u00ednh \u0111o \u0111\u01b0\u1ee3c l\u00e0 2,7mm; th\u00e2n d\u01b0\u1edbi tr\u1ed9i (the inferior trunk was dominant) chi\u1ebfm 54% v\u1edbi \u0111\u01b0\u1eddng k\u00ednh l\u00e0 2,7mm.\n", "K\u1ebft qu\u1ea3 \u0111o c\u1ee7a ch\u00fang t\u00f4i c\u00f3 kh\u00e1c bi\u1ec7t so v\u1edbi c\u00e1c t\u00e1c gi\u1ea3 kh\u00e1c v\u1ec1 \u0110KTB c\u1ee7a MCA c\u00f3 th\u1ec3 do y\u1ebfu t\u1ed1 ch\u1ee7ng t\u1ed9c, c\u1ee1 m\u1eabu nghi\u00ean c\u1ee9u.\n", "C\u00f3 nhi\u1ec1u t\u00e1c gi\u1ea3 \u0111\u00e3 nghi\u00ean c\u1ee9u v\u1ec1 \u0111\u01b0\u1eddng k\u00ednh c\u1ee7a MCA b\u1eb1ng nhi\u1ec1u ph\u01b0\u01a1ng ph\u00e1p kh\u00e1c nhau, tr\u00ean nhi\u1ec1u \u0111\u1ed1i t\u01b0\u1ee3ng ng\u01b0\u1eddi b\u1ec7nh kh\u00e1c nhau, theo ch\u00fang t\u00f4i s\u1ef1 kh\u00e1c bi\u1ec7t n\u00e0y do \u0111\u1ed1i t\u01b0\u1ee3ng nghi\u00ean c\u1ee9u l\u00e0 c\u00e1c ch\u1ee7ng t\u1ed9c kh\u00e1c nhau,\n", "H.Canaz [11], A.Pedroza [12] nghi\u00ean c\u1ee9u tr\u00ean ng\u01b0\u1eddi ch\u00e2u \u00c2u, P.P.Keeranghat [13] nghi\u00ean c\u1ee9u tr\u00ean ng\u01b0\u1eddi trung \u00c1; X.Tao [14] nghi\u00ean c\u1ee9u tr\u00ean ng\u01b0\u1eddi \u0111\u00f4ng b\u1eafc \u00c1, P.T.H\u00e0 [8] v\u00e0 ch\u00fang t\u00f4i nghi\u00ean c\u1ee9u \u1edf ng\u01b0\u1eddi \u0111\u00f4ng nam \u00c1.\n", "\u0110\u1ed3ng th\u1eddi, ph\u01b0\u01a1ng ti\u1ec7n nghi\u00ean c\u1ee9u c\u0169ng kh\u00e1c nhau,\n", "A.Pedroza v\u00e0 X.Tao \u00e1p d\u1ee5ng ph\u01b0\u01a1ng ph\u00e1p ph\u1eabu t\u00edch, P.P.Keeranghat \u1ee9ng d\u1ee5ng MRI v\u00e0o nghi\u00ean c\u1ee9u, P.T.H\u00e0 v\u00e0 ch\u00fang t\u00f4i \u00e1p d\u1ee5ng MSCT.\n", "V\u1ec1 gi\u00e1 tr\u1ecb, c\u00f3 th\u1ec3 nh\u1eadn th\u1ea5y PCoA b\u00ean ph\u1ea3i v\u00e0 b\u00ean tr\u00e1i c\u00f3 gi\u00e1 tr\u1ecb nh\u01b0 nhau.\n", "Theo t\u00e1c gi\u1ea3 P.T.H\u00e0 v\u00e0\n", "P.P.\n", "Keeranghat, \u0110KTB c\u1ee7a ACoA v\u00e0 PCoA c\u00f3 gi\u00e1 tr\u1ecb g\u1ea7n t\u01b0\u01a1ng t\u1ef1 nhau, tuy nhi\u00ean theo nghi\u00ean c\u1ee9u c\u1ee7a ch\u00fang t\u00f4i ACoA c\u00f3 \u0110KTB l\u1edbn h\u01a1n\n", "PCoA.\n", "V\u1edbi ICA trong s\u1ecd ngo\u00e0i m\u00e0ng c\u1ee9ng b\u00ean tr\u00e1i\n", "\u0110KTB 5,10\u00b10,84mm; min-max:1,5-7,7mm; b\u00ean ph\u1ea3i \u0110KTB 4,98\u00b10,79mm; min-max: 4,9- 5,1mm.\n", "Theo P.T.H\u00e0 [7], \u0110KTB c\u1ee7a ICA tr\u00e1i l\u00e0 4,71\u00b10,62mm; ph\u1ea3i l\u00e0 4,68\u00b10,56mm; theo\n", "J.Krejza [15], \u0110KTB c\u1ee7a ICA l\u00e0 4.66\u00b10.78 mm khi nghi\u00ean c\u1ee9u 500 b\u1ec7nh nh\u00e2n b\u1eb1ng ch\u1ee5p m\u1ea1ch.\n", "Nh\u01b0 v\u1eady, gi\u00e1 tr\u1ecb \u0110KTB trong nghi\u00ean c\u1ee9u c\u1ee7a ch\u00fang t\u00f4i v\u00e0 hai t\u00e1c gi\u1ea3 n\u00eau tr\u00ean kh\u00f4ng kh\u00e1c bi\u1ec7t khi c\u00f9ng \u1ee9ng d\u1ee5ng c\u00e1c ph\u01b0\u01a1ng ti\u1ec7n ch\u1ea9n \u0111o\u00e1n h\u00ecnh \u1ea3nh v\u00e0o nghi\u00ean c\u1ee9u m\u1eb7c d\u00f9 c\u00f3 y\u1ebfu t\u1ed1 ch\u1ee7ng t\u1ed9c c\u00f3 kh\u00e1c nhau.\n", "Tuy nhi\u00ean trong nghi\u00ean c\u1ee9u, hai t\u00e1c gi\u1ea3 \u0111\u00e3 kh\u00f4ng ph\u00e2n r\u00f5 c\u00e1c \u0111o\u1ea1n c\u1ee7a ICA.\n", "Theo Masatoukawashima [16], khi nghi\u00ean c\u1ee9u m\u1ea1ch n\u00e3o b\u1eb1ng ph\u01b0\u01a1ng ph\u00e1p ph\u1eabu t\u00edch cho k\u1ebft qu\u1ea3, \u0110KTB \u0111o\u1ea1n c\u1ed5 8.57\u00b11.34mm; \u0111o\u1ea1n \u0111\u00e1 5.42\u00b1 0.68mm; \u0111o\u1ea1n y\u00ean b\u01b0\u1edbm 3.95\u00b10.56mm.\n", "T\u1eeb c\u00e1c k\u1ebft qu\u1ea3 n\u00e0y, c\u00f3 th\u1ec3 th\u1ea5y c\u00f3 s\u1ef1 kh\u00e1c bi\u1ec7t so v\u1edbi 3 nghi\u00ean c\u1ee9u n\u00eau tr\u00ean.\n", "+ Chi\u1ec1u d\u00e0i\n", "B\u1ea3ng 3.4.\n", "Chi\u1ec1u d\u00e0i trung b\u00ecnh (CDTB) \u0110M n\u00e3o gi\u1eefa v\u00e0 c\u00e1c \u0110M li\u00ean quan\n", "\u0110o\u1ea1n m\u1ea1ch B\u00ean n CDTB\u00b1SD GTNN-GTLN KTC 95%\n", "M1\n", "T 261 19,98\u00b16,10 2,6-39,4 19,2 \u2013 20,7\n", "P 261 19,68\u00b16,28 4,5-38,3 18,9 \u2013 20,4\n", "M2 tr\u00ean\n", "T 261 22,85\u00b113,18 2,6-77,8 21,2 \u2013 24,5\n", "P 261 23,42\u00b111,89 3,5-81,7 22,0-24,9\n", "M2 d\u01b0\u1edbi\n", "T 261 31,73-16,36 7,6-85,7 29,7-33,7\n", "P 261 29,11\u00b115,31 2,5-97,1 27,2-31,0\n", "PCoA\n", "T 203 11,87\u00b14,87 1,0-48,5 11,2-12,5\n", "P 206 14,02\u00b19,13 1,4-90,4 12,8-15,3\n", "ICA \u0111o\u1ea1n trong s\u1ecd ngo\u00e0i m\u00e0ng c\u1ee9ng\n", "T 261 78,08\u00b111,91 5,9-114,6 76,6-79,5\n", "P 261 77.89\u00b110,38 17,2-107,9 76,6-79,2\n", "Theo b\u1ea3ng 3.4: khi nghi\u00ean c\u1ee9u v\u1ec1 MCA,\n", "R.Jeyakumar [17] c\u00f3 c\u00e1ch ph\u00e2n chia M1, th\u00e2n tr\u00ean (M2 tr\u00ean), th\u00e2n d\u01b0\u1edbi (M2 d\u01b0\u1edbi) t\u01b0\u01a1ng t\u1ef1 nh\u01b0 nh\u00f3m nghi\u00ean c\u1ee9u c\u1ee7a ch\u00fang t\u00f4i, tuy nhi\u00ean c\u00e1c ch\u01b0a \u0111\u01b0\u1ee3c nghi\u00ean c\u1ee9u \u0111\u1ebfn.\n", "P.Brzegowy [18] \u0111\u01b0a ra k\u1ebft qu\u1ea3 \u0111\u01b0\u1eddng k\u00ednh c\u1ee7a M1 T l\u00e0 17mm; M1 P l\u00e0 16,9; V.Rohan [19] \u0111\u01b0a ra k\u1ebft qu\u1ea3 \u0111\u01b0\u1eddng k\u00ednh chung c\u1ee7a \u0111o\u1ea1n M1 l\u00e0 15,4mm.\n", "Theo k\u1ebft qu\u1ea3 n\u00eau tr\u00ean, \u0111o\u1ea1n M1 trong nghi\u00ean c\u1ee9u c\u1ee7a ch\u00fang t\u00f4i c\u00f3 gi\u00e1 tr\u1ecb cao h\u01a1n c\u00e1c t\u00e1c gi\u1ea3 kh\u00e1c c\u00f3 th\u1ec3 do ph\u01b0\u01a1ng ti\u1ec7n nghi\u00ean c\u1ee9u, c\u1ee1 m\u1eabu v\u00e0 ch\u1ee7ng t\u1ed9c kh\u00e1c nhau.\n", "P.Brzegowy [18] \u00e1p d\u1ee5ng MSCT \u0111\u00e1nh gi\u00e1 k\u00edch th\u01b0\u1edbc MCA v\u00e0 c\u00e1c bi\u1ebfn \u0111\u1ed5i tr\u00ean 250 b\u1ec7nh nh\u00e2n ng\u01b0\u1eddi ch\u00e2u \u00c2u c\u00f3 ph\u00ecnh m\u1ea1ch n\u00e3o v\u00e0 \u0111\u01b0a ra kho\u1ea3ng c\u00e1ch MCA t\u1eeb nguy\u00ean u\u1ef7 \u0111\u1ebfn v\u1ecb tr\u00ed g\u1ed1i (the distance from ICA division to MCA genu) l\u00e0 24.2 mm (95% CI 23.9\u201324.5).\n", "V.Rohan [19], \u1ee9ng d\u1ee5ng MSCT \u0111\u00e1nh gi\u00e1 80 b\u1ec7nh nh\u00e2n ch\u00e2u \u00c2u b\u1ecb nh\u1ed3i m\u00e1u n\u00e3o, R.Jeyakumar [17] ph\u1eabu t\u00edch 15 x\u00e1c t\u01b0\u01a1i ng\u01b0\u1eddi nam \u00c1 ng\u1eabu nhi\u00ean \u0111\u00e1nh gi\u00e1 k\u00edch th\u01b0\u1edbc M1 v\u00e0 s\u1ed1 l\u01b0\u1ee3ng th\u00e2n M2.\n", "Ch\u00fang t\u00f4i kh\u00f4ng \u0111\u00e1nh gi\u00e1 chi\u1ec1u d\u00e0i t\u1eeb nguy\u00ean u\u1ef7 \u0111\u1ebfn \u0111o\u1ea1n g\u1ed1i, m\u00e0 \u0111\u00e1nh gi\u00e1 t\u1eeb nguy\u00ean u\u1ef7 \u0111\u1ebfn khi ph\u00e2n nh\u00e1nh l\u1edbn, nh\u01b0 v\u1eady, s\u1ebd d\u1ec5 \u0111\u00e1nh gi\u00e1 h\u01a1n khi \u0111o tr\u00ean phim.\n", "V\u1edbi ICA, \u0111o\u1ea1n trong s\u1ecd b\u00ean tr\u00e1i c\u00f3 CDTB 78,08\u00b111,91mm; min-max 5,9-114,6mm; 95%CI 76,6-79,5mm; b\u00ean ph\u1ea3i t\u01b0\u01a1ng \u1ee9ng 77.89\u00b110,38mm; 17,2-107,9mm v\u00e0 76,6- 79,2mm.\n", "Theo M.Vijaywargiya [20], khi nghi\u00ean c\u1ee9u 56 x\u00e1c ng\u00e2m formol b\u1eb1ng ph\u01b0\u01a1ng ph\u00e1p ph\u1eabu t\u00edch cho k\u1ebft qu\u1ea3: CDTB \u0111o\u1ea1n \u0111\u00e1 b\u00ean tr\u00e1i 31,76\u00b16,46mm;min-max 15,44-4,18mm; b\u00ean ph\u1ea3i 30,33\u00b16,65mm; min-max 20,59\u00b151,93mm.\n", "\u0110o\u1ea1n xoang hang b\u00ean tr\u00e1i 37,97\u00b18,90; min-max 19,73\u00b155,29; b\u00ean ph\u1ea3i 37,91\u00b18,86mm; min-max 22,30\u00b162,72.\n", "Trong nghi\u00ean c\u1ee9u c\u1ee7a ch\u00fang t\u00f4i, ch\u00fang t\u00f4i chia ICA th\u00e0nh 2 \u0111o\u1ea1n, \u0111o\u1ea1n trong s\u1ecd ngo\u00e0i m\u00e0ng c\u1ee9ng g\u1ed3m t\u1eeb khi ICA b\u1eaft \u0111\u1ea7u chui v\u00e0o trong s\u1ecd \u1edf n\u1ec1n s\u1ecd \u0111\u1ebfn khi chia th\u00e0nh c\u00e1c nh\u00e1nh t\u1eadn, \u0111o\u1ea1n n\u00e3o l\u00e0 c\u00e1c nh\u00e1nh t\u1eadn c\u1ee7a ICA g\u1ed3m ACA, MCA.\n", "Ch\u00fang t\u00f4i kh\u00f4ng chia \u0111o\u1ea1n trong s\u1ecd th\u00e0nh c\u00e1c nh\u00e1nh nh\u1ecf nh\u01b0 Bouthillier [21]: \u0111o\u1ea1n \u0111\u00e1, l\u1ed7 r\u00e1ch, xoang hang, m\u1ecfm y\u00ean, m\u1eaft, th\u00f4ng tr\u01b0\u1edbc hay \u0111o\u1ea1n \u0111\u00e1, xoang hang c\u1ee7a\n", "M.Vijaywargiya [20].\n", "Tr\u00ean th\u1ef1c t\u1ebf l\u00e2m s\u00e0ng, c\u00e1c b\u1ec7nh l\u00fd c\u1ee7a ICA th\u01b0\u1eddng g\u1eb7p \u1edf c\u00e1c nh\u00e1nh t\u1eadn,\n", "ACoA, PCoA.\n", "Theo P.T.H\u00e0 [8] khi nghi\u00ean c\u1ee9u \u0111a gi\u00e1c Willis tr\u00ean c\u00e1c BN b\u1ecb ph\u00ecnh m\u1ea1ch n\u00e3o nh\u1eadn th\u1ea5y, c\u00e1c b\u1ec7nh l\u00fd m\u1ea1ch m\u00e1u n\u00e3o th\u01b0\u1eddng x\u1ea3y ra \u1edf \u0111a gi\u00e1c Willis h\u01a1n ngo\u00e0i \u0111a gi\u00e1c.\n", "Do \u0111\u00f3 vi\u1ec7c chia qu\u00e1 nh\u1ecf ICA \u0111o\u1ea1n trong s\u1ecd kh\u00f4ng \u0111em l\u1ea1i nhi\u1ec1u \u00fd ngh\u0129a l\u00e2m s\u00e0ng cho c\u00e1c b\u00e1c s\u0129 ngo\u1ea1i th\u1ea7n kinh, can thi\u1ec7p m\u1ea1ch m\u00e1u, \u0111\u1ed3ng th\u1eddi vi\u1ec7c x\u00e1c \u0111\u1ecbnh m\u1ed1c gi\u1eefa c\u00e1c \u0111o\u1ea1n tr\u00ean phim ch\u1ee5p c\u0169ng g\u1eb7p m\u1ed9t s\u1ed1 kh\u00f3 kh\u0103n nh\u01b0 vi\u1ec7c x\u00e1c \u0111\u1ecbnh d\u00e2y ch\u1eb1ng \u0111\u00e1 l\u01b0\u1ee1i \u0111\u1ec3 ph\u00e2n chia \u0111o\u1ea1n \u0111\u00e1 v\u00e0 xoang hang tr\u00ean c\u1eeda s\u1ed5 m\u1ea1ch.\n", "Do \u0111\u00f3, ch\u00fang t\u00f4i \u0111\u1ec1 xu\u1ea5t g\u1ed9p 2 \u0111o\u1ea1n n\u00eau tr\u00ean th\u00e0nh m\u1ed9t \u0111o\u1ea1n l\u1edbn g\u1ecdi l\u00e0 \u0111o\u1ea1n trong s\u1ecd ngo\u00e0i m\u00e0ng c\u1ee9ng.\n", "N\u1ebfu quy \u01b0\u1edbc nh\u01b0 ch\u00fang t\u00f4i \u0111\u1ec1 xu\u1ea5t t\u01b0\u01a1ng \u0111\u01b0\u01a1ng v\u1edbi 2 \u0111o\u1ea1n \u0111\u00e1 v\u00e0 xoang hang c\u1ee7a M.Vijaywargiya [20] th\u00ec gi\u00e1 tr\u1ecb \u0111o \u0111\u01b0\u1ee3c c\u1ee7a 2 nghi\u00ean c\u1ee9u l\u00e0 t\u01b0\u01a1ng \u0111\u01b0\u01a1ng.\n", "+ M\u1ed1i t\u01b0\u01a1ng quan gi\u1eefa k\u00edch th\u01b0\u1edbc m\u1ea1ch m\u00e1u v\u00e0 gi\u1edbi t\u00ednh\n", "B\u1ea3ng 3.5.\n", "M\u1ed1i t\u01b0\u01a1ng quan gi\u1eefa k\u00edch th\u01b0\u1edbc m\u1ea1ch m\u00e1u v\u00e0 gi\u1edbi t\u00ednh\n", "\u0110o\u1ea1n m\u1ea1ch B\u00ean\n", "\u0110KTB \u00b1 SD CDTB \u00b1 SD\n", "Nam N\u1eef Nam N\u1eef\n", "M1\n", "T 3,31 \u00b1 0,44 3,19 \u00b1 0,40 19,49 \u00b1 5,93 20,55 \u00b1 6,26 p<0,05 p>0,05\n", "P 3,31 \u00b1 0,48 3,21 \u00b1 0,43 19,86 \u00b1 6,01 19,48 \u00b1 6,58 p<0,05 p>0,05\n", "M2 tr\u00ean\n", "T 2,16 \u00b1 0,50 2,03 \u00b1 0,46 23,49 \u00b114,48 22,11 \u00b111,50 p<0,05 p>0,05\n", "P 2,12 \u00b1 0,54 2,06 \u00b1 0,42 23,49 \u00b111,81 23,33 \u00b112,03 p>0,05 p>0,05\n", "M2 d\u01b0\u1edbi\n", "T 2,52 \u00b1 0,48 2,42 \u00b1 0,51 32,48 \u00b116,55 30,87 \u00b116,17 p>0,05 p>0,05\n", "P 2,61 \u00b1 0,48 2,49 \u00b1 0,48 28,14 \u00b114,23 30,23 \u00b116,45 p<0,05 p>0,05\n", "ICA \u0111o\u1ea1n trong s\u1ecd\n", "T 5,16 \u00b1 0,92 5,02 \u00b1 0,74 80,30 \u00b111,26 75,52 \u00b112,16 p>0,05 p<0,05\n", "P 5,09 \u00b1 0,79 4,85 \u00b1 0,77 79,35 \u00b110,77 76,20 \u00b1 9,69 p<0,05 p<0,05\n", "PCoA\n", "T 1,32 \u00b1 0,66 1,27 \u00b1 0,60 12,49 \u00b1 5,45 11,23 \u00b1 4,10 p>0,05 p>0,05\n", "P 1,18 \u00b1 0,64 1,34 \u00b1 0,67 12,99 \u00b1 4,09 15,12 \u00b1 12,35 p>0,05 p>0,05\n", "Theo b\u1ea3ng 3.5: Khi \u0111\u00e1nh gi\u00e1 m\u1ed1i t\u01b0\u01a1ng quan gi\u1eefa \u0111\u01b0\u1eddng k\u00ednh m\u1ea1ch m\u00e1u v\u1edbi gi\u1edbi t\u00ednh, \u0111o\u1ea1n\n", "M1 nam c\u00f3 k\u00edch th\u01b0\u1edbc l\u1edbn h\u01a1n M1 c\u1ee7a n\u1eef (p<0,05), tuy nhi\u00ean \u0111o\u1ea1n M2 tr\u00ean v\u00e0 d\u01b0\u1edbi l\u1ea1i kh\u00f4ng c\u00f3 m\u1ed1i t\u01b0\u01a1ng quan n\u00e0y n\u00ean gi\u00e1 tr\u1ecb \u0111o\u1ea1n\n", "M1 kh\u00f4ng c\u00f3 \u00fd ngh\u0129a \u0111\u1ea1i di\u1ec7n cho c\u1ea3 MCA.\n", "V\u1edbi y\u1ebfu t\u1ed1 chi\u1ec1u d\u00e0i, ICA \u0111o\u1ea1n trong s\u1ecd ngo\u00e0i m\u00e0ng c\u1ee9ng c\u1ee7a nam l\u1edbn h\u01a1n c\u1ee7a n\u1eef (p<0,05), c\u00e1c \u0110M c\u00f2n l\u1ea1i ch\u01b0a th\u1ea5y m\u1ed1i t\u01b0\u01a1ng quan gi\u1eefa k\u00edch th\u01b0\u1edbc v\u00e0 y\u1ebfu t\u1ed1 gi\u1edbi.\n", "Theo t\u00ecm hi\u1ec3u c\u1ee7a nh\u00f3m nghi\u00ean c\u1ee9u, ch\u00fang t\u00f4i l\u00e0 ng\u01b0\u1eddi \u0111\u1ec1u ti\u00ean \u0111\u1ec1 c\u1eadp \u0111\u1ebfn s\u1ef1 t\u01b0\u01a1ng quan gi\u1eefa k\u00edch th\u01b0\u1edbc m\u1ea1ch m\u00e1u v\u00e0 gi\u1edbi t\u00ednh.\n", "+ M\u1ed1i t\u01b0\u01a1ng quan gi\u1eefa k\u00edch th\u01b0\u1edbc m\u1ea1ch m\u00e1u v\u00e0 nh\u00f3m tu\u1ed5i\n", "B\u1ea3ng 3.6.\n", "M\u1ed1i t\u01b0\u01a1ng quan gi\u1eefa k\u00edch th\u01b0\u1edbc m\u1ea1ch m\u00e1u v\u00e0 nh\u00f3m tu\u1ed5i\n", "\u0110o\u1ea1n m\u1ea1ch\n", "B\u00ean\n", "\u0110KTB\u00b1SD p\n", "CDTB\u00b1SD p\n", "Nh\u00f3m > 60 Nh\u00f3m \u2264 Nh\u00f3m > 60 Nh\u00f3m \u2264\n", "M1\n", "T 3,28\u00b10,45 3,19\u00b10,38 20,48\u00b16,32 18,97\u00b15,52 p>0,05 p>0,05\n", "P 3,31\u00b10,48 3,17\u00b10,40 20,09\u00b16,52 18,87\u00b15,69 p<0,05 p>0,05\n", "M2 tr\u00ean\n", "T 2,15\u00b10,50 2,00\u00b10,44 24,24\u00b113,75 20,03\u00b111,49 p<0,05 p<0,05\n", "P 2,16\u00b10,51 1,96\u00b10,42 23,32\u00b112,48 23,62\u00b110,64 p<0,05 p>0,05\n", "M2 d\u01b0\u1edbi\n", "T 2,49\u00b10,51 2,45\u00b10,47 32,98\u00b117,29 29,20\u00b114,03 p>0,05 p>0,05\n", "P 2,55\u00b10,47 2,55\u00b10,52 29,76\u00b116,00 27,78\u00b113,77 p>0,05 p>0,05\n", "ICA \u0111o\u1ea1n trong s\u1ecd ngo\u00e0i m\u00e0ng c\u1ee9ng\n", "T 5,19\u00b10,88 4,91\u00b10,74 79,57\u00b112,22 75,05\u00b110,68 p<0,05 p<0,05\n", "P 5,07\u00b10,81 4,80\u00b10,71 79,65\u00b110,34 74,31\u00b19,58 p<0,05 p<0,05\n", "PCoA\n", "T 1,30\u00b10,72 1,29\u00b10,47 11,98\u00b15,47 11,99\u00b13,82 p>0,05 p>0,05\n", "P 1,25\u00b10,68 1,27\u00b10,64 15,06\u00b111,18 12,40\u00b13,03 p>0,05 p>0,05\n", "Theo b\u1ea3ng 3.6: V\u1ec1 m\u1eb7t gi\u1ea3i ph\u1eabu h\u1ecdc, x\u00e9t c\u1ea3 ti\u00eau ch\u00ed \u0110KTB v\u00e0 CDTB, ICA \u0111o\u1ea1n trong s\u1ecd ngo\u00e0i m\u00e0ng c\u1ee9ng c\u1ee7a nh\u00f3m tu\u1ed5i > 60 l\u1edbn h\u01a1n nh\u00f3m \u226460 (p<0,05).\n", "C\u00e1c m\u1ea1ch m\u00e1u kh\u00e1c th\u01b0\u1eddng t\u1eebng \u0111o\u1ea1n nh\u1ecf c\u00f3 k\u00edch th\u01b0\u1edbc kh\u00e1c nhau gi\u1eefa nh\u00f3m tu\u1ed5i > 60 v\u00e0 \u226460, tuy nhi\u00ean kh\u00f4ng \u0111\u1ea1i di\u1ec7n cho c\u1ea3 \u0111\u1ed9ng m\u1ea1ch \u0111\u00f3.\n", "Ch\u00fang t\u00f4i ch\u01b0a th\u1ea5y c\u00f3 nghi\u00ean c\u1ee9u t\u01b0\u01a1ng t\u1ef1 k\u1ebft qu\u1ea3 n\u00eau tr\u00ean \u0111\u1ec3 \u0111\u1ed1i chi\u1ebfu.\n", "H\u00ecnh 1.\n", "\u0110o chi\u1ec1u d\u00e0i \u0111o\u1ea1n M1.\n", "H\u00ecnh 2.\n", "\u0110o\u1ea1n M2 tr\u00ean tr\u00e1i.\n", "H\u00ecnh 3.\n", "\u0110o\u1ea1n M2 tr\u00ean ph\u1ea3i.\n", "H\u00ecnh 4.\n", "\u0110o\u1ea1n M2 d\u01b0\u1edbi ph\u1ea3i.\n", "H\u00ecnh 5.\n", "\u0110o\u1ea1n M2 d\u01b0\u1edbi tr\u00e1i.\n", "H\u00ecnh 6.\n", "\u0110M Th\u00f4ng sau 2 b\u00ean.\n"], "4": ["4.\n", "K\u1ebft lu\u1eadn\n", "H\u00ecnh \u1ea3nh gi\u1ea3i ph\u1eabu \u0110M n\u00e3o gi\u1eefa, \u0110M c\u1ea3nh trong \u0111o\u1ea1n trong s\u1ecd ngo\u00e0i m\u00e0ng c\u1ee9ng v\u00e0 hai \u0110M th\u00f4ng sau hi\u1ec7n r\u00f5 n\u00e9t tr\u00ean phim ch\u1ee5p MSCT 256 d\u00e3y.\n", "C\u00e1ch \u0111\u01b0\u1eddng k\u00ednh v\u00e0 chi\u1ec1u d\u00e0i c\u1ee7a c\u00e1c \u0111\u1ed9ng m\u1ea1ch \u0111\u01b0\u1ee3c x\u00e1c \u0111\u1ecbnh r\u00f5 r\u00e0ng, ch\u00ednh x\u00e1c tr\u00ean phim.\n"]}, "Word count": 4286}