{"title": "Original Article\n", "content": {"0": ["T\u00f3m t\u1eaft: Vi\u00ean felodipin 5 mg gi\u1ea3i ph\u00f3ng k\u00e9o d\u00e0i theo c\u01a1 ch\u1ebf b\u01a1m th\u1ea9m th\u1ea5u k\u00e9o - \u0111\u1ea9y \u0111\u01b0\u1ee3c b\u00e0o ch\u1ebf d\u01b0\u1edbi d\u1ea1ng vi\u00ean hai l\u1edbp, sau \u0111\u00f3 bao m\u00e0ng b\u00e1n th\u1ea5m v\u00e0 t\u1ea1o mi\u1ec7ng gi\u1ea3i ph\u00f3ng d\u01b0\u1ee3c ch\u1ea5t b\u1eb1ng k\u1ef9 thu\u1eadt khoan laser.\n", "Vi\u00ean nghi\u00ean c\u1ee9u s\u1eed d\u1ee5ng polyethylen oxyd (PEO) c\u00f3 kh\u1ed1i l\u01b0\u1ee3ng ph\u00e2n t\u1eed th\u1ea5p (200.000 Da) l\u00e0m t\u00e1 d\u01b0\u1ee3c ph\u00e2n t\u00e1n trong l\u1edbp ch\u1ee9a d\u01b0\u1ee3c ch\u1ea5t v\u00e0 PEO c\u00f3 kh\u1ed1i l\u01b0\u1ee3ng ph\u00e2n t\u1eed cao (5.000.000 Da) l\u00e0m polymer tr\u01b0\u01a1ng n\u1edf trong l\u1edbp \u0111\u1ea9y, natri clorid \u0111\u00f3ng vai tr\u00f2 l\u00e0m t\u00e1 d\u01b0\u1ee3c t\u1ea1o \u00e1p su\u1ea5t th\u1ea9m th\u1ea5u c\u00f3 m\u1eb7t \u1edf c\u1ea3 2 l\u1edbp; kh\u1ed1i l\u01b0\u1ee3ng m\u00e0ng bao t\u0103ng 8,5 % so v\u1edbi vi\u00ean nh\u00e2n; k\u00edch th\u01b0\u1edbc mi\u1ec7ng gi\u1ea3i ph\u00f3ng l\u00e0 0,8 mm.\n", "Nghi\u00ean c\u1ee9u \u0111\u00e3 \u0111\u00e1nh gi\u00e1 \u1ea3nh h\u01b0\u1edfng c\u1ee7a \u0111i\u1ec1u ki\u1ec7n th\u1eed ho\u00e0 tan \u0111\u1ebfn gi\u1ea3i ph\u00f3ng d\u01b0\u1ee3c ch\u1ea5t t\u1eeb vi\u00ean th\u1ea9m th\u1ea5u b\u1eb1ng c\u00e1ch th\u1eed ho\u00e0 tan vi\u00ean nghi\u00ean c\u1ee9u trong c\u00e1c m\u00f4i tr\u01b0\u1eddng c\u00f3 pH, t\u1ed1c \u0111\u1ed9 c\u00e1nh khu\u1ea5y v\u00e0 \u00e1p su\u1ea5t th\u1ea9m th\u1ea5u kh\u00e1c nhau.\n", "K\u1ebft qu\u1ea3 nghi\u00ean c\u1ee9u cho th\u1ea5y t\u1ed1c \u0111\u1ed9 gi\u1ea3i ph\u00f3ng d\u01b0\u1ee3c ch\u1ea5t t\u1eeb vi\u00ean th\u1ea9m th\u1ea5u kh\u00f4ng b\u1ecb \u1ea3nh h\u01b0\u1edfng b\u1edfi pH c\u1ee7a m\u00f4i tr\u01b0\u1eddng v\u00e0 t\u1ed1c \u0111\u1ed9 c\u00e1nh khu\u1ea5y.\n", "Tuy nhi\u00ean, n\u1ed3ng \u0111\u1ed9 ch\u1ea5t t\u1ea1o \u00e1p su\u1ea5t th\u1ea9m th\u1ea5u trong m\u00f4i tr\u01b0\u1eddng c\u00e0ng cao th\u00ec t\u1ed1c \u0111\u1ed9 gi\u1ea3i ph\u00f3ng d\u01b0\u1ee3c ch\u1ea5t c\u00e0ng gi\u1ea3m.\n", "Nh\u01b0 v\u1eady, qu\u00e1 tr\u00ecnh gi\u1ea3i ph\u00f3ng d\u01b0\u1ee3c ch\u1ea5t t\u1eeb vi\u00ean nghi\u00ean c\u1ee9u ph\u1ee5 thu\u1ed9c v\u00e0o \u00e1p su\u1ea5t th\u1ea9m th\u1ea5u c\u1ee7a m\u00f4i tr\u01b0\u1eddng ho\u00e0 tan ch\u1ee9ng minh c\u01a1 ch\u1ebf th\u1ea9m th\u1ea5u c\u1ee7a vi\u00ean.\n", "T\u1eeb kho\u00e1: Felodipin, b\u01a1m th\u1ea9m th\u1ea5u k\u00e9o - \u0111\u1ea9y, pH, t\u1ed1c \u0111\u1ed9 c\u00e1nh khu\u1ea5y, \u00e1p su\u1ea5t th\u1ea9m th\u1ea5u.\n"], "1": ["1.\n", "\u0110\u1eb7t v\u1ea5n \u0111\u1ec1\n", "Felodipin l\u00e0 thu\u1ed1c \u0111i\u1ec1u tr\u1ecb t\u0103ng huy\u1ebft \u00e1p c\u00f3 nhi\u1ec1u \u01b0u \u0111i\u1ec3m nh\u01b0: Kh\u00f4ng g\u00e2y t\u00e1c d\u1ee5ng tr\u1ef1c ti\u1ebfp _* T\u00e1c gi\u1ea3 li\u00ean h\u1ec7.\n", "\u0111\u1ebfn tim \u1edf li\u1ec1u \u0111i\u1ec1u tr\u1ecb, kh\u00f4ng gi\u1eef n\u01b0\u1edbc v\u00e0 mu\u1ed1i, kh\u00f4ng c\u00f3 nguy c\u01a1 t\u00edch lu\u1ef9 thu\u1ed1c khi \u0111i\u1ec1u tr\u1ecb k\u00e9o d\u00e0i,...\n", "[1].\n", "Tuy nhi\u00ean, felodipin r\u1ea5t \u00edt tan trong n\u01b0\u1edbc [2], li\u1ec1u s\u1eed d\u1ee5ng nh\u1ecf n\u00ean c\u1ea7n \u0111\u01b0\u1ee3c ki\u1ec3m so\u00e1t t\u1ed1c \u0111\u1ed9 gi\u1ea3i ph\u00f3ng.\n", "Trong khi \u0111\u00f3, b\u01a1m th\u1ea9m th\u1ea5u k\u00e9o - \u0111\u1ea9y l\u00e0 h\u1ec7 ph\u00e2n ph\u1ed1i thu\u1ed1c c\u00f3 ki\u1ec3m so\u00e1t theo c\u01a1 ch\u1ebf th\u1ea9m th\u1ea5u \u0111\u00e3 \u0111\u01b0\u1ee3c ph\u00e1t tri\u1ec3n th\u00e0nh c\u00f4ng \u0111\u1ec3 k\u00e9o d\u00e0i gi\u1ea3i ph\u00f3ng cho c\u00e1c d\u01b0\u1ee3c ch\u1ea5t c\u00f3 \u0111\u1ed9 tan kh\u00e1c nhau, \u0111\u1eb7c bi\u1ec7t l\u00e0 c\u00e1c d\u01b0\u1ee3c ch\u1ea5t \u00edt tan trong n\u01b0\u1edbc, gi\u1ea3i ph\u00f3ng d\u01b0\u1ee3c ch\u1ea5t theo \u0111\u1ed9ng h\u1ecdc b\u1eadc kh\u00f4ng, t\u1ed1c \u0111\u1ed9 gi\u1ea3i ph\u00f3ng h\u1ea7u nh\u01b0 kh\u00f4ng b\u1ecb \u1ea3nh h\u01b0\u1edfng b\u1edfi \u0111i\u1ec1u ki\u1ec7n \u1edf \u0111\u01b0\u1eddng ti\u00eau ho\u00e1,...\n", "[3].\n", "Nh\u1eb1m \u1ee9ng d\u1ee5ng c\u00f4ng ngh\u1ec7 b\u01a1m th\u1ea9m th\u1ea5u k\u00e9o - \u0111\u1ea9y trong b\u00e0o ch\u1ebf felodipin \u0111\u1ec3 ki\u1ec3m so\u00e1t gi\u1ea3i ph\u00f3ng d\u01b0\u1ee3c ch\u1ea5t, ch\u00fang t\u00f4i ti\u1ebfn h\u00e0nh nghi\u00ean c\u1ee9u \u0111\u1ec1 t\u00e0i n\u00e0y v\u1edbi m\u1ee5c ti\u00eau: \u0110\u00e1nh gi\u00e1 \u1ea3nh h\u01b0\u1edfng c\u1ee7a \u0111i\u1ec1u ki\u1ec7n th\u1eed ho\u00e0 tan \u0111\u1ebfn gi\u1ea3i ph\u00f3ng d\u01b0\u1ee3c ch\u1ea5t t\u1eeb vi\u00ean felodipin 5 mg gi\u1ea3i ph\u00f3ng k\u00e9o d\u00e0i theo c\u01a1 ch\u1ebf b\u01a1m th\u1ea9m th\u1ea5u k\u00e9o - \u0111\u1ea9y.\n"], "2": ["2.\n", "Nguy\u00ean li\u1ec7u v\u00e0 ph\u01b0\u01a1ng ph\u00e1p nghi\u00ean c\u1ee9u 2.1.\n", "Nguy\u00ean li\u1ec7u\n", "Felodipin (ti\u00eau chu\u1ea9n D\u01b0\u1ee3c \u0111i\u1ec3n M\u1ef9 32), polyethylen oxyd - PEO (POLYOX WSR N- 80 200.000, POLYOX WSR Coagulant 5.000.000), cellulose acetat (Opadry CA), lactose monohydrat, Avicel PH101, natri clorid, magnesi stearat, oxyd s\u1eaft \u0111\u1ecf, aceton, ethanol 96%, n\u01b0\u1edbc c\u1ea5t.\n", "C\u00e1c t\u00e1 d\u01b0\u1ee3c v\u00e0 dung m\u00f4i \u0111\u1ea1t ti\u00eau chu\u1ea9n D\u01b0\u1ee3c \u0111i\u1ec3n, tinh khi\u1ebft ho\u00e1 h\u1ecdc ho\u1eb7c nh\u00e0 s\u1ea3n xu\u1ea5t.\n", "2.2.\n", "Thi\u1ebft b\u1ecb nghi\u00ean c\u1ee9u - Thi\u1ebft b\u1ecb b\u00e0o ch\u1ebf: m\u00e1y d\u1eadp vi\u00ean t\u00e2m sai\n", "Korsch (\u0110\u1ee9c), b\u1ed9 ch\u00e0y c\u1ed1i \u0111\u01b0\u1eddng k\u00ednh 9 mm; m\u00e1y bao phim Vanguard (M\u1ef9); t\u1ee7 s\u1ea5y Binder (\u0110\u1ee9c); b\u1ed9 r\u00e2y c\u00e1c c\u1ee1, b\u00e1t s\u1ee9, d\u1ee5ng c\u1ee5 thu\u1ef7 tinh c\u00e1c lo\u1ea1i.\n", "- Thi\u1ebft b\u1ecb \u0111\u00e1nh gi\u00e1: m\u00e1y \u0111o \u0111\u1ed9 c\u1ee9ng vi\u00ean n\u00e9n\n", "Pharma Test PTB (\u0110\u1ee9c); k\u00ednh hi\u1ec3n vi KRSS (\u0110\u1ee9c); m\u00e1y \u0111o pH InoLab PH 730; m\u00e1y th\u1eed ho\u00e0 tan t\u1ef1 \u0111\u1ed9ng VanKel - Varian VK 7010 (M\u1ef9).\n", "2.3.\n", "Ph\u01b0\u01a1ng ph\u00e1p nghi\u00ean c\u1ee9u 2.3.1.\n", "Ph\u01b0\u01a1ng ph\u00e1p b\u00e0o ch\u1ebf\n", "V\u1edbi thi\u1ebft k\u1ebf d\u1ea1ng vi\u00ean th\u1ea9m th\u1ea5u k\u00e9o - \u0111\u1ea9y, vi\u00ean nh\u00e2n c\u1ea5u t\u1ea1o g\u1ed3m hai l\u1edbp: L\u1edbp ch\u1ee9a d\u01b0\u1ee3c ch\u1ea5t v\u00e0 l\u1edbp \u0111\u1ea9y.\n", "- C\u00f4ng th\u1ee9c b\u00e0o ch\u1ebf vi\u00ean felodipin 5 mg gi\u1ea3i ph\u00f3ng k\u00e9o d\u00e0i:\n", "B\u1ea3ng 1.\n", "Th\u00e0nh ph\u1ea7n c\u00f4ng th\u1ee9c b\u00e0o ch\u1ebf vi\u00ean felodipin 5 mg gi\u1ea3i ph\u00f3ng k\u00e9o d\u00e0i\n", "Th\u00e0nh ph\u1ea7n 1 vi\u00ean\n", "Kh\u1ed1i l\u01b0\u1ee3ng (mg)\n", "L\u1edbp ch\u1ee9a d\u01b0\u1ee3c ch\u1ea5t\n", "L\u1edbp \u0111\u1ea9y\n", "Felodipin 5 0\n", "PEO 200.000 90 0\n", "PEO 5.000.000 0 50\n", "Natri clorid 15 15\n", "Lactose monohydrat 45 30\n", "Avicel PH101 25 15\n", "Magnesi stearat 0,9 0,55\n", "Oxyd s\u1eaft \u0111\u1ecf 0 0,55 - B\u00e0o ch\u1ebf vi\u00ean nh\u00e2n hai l\u1edbp: s\u1eed d\u1ee5ng ph\u01b0\u01a1ng ph\u00e1p d\u1eadp th\u1eb3ng, m\u1ed7i c\u00f4ng th\u1ee9c b\u00e0o ch\u1ebf 100 vi\u00ean.\n", "Felodipin \u0111\u01b0\u1ee3c nghi\u1ec1n v\u00e0 r\u00e2y qua r\u00e2y 180 m.\n", "C\u00e2n v\u00e0 tr\u1ed9n \u0111\u1ec1u ri\u00eang c\u00e1c th\u00e0nh ph\u1ea7n c\u1ee7a l\u1edbp ch\u1ee9a d\u01b0\u1ee3c ch\u1ea5t v\u00e0 l\u1edbp \u0111\u1ea9y theo nguy\u00ean t\u1eafc tr\u1ed9n b\u1ed9t k\u00e9p (tr\u1eeb t\u00e1 d\u01b0\u1ee3c tr\u01a1n).\n", "Oxyd s\u1eaft \u0111\u01b0\u1ee3c \u0111\u01b0a v\u00e0o l\u1edbp \u0111\u1ea9y \u0111\u1ec3 c\u00f3 m\u00e0u ph\u00e2n bi\u1ec7t trong qu\u00e1 tr\u00ecnh vi\u00ean t\u00e2m sai Korsch (\u0110\u1ee9c) v\u1edbi b\u1ed9 ch\u00e0y c\u1ed1i m\u1eb7t khum, \u0111\u01b0\u1eddng k\u00ednh 9 mm: Tr\u1ed9n t\u00e1 d\u01b0\u1ee3c tr\u01a1n, c\u00e2n kh\u1ed1i l\u01b0\u1ee3ng t\u1eebng l\u1edbp, cho l\u1edbp d\u01b0\u1ee3c ch\u1ea5t v\u00e0o c\u1ed1i d\u1eadp s\u01a1 b\u1ed9, th\u00eam ti\u1ebfp l\u1edbp \u0111\u1ea9y, d\u1eadp ho\u00e0n ch\u1ec9nh thu \u0111\u01b0\u1ee3c vi\u00ean nh\u00e2n hai l\u1edbp, \u0111i\u1ec1u ch\u1ec9nh l\u1ef1c d\u1eadp \u0111\u1ec3 thu \u0111\u01b0\u1ee3c vi\u00ean c\u00f3 l\u1ef1c g\u00e2y v\u1ee1 vi\u00ean trong kho\u1ea3ng 10 \u00b1 1 kP.\n", "- Bao m\u00e0ng b\u00e1n th\u1ea5m: b\u1eb1ng ph\u01b0\u01a1ng ph\u00e1p bao phim v\u1edbi polymer l\u00e0 cellulose acetat trong dung m\u00f4i l\u00e0 h\u1ed7n h\u1ee3p aceton - n\u01b0\u1edbc, n\u1ed3ng \u0111\u1ed9 d\u1ecbch bao l\u00e0 5% polymer.\n", "S\u1eed d\u1ee5ng thi\u1ebft b\u1ecb bao v\u1edbi c\u00e1c th\u00f4ng s\u1ed1 ch\u00ednh nh\u01b0: T\u1ed1c \u0111\u1ed9 quay c\u1ee7a n\u1ed3i bao l\u00e0 5 v\u00f2ng/ph\u00fat, t\u1ed1c \u0111\u1ed9 phun d\u1ecbch 2 mL/ph\u00fat, nhi\u1ec7t \u0111\u1ed9 kh\u00ed v\u00e0o 50 C, nhi\u1ec7t \u0111\u1ed9 kh\u00ed ra 40 C, \u00e1p su\u1ea5t kh\u00ed n\u00e9n 1,8 atm, l\u01b0u l\u01b0\u1ee3ng gi\u00f3 v\u00e0o 12 m3/gi\u1edd, l\u01b0u l\u01b0\u1ee3ng gi\u00f3 ra 15 m3/gi\u1edd.\n", "Vi\u00ean sau khi \u0111\u1ea1t kh\u1ed1i l\u01b0\u1ee3ng m\u00e0ng bao t\u0103ng 8,5 % so v\u1edbi vi\u00ean nh\u00e2n \u0111\u01b0\u1ee3c \u0111\u1ec3 \u1ed5n \u0111\u1ecbnh m\u00e0ng bao 24 gi\u1edd \u1edf 40 C.\n", "- Khoan mi\u1ec7ng gi\u1ea3i ph\u00f3ng: khoan mi\u1ec7ng gi\u1ea3i ph\u00f3ng ch\u00ednh gi\u1eefa b\u1ec1 m\u1eb7t l\u1edbp ch\u1ee9a d\u01b0\u1ee3c ch\u1ea5t b\u1eb1ng k\u1ef9 thu\u1eadt khoan laser.\n", "C\u00e0i \u0111\u1eb7t th\u00f4ng s\u1ed1 \u0111\u01b0\u1eddng k\u00ednh l\u1ed7 khoan 0,8 mm, l\u1ef1a ch\u1ecdn m\u1ee9c n\u0103ng l\u01b0\u1ee3ng ch\u00f9m tia th\u00edch h\u1ee3p, \u0111i\u1ec1u ch\u1ec9nh ti\u00eau c\u1ef1 th\u1ea5u k\u00ednh h\u1ed9i t\u1ee5 b\u1eb1ng th\u01b0\u1edbc c\u1ee7a m\u00e1y \u0111\u1ec3 ch\u00f9m tia t\u00e1c \u0111\u1ed9ng t\u1ea1i m\u00e0ng bao.\n", "2.3.2.\n", "Ph\u01b0\u01a1ng ph\u00e1p \u0111\u00e1nh gi\u00e1 2.3.2.1.\n", "\u0110\u1ed9 c\u1ee9ng vi\u00ean nh\u00e2n\n", "\u0110o \u0111\u1ed9 c\u1ee9ng vi\u00ean b\u1eb1ng m\u00e1y Pharma Test PTB, y\u00eau c\u1ea7u l\u1ef1c g\u00e2y v\u1ee1 vi\u00ean trong kho\u1ea3ng 10 \u00b1 1 kP.\n", "2.3.2.2.\n", "\u0110\u1ed9 d\u00e0y m\u00e0ng bao\n", "\u0110\u1ed9 d\u00e0y m\u00e0ng bao \u0111\u01b0\u1ee3c t\u00ednh c\u0103n c\u1ee9 v\u00e0o kh\u1ed1i l\u01b0\u1ee3ng vi\u00ean t\u0103ng l\u00ean sau khi bao.\n", "Ph\u1ea7n tr\u0103m kh\u1ed1i l\u01b0\u1ee3ng vi\u00ean t\u0103ng l\u00ean sau khi bao \u0111\u01b0\u1ee3c t\u00ednh theo c\u00f4ng th\u1ee9c: 12  m mm\n", "Trong \u0111\u00f3: m1, m2 l\u00e0 kh\u1ed1i l\u01b0\u1ee3ng trung b\u00ecnh vi\u00ean tr\u01b0\u1edbc v\u00e0 sau khi bao.\n", "2.3.2.3.\n", "\u0110\u01b0\u1eddng k\u00ednh mi\u1ec7ng gi\u1ea3i ph\u00f3ng\n", "Ki\u1ec3m tra \u0111\u01b0\u1eddng k\u00ednh mi\u1ec7ng gi\u1ea3i ph\u00f3ng b\u1eb1ng k\u00ednh hi\u1ec3n vi quang h\u1ecdc v\u1edbi ngu\u1ed3n s\u00e1ng chi\u1ebfu t\u1eeb tr\u00ean xu\u1ed1ng, \u0111o \u1edf v\u1eadt k\u00ednh 4x.\n", "Ti\u1ebfn h\u00e0nh \u0111o 10 vi\u00ean, t\u00ednh gi\u00e1 tr\u1ecb trung b\u00ecnh, \u0111\u1ed9 l\u1ec7ch chu\u1ea9n t\u01b0\u01a1ng \u0111\u1ed1i (Relative Standard Deviation - RSD).\n", "2.3.2.4.\n", "Th\u1eed ho\u00e0 tan\n", "Ti\u1ebfn h\u00e0nh th\u1eed ho\u00e0 tan vi\u00ean b\u00e0o ch\u1ebf v\u1edbi c\u00e1c \u0111i\u1ec1u ki\u1ec7n th\u1eed kh\u00e1c nhau \u0111\u1ec3 \u0111\u00e1nh gi\u00e1 \u1ea3nh h\u01b0\u1edfng c\u1ee7a c\u00e1c y\u1ebfu t\u1ed1 m\u00f4i tr\u01b0\u1eddng \u0111\u1ebfn kh\u1ea3 n\u0103ng ki\u1ec3m so\u00e1t gi\u1ea3i ph\u00f3ng c\u1ee7a vi\u00ean th\u1ea9m th\u1ea5u.\n", "H\u00ecnh 1.\n", "Thi\u1ebft b\u1ecb c\u00e1nh khu\u1ea5y v\u00e0 gi\u1ecf t\u0129nh ch\u1ee9a vi\u00ean.\n", "i) Thi\u1ebft b\u1ecb: m\u00e1y th\u1eed ho\u00e0 tan t\u1ef1 \u0111\u1ed9ng VanKel - Varian VK 7010 v\u1edbi thi\u1ebft b\u1ecb c\u00e1nh khu\u1ea5y, l\u1eafp th\u00eam gi\u1ecf t\u0129nh \u0111\u1ef1ng vi\u00ean \u0111\u01b0\u1ee3c ch\u1ebf t\u1ea1o theo m\u00f4 t\u1ea3 trong D\u01b0\u1ee3c \u0111i\u1ec3n M\u1ef9 36 [4] v\u00e0o c\u1ed1c \u0111\u1ef1ng m\u00f4i ii) \u0110i\u1ec1u ki\u1ec7n: - Ch\u1ebf \u0111\u1ed9 th\u1ea3 vi\u00ean b\u1eb1ng tay, \u0111\u1eb7t vi\u00ean thu\u1ed1c theo \u0111\u01b0\u1eddng ch\u00e9o ngang c\u1ee7a gi\u1ecf (theo D\u01b0\u1ee3c \u0111i\u1ec3n\n", "M\u1ef9 36).\n", "- M\u00f4i tr\u01b0\u1eddng ho\u00e0 tan: 500 mL dung d\u1ecbch \u0111\u1ec7m phosphat 0,1 M pH 6,5 c\u00f3 1 % natri lauryl sulfat.\n", "+ \u0110\u00e1nh gi\u00e1 \u1ea3nh h\u01b0\u1edfng c\u1ee7a t\u1ed1c \u0111\u1ed9 khu\u1ea5y: th\u1eed ho\u00e0 tan vi\u00ean th\u1ea9m th\u1ea5u v\u1edbi t\u1ed1c \u0111\u1ed9 khu\u1ea5y 50, 75 v\u00e0 100 v\u00f2ng/ph\u00fat.\n", "+ \u0110\u00e1nh gi\u00e1 \u1ea3nh h\u01b0\u1edfng c\u1ee7a pH m\u00f4i tr\u01b0\u1eddng ho\u00e0 tan: th\u1eed ho\u00e0 tan vi\u00ean th\u1ea9m th\u1ea5u trong c\u00e1c m\u00f4i tr\u01b0\u1eddng c\u00f3 pH kh\u00e1c nhau: dung d\u1ecbch HCl pH 1,2; \u0111\u1ec7m phosphat pH 4,5 v\u00e0 6,5.\n", "+ \u0110\u00e1nh gi\u00e1 \u1ea3nh h\u01b0\u1edfng c\u1ee7a \u00e1p su\u1ea5t th\u1ea9m th\u1ea5u c\u1ee7a m\u00f4i tr\u01b0\u1eddng ho\u00e0 tan: th\u1eed ho\u00e0 tan vi\u00ean th\u1ea9m th\u1ea5u trong c\u00e1c m\u00f4i tr\u01b0\u1eddng c\u00f3 \u00e1p su\u1ea5t th\u1ea9m th\u1ea5u kh\u00e1c nhau, b\u1eb1ng c\u00e1ch cho v\u00e0o m\u00f4i tr\u01b0\u1eddng ho\u00e0 tan l\u01b0\u1ee3ng natri clorid kh\u00e1c nhau: 0, 20, 40 mg.\n", "- Nhi\u1ec7t \u0111\u1ed9 m\u00f4i tr\u01b0\u1eddng ho\u00e0 tan: 37 \u00b1 0,5 oC.\n", "- Th\u1eddi gian th\u1eed: 12 gi\u1edd, th\u1eddi gian h\u00fat m\u1eabu v\u00e0 \u0111o quang t\u1ef1 \u0111\u1ed9ng 1 gi\u1edd/l\u1ea7n.\n", "iii) \u0110\u1ecbnh l\u01b0\u1ee3ng: b\u1eb1ng ph\u01b0\u01a1ng ph\u00e1p quang ph\u1ed5 \u1edf b\u01b0\u1edbc s\u00f3ng h\u1ea5p th\u1ee5 c\u1ef1c \u0111\u1ea1i.\n", "B\u01b0\u1edbc s\u00f3ng ph\u00e2n t\u00edch \u0111\u01b0\u1ee3c x\u00e1c \u0111\u1ecbnh b\u1eb1ng c\u00e1ch qu\u00e9t ph\u1ed5 dung d\u1ecbch felodipin chu\u1ea9n n\u1ed3ng \u0111\u1ed9 5 g/mL trong m\u00f4i tr\u01b0\u1eddng ho\u00e0 tan trong kho\u1ea3ng b\u01b0\u1edbc s\u00f3ng 200 - 500 nm b\u1eb1ng thi\u1ebft b\u1ecb \u0111o quang ph\u1ed5 h\u1ea5p th\u1ee5 UV - Vis, t\u1eeb \u0111\u00f3 l\u1ef1a ch\u1ecdn b\u01b0\u1edbc s\u00f3ng h\u1ea5p th\u1ee5 c\u1ef1c \u0111\u1ea1i.\n", "T\u1ef7 l\u1ec7 (%) felodipin ho\u00e0 tan t\u1ea1i m\u1ed7i th\u1eddi \u0111i\u1ec3m \u0111\u01b0\u1ee3c x\u00e1c \u0111\u1ecbnh c\u0103n c\u1ee9 v\u00e0o dung d\u1ecbch felodipin chu\u1ea9n n\u1ed3ng \u0111\u1ed9 5 g/mL.\n", "iv) So s\u00e1nh 2 \u0111\u01b0\u1eddng cong gi\u1ea3i ph\u00f3ng in vitro:\n", "H\u1ec7 s\u1ed1 t\u01b0\u01a1ng \u0111\u1ed3ng (2) \u0111\u01b0\u1ee3c quy \u0111\u1ecbnh b\u1edfi\n", "FDA v\u00e0 C\u01a1 quan \u0111\u00e1nh gi\u00e1 c\u00e1c s\u1ea3n ph\u1ea9m y h\u1ecdc\n", "Ch\u00e2u \u00c2u (EMEA) nh\u01b0 l\u00e0 ti\u00eau ch\u00ed \u0111\u1ec3 \u0111\u00e1nh gi\u00e1 s\u1ef1 gi\u1ed1ng nhau gi\u1eefa hai \u0111\u1ed3 th\u1ecb ho\u00e0 tan.\n", "Ch\u1ec9 s\u1ed1 2 c\u00f3 th\u1ec3 \u0111\u01b0\u1ee3c t\u00ednh theo c\u00f4ng th\u1ee9c: 1lg50 5,0 n i ii TR n f javascript:modelesswin('imageViewer?render=2D&doc='+parent.myTitle+'&img=/uspnf/pub/images/v34292/m32660-f2-pf321.gif&casNumber=&usp=34&nf=29&chemicalStructureImage=false&ID='+parent.myID,600,500);\n", "Trong \u0111\u00f3, n l\u00e0 s\u1ed1 \u0111i\u1ec3m l\u1ea5y m\u1eabu; Ri v\u00e0 Ti l\u00e0 % d\u01b0\u1ee3c ch\u1ea5t ho\u00e0 tan c\u1ee7a ch\u1ebf ph\u1ea9m \u0111\u1ed1i chi\u1ebfu v\u00e0 ch\u1ebf ph\u1ea9m th\u1eed t\u1ea1i th\u1eddi \u0111i\u1ec3m l\u1ea5y m\u1eabu th\u1ee9 i.\n", "X\u00e1c \u0111\u1ecbnh 2 v\u1edbi \u00edt nh\u1ea5t 3 \u0111i\u1ec3m l\u1ea5y m\u1eabu, h\u1ea1n ch\u1ebf \u0111\u1ec3 kh\u00f4ng c\u00f3 nhi\u1ec1u h\u01a1n m\u1ed9t \u0111i\u1ec3m l\u1ea5y m\u1eabu sau th\u1eddi \u0111i\u1ec3m 85 % l\u01b0\u1ee3ng d\u01b0\u1ee3c ch\u1ea5t \u0111\u00e3 ho\u00e0 tan.\n", "Gi\u00e1 tr\u1ecb 2 trong kho\u1ea3ng 0 - 100, 2 50 th\u00ec hai \u0111\u1ed3 th\u1ecb ho\u00e0 tan \u0111\u01b0\u1ee3c coi l\u00e0 gi\u1ed1ng nhau, 2 c\u00e0ng cao th\u00ec hai \u0111\u1ed3 th\u1ecb c\u00e0ng gi\u1ed1ng nhau [4-6].\n"], "3": ["3.\n", "K\u1ebft qu\u1ea3 v\u00e0 b\u00e0n lu\u1eadn\n", "Qu\u00e1 tr\u00ecnh gi\u1ea3i ph\u00f3ng d\u01b0\u1ee3c ch\u1ea5t t\u1eeb h\u1ec7 th\u1ea9m th\u1ea5u c\u00f3 \u01b0u \u0111i\u1ec3m l\u00e0 kh\u00f4ng ph\u1ee5 thu\u1ed9c v\u00e0o c\u00e1c y\u1ebfu t\u1ed1 m\u00f4i tr\u01b0\u1eddng b\u00ean ngo\u00e0i nh\u01b0 pH v\u00e0 nhu \u0111\u1ed9ng \u0111\u01b0\u1eddng ti\u00eau ho\u00e1, tuy nhi\u00ean l\u1ea1i b\u1ecb \u1ea3nh h\u01b0\u1edfng b\u1edfi \u00e1p su\u1ea5t th\u1ea9m th\u1ea5u m\u00f4i tr\u01b0\u1eddng.\n", "\u0110\u1ec3 \u0111\u00e1nh gi\u00e1 \u1ea3nh h\u01b0\u1edfng c\u1ee7a c\u00e1c y\u1ebfu t\u1ed1 m\u00f4i tr\u01b0\u1eddng b\u00ean ngo\u00e0i, ti\u1ebfn h\u00e0nh th\u1eed ho\u00e0 tan vi\u00ean nghi\u00ean c\u1ee9u trong c\u00e1c m\u00f4i kh\u00e1c nhau.\n", "3.1.\n", "\u1ea2nh h\u01b0\u1edfng c\u1ee7a pH m\u00f4i tr\u01b0\u1eddng ho\u00e0 tan\n", "So s\u00e1nh k\u1ebft qu\u1ea3 th\u1eed ho\u00e0 tan m\u1eabu vi\u00ean b\u00e0o ch\u1ebf \u1edf c\u00e1c m\u00f4i tr\u01b0\u1eddng c\u00f3 pH kh\u00e1c nhau: pH 1,2; 4,5 v\u00e0 6,5.\n", "K\u1ebft qu\u1ea3 \u0111\u01b0\u1ee3c tr\u00ecnh b\u00e0y trong H\u00ecnh 2.\n", "H\u00ecnh 2.\n", "\u0110\u1ed3 th\u1ecb gi\u1ea3i ph\u00f3ng d\u01b0\u1ee3c ch\u1ea5t c\u1ee7a vi\u00ean nghi\u00ean c\u1ee9u trong c\u00e1c m\u00f4i tr\u01b0\u1eddng c\u00f3 pH kh\u00e1c nhau (n = 6).\n", "T\u1eeb k\u1ebft qu\u1ea3 th\u1eed ho\u00e0 tan vi\u00ean nghi\u00ean c\u1ee9u trong c\u00e1c m\u00f4i tr\u01b0\u1eddng pH kh\u00e1c nhau, ta c\u00f3 gi\u00e1 tr\u1ecb f2 t\u01b0\u01a1ng quan gi\u1eefa c\u00e1c \u0111\u1ed3 th\u1ecb l\u00e0: f2 (pH 1,2/4,5) = 62,51, f2 (pH 1,2/6,5) = 65,50, f2 (pH 4,5/6,5) = 88,36.\n", "C\u00e1c gi\u00e1 tr\u1ecb f2 \u0111\u1ec1u trong kho\u1ea3ng 50 - 100, ch\u1ee9ng t\u1ecf c\u00e1c \u0111\u1ed3 th\u1ecb gi\u1ea3i ph\u00f3ng d\u01b0\u1ee3c ch\u1ea5t gi\u1ed1ng nhau.\n", "Do \u0111\u00f3, khi c\u00f3 m\u1eb7t ch\u1ea5t di\u1ec7n ho\u1ea1t \u0111\u1ec3 m\u00f4 ph\u1ecfng \u0111i\u1ec1u ki\u1ec7n in vivo, pH m\u00f4i tr\u01b0\u1eddng ho\u00e0 tan kh\u00f4ng \u1ea3nh h\u01b0\u1edfng \u0111\u1ebfn t\u1ef7 l\u1ec7 gi\u1ea3i ph\u00f3ng d\u01b0\u1ee3c ch\u1ea5t t\u1eeb vi\u00ean th\u1ea9m th\u1ea5u.\n", "3.2.\n", "\u1ea2nh h\u01b0\u1edfng c\u1ee7a t\u1ed1c \u0111\u1ed9 c\u00e1nh khu\u1ea5y\n", "So s\u00e1nh k\u1ebft qu\u1ea3 th\u1eed ho\u00e0 tan vi\u00ean nghi\u00ean c\u1ee9u v\u1edbi t\u1ed1c \u0111\u1ed9 khu\u1ea5y kh\u00e1c nhau: 50, 75 v\u00e0 100 v\u00f2ng/ph\u00fat.\n", "K\u1ebft qu\u1ea3 \u0111\u01b0\u1ee3c tr\u00ecnh b\u00e0y trong H\u00ecnh 3.\n", "T\u1eeb k\u1ebft qu\u1ea3 th\u1eed ho\u00e0 tan, t\u00ednh gi\u00e1 tr\u1ecb f2 t\u01b0\u01a1ng quan gi\u1eefa 2 \u0111\u1ed3 th\u1ecb gi\u1ea3i ph\u00f3ng d\u01b0\u1ee3c ch\u1ea5t ta c\u00f3: f2 (50/75 rpm) = 78,71; f2 (50/100 rpm) = 61,95; f2 (75/100 rpm) = 72,83.\n", "C\u00e1c gi\u00e1 tr\u1ecb f2 n\u1eb1m trong kho\u1ea3ng 50 - 100, do v\u1eady c\u00e1c \u0111\u1ed3 th\u1ecb gi\u1ea3i ph\u00f3ng tr\u00ean l\u00e0 gi\u1ed1ng nhau.\n", "Nh\u01b0 v\u1eady, t\u1ed1c \u0111\u1ed9 khu\u1ea5y kh\u00f4ng \u1ea3nh h\u01b0\u1edfng \u0111\u1ebfn t\u1ef7 l\u1ec7 gi\u1ea3i ph\u00f3ng d\u01b0\u1ee3c ch\u1ea5t t\u1eeb vi\u00ean th\u1ea9m th\u1ea5u.\n", ",0 20,0 40,0 60,0 80,0 100,0 0 2 4 6 8 10 12 % d \u01b0 \u1ee3 c ch \u1ea5 t g \u1ec9a i p h \u00f3 n g\n", "Th\u1eddi gian (gi\u1edd) pH 6,5 pH 4,5 pH 1,2\n", "H\u00ecnh 3.\n", "\u0110\u1ed3 th\u1ecb gi\u1ea3i ph\u00f3ng d\u01b0\u1ee3c ch\u1ea5t c\u1ee7a vi\u00ean nghi\u00ean c\u1ee9u trong c\u00e1c m\u00f4i tr\u01b0\u1eddng c\u00f3 t\u1ed1c \u0111\u1ed9 c\u00e1nh khu\u1ea5y kh\u00e1c nhau (n = 6).\n", "H\u00ecnh 4.\n", "\u0110\u1ed3 th\u1ecb gi\u1ea3i ph\u00f3ng d\u01b0\u1ee3c ch\u1ea5t c\u1ee7a vi\u00ean nghi\u00ean c\u1ee9u trong c\u00e1c m\u00f4i tr\u01b0\u1eddng c\u00f3 \u00e1p su\u1ea5t th\u1ea9m th\u1ea5u kh\u00e1c nhau (n = 6).\n", "3.3.\n", "\u1ea2nh h\u01b0\u1edfng c\u1ee7a \u00e1p su\u1ea5t th\u1ea9m th\u1ea5u m\u00f4i\n", "\u0110\u1ec3 t\u1ea1o c\u00e1c m\u00f4i tr\u01b0\u1eddng ho\u00e0 tan c\u00f3 \u00e1p su\u1ea5t th\u1ea9m th\u1ea5u kh\u00e1c nhau, th\u00eam v\u00e0o m\u00f4i tr\u01b0\u1eddng ho\u00e0 tan l\u01b0\u1ee3ng natri clorid kh\u00e1c nhau: 20 mg, 40 mg.\n", "Ti\u1ebfn h\u00e0nh th\u1eed ho\u00e0 tan vi\u00ean nghi\u00ean c\u1ee9u \u1edf c\u00e1c m\u00f4i \u0111\u01b0\u1ee3c tr\u00ecnh b\u00e0y trong H\u00ecnh 4.\n", "K\u1ebft qu\u1ea3 \u1edf H\u00ecnh 4 cho th\u1ea5y: S\u1ef1 c\u00f3 m\u1eb7t natri clorid trong m\u00f4i tr\u01b0\u1eddng ho\u00e0 tan l\u00e0m gi\u1ea3m t\u1ed1c \u0111\u1ed9 gi\u1ea3i ph\u00f3ng d\u01b0\u1ee3c ch\u1ea5t, n\u1ed3ng \u0111\u1ed9 natri clorid c\u00e0ng cao th\u00ec t\u1ed1c \u0111\u1ed9 gi\u1ea3i ph\u00f3ng c\u00e0ng ch\u1eadm.\n", "Nguy\u00ean nh\u00e2n l\u00e0 do s\u1ef1 c\u00f3 m\u1eb7t natri clorid trong m\u00f4i th\u1ea5u gi\u1eefa trong v\u00e0 ngo\u00e0i m\u00e0ng, n\u01b0\u1edbc b\u1ecb k\u00e9o v\u00e0o trong vi\u00ean nh\u00e2n ch\u1eadm l\u1ea1i khi\u1ebfn t\u1ed1c \u0111\u1ed9 gi\u1ea3i ph\u00f3ng gi\u1ea3m \u0111i.\n", "Do \u0111\u00f3, n\u1ed3ng \u0111\u1ed9 ch\u1ea5t t\u1ea1o \u00e1p su\u1ea5t th\u1ea9m th\u1ea5u trong m\u00f4i tr\u01b0\u1eddng ho\u00e0 tan c\u00e0ng cao th\u00ec t\u1ed1c ,0 20,0 40,0 60,0 80,0 100,0 0 2 4 6 8 10 12 % d \u01b0 \u1ee3 c ch \u1ea5 t g \u1ec9a i p h \u00f3 n g\n", "Th\u1eddi gian (gi\u1edd) 50 v\u00f2ng/ph\u00fat 75 v\u00f2ng/ph\u00fat 100 v\u00f2ng/ph\u00fat ,0 20,0 40,0 60,0 80,0 100,0 0 2 4 6 8 10 12 % d \u01b0 \u1ee3 c ch \u1ea5 t g \u1ec9a i p h \u00f3 n g\n", "Th\u1eddi gian (gi\u1edd) 0 mg NaCl 20 mg NaCl 40 mg NaCl \u0111\u1ed9 gi\u1ea3i ph\u00f3ng d\u01b0\u1ee3c ch\u1ea5t c\u00e0ng gi\u1ea3m.\n", "Qu\u00e1 tr\u00ecnh gi\u1ea3i ph\u00f3ng d\u01b0\u1ee3c ch\u1ea5t t\u1eeb b\u01a1m th\u1ea9m th\u1ea5u k\u00e9o - \u0111\u1ea9y ph\u1ee5 thu\u1ed9c v\u00e0o \u00e1p su\u1ea5t th\u1ea9m th\u1ea5u c\u1ee7a m\u00f4i tr\u01b0\u1eddng ho\u00e0 tan ch\u1ee9ng minh c\u01a1 ch\u1ebf th\u1ea9m th\u1ea5u c\u1ee7a vi\u00ean.\n"], "4": ["4.\n", "K\u1ebft lu\u1eadn\n", "Nghi\u00ean c\u1ee9u \u0111\u00e3 \u0111\u00e1nh gi\u00e1 \u1ea3nh h\u01b0\u1edfng c\u1ee7a \u0111i\u1ec1u ki\u1ec7n ho\u00e0 tan \u0111\u1ebfn kh\u1ea3 n\u0103ng gi\u1ea3i ph\u00f3ng d\u01b0\u1ee3c ch\u1ea5t t\u1eeb vi\u00ean felodipin 5 mg gi\u1ea3i ph\u00f3ng k\u00e9o d\u00e0i theo c\u01a1 ch\u1ebf b\u01a1m th\u1ea9m th\u1ea5u k\u00e9o - \u0111\u1ea9y.\n", "K\u1ebft qu\u1ea3 nghi\u00ean c\u1ee9u cho th\u1ea5y t\u1ed1c \u0111\u1ed9 gi\u1ea3i ph\u00f3ng d\u01b0\u1ee3c ch\u1ea5t t\u1eeb vi\u00ean nghi\u00ean c\u1ee9u kh\u00f4ng thay \u0111\u1ed5i khi ti\u1ebfn h\u00e0nh \u1edf m\u00f4i n\u00e0y ch\u1ee9ng minh r\u1eb1ng qu\u00e1 tr\u00ecnh gi\u1ea3i ph\u00f3ng d\u01b0\u1ee3c ch\u1ea5t t\u1eeb vi\u00ean th\u1ea9m th\u1ea5u k\u00e9o - \u0111\u1ea9y kh\u00f4ng b\u1ecb \u1ea3nh h\u01b0\u1edfng b\u1edfi pH \u0111\u01b0\u1eddng ti\u00eau ho\u00e1 v\u00e0 nhu \u0111\u1ed9ng ru\u1ed9t, \u0111\u00e2y l\u00e0 \u01b0u \u0111i\u1ec3m c\u1ee7a h\u1ec7 th\u1ea9m th\u1ea5u so v\u1edbi c\u00e1c d\u1ea1ng b\u00e0o ch\u1ebf gi\u1ea3i ph\u00f3ng k\u00e9o d\u00e0i s\u1eed d\u1ee5ng qua \u0111\u01b0\u1eddng u\u1ed1ng.\n", "Tuy nhi\u00ean, \u00e1p su\u1ea5t th\u1ea9m th\u1ea5u c\u1ee7a m\u00f4i ph\u00f3ng d\u01b0\u1ee3c ch\u1ea5t t\u1eeb b\u01a1m th\u1ea9m th\u1ea5u k\u00e9o - \u0111\u1ea9y t\u1ef7 l\u1ec7 ngh\u1ecbch v\u1edbi \u00e1p su\u1ea5t th\u1ea9m th\u1ea5u c\u1ee7a m\u00f4i tr\u01b0\u1eddng ho\u00e0 tan.\n", "K\u1ebft qu\u1ea3 n\u00e0y c\u0169ng ch\u1ee9ng minh c\u01a1 ch\u1ebf gi\u1ea3i ph\u00f3ng d\u01b0\u1ee3c ch\u1ea5t d\u1ef1a tr\u00ean s\u1ef1 ch\u00eanh l\u1ec7ch \u00e1p su\u1ea5t th\u1ea9m th\u1ea5u qua m\u00e0ng b\u00e1n th\u1ea5m.\n"]}, "Word count": 2617}