{"title": "Original Article\n", "content": {"0": ["T\u00f3m t\u1eaft: M\u1ee5c ti\u00eau: M\u00f4 t\u1ea3 \u0111\u1eb7c \u0111i\u1ec3m h\u00ecnh \u1ea3nh vi\u00eam ru\u1ed9t th\u1eeba c\u1ea5p (VRTC) tr\u00ean phim ch\u1ee5p c\u1eaft l\u1edbp vi t\u00ednh (CLVT) \u0111a d\u00e3y v\u00e0 gi\u00e1 tr\u1ecb c\u1ee7a ch\u1ee5p CLVT \u0111a d\u00e3y trong ch\u1ea9n \u0111o\u00e1n VRTC.\n", "Ph\u01b0\u01a1ng ph\u00e1p: nghi\u00ean c\u1ee9u h\u1ed3i c\u1ee9u m\u00f4 t\u1ea3 c\u1eaft ngang tr\u00ean 117 b\u1ec7nh nh\u00e2n (BN) VRTC \u0111\u01b0\u1ee3c ch\u1ee5p CLVT \u0111a d\u00e3y t\u1ea1i B\u1ec7nh vi\u1ec7n\n", "E t\u1eeb th\u00e1ng 2/2021 \u0111\u1ebfn th\u00e1ng 11/2021.\n", "K\u1ebft qu\u1ea3: tu\u1ed5i hay g\u1eb7p >50 tu\u1ed5i, trung b\u00ecnh 40,1\u00b120,8.\n", "T\u1ef7 l\u1ec7 nam/n\u1eef = 1/1,25.\n", "V\u1ecb tr\u00ed ru\u1ed9t th\u1eeba: h\u1ed1 ch\u1eadu ph\u1ea3i (HCP) 69,2%, sau manh tr\u00e0ng 16,2%, ti\u1ec3u khung 12%, d\u01b0\u1edbi gan 0,9%, 1,7% \u1edf v\u1ecb tr\u00ed kh\u00e1c trong \u1ed5 b\u1ee5ng.\n", "\u0110\u01b0\u1eddng k\u00ednh trung b\u00ecnh c\u1ee7a ru\u1ed9t th\u1eeba (RT) vi\u00eam 10,48\u00b12,5 mm (nh\u1ecf nh\u1ea5t 5 mm, l\u1edbn nh\u1ea5t 18 mm).\n", "\u0110\u01b0\u1eddng k\u00ednh tr\u00ean 7 mm chi\u1ebfm 95,7%, d\u00e0y th\u00e0nh ru\u1ed9t th\u1eeba \u2265 3 mm c\u00f3 83,8% b\u1ec7nh nh\u00e2n, th\u00e2m nhi\u1ec5m m\u1ee1 g\u1eb7p \u1edf 88% s\u1ed1 tr\u01b0\u1eddng h\u1ee3p nghi\u00ean c\u1ee9u.\n", "C\u00e1c d\u1ea5u hi\u1ec7u: s\u1ecfi ph\u00e2n 35%, d\u1ecbch quanh RT 7,7%, d\u1ecbch Douglas 3,4%, d\u1ecbch HCP 3,4%, h\u1ea1ch m\u1ea1c treo 25,7%.\n", "T\u1ef7 l\u1ec7 v\u1ee1 RT \u0111\u01b0\u1ee3c CLVT ch\u1ea9n \u0111o\u00e1n chi\u1ebfm 4,3%.\n", "\u0110\u1ed9 nh\u1ea1y, \u0111\u1ed9 ch\u00ednh x\u00e1c v\u00e0 gi\u00e1 tr\u1ecb ch\u1ea9n \u0111o\u00e1n d\u01b0\u01a1ng t\u00ednh c\u1ee7a CLVT \u0111a d\u00e3y trong ch\u1ea9n \u0111o\u00e1n VRTC l\u1ea7n l\u01b0\u1ee3t l\u00e0 97,4%, 96,6% v\u00e0 99,1%.\n", "K\u1ebft lu\u1eadn: CLVT \u0111a d\u00e3y c\u00f3 gi\u00e1 tr\u1ecb cao trong ch\u1ea9n \u0111o\u00e1n VRTC.\n", "T\u1eeb kho\u00e1: Vi\u00eam ru\u1ed9t th\u1eeba, VRTC, CLVT, CLVT \u0111a d\u00e3y.\n"], "1": ["1.\n", "M\u1edf \u0111\u1ea7u\n", "VRTC l\u00e0 m\u1ed9t trong nh\u1eefng nguy\u00ean nh\u00e2n th\u01b0\u1eddng g\u1eb7p nh\u1ea5t c\u1ee7a c\u00e1c c\u1ea5p c\u1ee9u b\u1ee5ng, c\u00f3 th\u1ec3 g\u1eb7p \u1edf m\u1ecdi l\u1ee9a tu\u1ed5i.\n", "T\u1ef7 l\u1ec7 t\u1eed vong \u1edf nh\u1eefng b\u1ec7nh nh\u00e2n vi\u00eam ru\u1ed9t th\u1eeba kh\u00e1c nhau ph\u1ee5 thu\u1ed9c v\u00e0o vi\u00eam ru\u1ed9t th\u1eeba c\u00f3 ho\u1ea1i t\u1eed ho\u1eb7c v\u1ee1 hay kh\u00f4ng.\n", "Nguy\u00ean nh\u00e2n g\u00e2y ra vi\u00eam ru\u1ed9t th\u1eeba c\u1ea5p th\u01b0\u1eddng do b\u00edt t\u1eafc trong l\u00f2ng ru\u1ed9t th\u1eeba, t\u1ea1o \u0111i\u1ec1u ki\u1ec7n cho c\u00e1c vi khu\u1ea9n x\u00e2m nh\u1eadp l\u00e0m cho ru\u1ed9t th\u1eeba vi\u00eam to, xung huy\u1ebft v\u00e0 nung m\u1ee7.\n", "VRTC c\u00f3 th\u1ec3 \u0111\u01b0\u1ee3c ch\u1ea9n \u0111o\u00e1n x\u00e1c \u0111\u1ecbnh tr\u00ean l\u00e2m s\u00e0ng v\u1edbi c\u00e1c tri\u1ec7u ch\u1ee9ng l\u00e2m s\u00e0ng \u0111i\u1ec3n h\u00ecnh nh\u01b0 s\u1ed1t, \u0111au b\u1ee5ng h\u1ed1 ch\u1eadu ph\u1ea3i, c\u00e1c \u0111i\u1ec3m \u0111au \u0111\u1eb7c tr\u01b0ng v\u00e0 k\u1ebft h\u1ee3p v\u1edbi h\u00ecnh \u1ea3nh si\u00eau \u00e2m.\n", "Tuy _* T\u00e1c gi\u1ea3 li\u00ean h\u1ec7.\n", "nhi\u00ean tr\u00ean th\u1ef1c t\u1ebf c\u00f3 r\u1ea5t nhi\u1ec1u tr\u01b0\u1eddng h\u1ee3p VRTC kh\u00f3 ch\u1ea9n \u0111o\u00e1n d\u1ef1a v\u00e0o l\u00e2m s\u00e0ng v\u00e0 si\u00eau \u00e2m do c\u00e1c tri\u1ec7u ch\u1ee9ng kh\u00f4ng \u0111i\u1ec3n h\u00ecnh.\n", "Ng\u00e0y nay v\u1edbi s\u1ef1 ph\u00e1t tri\u1ec3n c\u1ee7a c\u00e1c ph\u01b0\u01a1ng ti\u1ec7n ch\u1ea9n \u0111o\u00e1n h\u00ecnh \u1ea3nh, \u0111\u1eb7c bi\u1ec7t l\u00e0 ch\u1ee5p CLVT \u0111a d\u00e3y d\u1ef1ng t\u00e1i t\u1ea1o \u0111a b\u00ecnh di\u1ec7n (MPR), kh\u00f4ng nh\u1eefng gi\u00fap ch\u1ea9n \u0111o\u00e1n x\u00e1c \u0111\u1ecbnh VRTC m\u00e0 c\u00f2n c\u00f3 th\u1ec3 lo\u1ea1i tr\u1eeb nhi\u1ec1u nguy\u00ean nh\u00e2n \u0111au b\u1ee5ng kh\u00e1c gi\u00fap ch\u1ec9 \u0111\u1ecbnh ph\u1eabu thu\u1eadt k\u1ecbp th\u1eddi, h\u1ea1n ch\u1ebf \u0111\u01b0\u1ee3c c\u00e1c bi\u1ebfn ch\u1ee9ng cho b\u1ec7nh nh\u00e2n.\n", "V\u1edbi mong mu\u1ed1n t\u00ecm hi\u1ec3u \u0111\u1eb7c \u0111i\u1ec3m h\u00ecnh \u1ea3nh VRTC tr\u00ean phim\n", "CLVT \u0111a d\u00e3y v\u00e0 t\u00ecm hi\u1ec3u gi\u00e1 tr\u1ecb c\u1ee7a ch\u1ee5p CLVT \u0111a d\u00e3y trong ch\u1ea9n \u0111o\u00e1n ch\u00fang t\u00f4i th\u1ef1c hi\u1ec7n \u0111\u1ec1 t\u00e0i n\u00e0y v\u1edbi m\u1ee5c ti\u00eau: m\u00f4 t\u1ea3 \u0111\u1eb7c \u0111i\u1ec3m h\u00ecnh \u1ea3nh v\u00e0 \u0111\u00e1nh gi\u00e1 gi\u00e1 tr\u1ecb c\u1ee7a ch\u1ee5p CLVT \u0111a d\u00e3y trong ch\u1ea9n \u0111o\u00e1n VRTC.\n"], "2": ["2.\n", "\u0110\u1ed1i t\u01b0\u1ee3ng v\u00e0 ph\u01b0\u01a1ng ph\u00e1p nghi\u00ean c\u1ee9u 2.1.\n", "\u0110\u1ed1i t\u01b0\u1ee3ng nghi\u00ean c\u1ee9u + Ti\u00eau chu\u1ea9n l\u1ef1a ch\u1ecdn: ch\u1ea9n \u0111o\u00e1n l\u00e2m s\u00e0ng tr\u01b0\u1edbc m\u1ed5 l\u00e0 VRTC, \u0111\u01b0\u1ee3c ch\u1ee5p CLVT tr\u01b0\u1edbc m\u1ed5 v\u00e0 c\u00f3 k\u1ebft qu\u1ea3 gi\u1ea3i ph\u1eabu b\u1ec7nh (GPB).\n", "+ Ti\u00eau chu\u1ea9n lo\u1ea1i tr\u1eeb: kh\u00f4ng \u0111\u1ee7 ti\u00eau chu\u1ea9n l\u1ef1a ch\u1ecdn.\n", "2.2.\n", "Ph\u01b0\u01a1ng ph\u00e1p nghi\u00ean c\u1ee9u + Thi\u1ebft k\u1ebf nghi\u00ean c\u1ee9u: h\u1ed3i c\u1ee9u m\u00f4 t\u1ea3 c\u1eaft ngang.\n", "+ C\u1ee1 m\u1eabu: ch\u1ecdn m\u1eabu to\u00e0n b\u1ed9, ch\u1ecdn to\u00e0n b\u1ed9 b\u1ec7nh nh\u00e2n \u0111\u1ee7 ti\u00eau chu\u1ea9n l\u1ef1a ch\u1ecdn, kh\u00f4ng c\u00f3 ti\u00eau chu\u1ea9n lo\u1ea1i tr\u1eeb trong th\u1eddi gian t\u1eeb th\u00e1ng 02/2021 \u0111\u1ebfn th\u00e1ng 11/2021, c\u1ee1 m\u1eabu 117 BN VRTC.\n", "2.3.\n", "X\u1eed l\u00fd s\u1ed1 li\u1ec7u\n", "S\u1ed1 li\u1ec7u \u0111\u01b0\u1ee3c m\u00e3 ho\u00e1 v\u00e0 x\u1eed l\u00fd b\u1eb1ng ph\u1ea7n m\u1ec1m\n", "Stata 14.2.\n", "2.4.\n", "Ph\u01b0\u01a1ng ti\u1ec7n nghi\u00ean c\u1ee9u\n", "H\u1ec7 th\u1ed1ng ch\u1ee5p c\u1eaft l\u1edbp 64 l\u00e1t c\u1eaft/v\u00f2ng quay\n", "SOMATOM Perspective c\u1ee7a Siemens, \u0110\u1ee9c.\n", "2.5.\n", "Ti\u00eau chu\u1ea9n ch\u1ea9n \u0111o\u00e1n ru\u1ed9t th\u1eeba vi\u00eam tr\u00ean c\u1eaft l\u1edbp vi t\u00ednh\n", "Ti\u00eau chu\u1ea9n ch\u00ednh ru\u1ed9t th\u1eeba \u0111\u01b0\u1eddng k\u00ednh \u22657 mm, th\u00e0nh d\u00e0y \u22653 mm, quanh ru\u1ed9t th\u1eeba c\u00f3 th\u00e2m nhi\u1ec5m m\u1ee1, c\u00e1c ti\u00eau chu\u1ea9n ph\u1ee5: t\u1ee5 d\u1ecbch trong l\u00f2ng ru\u1ed9t th\u1eeba, s\u1ecfi ph\u00e2n, d\u1ecbch quanh ru\u1ed9t th\u1eeba.\n", "C\u00e1c tr\u01b0\u1eddng h\u1ee3p \u0111au HCP, ru\u1ed9t th\u1eeba \u0111\u01b0\u1eddng k\u00ednh \u22657 mm c\u00f3 th\u00e2m nhi\u1ec5m m\u1ee1 kh\u00f4ng r\u00f5 r\u00e0ng \u0111\u01b0\u1ee3c ch\u1ea9n \u0111o\u00e1n theo d\u00f5i vi\u00eam ru\u1ed9t th\u1eeba.\n", "2.6.\n", "Ti\u00eau chu\u1ea9n chuy\u00ean gia \u0111\u1ecdc phim - B\u00e1c s\u0129 C\u0110HA c\u00f3 t\u1eeb 3 n\u0103m kinh nghi\u1ec7m tr\u1edf l\u00ean.\n"], "3": ["3.\n", "K\u1ebft qu\u1ea3 nghi\u00ean c\u1ee9u 3.1.\n", "\u0110\u1eb7c \u0111i\u1ec3m h\u00ecnh \u1ea3nh c\u1eaft l\u1edbp vi t\u00ednh \u1edf b\u1ec7nh nh\u00e2n vi\u00eam ru\u1ed9t th\u1eeba c\u1ea5p 3.1.1.\n", "\u0110\u1eb7c \u0111i\u1ec3m chung\n", "Tu\u1ed5i trung b\u00ecnh 40,1\u00b120,8, nh\u1ecf nh\u1ea5t 5 tu\u1ed5i, l\u1edbn nh\u1ea5t 86 tu\u1ed5i.\n", "Nh\u00f3m tu\u1ed5i tr\u00ean 50 c\u00f3 t\u1ec9 l\u1ec7 cao nh\u1ea5t (32,5%).\n", "N\u1eef chi\u1ebfm 55,6%, t\u1ef7 l\u1ec7 nam/n\u1eef =1/1,25.\n", "3.1.2.\n", "\u0110\u1eb7c \u0111i\u1ec3m h\u00ecnh \u1ea3nh c\u1eaft l\u1edbp vi t\u00ednh c\u1ee7a vi\u00eam ru\u1ed9t th\u1eeba c\u1ea5p\n", "B\u1ea3ng 1.\n", "V\u1ecb tr\u00ed ru\u1ed9t th\u1eeba tr\u00ean CLVT\n", "V\u1ecb tr\u00ed RT n %\n", "H\u1ed1 ch\u1eadu ph\u1ea3i 81 69,2\n", "Sau manh tr\u00e0ng 19 16,2\n", "D\u01b0\u1edbi gan 1 0,9\n", "Ti\u1ec3u khung 14 12\n", "C\u00e1c v\u1ecb tr\u00ed kh\u00e1c 2 1,7\n", "T\u1ed5ng 117 100\n", "Nh\u1eadn x\u00e9t: RT sau manh tr\u00e0ng v\u00e0 ti\u1ec3u khung chi\u1ebfm t\u1ec9 l\u1ec7 l\u1ea7n l\u01b0\u1ee3t l\u00e0 16,2% v\u00e0 12%.\n", "H\u00ecnh 1.\n", "RT v\u1ecb tr\u00ed sau manh tr\u00e0ng; H.C.M.\n", "27 tu\u1ed5i (m\u00e3 BA 2120143).\n", "H\u00ecnh 2.\n", "Ru\u1ed9t th\u1eeba v\u1ecb tr\u00ed ti\u1ec3u khung; C.T.M.\n", "10 tu\u1ed5i (m\u00e3 b\u1ec7nh \u00e1n 2104324).\n", "B\u1ea3ng 2.\n", "K\u00edch th\u01b0\u1edbc \u0111\u01b0\u1eddng k\u00ednh RT tr\u00ean CLVT\n", "\u0110\u01b0\u1eddng k\u00ednh RT n % <7 5 4,3 \u22657 112 95,7\n", "T\u1ed5ng 117 100\n", "Nh\u1eadn x\u00e9t: \u0111\u01b0\u1eddng k\u00ednh RT trung b\u00ecnh 10,48\u00b12,5 mm.\n", "Nh\u1ecf nh\u1ea5t 5 mm, l\u1edbn nh\u1ea5t 18 mm.\n", "H\u00ecnh 3.\n", "Ru\u1ed9t th\u1eeba t\u0103ng k\u00edch th\u01b0\u1edbc; T.V.D.\n", "45 tu\u1ed5i (m\u00e3 BA 2120430).\n", "B\u1ea3ng 3.\n", "\u0110\u00e1nh gi\u00e1 \u0111\u1ed9 d\u00e0y th\u00e0nh RT tr\u00ean CLVT\n", "D\u00e0y th\u00e0nh RT n %\n", "C\u00f3 98 83,8\n", "Kh\u00f4ng 19 16,2\n", "T\u1ed5ng 117 100\n", "Nh\u1eadn x\u00e9t: d\u1ea5u hi\u1ec7u d\u00e0y th\u00e0nh RT tr\u00ean CLVT chi\u1ebfm 83,8%.\n", "B\u1ea3ng 4.\n", "D\u1ea5u hi\u1ec7u th\u00e2m nhi\u1ec5m m\u1ee1 tr\u00ean CLVT\n", "Th\u00e2m nhi\u1ec5m m\u1ee1 n %\n", "C\u00f3 th\u00e2m nhi\u1ec5m 103 88\n", "Kh\u00f4ng th\u00e2m nhi\u1ec5m 11 9,4\n", "Kh\u00f4ng x\u00e1c \u0111\u1ecbnh 3 2,6\n", "T\u1ed5ng 117 100\n", "Nh\u1eadn x\u00e9t: d\u1ea5u hi\u1ec7u th\u00e2m nhi\u1ec5m m\u1ee1 tr\u00ean\n", "CLVT chi\u1ebfm 88%.\n", "H\u00ecnh 4.\n", "H\u00ecnh \u1ea3nh th\u00e2m nhi\u1ec5m m\u1ee1 quanh RT; D.\n", "T.\n", "K.\n", "A.\n", "30 tu\u1ed5i (m\u00e3 b\u1ec7nh \u00e1n 2107075).\n", "B\u1ea3ng 5: C\u00e1c d\u1ea5u hi\u1ec7u kh\u00e1c tr\u00ean CLVT\n", "C\u00e1c d\u1ea5u hi\u1ec7u kh\u00e1c n %\n", "S\u1ecfi ph\u00e2n 41 35\n", "D\u1ecbch quanh RT 9 7,7\n", "D\u1ecbch Douglas 4 3,4\n", "D\u1ecbch HCP 4 3,4\n", "\u00c1p xe \u1edf HCP 5 4,3\n", "H\u1ea1ch m\u1ea1c treo 30 25,7\n", "Nh\u1eadn x\u00e9t: s\u1ecfi ph\u00e2n chi\u1ebfm 35%, h\u1ea1ch m\u1ea1c treo chi\u1ebfm 25,7%.\n", "D\u1ecbch quanh ru\u1ed9t th\u1eeba, d\u1ecbch\n", "HCP v\u00e0 \u00e1p xe HCP \u00edt g\u1eb7p.\n", "B\u1ea3ng 6.\n", "Ch\u1ea9n \u0111o\u00e1n bi\u1ebfn ch\u1ee9ng v\u1ee1 ru\u1ed9t th\u1eeba tr\u00ean CLVT\n", "V\u1ee1 ru\u1ed9t th\u1eeba n %\n", "C\u00f3 5 4,3\n", "Kh\u00f4ng 112 95,7\n", "T\u1ed5ng 117 100\n", "Nh\u1eadn x\u00e9t: 4,3% \u0111\u01b0\u1ee3c k\u1ebft lu\u1eadn c\u00f3 v\u1ee1 ru\u1ed9t th\u1eeba tr\u00ean phim ch\u1ee5p CLVT.\n", "H\u00ecnh 5.\n", "Bi\u1ebfn ch\u1ee9ng v\u1ee1 ru\u1ed9t th\u1eeba tr\u00ean CLVT;\n", "N.T.T.T.\n", "48 tu\u1ed5i (m\u00e3 BA: 2118901).\n", "3.2.\n", "Gi\u00e1 tr\u1ecb ch\u1ea9n \u0111o\u00e1n c\u1ee7a c\u1eaft l\u1edbp vi t\u00ednh\n", "B\u1ea3ng 7.\n", "K\u1ebft lu\u1eadn c\u1ee7a CLVT\n", "K\u1ebft lu\u1eadn CLVT n %\n", "VRTC/TD VRTC 114 97,4\n", "B\u00ecnh th\u01b0\u1eddng 3 2,6\n", "T\u1ed5ng 117 100\n", "Nh\u1eadn x\u00e9t: B\u1ec7nh nh\u00e2n \u0111\u01b0\u1ee3c ch\u1ea9n \u0111o\u00e1n VRTC ho\u1eb7c nghi ng\u1edd chi\u1ebfm t\u1ef7 l\u1ec7 cao 97,4%.\n", "B\u1ea3ng 8.\n", "\u0110\u00e1nh gi\u00e1 v\u1ecb tr\u00ed ru\u1ed9t th\u1eeba\n", "V\u1ecb tr\u00ed RT n %\n", "\u0110\u00fang v\u1ecb tr\u00ed 98 83,8\n", "Sai v\u1ecb tr\u00ed 19 16,2\n", "T\u1ed5ng 117 100\n", "Nh\u1eadn x\u00e9t: t\u1ec9 l\u1ec7 ch\u1ea9n \u0111o\u00e1n \u0111\u00fang v\u1ecb tr\u00ed RT c\u1ee7a\n", "CLVT l\u00e0 83,8%.\n", "B\u1ea3ng 9.\n", "Gi\u00e1 tr\u1ecb c\u1ee7a CLVT trong ch\u1ea9n \u0111o\u00e1n \u0111\u01b0\u1eddng k\u00ednh ru\u1ed9t th\u1eeba\n", "GPB\n", "CLVT\n", "RT t\u0103ng\n", "KT\n", "RT kh\u00f4ng t\u0103ng KT\n", "T\u1ed5ng\n", "D\u01b0\u01a1ng t\u00ednh 90 22 112\n", "\u00c2m t\u00ednh 3 2 5\n", "T\u1ed5ng 93 24 117\n", "Nh\u1eadn x\u00e9t: Se = 96,8%, Sp = 2/24, Acc = 78,6%, PPV = 80,4%.\n", "B\u1ea3ng 10.\n", "Gi\u00e1 tr\u1ecb c\u1ee7a CLVT trong ch\u1ea9n \u0111o\u00e1n bi\u1ebfn ch\u1ee9ng v\u1ee1 RT\n", "Ph\u1eabu thu\u1eadt\n", "CLVT\n", "C\u00f3 v\u1ee1\n", "RT\n", "Kh\u00f4ng v\u1ee1 RT\n", "T\u1ed5ng\n", "D\u01b0\u01a1ng t\u00ednh 4 1 5\n", "\u00c2m t\u00ednh 7 105 112\n", "T\u1ed5ng 11 106 117\n", "Nh\u1eadn x\u00e9t: Se = 4/11, Sp = 99,1%, Acc = 93,2%, PPV = 4/5, NPV = 93,8%.\n", "B\u1ea3ng 11.\n", "Gi\u00e1 tr\u1ecb c\u1ee7a CLVT trong ch\u1ea9n \u0111o\u00e1n VRTC\n", "GPB\n", "CLVT\n", "VRT\n", "Kh\u00f4ng\n", "VRT\n", "T\u1ed5ng\n", "D\u01b0\u01a1ng t\u00ednh 113 1 114\n", "\u00c2m t\u00ednh 3 0 3\n", "T\u1ed5ng 116 1 117\n", "Nh\u1eadn x\u00e9t: Se= 97,4%, Acc= 96,6%, PPV= 99,1%.\n", "H\u00ecnh 6.\n", "H\u00ecnh \u1ea3nh VRTC tr\u00ean CLVT, k\u1ebft qu\u1ea3 GPB ung th\u01b0 manh tr\u00e0ng; N.T.X.\n", "72 tu\u1ed5i (m\u00e3 BA 2115246).\n"], "4": ["4.\n", "B\u00e0n lu\u1eadn 4.1.\n", "\u0110\u1eb7c hi\u1ec3m h\u00ecnh \u1ea3nh c\u1eaft l\u1edbp vi t\u00ednh \u1edf b\u1ec7nh nh\u00e2n vi\u00eam ru\u1ed9t th\u1eeba c\u1ea5p 4.1.1.\n", "\u0110\u1eb7c \u0111i\u1ec3m chung - Tu\u1ed5i:\n", "Trong nghi\u00ean c\u1ee9u n\u00e0y, b\u1ec7nh nh\u00e2n nh\u1ecf tu\u1ed5i nh\u1ea5t l\u00e0 5, l\u1edbn tu\u1ed5i nh\u1ea5t l\u00e0 86, tu\u1ed5i trung b\u00ecnh l\u00e0 40,1\u00b120,8.\n", "Nh\u00f3m tu\u1ed5i c\u00f3 t\u1ec9 l\u1ec7 VRTC cao nh\u1ea5t l\u00e0 tr\u00ean 50 tu\u1ed5i (32,5%), th\u1ea5p nh\u1ea5t l\u00e0 d\u01b0\u1edbi 15 tu\u1ed5i (12,8%).\n", "Nguy\u1ec5n Th\u1ecb Thi\u00ean Kim ghi nh\u1eadn nh\u00f3m tu\u1ed5i 30-50 chi\u1ebfm t\u1ec9 l\u1ec7 cao nh\u1ea5t 56,8% [1], kh\u00e1c bi\u1ec7t n\u00e0y c\u00f3 th\u1ec3 do kh\u00e1c nhau v\u1ec1 \u0111\u1ed1i t\u01b0\u1ee3ng v\u00e0 ph\u01b0\u01a1ng ph\u00e1p nghi\u00ean c\u1ee9u.\n", "C\u00e1c NC \u0111\u1ec1u c\u00f3 k\u1ebft qu\u1ea3 nh\u00f3m tu\u1ed5i \u00edt g\u1eb7p nh\u1ea5t l\u00e0 <15 tu\u1ed5i.\n", "Trong NC c\u1ee7a ch\u00fang t\u00f4i t\u1ec9 l\u1ec7 n\u00e0y l\u00e0 12,8%.\n", "Nguy\u00ean nh\u00e2n l\u00e0 do \u1edf tu\u1ed5i nh\u1ecf, c\u00e1c nang b\u1ea1ch huy\u1ebft ch\u01b0a ph\u00e1t tri\u1ec3n, ru\u1ed9t th\u1eeba vi\u00eam do nhi\u1ec5m khu\u1ea9n.\n", "\u1ede tu\u1ed5i tr\u01b0\u1edfng th\u00e0nh, c\u00e1c nang b\u1ea1ch huy\u1ebft ph\u00e1t tri\u1ec3n \u0111\u1ea7y \u0111\u1ee7, nguy\u00ean nh\u00e2n VRTC l\u00e0 do t\u1eafc ngh\u1ebdn trong l\u00f2ng ru\u1ed9t th\u1eeba.\n", "\u1ede ng\u01b0\u1eddi cao tu\u1ed5i c\u00e1c tri\u1ec7u ch\u1ee9ng l\u00e2m s\u00e0ng kh\u00f4ng r\u00f5 r\u00e0ng, si\u00eau \u00e2m kh\u00f3 kh\u1ea3o s\u00e1t \u1edf nh\u1eefng ng\u01b0\u1eddi c\u00f3 th\u1ec3 tr\u1ea1ng th\u1eeba c\u00e2n, do v\u1eady c\u1ea7n ch\u1ee5p CLVT \u0111\u1ec3 kh\u1eb3ng \u0111\u1ecbnh ch\u1ea9n \u0111o\u00e1n.\n", "- Gi\u1edbi t\u00ednh:\n", "Theo Nguy\u1ec5n Th\u1ecb Thi\u00ean Kim VRTC \u1edf nam l\u00e0 65,4%, n\u1eef 34,6%, t\u1ec9 l\u1ec7 nam/n\u1eef = 1,5/1 [1].\n", "J.\n", "B.\n", "Harringa cho r\u1eb1ng nam chi\u1ebfm 45%, n\u1eef chi\u1ebfm 55%, t\u1ec9 l\u1ec7 nam/n\u1eef = 1/1,2 [2].\n", "Nghi\u00ean c\u1ee9u c\u1ee7a ch\u00fang t\u00f4i c\u00f3 52 nam (44,4%) v\u00e0 65 n\u1eef (55,6%), t\u1ec9 l\u1ec7 nam/n\u1eef = 1/1,25.\n", "S\u1ef1 kh\u00e1c bi\u1ec7t gi\u1eefa t\u1ec9 l\u1ec7 nam v\u00e0 n\u1eef \u1edf nghi\u00ean c\u1ee9u c\u1ee7a ch\u00fang t\u00f4i v\u00e0 c\u00e1c nghi\u00ean c\u1ee9u \u1edf tr\u00ean c\u00f3 th\u1ec3 do s\u1ef1 kh\u00e1c nhau v\u1ec1 ti\u00eau chu\u1ea9n l\u1ef1a ch\u1ecdn v\u00e0 s\u1ed1 l\u01b0\u1ee3ng \u0111\u1ed1i t\u01b0\u1ee3ng nghi\u00ean c\u1ee9u.\n", "T\u1eeb c\u00e1c k\u1ebft qu\u1ea3 tr\u00ean c\u00f3 th\u1ec3 nh\u1eadn x\u00e9t r\u1eb1ng VRTC kh\u00f4ng ph\u1ee5 thu\u1ed9c v\u00e0o gi\u1edbi t\u00ednh.\n", "4.1.2.\n", "\u0110\u1eb7c \u0111i\u1ec3m v\u1ecb tr\u00ed ru\u1ed9t th\u1eeba tr\u00ean c\u1eaft l\u1edbp vi t\u00ednh\n", "K\u1ebft qu\u1ea3 nghi\u00ean c\u1ee9u c\u1ee7a ch\u00fang t\u00f4i ru\u1ed9t th\u1eeba \u1edf v\u1ecb tr\u00ed b\u00ecnh th\u01b0\u1eddng chi\u1ebfm 69,2%, ru\u1ed9t th\u1eeba \u1edf sau manh tr\u00e0ng 16,2%, \u1edf ti\u1ec3u khung chi\u1ebfm 12%.\n", "Ru\u1ed9t th\u1eeba \u1edf v\u1ecb tr\u00ed d\u01b0\u1edbi gan hay \u1edf c\u00e1c v\u1ecb tr\u00ed kh\u00e1c trong \u1ed5 b\u1ee5ng \u00edt g\u1eb7p h\u01a1n (2,6%).\n", "Theo Tr\u1ea7n Th\u1ecb Ho\u00e0ng Ng\u00e2u (2017) v\u1ecb tr\u00ed ru\u1ed9t th\u1eeba th\u01b0\u1eddng g\u1eb7p \u1edf d\u01b0\u1edbi manh tr\u00e0ng (45,5%), sau \u0111\u00f3 l\u00e0 h\u1ed1 ch\u1eadu ph\u1ea3i (18,5%), ru\u1ed9t th\u1eeba \u1edf sau manh tr\u00e0ng 9,7% [3], kh\u00e1c bi\u1ec7t so v\u1edbi nghi\u00ean c\u1ee9u c\u1ee7a ch\u00fang t\u00f4i c\u00f3 th\u1ec3 do kh\u00e1c nhau v\u1ec1 ti\u00eau chu\u1ea9n l\u1ef1a ch\u1ecdn v\u00e0 s\u1ed1 l\u01b0\u1ee3ng c\u00e1c \u0111\u1ed1i t\u01b0\u1ee3ng nghi\u00ean c\u1ee9u.\n", "Trong NC c\u1ee7a ch\u00fang t\u00f4i t\u1ec9 l\u1ec7 RT \u1edf v\u1ecb tr\u00ed b\u1ea5t b\u00ecnh th\u01b0\u1eddng chi\u1ebfm 30,8%.\n", "Ru\u1ed9t th\u1eeba \u1edf sau manh tr\u00e0ng, ti\u1ec3u khung, d\u01b0\u1edbi gan v\u00e0 v\u1ecb tr\u00ed kh\u00e1c trong \u1ed5 b\u1ee5ng khi vi\u00eam s\u1ebd c\u00f3 tri\u1ec7u ch\u1ee9ng l\u00e2m s\u00e0ng kh\u00f4ng \u0111i\u1ec3n h\u00ecnh g\u00e2y kh\u00f3 kh\u0103n cho l\u00e2m s\u00e0ng v\u00e0 si\u00eau \u00e2m trong ch\u1ea9n \u0111o\u00e1n.\n", "CLVT \u0111a d\u00e3y \u0111\u00e3 cung c\u1ea5p th\u00f4ng tin ch\u00ednh x\u00e1c gi\u00fap l\u00e2m s\u00e0ng kh\u1eafc ph\u1ee5c \u0111\u01b0\u1ee3c kh\u00f3 kh\u0103n n\u00e0y.\n", "Nh\u01b0 v\u1eady, c\u00e1c tr\u01b0\u1eddng h\u1ee3p VRTC c\u00f3 tri\u1ec7u ch\u1ee9ng l\u00e2m s\u00e0ng kh\u00f4ng \u0111i\u1ec3n h\u00ecnh v\u00e0 si\u00eau \u00e2m kh\u00f3 \u0111\u00e1nh gi\u00e1, CLVT \u0111a d\u00e3y \u0111\u01b0\u1ee3c khuy\u1ebfn c\u00e1o s\u1eed d\u1ee5ng.\n", "4.1.3.\n", "\u0110\u01b0\u1eddng k\u00ednh ru\u1ed9t th\u1eeba\n", "\u0110\u01b0\u1eddng k\u00ednh ru\u1ed9t th\u1eeba l\u00e0 m\u1ed9t trong c\u00e1c ti\u00eau chu\u1ea9n \u0111\u00e1nh gi\u00e1 ru\u1ed9t th\u1eeba c\u00f3 vi\u00eam hay kh\u00f4ng.\n", "Tr\u01b0\u1edbc \u0111\u00e2y, m\u1ed1c NC l\u00e0 6 mm.\n", "Tuy nhi\u00ean, hi\u1ec7n nay ch\u1ec9 s\u1ed1 \u2265 7 mm th\u01b0\u1eddng \u0111\u01b0\u1ee3c s\u1eed d\u1ee5ng.\n", "Trong nghi\u00ean c\u1ee9u c\u1ee7a ch\u00fang t\u00f4i \u0111\u01b0\u1eddng k\u00ednh RT nh\u1ecf nh\u1ea5t \u0111o \u0111\u01b0\u1ee3c tr\u00ean CLVT l\u00e0 5 mm, l\u1edbn nh\u1ea5t l\u00e0 18 mm.\n", "\u0110\u01b0\u1eddng k\u00ednh RT vi\u00eam c\u00f3 k\u00edch th\u01b0\u1edbc \u2265 7 mm chi\u1ebfm t\u1ec9 l\u1ec7 95,7%, ch\u1ec9 4,3% c\u00f3 \u0111\u01b0\u1eddng k\u00ednh RT < 7 mm.\n", "Mai C\u00f4ng Sao v\u00e0 c\u1ed9ng s\u1ef1 (2018) cho r\u1eb1ng c\u00f3 95% b\u1ec7nh nh\u00e2n VRTC \u0111\u01b0\u1eddng k\u00ednh \u2265 6 mm [4], th\u1ea5p h\u01a1n so v\u1edbi nghi\u00ean c\u1ee9u c\u1ee7a ch\u00fang t\u00f4i.\n", "Trong nghi\u00ean c\u1ee9u n\u00e0y ch\u00fang t\u00f4i d\u1ef1ng t\u00e1i t\u1ea1o \u0111a b\u00ecnh di\u1ec7n MPR, \u0111o \u0111\u01b0\u1eddng k\u00ednh RT \u1edf c\u00e1c l\u00e1t c\u1eaft ngang vu\u00f4ng g\u00f3c v\u1edbi tr\u1ee5c RT.\n", "\u0110o \u0111\u01b0\u1eddng k\u00ednh c\u1ea3 \u0111o\u1ea1n g\u1ed1c, th\u00e2n v\u00e0 ng\u1ecdn RT, ch\u1ecdn \u0111\u01b0\u1eddng k\u00ednh l\u1edbn nh\u1ea5t.\n", "C\u00e1c tr\u01b0\u1eddng h\u1ee3p c\u00f3 nghi ng\u1edd, c\u1ea7n ph\u1ea3i k\u1ebft h\u1ee3p v\u1edbi c\u00e1c d\u1ea5u hi\u1ec7u kh\u00e1c nh\u01b0 s\u1ecfi ph\u00e2n, th\u00e2m nhi\u1ec5m m\u1ee1, d\u00e0y th\u00e0nh,...\n", "4.1.4.\n", "D\u00e0y th\u00e0nh ru\u1ed9t th\u1eeba tr\u00ean c\u1eaft l\u1edbp vi t\u00ednh\n", "Theo y v\u0103n, \u0111\u1ed9 d\u00e0y th\u00e0nh RT b\u00ecnh th\u01b0\u1eddng l\u00e0 1-2 mm, RT vi\u00eam c\u00f3 th\u00e0nh d\u00e0y \u2265 3 mm.\n", "Ch\u00fang t\u00f4i s\u1eed d\u1ee5ng m\u1ed1c \u2265 3 mm v\u00e0 < 3 mm \u0111\u1ec3 \u0111\u00e1nh gi\u00e1 th\u00e0nh ru\u1ed9t th\u1eeba d\u00e0y hay kh\u00f4ng d\u00e0y tr\u00ean phim ch\u1ee5p CLVT.\n", "\u0110o \u0111\u1ed9 d\u00e0y th\u00e0nh ru\u1ed9t th\u1eeba tr\u00ean c\u00f9ng l\u00e1t c\u1eaft v\u1edbi \u0111o \u0111\u01b0\u1eddng k\u00ednh ru\u1ed9t th\u1eeba.\n", "Trong 117 tr\u01b0\u1eddng h\u1ee3p NC, 83,8% th\u00e0nh RT d\u00e0y \u2265 3 mm, ch\u1ec9 16,2% tr\u01b0\u1eddng h\u1ee3p c\u00f3 th\u00e0nh d\u00e0y < 3 mm.\n", "K\u1ebft qu\u1ea3 nghi\u00ean c\u1ee9u n\u00e0y kh\u00e1 t\u01b0\u01a1ng \u0111\u1ed3ng v\u1edbi k\u1ebft qu\u1ea3 c\u1ee7a Mai C\u00f4ng Sao v\u00e0 c\u1ed9ng s\u1ef1.\n", "90%\n", "Nh\u01b0 v\u1eady, d\u00e0y th\u00e0nh ru\u1ed9t th\u1eeba l\u00e0 \u0111\u1eb7c \u0111i\u1ec3m \u0111\u1eb7c tr\u01b0ng c\u1ee7a ru\u1ed9t th\u1eeba vi\u00eam.\n", "4.1.5.\n", "D\u1ea5u hi\u1ec7u th\u00e2m nhi\u1ec5m m\u1ee1 tr\u00ean c\u1eaft l\u1edbp vi t\u00ednh\n", "D\u1ea5u hi\u1ec7u th\u00e2m nhi\u1ec5m m\u1ee1 l\u00e0 m\u1ed9t d\u1ea5u hi\u1ec7u quan tr\u1ecdng \u0111\u1ec3 ch\u1ea9n \u0111o\u00e1n VRTC.\n", "Mai C\u00f4ng Sao v\u00e0 c\u1ed9ng s\u1ef1 cho th\u1ea5y t\u1ec9 l\u1ec7 ph\u00e1t hi\u1ec7n th\u00e2m nhi\u1ec5m m\u1ee1 tr\u00ean CLVT l\u00e0 70%, t\u1ec9 l\u1ec7 ph\u00e1t hi\u1ec7n th\u00e2m nhi\u1ec5m m\u1ee1 tr\u00ean si\u00eau \u00e2m l\u00e0 72,9% [4].\n", "Trong nghi\u00ean c\u1ee9u c\u1ee7a ch\u00fang t\u00f4i, 88% tr\u01b0\u1eddng h\u1ee3p VRTC c\u00f3 th\u00e2m nhi\u1ec5m m\u1ee1 \u0111\u01b0\u1ee3c quan s\u00e1t th\u1ea5y tr\u00ean phim CLVT, 9,4% b\u1ec7nh nh\u00e2n kh\u00f4ng c\u00f3 d\u1ea5u hi\u1ec7u th\u00e2m nhi\u1ec5m m\u1ee1 v\u00e0 2,6% kh\u00f4ng x\u00e1c \u0111\u1ecbnh r\u00f5.\n", "S\u1ef1 kh\u00e1c bi\u1ec7t gi\u1eefa k\u1ebft qu\u1ea3 tr\u00ean c\u1ee7a ch\u00fang t\u00f4i so v\u1edbi Mai C\u00f4ng Sao do s\u1ef1 kh\u00e1c bi\u1ec7t v\u1ec1 ph\u01b0\u01a1ng ti\u1ec7n nghi\u00ean c\u1ee9u gi\u1eefa si\u00eau \u00e2m v\u00e0 CLVT.\n", "D\u1ea5u hi\u1ec7u th\u00e2m nhi\u1ec5m m\u1ee1 kh\u00e1 \u0111\u1eb7c hi\u1ec7u trong ch\u1ea9n \u0111o\u00e1n VRTC.\n", "C\u00e1c tr\u01b0\u1eddng h\u1ee3p kh\u00f4ng \u0111\u00e1nh gi\u00e1 \u0111\u01b0\u1ee3c c\u00e1c d\u1ea5u hi\u1ec7u t\u0103ng k\u00edch th\u01b0\u1edbc ru\u1ed9t th\u1eeba hay d\u00e0y th\u00e0nh ru\u1ed9t th\u1eeba c\u1ea7n ph\u1ed1i h\u1ee3p v\u1edbi d\u1ea5u hi\u1ec7u th\u00e2m nhi\u1ec5m m\u1ee1 \u0111\u1ec3 c\u1ee7ng c\u1ed1 ch\u1ea9n \u0111o\u00e1n.\n", "4.1.6.\n", "C\u00e1c d\u1ea5u hi\u1ec7u kh\u00e1c tr\u00ean c\u1eaft l\u1edbp vi t\u00ednh\n", "Nghi\u00ean c\u1ee9u c\u1ee7a c\u00e1c t\u00e1c gi\u1ea3 v\u1ec1 d\u1ea5u hi\u1ec7u s\u1ecfi ph\u00e2n trong VRTC c\u00f3 m\u1ed9t s\u1ed1 s\u1ef1 kh\u00e1c bi\u1ec7t nh\u1ea5t \u0111\u1ecbnh.\n", "Nguy\u1ec5n Ph\u01b0\u1edbc Thuy\u1ebft cho r\u1eb1ng 37,5% b\u1ec7nh nh\u00e2n c\u00f3 s\u1ecfi trong l\u00f2ng ru\u1ed9t th\u1eeba [5].\n", "Mai\n", "C\u00f4ng Sao ghi nh\u1eadn 30% b\u1ec7nh nh\u00e2n VRTC c\u00f3 s\u1ecfi ph\u00e2n trong l\u00f2ng ru\u1ed9t th\u1eeba tr\u00ean CLVT.\n", "Trong khi \u0111\u00f3, v\u1edbi ch\u1ea9n \u0111o\u00e1n c\u1ee7a si\u00eau \u00e2m, ch\u1ec9 11% b\u1ec7nh nh\u00e2n c\u00f3 s\u1ecfi ph\u00e2n [4].\n", "Nghi\u00ean c\u1ee9u c\u1ee7a ch\u00fang t\u00f4i cho th\u1ea5y 35% b\u1ec7nh nh\u00e2n c\u00f3 s\u1ecfi ph\u00e2n tr\u00ean \u1ea3nh ch\u1ee5p, t\u01b0\u01a1ng t\u1ef1 k\u1ebft qu\u1ea3 c\u1ee7a c\u00e1c nghi\u00ean c\u1ee9u tr\u01b0\u1edbc.\n", "Nh\u01b0 v\u1eady trong ru\u1ed9t th\u1eeba vi\u00eam, t\u1ef7 l\u1ec7 s\u1ecfi ph\u00e2n ru\u1ed9t th\u1eeba chi\u1ebfm tr\u00ean 30%.\n", "Nghi\u00ean c\u1ee9u c\u1ee7a ch\u00fang t\u00f4i c\u00f3 9 b\u1ec7nh nh\u00e2n c\u00f3 d\u1ecbch quanh ru\u1ed9t th\u1eeba, chi\u1ebfm 7,7%.\n", "Mai C\u00f4ng\n", "Sao cho r\u1eb1ng t\u1ec9 l\u1ec7 n\u00e0y l\u00e0 45% [4].\n", "C\u00e1c d\u1ea5u hi\u1ec7u d\u1ecbch Douglas v\u00e0 d\u1ecbch HCP trong NC c\u1ee7a ch\u00fang t\u00f4i \u0111\u1ec1u c\u00f3 4 tr\u01b0\u1eddng h\u1ee3p \u0111\u01b0\u1ee3c ph\u00e1t hi\u1ec7n tr\u00ean phim CLVT (chi\u1ebfm 3,4%).\n", "D\u1ea5u hi\u1ec7u \u00e1p xe trong nghi\u00ean c\u1ee9u c\u1ee7a Nguy\u1ec5n\n", "Ph\u01b0\u1edbc Thuy\u1ebft g\u1eb7p \u1edf 10,4% c\u00e1c tr\u01b0\u1eddng h\u1ee3p [5].\n", "Trong 117 tr\u01b0\u1eddng h\u1ee3p NC c\u1ee7a ch\u00fang t\u00f4i, c\u00f3 5\n", "\u00c1p xe ru\u1ed9t th\u1eeba l\u00e0 bi\u1ebfn ch\u1ee9ng c\u1ee7a VRTC \u1edf giai \u0111o\u1ea1n mu\u1ed9n khi ru\u1ed9t th\u1eeba v\u1ee1 ra, \u0111\u01b0\u1ee3c c\u00e1c m\u1ea1c n\u1ed1i l\u1edbn, m\u1ea1c treo v\u00e0 ru\u1ed9t non bao b\u1ecdc.\n", "H\u00ecnh \u1ea3nh \u1ed5 \u00e1p xe tr\u00ean CLVT l\u00e0 \u1ed5 t\u1ee5 d\u1ecbch v\u00f9ng h\u1ed1 ch\u1eadu ph\u1ea3i, \u0111\u01b0\u1ee3c m\u1ea1c n\u1ed1i l\u1edbn, m\u1ea1c treo v\u00e0 ru\u1ed9t non bao b\u1ecdc, c\u00f3 th\u1ec3 th\u1ea5y h\u00ecnh \u1ea3nh RT vi\u00eam trong \u1ed5 \u00e1p xe.\n", "\u0110a ph\u1ea7n c\u00e1c tr\u01b0\u1eddng h\u1ee3p trong NC c\u1ee7a ch\u00fang t\u00f4i \u0111\u01b0\u1ee3c ch\u1ee5p CLVT s\u1edbm, trung b\u00ecnh 6,6 gi\u1edd k\u1ec3 t\u1eeb khi xu\u1ea5t hi\u1ec7n tri\u1ec7u ch\u1ee9ng.\n", "Trong giai \u0111o\u1ea1n s\u1edbm c\u1ee7a VRTC, ch\u01b0a h\u00ecnh th\u00e0nh \u1ed5 \u00e1p xe do v\u1eady kh\u00f4ng quan s\u00e1t \u0111\u01b0\u1ee3c tr\u00ean phim CLVT.\n", "C\u00e1c d\u1ea5u hi\u1ec7u d\u1ecbch quanh ru\u1ed9t th\u1eeba, d\u1ecbch\n", "HCP, d\u1ecbch Douglas c\u00f3 t\u1ec9 l\u1ec7 kh\u00e1 th\u1ea5p trong nghi\u00ean c\u1ee9u c\u1ee7a ch\u00fang t\u00f4i.\n", "Sau khi ru\u1ed9t th\u1eeba b\u1ecb t\u1eafc ngh\u1ebdn, t\u1ea1o \u0111i\u1ec1u ki\u1ec7n cho vi khu\u1ea9n x\u00e2m nh\u1eadp g\u00e2y vi\u00eam ru\u1ed9t th\u1eeba.\n", "T\u1ea1i \u1ed5 vi\u00eam, ru\u1ed9t th\u1eeba xung huy\u1ebft v\u00e0 ti\u1ebft ra d\u1ecbch r\u1ec9 vi\u00eam.\n", "N\u1ebfu ch\u1ee5p CLVT trong giai \u0111o\u1ea1n \u0111\u1ea7u c\u1ee7a qu\u00e1 tr\u00ecnh vi\u00eam, l\u01b0\u1ee3ng d\u1ecbch ti\u1ebft ra \u00edt, ho\u1eb7c ch\u01b0a c\u00f3 d\u1ecbch r\u1ec9 vi\u00eam s\u1ebd kh\u00f4ng ph\u00e1t hi\u1ec7n \u0111\u01b0\u1ee3c.\n", "H\u1ea1ch m\u1ea1c treo c\u0169ng l\u00e0 m\u1ed9t trong c\u00e1c d\u1ea5u hi\u1ec7u gi\u00e1n ti\u1ebfp c\u1ee7a vi\u00eam ru\u1ed9t th\u1eeba c\u1ea5p, trong nghi\u00ean c\u1ee9u c\u1ee7a ch\u00fang t\u00f4i 25,7% c\u00e1c tr\u01b0\u1eddng h\u1ee3p c\u00f3 h\u1ea1ch m\u1ea1c treo ph\u00e1t hi\u1ec7n \u0111\u01b0\u1ee3c tr\u00ean CLVT, t\u01b0\u01a1ng t\u1ef1 nghi\u00ean c\u1ee9u c\u1ee7a c\u00e1c t\u00e1c gi\u1ea3 tr\u01b0\u1edbc.\n", "4.1.7.\n", "Ch\u1ea9n \u0111o\u00e1n bi\u1ebfn ch\u1ee9ng v\u1ee1 ru\u1ed9t th\u1eeba tr\u00ean c\u1eaft l\u1edbp vi t\u00ednh\n", "Trong nghi\u00ean c\u1ee9u c\u1ee7a ch\u00fang t\u00f4i, c\u00f3 5/117 b\u1ec7nh nh\u00e2n (4,3%) c\u00f3 ph\u00e1t hi\u1ec7n v\u1ee1 ru\u1ed9t th\u1eeba tr\u00ean phim CLVT.\n", "Khi l\u00f2ng ru\u1ed9t th\u1eeba t\u1eafc b\u1ecb t\u1eafc, \u00e1p l\u1ef1c trong l\u00f2ng ru\u1ed9t th\u1eeba t\u0103ng l\u00ean, sau \u0111\u00f3 m\u1ea1ch m\u00e1u t\u1eafc ngh\u1ebdn, g\u00e2y ho\u1ea1i t\u1eed, th\u1ee7ng ho\u1eb7c v\u1ee1 RT.\n", "Tr\u00ean h\u00ecnh \u1ea3nh ch\u1ee5p CLVT s\u1ebd th\u1ea5y s\u1ef1 m\u1ea5t li\u00ean t\u1ee5c c\u1ee7a th\u00e0nh ru\u1ed9t th\u1eeba, t\u1ee5 d\u1ecbch xung quanh v\u00e0 c\u00f3 th\u00e2m nhi\u1ec5m.\n", "N\u1ebfu b\u1ec7nh nh\u00e2n \u0111\u01b0\u1ee3c ch\u1ee5p CLVT s\u1edbm, \u1edf th\u1eddi \u0111i\u1ec3m ru\u1ed9t th\u1eeba \u0111ang nung m\u1ee7 ch\u01b0a v\u1ee1 s\u1ebd kh\u00f4ng c\u00f3 c\u00e1c d\u1ea5u hi\u1ec7u tr\u00ean.\n", "4.2.\n", "Gi\u00e1 tr\u1ecb ch\u1ea9n \u0111o\u00e1n c\u1ee7a c\u1eaft l\u1edbp vi t\u00ednh 4.2.1.\n", "Gi\u00e1 tr\u1ecb c\u1ee7a c\u1eaft l\u1edbp vi t\u00ednh trong ch\u1ea9n \u0111o\u00e1n v\u1ecb tr\u00ed ru\u1ed9t th\u1eeba\n", "Trong 117 b\u1ec7nh nh\u00e2n \u0111\u01b0\u1ee3c NC, c\u00f3 98 b\u1ec7nh nh\u00e2n \u0111\u01b0\u1ee3c x\u00e1c \u0111\u1ecbnh \u0111\u00fang v\u1ecb tr\u00ed c\u1ee7a ru\u1ed9t th\u1eeba tr\u00ean phim CLVT (83,8%).\n", "C\u00f3 19 tr\u01b0\u1eddng h\u1ee3p sai v\u1ecb tr\u00ed, chi\u1ebfm 16,2%.\n", "Kh\u00e1c bi\u1ec7t c\u1ee7a v\u1ecb tr\u00ed ru\u1ed9t th\u1eeba tr\u00ean\n", "CLVT v\u00e0 ph\u1eabu thu\u1eadt c\u00f3 th\u1ec3 do s\u1ef1 di chuy\u1ec3n ru\u1ed9t th\u1eeba trong qu\u00e1 tr\u00ecnh ph\u1eabu thu\u1eadt.\n", "Nh\u01b0 v\u1eady, CLVT c\u00f3 gi\u00e1 tr\u1ecb cao trong ch\u1ea9n \u0111o\u00e1n v\u1ecb tr\u00ed ru\u1ed9t th\u1eeba v\u1edbi t\u1ec9 l\u1ec7 ch\u1ea9n \u0111o\u00e1n ch\u00ednh x\u00e1c l\u00ean t\u1edbi 83,8%.\n", "Nh\u1edd c\u00f3 CLVT ch\u1ec9 \u0111i\u1ec3m v\u1ecb tr\u00ed ru\u1ed9t th\u1eeba, ph\u1eabu thu\u1eadt vi\u00ean c\u00f3 th\u1ec3 \u0111\u01b0a ra ph\u01b0\u01a1ng \u00e1n \u0111i\u1ec1u tr\u1ecb ph\u1eabu thu\u1eadt th\u00edch h\u1ee3p nh\u1ea5t, r\u00fat ng\u1eafn th\u1eddi gian ph\u1eabu thu\u1eadt, h\u1ea1n ch\u1ebf \u0111\u01b0\u1ee3c c\u00e1c tai bi\u1ebfn trong ph\u1eabu thu\u1eadt.\n", "4.2.2.\n", "Gi\u00e1 tr\u1ecb c\u1ee7a c\u1eaft l\u1edbp vi t\u00ednh trong ch\u1ea9n \u0111o\u00e1n \u0111\u01b0\u1eddng k\u00ednh ru\u1ed9t th\u1eeba\n", "Trong ch\u1ea9n \u0111o\u00e1n \u0111\u01b0\u1eddng k\u00ednh ru\u1ed9t th\u1eeba.\n", "CLVT \u0111a d\u00e3y c\u00f3 \u0111\u1ed9 nh\u1ea1y Se = 96,8%, \u0111\u1ed9 ch\u00ednh x\u00e1c Acc = 78,6%.\n", "Trong 117 tr\u01b0\u1eddng h\u1ee3p nghi\u00ean c\u1ee9u c\u00f3 25 tr\u01b0\u1eddng h\u1ee3p ch\u1ea9n \u0111o\u00e1n kh\u00f4ng \u0111\u00fang k\u00edch th\u01b0\u1edbc (21,4%) so v\u1edbi GPB \u0111\u1ea1i th\u1ec3.\n", "S\u1ef1 kh\u00e1c bi\u1ec7t v\u1ec1 k\u00edch th\u01b0\u1edbc \u0111\u01b0\u1eddng k\u00ednh ru\u1ed9t th\u1eeba tr\u00ean CLVT so v\u1edbi GPB c\u00f3 th\u1ec3 do b\u1ec7nh nh\u00e2n \u0111\u01b0\u1ee3c ch\u1ee5p CLVT \u1edf giai \u0111o\u1ea1n s\u1edbm, ru\u1ed9t th\u1eeba ch\u01b0a nung m\u1ee7, xung huy\u1ebft v\u00e0 s\u01b0ng to n\u00ean \u0111\u01b0\u1eddng k\u00ednh ch\u01b0a t\u0103ng.\n", "Th\u1eddi gian theo d\u00f5i t\u1eeb khi ch\u1ee5p\n", "CLVT \u0111\u1ebfn khi ph\u1eabu thu\u1eadt c\u00f3 th\u1ec3 l\u00e0 kho\u1ea3ng th\u1eddi gian ru\u1ed9t th\u1eeba vi\u00eam to, t\u0103ng k\u00edch th\u01b0\u1edbc r\u00f5 r\u00e0ng n\u00ean k\u1ebft qu\u1ea3 gi\u1ea3i ph\u1eabu b\u1ec7nh c\u00f3 k\u00edch th\u01b0\u1edbc l\u1edbn h\u01a1n khi ch\u1ee5p.\n", "Ng\u01b0\u1ee3c l\u1ea1i, GPB c\u00f3 k\u1ebft qu\u1ea3 \u0111\u01b0\u1eddng k\u00ednh ru\u1ed9t th\u1eeba nh\u1ecf h\u01a1n so v\u1edbi CLVT c\u00f3 th\u1ec3 do khi ch\u1ee5p CLVT ru\u1ed9t th\u1eeba nung m\u1ee7 c\u0103ng to, sau ph\u1eabu thu\u1eadt v\u00e0 g\u1eedi gi\u1ea3i ph\u1eabu b\u1ec7nh, m\u1ee7 vi\u00eam \u1edf ru\u1ed9t th\u1eeba \u0111\u00e3 tho\u00e1t ra ngo\u00e0i l\u00e0m gi\u1ea3m k\u00edch th\u01b0\u1edbc c\u1ee7a ru\u1ed9t th\u1eeba.\n", "Nh\u01b0 v\u1eady, CLVT \u0111a d\u00e3y c\u00f3 \u0111\u1ed9 nh\u1ea1y v\u00e0 \u0111\u1ed9 ch\u00ednh x\u00e1c cao trong ch\u1ea9n \u0111o\u00e1n \u0111\u01b0\u1eddng k\u00ednh RT.\n", "4.2.3.\n", "Gi\u00e1 tr\u1ecb c\u1ee7a c\u1eaft l\u1edbp vi t\u00ednh trong ch\u1ea9n \u0111o\u00e1n bi\u1ebfn ch\u1ee9ng v\u1ee1 ru\u1ed9t th\u1eeba\n", "Gi\u00e1 tr\u1ecb c\u1ee7a CLVT trong ch\u1ea9n \u0111o\u00e1n bi\u1ebfn ch\u1ee9ng v\u1ee1 RT l\u00e0 Se = 4/11, Sp = 99,1%, Acc = 93,2%.\n", "Nh\u01b0 v\u1eady trong ch\u1ea9n \u0111o\u00e1n bi\u1ebfn ch\u1ee9ng v\u1ee1\n", "RT, CLVT c\u00f3 \u0111\u1ed9 nh\u1ea1y th\u1ea5p, \u0111\u1ed9 \u0111\u1eb7c hi\u1ec7u v\u00e0 \u0111\u1ed9 ch\u00ednh x\u00e1c cao.\n", "H\u00ecnh \u1ea3nh v\u1ee1 RT tr\u00ean CLVT l\u00e0 s\u1ef1 m\u1ea5t li\u00ean t\u1ee5c th\u00e0nh ru\u1ed9t th\u1eeba, h\u00ecnh th\u00e0nh \u1ed5 t\u1ee5 d\u1ecbch, kh\u00ed ho\u1eb7c \u00e1p xe.\n", "V\u1ee1 RT hay g\u1eb7p \u1edf ru\u1ed9t th\u1eeba vi\u00eam giai \u0111o\u1ea1n mu\u1ed9n, b\u1ecb ho\u1ea1i t\u1eed v\u00e0 v\u1ee1, c\u00f3 th\u1ec3 g\u00e2y ra c\u00e1c bi\u1ebfn ch\u1ee9ng n\u1eb7ng n\u1ec1 nh\u01b0 vi\u00eam ph\u00fac m\u1ea1c, s\u1ed1c nhi\u1ec5m khu\u1ea9n, c\u00f3 th\u1ec3 g\u00e2y t\u1eed vong.\n", "Ng\u00e0y nay do nhi\u1ec1u nguy\u00ean nh\u00e2n, trong \u0111\u00f3 c\u00f3 s\u1ef1 g\u00f3p ph\u1ea7n c\u1ee7a c\u00e1c ph\u01b0\u01a1ng ti\u1ec7n ch\u1ea9n \u0111o\u00e1n hi\u1ec7n \u0111\u1ea1i nh\u01b0 CLVT \u0111a d\u00e3y, bi\u1ebfn ch\u1ee9ng v\u1ee1 RT \u0111\u00e3 \u0111\u01b0\u1ee3c h\u1ea1n ch\u1ebf t\u1ed1i \u0111a.\n", "4.2.4.\n", "Gi\u00e1 tr\u1ecb c\u1ee7a c\u1eaft l\u1edbp vi t\u00ednh trong ch\u1ea9n \u0111o\u00e1n vi\u00eam ru\u1ed9t th\u1eeba c\u1ea5p\n", "Trong k\u1ebft qu\u1ea3 nghi\u00ean c\u1ee9u c\u1ee7a ch\u00fang t\u00f4i,\n", "CLVT c\u00f3 \u0111\u1ed9 nh\u1ea1y 97,4%, \u0111\u1ed9 ch\u00ednh x\u00e1c 96,6% cao h\u01a1n so v\u1edbi nghi\u00ean c\u1ee9u c\u1ee7a Nguy\u1ec5n Th\u1ecb Thi\u00ean\n", "Kim, B.\n", "Rud, S.\n", "Kinner v\u00e0 J.\n", "Chan nh\u01b0ng th\u1ea5p h\u01a1n M.\n", "D.\n", "Repplinger.\n", "K\u1ebft qu\u1ea3 c\u1ee7a ch\u00fang t\u00f4i kh\u00e1 t\u01b0\u01a1ng \u0111\u1ed3ng v\u1edbi k\u1ebft qu\u1ea3 c\u1ee7a Mai C\u00f4ng Sao v\u00e0 A.\n", "O.\n", "Sayed.\n", "Nh\u01b0 v\u1eady CLVT c\u00f3 gi\u00e1 tr\u1ecb r\u1ea5t cao trong ch\u1ea9n \u0111o\u00e1n VRTC.\n", "Trong nghi\u00ean c\u1ee9u c\u1ee7a ch\u00fang t\u00f4i b\u1ec7nh nh\u00e2n\n", "VRTC ch\u1ee5p CLVT \u0111a d\u00e3y \u0111\u01b0\u1ee3c d\u1ef1ng t\u00e1i t\u1ea1o \u0111a b\u00ecnh di\u1ec7n (MPR).\n", "Vi\u1ec7c d\u1ef1ng t\u00e1i t\u1ea1o MPR gi\u00fap kh\u1ea3o s\u00e1t h\u00ecnh \u1ea3nh tr\u00ean c\u1ea3 3 m\u1eb7t ph\u1eb3ng, gi\u00fap quan s\u00e1t to\u00e0n di\u1ec7n h\u01a1n, ch\u1ea9n \u0111o\u00e1n ch\u00ednh x\u00e1c h\u01a1n c\u00e1c \u00e2m kh\u00f4ng \u0111i\u1ec3n h\u00ecnh ho\u1eb7c kh\u00f4ng \u0111\u00e1nh gi\u00e1 \u0111\u01b0\u1ee3c.\n", "B\u1ea3ng 12.\n", "So s\u00e1nh gi\u00e1 tr\u1ecb c\u1ee7a CLVT trong ch\u1ea9n \u0111o\u00e1n VRTC c\u1ee7a c\u00e1c nghi\u00ean c\u1ee9u\n", "NC Se Sp Acc PPV NPV\n", "Mai C\u00f4ng Sao [4] 97,5 95,2 96,3 95,1 97,6\n", "Nguy\u1ec5n Th\u1ecb Thi\u00ean Kim [1] 87,5 85 91,3 87 97,1\n", "B.\n", "Rud [6] 95 94 - - -\n", "A.\n", "O.\n", "Sayed [7] 97,8 100 99,3 - -\n", "M.\n", "D.\n", "Repplinger [8] 98,4 89,6 - - -\n", "S.\n", "Kinner [9] 93,6 94,3 - - -\n", "J.\n", "Chan [10] 77,8 100 - 87,5 100\n", "Ch\u00fang t\u00f4i 97,4 - 96,6 99,1 -\n", "C\u00f3 1 tr\u01b0\u1eddng h\u1ee3p tr\u00ean CLVT ch\u1ea9n \u0111o\u00e1n\n", "VRTC, tuy nhi\u00ean k\u1ebft qu\u1ea3 GPB ch\u1ec9 ra r\u1eb1ng b\u1ec7nh nh\u00e2n b\u1ecb ung th\u01b0 manh tr\u00e0ng.\n", "Tr\u01b0\u1eddng h\u1ee3p tr\u00ean c\u00f3 h\u00ecnh \u1ea3nh CLVT ph\u00f9 h\u1ee3p v\u1edbi VRTC nh\u01b0 \u0111\u01b0\u1eddng k\u00ednh ru\u1ed9t th\u1eeba 12 mm, th\u00e0nh d\u00e0y, th\u00e2m nhi\u1ec5m m\u1ee1 xung quanh (H\u00ecnh 6).\n", "Nh\u01b0 v\u1eady, vi\u1ec7c ch\u1ea9n \u0111o\u00e1n ph\u00e2n bi\u1ec7t gi\u1eefa VRTC v\u1edbi u manh tr\u00e0ng th\u00e2m nhi\u1ec5m ru\u1ed9t th\u1eeba \u0111\u00f4i khi kh\u00f3 kh\u0103n n\u1ebfu ch\u1ec9 d\u1ef1a tr\u00ean h\u00ecnh \u1ea3nh CLVT.\n", "\u0110\u00e2y l\u00e0 khuy\u1ebfn c\u00e1o d\u00e0nh cho c\u00e1c b\u00e1c s\u0129 l\u00e2m s\u00e0ng v\u00e0 b\u00e1c s\u0129 ch\u1ea9n \u0111o\u00e1n h\u00ecnh \u1ea3nh trong ch\u1ea9n \u0111o\u00e1n VRTC.\n", "CLVT \u0111a d\u00e3y c\u00f3 \u0111\u1ed9 nh\u1ea1y, \u0111\u1ed9 ch\u00ednh x\u00e1c cao v\u1edbi 97,4% v\u00e0 96,6%, cao h\u01a1n nhi\u1ec1u so v\u1edbi k\u1ebft qu\u1ea3 c\u1ee7a si\u00eau \u00e2m Se = 71,2%, Acc = 71,2%.\n", "Gi\u00e1 tr\u1ecb ch\u1ea9n \u0111o\u00e1n d\u01b0\u01a1ng t\u00ednh c\u1ee7a CLVT trong ch\u1ea9n \u0111o\u00e1n VRTC c\u0169ng l\u00ean t\u1edbi 99,1%.\n", "Nh\u01b0 v\u1eady CLVT \u0111a d\u00e3y c\u00f3 gi\u00e1 tr\u1ecb r\u1ea5t cao trong ch\u1ea9n \u0111o\u00e1n VRTC.\n", "Trong nh\u1eefng tr\u01b0\u1eddng h\u1ee3p VRTC kh\u00f4ng \u0111i\u1ec3n h\u00ecnh, CLVT c\u00f3 gi\u00e1 tr\u1ecb ch\u1ea9n \u0111o\u00e1n cao h\u01a1n h\u1eb3n so v\u1edbi si\u00eau \u00e2m.\n", "Nh\u01b0 v\u1eady, n\u1ebfu l\u00e2m s\u00e0ng v\u00e0 si\u00eau \u00e2m c\u00f2n nghi ng\u1edd ch\u1ea9n \u0111o\u00e1n th\u00ec CLVT \u0111a d\u00e3y l\u00e0 l\u1ef1a ch\u1ecdn th\u00edch h\u1ee3p trong ch\u1ea9n \u0111o\u00e1n VRTC.\n", "Khuy\u1ebfn c\u00e1o n\u00e0y d\u00e0nh cho c\u00e1c b\u00e1c s\u0129 trong ch\u1ea9n \u0111o\u00e1n\n", "VRTC.\n"], "5": ["5.\n", "K\u1ebft lu\u1eadn - Tu\u1ed5i hay g\u1eb7p > 50 tu\u1ed5i, trung b\u00ecnh 40,1\u00b120,8.\n", "T\u1ec9 l\u1ec7 nam/n\u1eef = 1/1,25.\n", "- V\u1ecb tr\u00ed ru\u1ed9t th\u1eeba th\u01b0\u1eddng g\u1eb7p nh\u1ea5t l\u00e0 \u1edf h\u1ed1 ch\u1eadu ph\u1ea3i (chi\u1ebfm 69,2%), ti\u1ebfp theo l\u00e0 \u1edf sau manh tr\u00e0ng v\u00e0 ti\u1ec3u khung v\u1edbi l\u1ea7n l\u01b0\u1ee3t l\u00e0 16,2% v\u00e0 12%.\n", "Ru\u1ed9t th\u1eeba \u1edf v\u1ecb tr\u00ed d\u01b0\u1edbi gan hi\u1ebfm g\u1eb7p v\u1edbi 0,9%.\n", "1,7% ru\u1ed9t th\u1eeba g\u1eb7p \u1edf v\u1ecb tr\u00ed kh\u00e1c.\n", "\u0110\u01b0\u1eddng k\u00ednh trung b\u00ecnh c\u1ee7a RT vi\u00eam l\u00e0 10,48\u00b12,5 mm (nh\u1ecf nh\u1ea5t 5 mm, l\u1edbn nh\u1ea5t 18 mm).\n", "\u0110\u01b0\u1eddng k\u00ednh ru\u1ed9t th\u1eeba vi\u00eam tr\u00ean 7 mm chi\u1ebfm 95,7%.\n", "D\u00e0y th\u00e0nh ru\u1ed9t th\u1eeba \u2265 3 mm g\u1eb7p \u1edf 83,8% b\u1ec7nh nh\u00e2n\n", "VRTC.\n", "88% b\u1ec7nh nh\u00e2n VRTC c\u00f3 d\u1ea5u hi\u1ec7u th\u00e2m nhi\u1ec5m m\u1ee1.\n", "S\u1ecfi ph\u00e2n (35%), d\u1ecbch quanh RT (7,7%), d\u1ecbch Douglas (3,4%), d\u1ecbch HCP (3,4%), h\u1ea1ch m\u1ea1c treo (25,7%).\n", "T\u1ec9 l\u1ec7 v\u1ee1 RT \u0111\u01b0\u1ee3c CLVT ch\u1ea9n \u0111o\u00e1n chi\u1ebfm 4,3%.\n", "- Gi\u00e1 tr\u1ecb c\u1ee7a CLVT trong ch\u1ea9n \u0111o\u00e1n VRTC: \u0111\u1ed9 nh\u1ea1y 97,4%, \u0111\u1ed9 ch\u00ednh x\u00e1c 96,6%, gi\u00e1 tr\u1ecb ch\u1ea9n \u0111o\u00e1n d\u01b0\u01a1ng t\u00ednh 99,1%.\n", "CLVT c\u00f3 gi\u00e1 tr\u1ecb cao trong ch\u1ea9n \u0111o\u00e1n v\u1ecb tr\u00ed, k\u00edch th\u01b0\u1edbc v\u00e0 ch\u1ea9n \u0111o\u00e1n x\u00e1c \u0111\u1ecbnh VRTC.\n", "Trong ch\u1ea9n \u0111o\u00e1n VRTC CLVT c\u00f3 gi\u00e1 tr\u1ecb cao h\u01a1n h\u1eb3n so v\u1edbi si\u00eau \u00e2m.\n", "H\u1ea1n ch\u1ebf c\u1ee7a \u0111\u1ec1 t\u00e0i\n", "\u0110\u1ec1 t\u00e0i n\u00e0y \u0111\u01b0\u1ee3c nghi\u00ean c\u1ee9u \u1edf c\u00e1c b\u1ec7nh nh\u00e2n\n", "VRTC \u0111\u01b0\u1ee3c ph\u1eabu thu\u1eadt c\u00f3 ch\u1ee5p CLVT \u0111a d\u00e3y tr\u01b0\u1edbc m\u1ed5, kh\u00f4ng nghi\u00ean c\u1ee9u theo d\u00f5i c\u00e1c tr\u01b0\u1eddng h\u1ee3p kh\u00f4ng m\u1ed5 do v\u1eady kh\u00f4ng t\u00ednh \u0111\u01b0\u1ee3c c\u00e1c gi\u00e1 tr\u1ecb ch\u1ea9n \u0111o\u00e1n \u00e2m t\u00ednh v\u00e0 \u0111\u1ed9 \u0111\u1eb7c hi\u1ec7u.\n", "L\u1eddi c\u1ea3m \u01a1n\n", "\u0110\u1ec1 t\u00e0i n\u00e0y \u0111\u01b0\u1ee3c t\u00e0i tr\u1ee3 b\u1edfi tr\u01b0\u1eddng \u0110\u1ea1i h\u1ecdc Y\n", "D\u01b0\u1ee3c, \u0110\u1ea1i h\u1ecdc Qu\u1ed1c gia H\u00e0 N\u1ed9i, m\u00e3 s\u1ed1 \u0111\u1ec1 t\u00e0i\n", "CS.21.12.\n"]}, "Word count": 4237}