{"title": "Original Article\n", "content": {"0": ["T\u00f3m t\u1eaft: Nghi\u00ean c\u1ee9u 55 b\u1ec7nh nh\u00e2n tho\u00e1t v\u1ecb \u0111\u0129a \u0111\u1ec7m c\u1ed9t s\u1ed1ng th\u1eaft l\u01b0ng (TV\u0110\u0110 CSTL) \u0111\u01b0\u1ee3c ch\u1ee5p c\u1ed9ng h\u01b0\u1edfng t\u1eeb (CHT) v\u00e0 ph\u1eabu thu\u1eadt t\u1ea1i b\u1ec7nh vi\u1ec7n E trong th\u1eddi gian t\u1eeb th\u00e1ng 01 n\u0103m 2019 \u0111\u1ebfn th\u00e1ng 12 n\u0103m 2019.\n", "K\u1ebft qu\u1ea3: tu\u1ed5i trung b\u00ecnh 58,96 \u00b1 16,4, t\u1ef7 l\u1ec7 n\u1eef/nam l\u00e0 1,12/1.\n", "Nh\u1eefng ng\u01b0\u1eddi l\u00e0m vi\u1ec7c n\u1eb7ng c\u00f3 nguy c\u01a1 b\u1ecb TV\u0110\u0110 cao h\u01a1n so v\u1edbi nh\u1eefng ng\u01b0\u1eddi l\u00e0m vi\u1ec7c nh\u1eb9 (63,7%).\n", "Tri\u1ec7u ch\u1ee9ng th\u01b0\u1eddng g\u1eb7p: \u0111au l\u01b0ng (100%), \u0111au th\u1ea7n kinh to\u1ea1, \u0111au v\u1edbi t\u00ednh ch\u1ea5t c\u01a1 h\u1ecdc (85,45%), h\u1ea1n ch\u1ebf v\u1eadn \u0111\u1ed9ng c\u1ed9t s\u1ed1ng (90,91%), d\u1ea5u hi\u1ec7u Las\u00e8gue (+) (74,55%), d\u1ea5u hi\u1ec7u chu\u00f4ng b\u1ea5m (+) (54,55%); c\u00e1c d\u1ea5u hi\u1ec7u t\u1ed5n th\u01b0\u01a1ng r\u1ec5 th\u1ea7n kinh: r\u1ed1i lo\u1ea1n c\u1ea3m gi\u00e1c 72,73%, r\u1ed1i lo\u1ea1n v\u1eadn \u0111\u1ed9ng 50,91%.\n", "T\u1ed5n th\u01b0\u01a1ng l\u00e2m s\u00e0ng hay g\u1eb7p t\u1ea1i r\u1ec5 L5 (65,45%) v\u00e0 S1 (45,45%).\n", "Tho\u00e1t v\u1ecb hay g\u1eb7p t\u1ea1i t\u1ea7ng L4/5 (81,8%) v\u00e0 L5/S1 (70,9%).\n", "M\u1ee9c \u0111\u1ed9 tho\u00e1t v\u1ecb ch\u1ee7 y\u1ebfu l\u00e0 ph\u00ecnh (bulge) v\u00e0 tho\u00e1t v\u1ecb (extrution) chi\u1ebfm t\u1ef7 l\u1ec7 t\u01b0\u01a1ng \u1ee9ng l\u00e0 60% v\u00e0 52,73%.\n", "98,18% tho\u00e1t v\u1ecb ra sau, tho\u00e1t v\u1ecb trung t\u00e2m chi\u1ebfm t\u1ef7 l\u1ec7 cao nh\u1ea5t (41,82%).\n", "T\u1ef7 l\u1ec7 ch\u00e8n \u00e9p r\u1ec5 th\u1ea7n kinh ph\u00e1t hi\u1ec7n tr\u00ean CHT l\u00e0 90,91%.\n", "\u0110\u00e1nh gi\u00e1 t\u1ed5n th\u01b0\u01a1ng r\u1ec5 th\u1ea7n kinh tr\u00ean l\u00e2m s\u00e0ng v\u00e0 c\u1ed9ng h\u01b0\u1edfng t\u1eeb c\u00f3 ph\u00f9 h\u1ee3p cao \u1edf r\u1ec5 L5 v\u00e0 S1 (98,17% v\u00e0 100%).\n", "K\u1ebft lu\u1eadn: h\u00ecnh \u1ea3nh CHT gi\u00fap ch\u1ea9n \u0111o\u00e1n s\u1edbm, ch\u00ednh x\u00e1c v\u00e0 \u0111\u1ecbnh h\u01b0\u1edbng \u0111i\u1ec1u tr\u1ecb TV\u0110\u0110 CSTL.\n", "T\u1eeb kho\u00e1: TV\u0110\u0110, CHT CSTL, \u0111au th\u1eaft l\u01b0ng.\n"], "1": ["1.\n", "M\u1edf \u0111\u1ea7u\n", "TV\u0110\u0110 CSTL l\u00e0 m\u1ed9t b\u1ec7nh l\u00fd th\u01b0\u1eddng g\u1eb7p do m\u1ed9t ph\u1ea7n hay to\u00e0n b\u1ed9 nh\u00e2n nh\u1ea7y c\u1ee7a \u0111\u0129a \u0111\u1ec7m tho\u00e1t ra kh\u1ecfi bao x\u01a1, x\u00e2m nh\u1eadp v\u00e0o \u1ed1ng s\u1ed1ng ho\u1eb7c l\u1ed7 ti\u1ebfp h\u1ee3p, l\u00e0m cho \u1ed1ng s\u1ed1ng ho\u1eb7c l\u1ed7 ti\u1ebfp h\u1ee3p h\u1eb9p l\u1ea1i v\u00e0 ch\u00e8n \u00e9p v\u00e0o c\u00e1c r\u1ec5 th\u1ea7n kinh g\u00e2y \u0111au \u1edf v\u00f9ng th\u1eaft l\u01b0ng, \u0111au th\u01b0\u1eddng lan d\u1ecdc xu\u1ed1ng ch\u00e2n theo v\u1ecb tr\u00ed r\u1ec5 th\u1ea7n kinh chi ph\u1ed1i.\n", "B\u1ec7nh th\u01b0\u1eddng x\u1ea3y ra \u1edf nh\u1eefng ng\u01b0\u1eddi trong \u0111\u1ed9 tu\u1ed5i lao \u0111\u1ed9ng, h\u1eadu qu\u1ea3 l\u00e0m gi\u1ea3m ho\u1eb7c m\u1ea5t kh\u1ea3 n\u0103ng lao \u0111\u1ed9ng, do v\u1eady \u1ea3nh h\u01b0\u1edfng t\u1edbi kinh t\u1ebf x\u00e3 h\u1ed9i.\n", "Theo \u01b0\u1edbc t\u00ednh th\u00ec n\u1ec1n kinh t\u1ebf M\u1ef9 m\u1ed7i n\u0103m ph\u1ea3i chi tr\u1ea3 t\u1eeb 25 \u0111\u1ebfn 100 t\u1ef7 \u0111\u00f4 la cho thi\u1ec7t h\u1ea1i _* T\u00e1c gi\u1ea3 li\u00ean h\u1ec7.\n", "do b\u1ec7nh TV\u0110\u0110 g\u00e2y ra, trong \u0111\u00f3 75% chi tr\u1ea3 cho 5% b\u1ec7nh nh\u00e2n t\u00e0n ph\u1ebf v\u0129nh vi\u1ec5n [1].\n", "\u1ede Vi\u1ec7t Nam t\u1ef7 l\u1ec7 b\u1ec7nh nh\u00e2n TV\u0110\u0110 CSTL t\u01b0\u01a1ng \u0111\u1ed1i cao.\n", "Theo k\u1ebft qu\u1ea3 th\u1ed1ng k\u00ea c\u01a1 c\u1ea5u b\u1ec7nh t\u1eadt trong 10 n\u0103m (2004-2013) c\u1ee7a Nguy\u1ec5n V\u0103n Ch\u01b0\u01a1ng v\u00e0 c\u1ed9ng s\u1ef1 (cs) th\u00ec b\u1ec7nh nh\u00e2n TV\u0110\u0110 CSTL chi\u1ebfm t\u1ef7 l\u1ec7 cao nh\u1ea5t (30,69%) trong t\u1ed5ng s\u1ed1 b\u1ec7nh nh\u00e2n \u0111i\u1ec1u tr\u1ecb n\u1ed9i tr\u00fa t\u1ea1i Khoa N\u1ed9i th\u1ea7n kinh b\u1ec7nh vi\u1ec7n Qu\u00e2n y 103 [2].\n", "Ng\u00e0y nay, ch\u1ee5p CHT \u0111\u01b0\u1ee3c s\u1eed d\u1ee5ng th\u01b0\u1eddng quy trong ch\u1ea9n \u0111o\u00e1n b\u1ec7nh l\u00fd \u0111\u0129a \u0111\u1ec7m c\u1ed9t s\u1ed1ng, do v\u1eady TV\u0110\u0110 \u0111\u01b0\u1ee3c ch\u1ea9n \u0111o\u00e1n s\u1edbm v\u00e0 ch\u00ednh x\u00e1c, gi\u00fap \u0111\u1ecbnh h\u01b0\u1edbng l\u1ef1a ch\u1ecdn ph\u01b0\u01a1ng ph\u00e1p \u0111i\u1ec1u tr\u1ecb th\u00edch h\u1ee3p v\u00e0 hi\u1ec7u qu\u1ea3 h\u01a1n.\n", "V\u1edbi mong mu\u1ed1n t\u00ecm hi\u1ec3u \u0111\u1eb7c \u0111i\u1ec3m l\u00e2m s\u00e0ng v\u00e0 h\u00ecnh \u1ea3nh CHT tho\u00e1t v\u1ecb \u0111\u0129a \u0111\u1ec7m CSTL, ch\u00fang t\u00f4i th\u1ef1c hi\u1ec7n \u0111\u1ec1 t\u00e0i n\u00e0y v\u1edbi m\u1ee5c ti\u00eau: nh\u1eadn x\u00e9t \u0111\u1eb7c \u0111i\u1ec3m l\u00e2m s\u00e0ng v\u00e0 h\u00ecnh \u1ea3nh c\u1ed9ng h\u01b0\u1edfng t\u1eeb c\u1ee7a b\u1ec7nh l\u00fd tho\u00e1t v\u1ecb \u0111\u0129a \u0111\u1ec7m c\u1ed9t s\u1ed1ng th\u1eaft l\u01b0ng.\n"], "2": ["2.\n", "\u0110\u1ed1i t\u01b0\u1ee3ng v\u00e0 ph\u01b0\u01a1ng ph\u00e1p nghi\u00ean c\u1ee9u 2.1.\n", "\u0110\u1ed1i t\u01b0\u1ee3ng nghi\u00ean c\u1ee9u i) Ti\u00eau chu\u1ea9n l\u1ef1a ch\u1ecdn - \u0110\u01b0\u1ee3c ch\u1ea9n \u0111o\u00e1n tho\u00e1t v\u1ecb \u0111\u0129a \u0111\u1ec7m c\u1ed9t s\u1ed1ng th\u1eaft l\u01b0ng.\n", "- \u0110\u01b0\u1ee3c ch\u1ee5p CHT c\u1ed9t s\u1ed1ng th\u1eaft l\u01b0ng tr\u01b0\u1edbc \u0111i\u1ec1u tr\u1ecb.\n", "- C\u00f3 h\u1ed3 s\u01a1 b\u1ec7nh \u00e1n \u0111\u1ea7y \u0111\u1ee7.\n", "ii) Ti\u00eau chu\u1ea9n lo\u1ea1i tr\u1eeb - B\u1ec7nh nh\u00e2n TV\u0110\u0110 CSTL k\u1ebft h\u1ee3p v\u1edbi c\u00e1c b\u1ec7nh l\u00fd c\u1ed9t s\u1ed1ng v\u00e0 tu\u1ef7 s\u1ed1ng.\n", "- Kh\u00f4ng \u0111\u01b0\u1ee3c ch\u1ee5p CHT CSTL tr\u01b0\u1edbc \u0111i\u1ec1u tr\u1ecb.\n", "- B\u1ec7nh \u00e1n kh\u00f4ng \u0111\u1ee7 th\u00f4ng tin theo y\u00eau c\u1ea7u c\u1ee7a b\u1ec7nh \u00e1n nghi\u00ean c\u1ee9u.\n", "2.2.\n", "Ph\u01b0\u01a1ng ph\u00e1p nghi\u00ean c\u1ee9u - Thi\u1ebft k\u1ebf nghi\u00ean c\u1ee9u: m\u00f4 t\u1ea3 c\u1eaft ngang.\n", "- Ch\u1ecdn m\u1eabu: kh\u00f4ng x\u00e1c su\u1ea5t (m\u1eabu ti\u1ec7n l\u1ee3i), t\u1ea5t c\u1ea3 b\u1ec7nh nh\u00e2n \u0111\u1ee7 ti\u00eau chu\u1ea9n l\u1ef1a ch\u1ecdn, kh\u00f4ng c\u00f3 ti\u00eau chu\u1ea9n lo\u1ea1i tr\u1eeb trong kho\u1ea3ng th\u1eddi gian t\u1eeb th\u00e1ng 01/2019 \u0111\u1ebfn th\u00e1ng 12/2019.\n", "2.3.\n", "X\u1eed l\u00fd s\u1ed1 li\u1ec7u\n", "Ph\u00e2n t\u00edch v\u00e0 x\u1eed l\u00fd s\u1ed1 li\u1ec7u d\u1ef1a tr\u00ean ph\u1ea7n m\u1ec1m th\u1ed1ng k\u00ea y h\u1ecdc SPSS 18.0.\n", "Bi\u1ec3u \u0111\u1ed3 1.\n", "Ph\u00e2n b\u1ed1 b\u1ec7nh nh\u00e2n theo gi\u1edbi.\n", "Nh\u1eadn x\u00e9t: t\u1ef7 l\u1ec7 b\u1ec7nh nh\u00e2n n\u1eef 52,7%, t\u1ef7 l\u1ec7 n\u1eef/nam = 1,12/1,0.\n"], "3": ["3.\n", "K\u1ebft qu\u1ea3 nghi\u00ean c\u1ee9u 3.1.\n", "\u0110\u1eb7c \u0111i\u1ec3m l\u00e2m s\u00e0ng\n", "B\u1ea3ng 1.\n", "Ph\u00e2n b\u1ed1 b\u1ec7nh nh\u00e2n theo nh\u00f3m tu\u1ed5i\n", "Nh\u00f3m tu\u1ed5i n % < 30 3 5,5 30-49 11 20,0 50-69 26 47,3 > 70 15 27,3\n", "T\u1ed5ng 55 100\n", "Nh\u1eadn x\u00e9t: - Tu\u1ed5i trung b\u00ecnh 58,96 \u00b1 16,54; th\u1ea5p nh\u1ea5t 26, cao nh\u1ea5t 92 tu\u1ed5i.\n", "- \u0110\u1ed9 tu\u1ed5i t\u1eeb 50 \u2013 69 chi\u1ebfm t\u1ec9 l\u1ec7 cao nh\u1ea5t (47,3%), \u0111\u1ed9 tu\u1ed5i d\u01b0\u1edbi 30 chi\u1ebfm t\u1ef7 l\u1ec7 th\u1ea5p nh\u1ea5t 5,5%.\n", "Bi\u1ec3u \u0111\u1ed3 2.\n", "Ph\u00e2n b\u1ed1 b\u1ec7nh nh\u00e2n theo ngh\u1ec1 nghi\u1ec7p.\n", "Nh\u1eadn x\u00e9t: lao \u0111\u1ed9ng n\u1eb7ng chi\u1ebfm t\u1ef7 l\u1ec7 cao nh\u1ea5t (63,7 %).\n", "Bi\u1ec3u \u0111\u1ed3 3.\n", "Ph\u00e2n b\u1ed1 b\u1ec7nh nh\u00e2n theo y\u1ebfu t\u1ed1 kh\u1edfi ph\u00e1t.\n", "Nh\u1eadn x\u00e9t: lao \u0111\u1ed9ng qu\u00e1 s\u1ee9c ho\u1eb7c v\u1eadn \u0111\u1ed9ng sai t\u01b0 th\u1ebf chi\u1ebfm t\u1ef7 l\u1ec7 cao nh\u1ea5t (47,2%), sau ch\u1ea5n th\u01b0\u01a1ng chi\u1ebfm t\u1ef7 l\u1ec7 th\u1ea5p nh\u1ea5t 21,8 %.\n", "Nam 47,3%\n", "N\u1eef 52,7% 63,7% 23,6% 12,7%\n", "Lao \u0111\u1ed9ng n\u1eb7ng\n", "Lao \u0111\u1ed9ng nh\u1eb9\n", "Kh\u00e1c 21,8% 47,2% 31%\n", "Sau ch\u1ea5n th\u01b0\u01a1ng\n", "Lao \u0111\u1ed9ng qu\u00e1 s\u1ee9c, v\u1eadn \u0111\u1ed9ng sai t\u01b0 th\u1ebf\n", "B\u1ea3ng 2.\n", "Ph\u00e2n b\u1ed1 b\u1ec7nh nh\u00e2n theo tri\u1ec7u ch\u1ee9ng l\u00e2m s\u00e0ng\n", "Tri\u1ec7u ch\u1ee9ng n = 55 %\n", "H\u1ed9i ch\u1ee9ng\n", "CSTL\n", "\u0110au c\u00f3 t\u00ednh c\u01a1 h\u1ecdc 47 85,45\n", "\u0110au CSTL 55 100\n", "H\u1ea1n ch\u1ebf v\u1eadn \u0111\u1ed9ng CSTL 50 90,91\n", "Bi\u1ebfn d\u1ea1ng\n", "CSTL 23 41,8\n", "Co c\u1ee9ng c\u01a1 c\u1ea1nh\n", "CSTL 15 27,27\n", "\u0110au th\u1eaft l\u01b0ng lan r\u1ec5 th\u1ea7n kinh chi ph\u1ed1i 47 85,45\n", "D\u1ea5u hi\u1ec7u k\u00edch th\u00edch r\u1ec5 th\u1ea7n kinh\n", "D\u1ea5u hi\u1ec7u chu\u00f4ng b\u1ea5m (+) 30 54,55\n", "\u0110i\u1ec3m Valleix (+) 15 27,27\n", "D\u1ea5u hi\u1ec7u\n", "Las\u00e8gue (+) 41 74,55\n", "D\u1ea5u hi\u1ec7u t\u1ed5n th\u01b0\u01a1ng r\u1ec5 th\u1ea7n kinh\n", "R\u1ed1i lo\u1ea1n ph\u1ea3n x\u1ea1 g\u00e2n x\u01b0\u01a1ng 11 20\n", "R\u1ed1i lo\u1ea1n v\u1eadn \u0111\u1ed9ng 28 50,91\n", "R\u1ed1i lo\u1ea1n c\u1ea3m gi\u00e1c 40 72,73\n", "Teo c\u00e1c nh\u00f3m c\u01a1 12 21,28\n", "R\u1ed1i lo\u1ea1n c\u01a1 tr\u00f2n 1 1,82\n", "Nh\u1eadn x\u00e9t: - H\u1ed9i ch\u1ee9ng CSTL: 100% c\u00f3 \u0111au CSTL, h\u1ea1n ch\u1ebf v\u1eadn \u0111\u1ed9ng CSTL (90,91%).\n", "- D\u1ea5u hi\u1ec7u k\u00edch th\u00edch r\u1ec5: d\u1ea5u hi\u1ec7u Las\u00e8gue (+) chi\u1ebfm t\u1ef7 l\u1ec7 cao (74,55%), d\u1ea5u hi\u1ec7u Valleix (+) c\u00f3 t\u1ef7 l\u1ec7 th\u1ea5p nh\u1ea5t 27,27%.\n", "- D\u1ea5u hi\u1ec7u t\u1ed5n th\u01b0\u01a1ng r\u1ec5 th\u1ea7n kinh: r\u1ed1i lo\u1ea1n c\u1ea3m gi\u00e1c chi\u1ebfm t\u1ec9 l\u1ec7 cao nh\u1ea5t (72,73%), r\u1ed1i lo\u1ea1n c\u01a1 tr\u00f2n ch\u1ec9 chi\u1ebfm 1,82%.\n", "B\u1ea3ng 3.\n", "Ph\u00e2n b\u1ed1 BN theo v\u1ecb tr\u00ed t\u1ed5n th\u01b0\u01a1ng r\u1ec5 th\u1ea7n kinh tr\u00ean l\u00e2m s\u00e0ng\n", "T\u1ed5n th\u01b0\u01a1ng r\u1ec5 th\u1ea7n kinh n = 55 %\n", "L3 1 1,82\n", "L4 7 12,72\n", "L5 36 65,45\n", "S1 25 45,45\n", "Ghi ch\u00fa: c\u00f3 th\u1ec3 c\u00f3 h\u01a1n 1 t\u1ed5n th\u01b0\u01a1ng r\u1ec5 th\u1ea7n kinh tr\u00ean c\u00f9ng b\u1ec7nh nh\u00e2n.\n", "Nh\u1eadn x\u00e9t: t\u1ef7 l\u1ec7 b\u1ec7nh nh\u00e2n c\u00f3 bi\u1ec3u hi\u1ec7n t\u1ed5n th\u01b0\u01a1ng r\u1ec5 L5 tr\u00ean l\u00e2m s\u00e0ng chi\u1ebfm t\u1ef7 l\u1ec7 cao nh\u1ea5t (65,45%).\n", "T\u1ed5n th\u01b0\u01a1ng r\u1ec5 S1 (45,45%) cao h\u01a1n r\u1ec5 L4 c\u00f3 t\u1ef7 l\u1ec7 12,72%.\n", "R\u1ec5 L3 c\u00f3 t\u1ef7 l\u1ec7 t\u1ed5n th\u01b0\u01a1ng th\u1ea5p nh\u1ea5t 1,82%.\n", "3.2.\n", "\u0110\u1eb7c \u0111i\u1ec3m h\u00ecnh \u1ea3nh c\u1ed9ng h\u01b0\u1edfng t\u1eeb tho\u00e1t v\u1ecb \u0111\u0129a \u0111\u1ec7m c\u1ed9t s\u1ed1ng th\u1eaft l\u01b0ng\n", "B\u1ea3ng 4.\n", "Ph\u00e2n b\u1ed1 b\u1ec7nh nh\u00e2n theo t\u1ea7ng tho\u00e1t v\u1ecb\n", "T\u1ea7ng tho\u00e1t v\u1ecb n = 55 %\n", "L1/2 5 9,1\n", "L2/3 12 21,8\n", "L3/4 26 47,3\n", "L4/5 45 81,8\n", "L5/S1 39 70,9\n", "Nh\u1eadn x\u00e9t: tho\u00e1t v\u1ecb t\u1ea7ng L4/5 chi\u1ebfm t\u1ef7 l\u1ec7 cao nh\u1ea5t 81,8%, sau \u0111\u00f3 l\u00e0 t\u1ea7ng L5/S1 (70,9%).\n", "Tho\u00e1t v\u1ecb t\u1ea7ng cao L1/2 c\u00f3 t\u1ef7 l\u1ec7 th\u1ea5p nh\u1ea5t (9,1%).\n", "B\u1ea3ng 5.\n", "Ph\u00e2n b\u1ed1 b\u1ec7nh nh\u00e2n theo s\u1ed1 t\u1ea7ng \u0111\u0129a \u0111\u1ec7m tho\u00e1t v\u1ecb tr\u00ean phim CHT\n", "S\u1ed1 t\u1ea7ng tho\u00e1t v\u1ecb n % 1 t\u1ea7ng 18 32,73 2 t\u1ea7ng 15 27,27 3 t\u1ea7ng 14 25,45 4 t\u1ea7ng 7 12,73 5 t\u1ea7ng 1 1,82\n", "T\u1ed5ng 55 100\n", "Nh\u1eadn x\u00e9t: tho\u00e1t v\u1ecb m\u1ed9t t\u1ea7ng chi\u1ebfm t\u1ef7 l\u1ec7 cao nh\u1ea5t 32,73%, tho\u00e1t v\u1ecb 5 t\u1ea7ng chi\u1ebfm t\u1ef7 l\u1ec7 th\u1ea5p nh\u1ea5t 1,82%.\n", "B\u1ea3ng 6.\n", "Ph\u00e2n b\u1ed1 b\u1ec7nh nh\u00e2n theo m\u1ee9c \u0111\u1ed9 TV\u0110\u0110 tr\u00ean phim CHT\n", "M\u1ee9c \u0111\u1ed9 tho\u00e1t v\u1ecb n = 55 %\n", "Ph\u00ecnh (Bugle) 33 60\n", "L\u1ed3i (Protrusion) 8 14,55\n", "Tho\u00e1t v\u1ecb (Extrusion) 29 52,73\n", "Tho\u00e1t v\u1ecb di tr\u00fa (Migration) 1 1,82\n", "Nh\u1eadn x\u00e9t: t\u1ef7 l\u1ec7 ph\u00ecnh \u0111\u0129a \u0111\u1ec7m cao nh\u1ea5t 60%, ti\u1ebfp \u0111\u1ebfn l\u00e0 tho\u00e1t v\u1ecb (52,73%) v\u00e0 l\u1ed3i \u0111\u0129a \u0111\u1ec7m chi\u1ebfm 14,55%, tho\u00e1t v\u1ecb di tr\u00fa ch\u1ec9 chi\u1ebfm 1,82%.\n", "H\u00ecnh 1.\n", "H\u00ecnh \u1ea3nh tho\u00e1t v\u1ecb di tr\u00fa \u0111\u0129a \u0111\u1ec7m L3-L4, trong l\u1ed7 ti\u1ebfp h\u1ee3p ph\u1ea3i (m\u0169i t\u00ean),\n", "Nguy\u1ec5n Th\u1ecb T., n\u1eef 69 tu\u1ed5i, m\u00e3 b\u1ec7nh \u00e1n:1922533.\n", "B\u1ea3ng 7.\n", "Ph\u00e2n b\u1ed1 b\u1ec7nh nh\u00e2n theo th\u1ec3 tho\u00e1t v\u1ecb tr\u00ean phim ch\u1ee5p CHT\n", "Th\u1ec3 tho\u00e1t v\u1ecb n %\n", "Tho\u00e1t v\u1ecb ra sau\n", "C\u1ea1nh trung t\u00e2m 13 23,64\n", "Tho\u00e1t v\u1ecb b\u00ean 1 1,82\n", "Ph\u00ecnh 33 60,0\n", "Nh\u1eadn x\u00e9t: tho\u00e1t v\u1ecb trung t\u00e2m chi\u1ebfm t\u1ec9 l\u1ec7 cao nh\u1ea5t (41,82%), tho\u00e1t v\u1ecb c\u1ea1nh trung t\u00e2m 23,64, tho\u00e1t v\u1ecb b\u00ean ch\u1ec9 chi\u1ebfm 1,82%, kh\u00f4ng c\u00f3 b\u1ec7nh nh\u00e2n c\u00f3 tho\u00e1t v\u1ecb ra tr\u01b0\u1edbc, tho\u00e1t v\u1ecb schmorl.\n", "H\u00ecnh 2.\n", "Tho\u00e1t v\u1ecb \u0111\u0129a \u0111\u1ec7m L4/5 ra sau th\u1ec3 trung t\u00e2m g\u00e2y h\u1eb9p \u1ed1ng s\u1ed1ng \u0111\u1ed9 I, ch\u00e8n \u00e9p r\u1ec5 L5 hai b\u00ean,\n", "D\u01b0\u01a1ng V\u0103n Q., nam 46 tu\u1ed5i, m\u00e3 b\u1ec7nh \u00e1n: 1927625.\n", "B\u1ea3ng 8.\n", "Ph\u00e2n b\u1ed1 b\u1ec7nh nh\u00e2n theo v\u1ecb tr\u00ed r\u1ec5 th\u1ea7n kinh b\u1ecb ch\u00e8n \u00e9p tr\u00ean CHT\n", "Ch\u00e8n \u00e9p r\u1ec5 n %\n", "L3 4 7,28\n", "L4 11 20\n", "L5 37 67,28\n", "S1 25 45,45\n", "Nh\u1eadn x\u00e9t: ch\u00e8n \u00e9p r\u1ec5 L5 chi\u1ebfm t\u1ef7 l\u1ec7 cao nh\u1ea5t (67,28%); ch\u00e8n \u00e9p r\u1ec5 L3 chi\u1ebfm t\u1ef7 l\u1ec7 th\u1ea5p nh\u1ea5t 7,28%.\n", "Bi\u1ec3u \u0111\u1ed3 4.\n", "So s\u00e1nh t\u1ef7 l\u1ec7 t\u1ed5n th\u01b0\u01a1ng r\u1ec5 th\u1ea7n kinh tr\u00ean\n", "LS v\u00e0 ch\u00e8n \u00e9p r\u1ec5 th\u1ea7n kinh tr\u00ean CHT.\n", "Nh\u1eadn x\u00e9t: t\u1ef7 l\u1ec7 ph\u00e1t hi\u1ec7n t\u1ed5n th\u01b0\u01a1ng r\u1ec5 th\u1ea7n kinh tr\u00ean l\u00e2m s\u00e0ng so v\u1edbi t\u1ed5n th\u01b0\u01a1ng ch\u00e8n \u00e9p r\u1ec5 \u1edf v\u1ecb tr\u00ed L5, S1 r\u1ea5t cao, s\u1ef1 kh\u00f4ng ph\u00f9 h\u1ee3p r\u1ea5t th\u1ea5p (1,83% v\u00e0 0%).\n", "B\u1ea3ng 9.\n", "\u0110\u00e1nh gi\u00e1 m\u1ee9c \u0111\u1ed9 h\u1eb9p \u1ed1ng s\u1ed1ng tr\u00ean CHT\n", "M\u1ee9c \u0111\u1ed9 h\u1eb9p n %\n", "H\u1eb9p n\u1eb7ng 9 16,36\n", "H\u1eb9p v\u1eeba 19 34,55\n", "H\u1eb9p nh\u1eb9 12 21,82\n", "Kh\u00f4ng h\u1eb9p 15 27,27\n", "T\u1ed5ng 55 100\n", "Nh\u1eadn x\u00e9t: - T\u1ef7 l\u1ec7 TV\u0110\u0110 c\u00f3 h\u1eb9p \u1ed1ng s\u1ed1ng chi\u1ebfm 54,54%.\n", "- H\u1eb9p v\u1eeba chi\u1ebfm t\u1ef7 l\u1ec7 cao nh\u1ea5t 34,55%, h\u1eb9p n\u1eb7ng chi\u1ebfm 16,36%; kh\u00f4ng c\u00f3 b\u1ec7nh nh\u00e2n h\u1eb9p r\u1ea5t n\u1eb7ng.\n"], "4": ["4.\n", "B\u00e0n lu\u1eadn 4.1.\n", "\u0110\u1eb7c \u0111i\u1ec3m l\u00e2m s\u00e0ng - Tu\u1ed5i: k\u1ebft qu\u1ea3 nghi\u00ean c\u1ee9u cho th\u1ea5y tu\u1ed5i trung b\u00ecnh 58,96 \u00b1 16,54; th\u1ea5p nh\u1ea5t 26, cao nh\u1ea5t 92 tu\u1ed5i.\n", "Nh\u00f3m tu\u1ed5i chi\u1ebfm t\u1ef7 l\u1ec7 cao nh\u1ea5t t\u1eeb 50-69 (47,3%), nh\u00f3m tu\u1ed5i d\u01b0\u1edbi 30 chi\u1ebfm t\u1ef7 l\u1ec7 th\u1ea5p nh\u1ea5t (5,5%).\n", "K\u1ebft qu\u1ea3 n\u00e0y ph\u00f9 h\u1ee3p v\u1edbi k\u1ebft qu\u1ea3 nghi\u00ean c\u1ee9u c\u1ee7a S.\n", "Lee tu\u1ed5i trung b\u00ecnh l\u00e0 57,2\u00b111,3; th\u1ea5p nh\u1ea5t l\u00e0 21 tu\u1ed5i v\u00e0 cao nh\u1ea5t l\u00e0 77 tu\u1ed5i [3], S.\n", "Eicker c\u0169ng ghi nh\u1eadn tu\u1ed5i trung b\u00ecnh 56,6, th\u1ea5p nh\u1ea5t 31 v\u00e0 cao nh\u1ea5t 79 [4].\n", "Tuy nhi\u00ean, nghi\u00ean c\u1ee9u c\u1ee7a H\u00e0 M\u1ea1nh C\u01b0\u1eddng cho th\u1ea5y tu\u1ed5i trung b\u00ecnh 44,6 tu\u1ed5i [5], J.D.\n", "Lurie v\u00e0 cs c\u0169ng cho r\u1eb1ng tu\u1ed5i trung b\u00ecnh c\u1ee7a b\u1ec7nh nh\u00e2n TV\u0110\u0110 CSTL 42,3 [6].\n", "S\u1ef1 kh\u00e1c bi\u1ec7t n\u00e0y c\u00f3 th\u1ec3 do \u0111\u1ed9 tu\u1ed5i c\u00e0ng l\u1edbn, qu\u00e1 tr\u00ecnh tho\u00e1i ho\u00e1 c\u1ee7a nh\u00e2n nh\u1ea7y di\u1ec5n ra m\u1ea1nh m\u1ebd h\u01a1n n\u00ean v\u1edbi nh\u00f3m tu\u1ed5i t\u1eeb 50-79 tu\u1ed5i, ch\u1ec9 c\u1ea7n nh\u1eefng l\u1ef1c t\u00e1c \u0111\u1ed9ng nh\u1eb9 l\u00ean c\u1ed9t s\u1ed1ng v\u00e0 \u0111\u0129a \u0111\u1ec7m c\u0169ng c\u00f3 th\u1ec3 g\u00e2y tho\u00e1t v\u1ecb.\n", "K\u00e8m theo \u0111\u00f3, \u0111\u00e2y l\u00e0 nh\u00f3m tu\u1ed5i sau lao \u0111\u1ed9ng,\n", "TV\u0110\u0110 ch\u00ednh l\u00e0 h\u1eadu qu\u1ea3 do qu\u00e1 tr\u00ecnh lao \u0111\u1ed9ng qu\u00e1 s\u1ee9c \u0111\u1ec3 l\u1ea1i.\n", "- Gi\u1edbi t\u00ednh\n", "K\u1ebft qu\u1ea3 nghi\u00ean c\u1ee9u c\u1ee7a ch\u00fang t\u00f4i t\u1ef7 l\u1ec7 n\u1eef/nam l\u00e0 1,12/1 ph\u00f9 h\u1ee3p v\u1edbi nghi\u00ean c\u1ee9u c\u1ee7a\n", "B\u00f9i Quang Tuy\u1ec3n t\u1ef7 l\u1ec7 n\u1eef/nam l\u00e0 1,4/1, K.\n", "Fujii v\u00e0 cs t\u1ef7 l\u1ec7 n\u1eef/nam =1,4/1, C.\n", "G.\n", "Peter t\u1ef7 l\u1ec7 n\u1eef/nam l\u00e0 1,3/1.\n", "Tuy nhi\u00ean nghi\u00ean c\u1ee9u c\u1ee7a M.\n", "R.\n", "Konieczny v\u00e0 cs t\u1ec9 l\u1ec7 nam/n\u1eef = 1,36/1 [7].\n", "Nguy\u1ec5n V\u0103n\n", "Ch\u01b0\u01a1ng t\u1ef7 l\u1ec7 nam/n\u1eef t\u01b0\u01a1ng \u1ee9ng l\u00e0 2,82/1 [2].\n", "S\u1ef1 kh\u00e1c bi\u1ec7t n\u00e0y c\u00f3 th\u1ec3 do kh\u00e1c nhau v\u1ec1 s\u1ed1 l\u01b0\u1ee3ng v\u00e0 m\u1ee5c ti\u00eau nghi\u00ean c\u1ee9u.\n", "\u1ede \u0111\u1ed9 tu\u1ed5i tr\u00ean 70, n\u1eef gi\u1edbi chi\u1ebfm t\u1ef7 l\u1ec7 cao h\u01a1n, c\u00f3 th\u1ec3 \u0111\u00e2y l\u00e0 giai \u0111o\u1ea1n m\u00e3n kinh c\u00f3 nh\u1eefng r\u1ed1i lo\u1ea1n n\u1ed9i ti\u1ebft g\u00e2y lo\u00e3ng x\u01b0\u01a1ng, tho\u00e1i ho\u00e1 \u0111\u0129a \u0111\u1ec7m l\u00e0 nh\u1eefng y\u1ebfu t\u1ed1 d\u1ec5 d\u1eabn \u0111\u1ebfn TV\u0110\u0110 - \u0111\u1ed1i t\u01b0\u1ee3ng c\u00f3 nguy c\u01a1 cao TV\u0110\u0110.\n", "\u0110\u1ed9 tu\u1ed5i d\u01b0\u1edbi 49 nam gi\u1edbi chi\u1ebfm t\u1ef7 l\u1ec7 cao h\u01a1n, c\u00f3 th\u1ec3 do \u1edf \u0111\u1ed9 tu\u1ed5i n\u00e0y nam gi\u1edbi ph\u1ea3i lao \u0111\u1ed9ng n\u1eb7ng h\u01a1n n\u00ean t\u1ef7 l\u1ec7\n", "TV\u0110\u0110 cao h\u01a1n.\n", "- Ngh\u1ec1 nghi\u1ec7p\n", "Trong nghi\u00ean c\u1ee9u c\u1ee7a ch\u00fang t\u00f4i, lao \u0111\u1ed9ng n\u1eb7ng chi\u1ebfm t\u1ec9 l\u1ec7 cao nh\u1ea5t 63,64%, k\u1ebft qu\u1ea3 n\u00e0y ph\u00f9 h\u1ee3p nghi\u00ean c\u1ee9u c\u1ee7a nhi\u1ec1u t\u00e1c gi\u1ea3.\n", "H\u00e0 M\u1ea1nh\n", "C\u01b0\u1eddng c\u0169ng cho th\u1ea5y nh\u00f3m b\u1ec7nh nh\u00e2n lao \u0111\u1ed9ng 0% 10% 20% 30% 40% 50% 60% 70%\n", "L3 L4 L5 S1 1.82% 12.72% 65.45% 45.45% 7.28% 20% 67.28% 45.45%\n", "Tr\u00ean l\u00e2m s\u00e0ng\n", "Tr\u00ean CHT n\u1eb7ng chi\u1ebfm t\u1ef7 l\u1ec7 60,83% cao h\u01a1n nh\u00f3m lao \u0111\u1ed9ng nh\u1eb9 l\u00e0 39,17% [5].\n", "Tuy nhi\u00ean, m\u1ed9t s\u1ed1 nghi\u00ean c\u1ee9u ch\u1ec9 ra nh\u00f3m lao \u0111\u1ed9ng nh\u1eb9 chi\u1ebfm t\u1ef7 l\u1ec7 cao h\u01a1n nh\u00f3m lao \u0111\u1ed9ng n\u1eb7ng, nguy\u00ean nh\u00e2n c\u00f3 th\u1ec3 l\u00e0 do l\u00e0m vi\u1ec7c \u1edf 1 t\u01b0 th\u1ebf qu\u00e1 l\u00e2u, \u00edt ho\u1ea1t \u0111\u1ed9ng.\n", "Ch\u00ednh v\u00ec v\u1eady, m\u00f4i tr\u01b0\u1eddng l\u00e0m vi\u1ec7c tho\u1ea3i m\u00e1i, th\u1eddi gian l\u00e0m vi\u1ec7c h\u1ee3p l\u00fd, t\u01b0 th\u1ebf l\u00e0m vi\u1ec7c \u0111\u00fang cho nh\u00f3m \u0111\u1ed1i t\u01b0\u1ee3ng c\u00f3 nguy c\u01a1 cao l\u00e0 h\u1ebft s\u1ee9c quan tr\u1ecdng, h\u1ea1n ch\u1ebf t\u1ef7 l\u1ec7 m\u1eafc b\u1ec7nh v\u00e0 n\u00e2ng cao ch\u1ea5t l\u01b0\u1ee3ng cu\u1ed9c s\u1ed1ng cho ch\u00ednh b\u1ea3n th\u00e2n h\u1ecd v\u00e0 x\u00e3 h\u1ed9i.\n", "- Ho\u00e0n c\u1ea3nh kh\u1edfi ph\u00e1t\n", "K\u1ebft qu\u1ea3 nghi\u00ean c\u1ee9u c\u1ee7a ch\u00fang t\u00f4i cho th\u1ea5y \u0111a s\u1ed1 b\u1ec7nh kh\u1edfi ph\u00e1t sau lao \u0111\u1ed9ng qu\u00e1 s\u1ee9c, v\u1eadn \u0111\u1ed9ng \u0111\u1ed9t ng\u1ed9t, sai t\u01b0 th\u1ebf (47%).\n", "\u0110i\u1ec1u n\u00e0y ph\u00f9 h\u1ee3p v\u1edbi \u0111\u1eb7c \u0111i\u1ec3m chung c\u1ee7a nh\u00f3m b\u1ec7nh nh\u00e2n m\u00e0 ch\u00fang t\u00f4i nghi\u00ean c\u1ee9u: t\u1ef7 l\u1ec7 ngh\u1ec1 nghi\u1ec7p lao \u0111\u1ed9ng n\u1eb7ng cao h\u01a1n lao \u0111\u1ed9ng nh\u1eb9, n\u00ean y\u1ebfu t\u1ed1 kh\u1edfi ph\u00e1t th\u01b0\u1eddng g\u1eb7p l\u00e0 sau lao \u0111\u1ed9ng qu\u00e1 s\u1ee9c ho\u1eb7c sau v\u1eadn \u0111\u1ed9ng \u0111\u1ed9t ng\u1ed9t.\n", "Theo Nguy\u1ec5n Xu\u00e2n Th\u1ea3n, t\u1ef7 l\u1ec7 b\u1ec7nh nh\u00e2n c\u00f3 ho\u00e0n c\u1ea3nh kh\u1edfi ph\u00e1t t\u1ef1 nhi\u00ean cao h\u01a1n kh\u1edfi ph\u00e1t sau ch\u1ea5n th\u01b0\u01a1ng, sau v\u1eadn \u0111\u1ed9ng qu\u00e1 m\u1ee9c \u1edf c\u1ed9t s\u1ed1ng.\n", "Nh\u01b0 v\u1eady, c\u00e1c tr\u01b0\u1eddng h\u1ee3p TV\u0110\u0110 kh\u00f4ng c\u00f3 y\u1ebfu t\u1ed1 ch\u1ea5n th\u01b0\u01a1ng v\u00e0 tr\u1ecdng t\u1ea3i kh\u00f4ng v\u01b0\u1ee3t qu\u00e1 gi\u1edbi h\u1ea1n sinh l\u00fd th\u00ec vai tr\u00f2 c\u1ee7a tho\u00e1i ho\u00e1 \u0111\u0129a \u0111\u1ec7m l\u00e0 ch\u1ee7 y\u1ebfu.\n", "Nh\u1eefng y\u1ebfu t\u1ed1 b\u1ea5t l\u1ee3i do l\u00e0m vi\u1ec7c trong t\u01b0 th\u1ebf g\u00f2 b\u00f3, qu\u00e1 \u01b0\u1ee1n, qu\u00e1 g\u00f9, rung s\u00f3c...\n", "tr\u1edf th\u00e0nh nh\u1eefng vi ch\u1ea5n th\u01b0\u01a1ng \u0111\u1ed1i v\u1edbi \u0111\u0129a \u0111\u1ec7m\n", "CSTL.\n", "Ch\u00ednh nh\u1eefng y\u1ebfu t\u1ed1 vi ch\u1ea5n th\u01b0\u01a1ng v\u00e0 nh\u1eefng t\u00e1c \u0111\u1ed9ng tr\u1ecdng t\u1ea3i kh\u00f4ng c\u00e2n \u0111\u1ed1i \u0111\u00e3 th\u00fac \u0111\u1ea9y nhanh qu\u00e1 tr\u00ecnh tho\u00e1i ho\u00e1 \u0111\u0129a \u0111\u1ec7m.\n", "\u0110\u00e2y l\u00e0 c\u01a1 s\u1edf cho s\u1ef1 h\u00ecnh th\u00e0nh v\u00e0 ph\u00e1t sinh TV\u0110\u0110 CSTL.\n", "- H\u1ed9i ch\u1ee9ng th\u1eaft l\u01b0ng\n", "\u0110au CSTL l\u00e0 tri\u1ec7u ch\u1ee9ng g\u1eb7p \u1edf h\u1ea7u h\u1ebft b\u1ec7nh nh\u00e2n TV\u0110\u0110 CSTL, l\u00e0 tri\u1ec7u ch\u1ee9ng ch\u1ee7 y\u1ebfu khi\u1ebfn b\u1ec7nh nh\u00e2n ph\u1ea3i \u0111i kh\u00e1m b\u1ec7nh.\n", "\u0110au l\u01b0ng c\u00f3 th\u1ec3 chia l\u00e0m 2 th\u1eddi k\u00ec: th\u1eddi k\u00ec \u0111\u1ea7u \u0111\u01b0\u1ee3c gi\u1ea3i th\u00edch l\u00e0 do v\u00f2ng s\u1ee3i b\u1ecb bi\u1ebfn \u0111\u1ed5i, l\u1ed3i ra sau ho\u1eb7c do to\u00e0n b\u1ed9 \u0111\u0129a \u0111\u1ec7m d\u1ecbch chuy\u1ec3n v\u1ec1 ph\u00eda sau (nh\u01b0ng v\u00f2ng s\u1ee3i \u0111\u0129a \u0111\u1ec7m v\u1eabn kh\u00f4ng b\u1ecb t\u1ed5n th\u01b0\u01a1ng - ph\u00ecnh \u0111\u0129a \u0111\u1ec7m), t\u1eeb \u0111\u00f3 k\u00edch th\u00edch v\u00e0o d\u00e2y ch\u1eb1ng d\u1ecdc sau v\u00e0 bao m\u00e0ng c\u1ee9ng, \u0111\u00e2y l\u00e0 th\u00e0nh ph\u1ea7n c\u00f3 ph\u00e2n b\u1ed1 th\u1ea7n kinh c\u1ea3m gi\u00e1c ch\u1ecbu k\u00edch th\u00edch c\u01a1 h\u1ecdc \u0111\u1ea7u ti\u00ean.\n", "\u1ede th\u1eddi k\u00ec sau \u0111au kh\u00f4ng c\u00f2n khu tr\u00fa \u1edf v\u00f9ng th\u1eaft l\u01b0ng m\u00e0 lan xu\u1ed1ng theo \u0111\u01b0\u1eddng \u0111i c\u1ee7a r\u1ec5 th\u1ea7n kinh b\u1ecb t\u1ed5n th\u01b0\u01a1ng.\n", "\u0110au c\u00f3 t\u00ednh ch\u1ea5t c\u01a1 h\u1ecdc: \u0111au khi \u0111i, \u0111\u1ee9ng, ho, h\u1eaft h\u01a1i, r\u1eb7n,...\n", "v\u00e0 th\u01b0\u1eddng \u0111\u1ee1 \u0111au khi n\u1eb1m ngh\u1ec9 ng\u01a1i.\n", "C\u01a1 ch\u1ebf g\u00e2y \u0111au \u1edf \u0111\u00e2y l\u00e0 do v\u00f2ng s\u1ee3i b\u1ecb t\u1ed5n th\u01b0\u01a1ng, m\u1ed9t ph\u1ea7n hay to\u00e0n b\u1ed9 nh\u00e2n nh\u1ea7y s\u1ebd t\u1ee5t ra ph\u00eda sau \u0111\u00e8 \u00e9p v\u00e0o r\u1ec5 th\u1ea7n kinh tu\u1ef7 s\u1ed1ng g\u00e2y tr\u1ea1ng th\u00e1i k\u00edch th\u00edch k\u00e8m \u0111au \u0111\u1edbn [5].\n", "K\u1ebft qu\u1ea3 nghi\u00ean c\u1ee9u cho th\u1ea5y 100% b\u1ec7nh nh\u00e2n \u0111\u1ec1u c\u00f3 bi\u1ec3u hi\u1ec7n \u0111au CSTL, h\u1ea1n ch\u1ebf v\u1eadn \u0111\u1ed9ng CSTL (90,91%), \u0111au v\u1edbi t\u00ednh ch\u1ea5t c\u01a1 h\u1ecdc, \u0111au t\u0103ng khi \u0111i l\u1ea1i ho\u1eb7c khi g\u1eafng s\u1ee9c th\u1ef1c hi\u1ec7n m\u1ed9t \u0111\u1ed9ng t\u00e1c n\u00e0o \u0111\u00f3 v\u00e0 \u0111au lan theo r\u1ec5 th\u1ea7n kinh chi ph\u1ed1i (85,45%).\n", "Nguy\u1ec5n V\u0103n Ch\u01b0\u01a1ng v\u00e0 cs nghi\u00ean c\u1ee9u 4.718 b\u1ec7nh nh\u00e2n TV\u0110\u0110 CSTL c\u0169ng cho th\u1ea5y 95,7% b\u1ec7nh nh\u00e2n c\u00f3 \u0111au CSTL, \u0111au c\u00f3 t\u00ednh ch\u1ea5t c\u01a1 h\u1ecdc 96,4%; \u0111au lan d\u1ecdc theo th\u1ea7n kinh h\u00f4ng to 93,87% v\u00e0 h\u1ea1n ch\u1ebf t\u1ea7m ho\u1ea1t \u0111\u1ed9ng\n", "CSTL (89,5%) [2] v\u00e0 m\u1ed9t s\u1ed1 nghi\u00ean c\u1ee9u c\u1ee7a t\u00e1c gi\u1ea3 n\u01b0\u1edbc ngo\u00e0i nh\u01b0 M.H Daghighi v\u00e0 cs 100% b\u1ec7nh nh\u00e2n c\u00f3 bi\u1ec3u hi\u1ec7n \u0111au CSTL; 75,1% c\u00f3 bi\u1ec3u hi\u1ec7n t\u1ed5n th\u01b0\u01a1ng r\u1ec5 th\u1ea7n kinh; 19,9% b\u1ec7nh nh\u00e2n gi\u1ea3m c\u1ea3m gi\u00e1c v\u00e0 5,2% b\u1ec7nh nh\u00e2n c\u00f3 h\u1ea1n ch\u1ebf v\u1eadn \u0111\u1ed9ng [8].\n", "Khi nghi\u00ean c\u1ee9u v\u1ec1 h\u1ed9i ch\u1ee9ng c\u1ed9t s\u1ed1ng, c\u00e1c \u0111\u1ed9ng CSTL l\u00e0 hai tri\u1ec7u ch\u1ee9ng \u0111i\u1ec3n h\u00ecnh c\u1ee7a\n", "TV\u0110\u0110 CSTL.\n", "K\u1ebft qu\u1ea3 trong nghi\u00ean c\u1ee9u n\u00e0y c\u0169ng ph\u00f9 h\u1ee3p v\u1edbi k\u1ebft qu\u1ea3 nghi\u00ean c\u1ee9u c\u1ee7a nhi\u1ec1u tr\u00ean l\u00e2m s\u00e0ng.\n", "Theo nhi\u1ec1u t\u00e1c gi\u1ea3, \u0111\u00e2y c\u00f3 th\u1ec3 coi nh\u01b0 tri\u1ec7u ch\u1ee9ng \u0111\u1ea7u ti\u00ean v\u00e0 \u0111i\u1ec3n h\u00ecnh c\u1ee7a b\u1ec7nh l\u00fd TV\u0110\u0110 CSTL do m\u1ee9c \u0111\u1ed9 th\u01b0\u1eddng xuy\u00ean xu\u1ea5t hi\u1ec7n v\u00e0 c\u1ea3m nh\u1eadn ban \u0111\u1ea7u c\u1ee7a b\u1ec7nh nh\u00e2n.\n", "H\u1ed9i ch\u1ee9ng r\u1ec5 th\u1ea7n kinh\n", "Theo k\u1ebft qu\u1ea3 nghi\u00ean c\u1ee9u c\u1ee7a ch\u00fang t\u00f4i, d\u1ea5u hi\u1ec7u Las\u00e8gue d\u01b0\u01a1ng t\u00ednh chi\u1ebfm 74,55%.\n", "Nguy\u1ec5n\n", "V\u0103n Ch\u01b0\u01a1ng v\u00e0 cs c\u0169ng g\u1eb7p d\u1ea5u hi\u1ec7u Las\u00e8gue d\u01b0\u01a1ng t\u00ednh chi\u1ebfm t\u1edbi 96,1% [2].\n", "B\u00ean c\u1ea1nh \u0111\u00f3 d\u1ea5u hi\u1ec7u chu\u00f4ng b\u1ea5m d\u01b0\u01a1ng t\u00ednh c\u0169ng l\u00e0 m\u1ed9t trong nh\u1eefng nghi\u1ec7m ph\u00e1p gi\u00fap \u00edch trong vi\u1ec7c ch\u1ea9n \u0111o\u00e1n, \u0111\u00e1nh gi\u00e1 m\u1ee9c \u0111\u1ed9 c\u0103ng c\u1ee7a r\u1ec5 th\u1ea7n kinh.\n", "M\u1eb7c d\u00f9 gi\u00e1 tr\u1ecb c\u1ee7a d\u1ea5u hi\u1ec7u n\u00e0y th\u01b0\u1eddng \u0111\u01b0\u1ee3c cho l\u00e0 kh\u00f4ng cao nh\u01b0 d\u1ea5u hi\u1ec7u Las\u00e8gue v\u00e0 t\u1ef7 l\u1ec7 d\u01b0\u01a1ng t\u00ednh c\u1ee7a d\u1ea5u hi\u1ec7u n\u00e0y th\u01b0\u1eddng th\u1ea5p h\u01a1n so v\u1edbi\n", "Las\u00e8gue, theo k\u1ebft qu\u1ea3 nghi\u00ean c\u1ee9u d\u1ea5u hi\u1ec7u chu\u00f4ng b\u1ea5m d\u01b0\u01a1ng t\u00ednh l\u1ea1i chi\u1ebfm t\u1ef7 l\u1ec7 54,55%.\n", "R\u1ed1i lo\u1ea1n c\u1ea3m gi\u00e1c c\u0169ng l\u00e0 m\u1ed9t tri\u1ec7u ch\u1ee9ng quan tr\u1ecdng trong h\u1ed9i ch\u1ee9ng th\u1ea7n kinh th\u1eaft l\u01b0ng- c\u00f9ng.\n", "R\u1ed1i lo\u1ea1n c\u1ea3m gi\u00e1c xu\u1ea5t hi\u1ec7n \u1edf giai \u0111o\u1ea1n t\u1ed5n th\u01b0\u01a1ng n\u1eb7ng h\u01a1n sau giai \u0111o\u1ea1n r\u1ec5 th\u1ea7n kinh b\u1ecb k\u00edch th\u00edch.\n", "Th\u01b0\u1eddng kh\u1edfi ph\u00e1t v\u1edbi tri\u1ec7u ch\u1ee9ng ch\u1ee7 quan l\u00e0 t\u00ea b\u00ec, sau \u0111\u00f3 b\u1ec7nh nh\u00e2n c\u00f3 gi\u1ea3m ho\u1eb7c m\u1ea5t c\u1ea3m gi\u00e1c v\u00f9ng \u0111\u01b0\u1ee3c chi ph\u1ed1i b\u1edfi r\u1ec5 th\u1ea7n kinh b\u1ecb ch\u00e8n \u00e9p, ch\u1ee7 y\u1ebfu l\u00e0 gi\u1ea3m c\u1ea3m gi\u00e1c n\u00f4ng.\n", "\u0110\u00e2y l\u00e0 tri\u1ec7u ch\u1ee9ng c\u00f3 gi\u00e1 tr\u1ecb nh\u1eb1m ch\u1ea9n \u0111o\u00e1n \u0111\u1ecbnh khu t\u1ed5n th\u01b0\u01a1ng r\u1ec5 th\u1ea7n kinh v\u00e0 gi\u00fap x\u00e1c \u0111\u1ecbnh v\u1ecb tr\u00ed tho\u00e1t v\u1ecb.\n", "Nghi\u00ean c\u1ee9u c\u1ee7a Porchet F.\n", "r\u1ed1i lo\u1ea1n c\u1ea3m gi\u00e1c 59%, Nguy\u1ec5n H\u00f9ng Minh 97,2%, B\u00f9i Ng\u1ecdc\n", "Ti\u1ebfn 96,19%, Nguy\u1ec5n Mai H\u01b0\u01a1ng 91,18%,...\n", "Nghi\u00ean c\u1ee9u c\u1ee7a ch\u00fang t\u00f4i c\u0169ng c\u00f3 k\u1ebft qu\u1ea3 t\u01b0\u01a1ng t\u1ef1, b\u1ec7nh nh\u00e2n c\u00f3 r\u1ed1i lo\u1ea1n c\u1ea3m gi\u00e1c l\u00e0 72,73%.\n", "R\u1ed1i lo\u1ea1n v\u1eadn \u0111\u1ed9ng l\u00e0 tri\u1ec7u ch\u1ee9ng xu\u1ea5t hi\u1ec7n mu\u1ed9n h\u01a1n tri\u1ec7u ch\u1ee9ng r\u1ed1i lo\u1ea1n c\u1ea3m gi\u00e1c nh\u01b0ng l\u1ea1i l\u00e0 nguy\u00ean nh\u00e2n ch\u1ee7 y\u1ebfu khi\u1ebfn b\u1ec7nh nh\u00e2n t\u1edbi c\u01a1 l\u1ef1c v\u00e0 tr\u01b0\u01a1ng l\u1ef1c c\u00e1c nh\u00f3m c\u01a1 \u0111\u01b0\u1ee3c chi ph\u1ed1i b\u1edfi r\u1ec5 th\u1ea7n kinh b\u1ecb ch\u00e8n \u00e9p.\n", "R\u1ec5 th\u1ea7n kinh L5 b\u1ecb t\u1ed5n th\u01b0\u01a1ng s\u1ebd l\u00e0m gi\u1ea3m c\u01a1 l\u1ef1c c\u01a1 ch\u00e0y tr\u01b0\u1edbc, c\u01a1 n\u00e2ng b\u00e0n ch\u00e2n v\u00e0 c\u01a1 n\u00e2ng ng\u00f3n c\u00e1i, bi\u1ec3u hi\u1ec7n l\u00e2m s\u00e0ng l\u00e0 b\u1ec7nh nh\u00e2n kh\u00f4ng n\u00e2ng \u0111\u01b0\u1ee3c b\u00e0n ch\u00e2n ho\u1eb7c m\u0169i b\u00e0n ch\u00e2n, khi \u0111i d\u1ec5 b\u1ecb qu\u1ec7t m\u0169i b\u00e0n ch\u00e2n xu\u1ed1ng \u0111\u1ea5t ho\u1eb7c b\u1ec7nh nh\u00e2n \u0111i d\u1ec5 b\u1ecb tu\u1ed9t d\u00e9p, kh\u00e1m x\u00e1c \u0111\u1ecbnh b\u1eb1ng c\u00e1ch ki\u1ec3m tra s\u1ee9c c\u01a1 n\u00e2ng ng\u00f3n c\u00e1i, s\u1ee9c c\u01a1 g\u1ea5p b\u00e0n ch\u00e2n v\u1ec1 ph\u00eda mu ho\u1eb7c cho b\u1ec7nh nh\u00e2n \u0111\u1ee9ng tr\u00ean g\u00f3t (nghi\u1ec7m ph\u00e1p \u0111\u1ee9ng tr\u00ean g\u00f3t ch\u00e2n).\n", "T\u1ed5n th\u01b0\u01a1ng r\u1ec5 S1 l\u00e0m gi\u1ea3m c\u01a1 l\u1ef1c kh\u1ed1i c\u01a1 d\u00e9p, kh\u00e1m x\u00e1c \u0111\u1ecbnh b\u1eb1ng c\u00e1ch ki\u1ec3m tra s\u1ee9c c\u01a1 b\u00e0n ch\u00e2n khi du\u1ed7i ho\u1eb7c cho b\u1ec7nh \u0111\u1ee9ng tr\u00ean \u0111\u1ea7u ng\u00f3n ch\u00e2n (nghi\u1ec7m ph\u00e1p \u0111\u1ee9ng tr\u00ean \u0111\u1ea7u ng\u00f3n ch\u00e2n).\n", "T\u1ed5n th\u01b0\u01a1ng r\u1ec5 L3-L4 s\u1ebd c\u00f3 bi\u1ec3u hi\u1ec7n gi\u1ea3m s\u1ee9c c\u01a1 t\u1ee9 \u0111\u1ea7u \u0111\u00f9i.\n", "Th\u0103m kh\u00e1m th\u1ea5y c\u00f3 \u0111\u1ed9ng t\u00e1c y\u1ebfu khi du\u1ed7i c\u1eb3ng ch\u00e2n.\n", "Tri\u1ec7u ch\u1ee9ng n\u00e0y \u1edf m\u1ed9t s\u1ed1 b\u1ec7nh nh\u00e2n c\u00f3 bi\u1ec3u hi\u1ec7n s\u1edbm v\u00e0 k\u00edn \u0111\u00e1o n\u1ebfu nh\u01b0 kh\u00f4ng c\u00f3 s\u1ef1 th\u0103m kh\u00e1m v\u00e0 \u0111\u00e1nh gi\u00e1 k\u1ef9 l\u01b0\u1ee1ng.\n", "D\u1ea5u hi\u1ec7u gi\u1ea3m s\u1ee9c c\u01a1 t\u1ee9 \u0111\u1ea7u \u0111\u00f9i th\u1ec3 hi\u1ec7n b\u1eb1ng vi\u1ec7c \u0111i l\u00ean c\u1ea7u thang kh\u00f3 kh\u0103n, nh\u1ea5t l\u00e0 khi n\u00e2ng \u0111\u00f9i v\u00e0 ch\u00e2n b\u01b0\u1edbc l\u00ean, trong khi \u0111\u00f3 b\u1ec7nh nh\u00e2n v\u1eabn c\u00f3 th\u1ec3 th\u1ef1c hi\u1ec7n \u0111\u01b0\u1ee3c nghi\u1ec7m ph\u00e1p \u0111i b\u1eb1ng m\u0169i ch\u00e2n v\u00e0 g\u00f3t ch\u00e2n r\u1ea5t b\u00ecnh th\u01b0\u1eddng ho\u1eb7c \u0111i l\u1ea1i tr\u00ean \u0111\u01b0\u1eddng ph\u1eb3ng g\u1ea7n nh\u01b0 b\u00ecnh th\u01b0\u1eddng.\n", "Nghi\u00ean c\u1ee9u c\u1ee7a F.\n", "C.\n", "Porchet g\u1eb7p r\u1ed1i lo\u1ea1n v\u1eadn \u0111\u1ed9ng l\u00e0 74%, B\u00f9i Ng\u1ecdc Ti\u1ebfn l\u00e0 63,81%.\n", "Trong nghi\u00ean c\u1ee9u c\u1ee7a ch\u00fang t\u00f4i r\u1ed1i lo\u1ea1n v\u1eadn \u0111\u1ed9ng chi\u1ebfm 50,91%, kh\u00f4ng c\u00f3 ca n\u00e0o b\u1ecb li\u1ec7t ho\u00e0n to\u00e0n.\n", "K\u1ebft qu\u1ea3 cho th\u1ea5y t\u1ef7 l\u1ec7 teo c\u01a1 tr\u00ean l\u00e2m s\u00e0ng l\u00e0 21,28% ph\u00f9 h\u1ee3p v\u1edbi m\u1ed9t s\u1ed1 k\u1ebft qu\u1ea3 nghi\u00ean c\u1ee9u c\u1ee7a t\u00e1c gi\u1ea3 trong n\u01b0\u1edbc.\n", "B\u1ec7nh nh\u00e2n c\u00f3 bi\u1ec3u hi\u1ec7n r\u1ed1i lo\u1ea1n c\u01a1 tr\u00f2n chi\u1ebfm t\u1ef7 l\u1ec7 1,82% ph\u00f9 h\u1ee3p v\u1edbi nghi\u00ean c\u1ee9u c\u1ee7a B\u00f9i Quang Tuy\u1ec3n 1,7%.\n", "T\u1ed5n th\u01b0\u01a1ng r\u1ec5 th\u1ea7n kinh tr\u00ean l\u00e2m s\u00e0ng\n", "Ch\u1ea9n \u0111o\u00e1n \u0111\u1ecbnh khu t\u1ed5n th\u01b0\u01a1ng r\u1ec5 c\u00f3 \u00fd ngh\u0129a r\u1ea5t quan tr\u1ecdng trong vi\u1ec7c l\u1eadp k\u1ebf ho\u1ea1ch \u0111i\u1ec1u tr\u1ecb, \u0111\u1eb7c bi\u1ec7t l\u00e0 x\u1eed tr\u00ed ngo\u1ea1i khoa.\n", "T\u1ed5n th\u01b0\u01a1ng c\u00e1c r\u1ec5 th\u1ea7n kinh c\u00f3 th\u1ec3 g\u00e2y ra nhi\u1ec1u r\u1ed1i lo\u1ea1n kh\u00e1c nhau tu\u1ef3 theo v\u1ecb tr\u00ed r\u1ec5 b\u1ecb t\u1ed5n th\u01b0\u01a1ng.\n", "D\u1ef1a v\u00e0o c\u00e1c r\u1ed1i lo\u1ea1n ph\u1ea3n x\u1ea1, r\u1ed1i lo\u1ea1n c\u1ea3m gi\u00e1c, r\u1ed1i lo\u1ea1n v\u1eadn \u0111\u1ed9ng, v\u00e0 c\u00e1c h\u1ed9i ch\u1ee9ng th\u1ea7n kinh kh\u00e1c, nghi\u00ean c\u1ee9u ti\u1ebfn h\u00e0nh kh\u1ea3o s\u00e1t v\u1ecb tr\u00ed t\u1ed5n th\u01b0\u01a1ng r\u1ec5 th\u1ea7n kinh tr\u00ean l\u00e2m s\u00e0ng.\n", "K\u1ebft qu\u1ea3 nghi\u00ean c\u1ee9u cho th\u1ea5y, \u0111a s\u1ed1 b\u1ec7nh nh\u00e2n b\u1ecb t\u1ed5n th\u01b0\u01a1ng \u1edf c\u00e1c r\u1ec5 th\u1ea7n kinh th\u1ea5p: r\u1ec5 L5 chi\u1ebfm 64,45% v\u00e0 r\u1ec5 S1 chi\u1ebfm 45,45%.\n", "K\u1ebft qu\u1ea3 nghi\u00ean c\u1ee9u c\u1ee7a ch\u00fang t\u00f4i c\u0169ng ph\u00f9 h\u1ee3p v\u1edbi k\u1ebft qu\u1ea3 c\u1ee7a nhi\u1ec1u nghi\u00ean c\u1ee9u trong v\u00e0 ngo\u00e0i n\u01b0\u1edbc.\n", "4.2.\n", "\u0110\u1eb7c \u0111i\u1ec3m h\u00ecnh \u1ea3nh c\u1ed9ng h\u01b0\u1edfng t\u1eeb tho\u00e1t v\u1ecb \u0111\u0129a \u0111\u1ec7m c\u1ed9t s\u1ed1ng th\u1eaft l\u01b0ng\n", "Ph\u00e2n b\u1ed1 t\u1ea7ng tho\u00e1t v\u1ecb: TV\u0110\u0110 CSTL c\u00f3 th\u1ec3 x\u1ea3y ra \u1edf b\u1ea5t k\u1ef3 v\u1ecb tr\u00ed n\u00e0o, v\u00e0 m\u1ed9t b\u1ec7nh nh\u00e2n c\u00f3 th\u1ec3 \u0111\u1ed3ng th\u1eddi tho\u00e1t v\u1ecb \u1edf 2 hay nhi\u1ec1u \u0111\u0129a \u0111\u1ec7m kh\u00e1c nhau.\n", "K\u1ebft qu\u1ea3 nghi\u00ean c\u1ee9u cho th\u1ea5y, t\u1ef7 l\u1ec7 tho\u00e1t v\u1ecb th\u1eaft l\u01b0ng cao \u00edt g\u1eb7p h\u01a1n, t\u1ea7ng L1/2: 9,1%, L2/3: 21,8%, B\u00f9i Quang Tuy\u1ec3n nghi\u00ean c\u1ee9u 2359\n", "TV\u0110\u0110 th\u1eaft l\u01b0ng cao chi\u1ebfm t\u1ec9 l\u1ec7 th\u1ea5p 5,76%.\n", "M.\n", "R.\n", "Konieczny v\u00e0 cs c\u0169ng cho r\u1eb1ng t\u1ec9 l\u1ec7 tho\u00e1t v\u1ecb t\u1ea7ng cao \u00edt g\u1eb7p, t\u1ea7ng L1/2: 1,3% v\u00e0 L2/3: 2,6% [7], t\u01b0\u01a1ng t\u1ef1 k\u1ebft qu\u1ea3 nghi\u00ean c\u1ee9u c\u1ee7a ch\u00fang t\u00f4i.\n", "T\u1ea7ng tho\u00e1t v\u1ecb hay g\u1eb7p nh\u1ea5t l\u00e0 L4/5 chi\u1ebfm t\u1ef7 l\u1ec7 81,8%, v\u00e0 L5/S1 t\u1ef7 l\u1ec7 70,9%.\n", "M.\n", "R.\n", "Konieczny v\u00e0 cs cho r\u1eb1ng t\u1ea7ng tho\u00e1t v\u1ecb hay g\u1eb7p nh\u1ea5t l\u00e0 L4/5 v\u00e0 L4/S1 v\u1edbi t\u1ef7 l\u1ec7 t\u01b0\u01a1ng \u1ee9ng l\u00e0 43,0% v\u00e0 36,4% [7].\n", "M.\n", "Karademir c\u0169ng cho r\u1eb1ng t\u1ea7ng tho\u00e1t v\u1ecb hay g\u1eb7p nh\u1ea5t l\u00e0 L4/5 (54%) v\u00e0 th\u1ee9 hai l\u00e0 L5/S1 (34%) [9].\n", "S\u1edf d\u0129 nh\u1eefng t\u1ea7ng n\u00e0y hay x\u1ea3y ra tho\u00e1t v\u1ecb l\u00e0 do L4/5 v\u00e0 L5/S1 l\u00e0 v\u00f9ng b\u1ea3n l\u1ec1 c\u1ed9t s\u1ed1ng, th\u01b0\u1eddng xuy\u00ean ch\u1ecbu tr\u1ecdng t\u1ea3i l\u1edbn c\u1ee7a c\u01a1 th\u1ec3 v\u00e0 l\u1ef1c b\u1ed5 sung c\u1ee7a c\u00e1c ho\u1ea1t \u0111\u1ed9ng ngo\u1ea1i lai.\n", "R.\n", "G.\n", "Menon v\u00e0 cs ti\u1ebfn h\u00e0nh \u0111o s\u1ee9c c\u0103ng 3 chi\u1ec1u c\u1ee7a \u0111\u0129a \u0111\u1ec7m c\u1ed9t s\u1ed1ng th\u1eaft l\u01b0ng ch\u1ecbu t\u1ea3i tr\u1ecdng \u0111\u00e3 k\u1ebft lu\u1eadn r\u1eb1ng t\u1ea7ng\n", "L4/5 ch\u1ecbu bi\u1ebfn d\u1ea1ng n\u00e9n nhi\u1ec1u nh\u1ea5t, nh\u1eb9 nh\u1ea5t \u1edf t\u1ea7ng L1/2 [10].\n", "H\u01a1n n\u1eefa, \u0111\u00e2y l\u00e0 n\u01a1i c\u00f3 bi\u00ean \u0111\u1ed9 v\u1eadn \u0111\u1ed9ng l\u1edbn nh\u1ea5t m\u00e0 l\u1ea1i c\u00f3 s\u1ef1 ti\u1ebfp x\u00fac h\u1eb9p gi\u1eefa r\u1ec5 th\u1ea7n kinh v\u00e0 \u0111\u0129a \u0111\u1ec7m.\n", "Trong nh\u1eefng \u0111i\u1ec1u ki\u1ec7n nh\u1ea5t \u0111\u1ecbnh, c\u00e1c l\u1ef1c t\u00e1c \u0111\u1ed9ng c\u01a1 h\u1ecdc l\u00e0 y\u1ebfu t\u1ed1 kh\u1edfi ph\u00e1t TV\u0110\u0110.\n", "S\u1ed1 t\u1ea7ng TV\u0110\u0110\n", "K\u1ebft qu\u1ea3 nghi\u00ean c\u1ee9u cho th\u1ea5y TV\u0110\u0110 1 t\u1ea7ng chi\u1ebfm t\u1ef7 l\u1ec7 cao nh\u1ea5t (32,73%); tho\u00e1t v\u1ecb 2 t\u1ea7ng 27,27%, c\u00f3 1 b\u1ec7nh nh\u00e2n tho\u00e1t v\u1ecb 5 t\u1ea7ng chi\u1ebfm t\u1ef7 l\u1ec7 1,82%.\n", "K\u1ebft qu\u1ea3 nghi\u00ean c\u1ee9u n\u00e0y c\u0169ng ph\u00f9 h\u1ee3p v\u1edbi k\u1ebft qu\u1ea3 nghi\u00ean c\u1ee9u c\u1ee7a nhi\u1ec1u t\u00e1c gi\u1ea3 khi g\u1eb7p\n", "TV\u0110\u0110 1 t\u1ea7ng v\u1edbi t\u1ef7 l\u1ec7 cao nh\u1ea5t.\n", "Nghi\u00ean c\u1ee9u c\u1ee7a\n", "M.\n", "C.\n", "Jensen v\u00e0 cs tr\u00ean phim CHT c\u1ee7a 98 \u0111\u1ed1i t\u01b0\u1ee3ng kh\u00f4ng c\u00f3 tri\u1ec7u ch\u1ee9ng \u0111au l\u01b0ng cho th\u1ea5y: 52% c\u00f3 tho\u00e1t v\u1ecb, tho\u00e1i ho\u00e1 \u1edf 1 t\u1ea7ng \u0111\u0129a \u0111\u1ec7m, 38% c\u00f3 tho\u00e1i ho\u00e1 \u00edt nh\u1ea5t 2 t\u1ea7ng \u0111\u0129a \u0111\u1ec7m.\n", "M\u1ee9c \u0111\u1ed9 TV\u0110\u0110\n", "S\u1ef1 \u0111\u00e1nh gi\u00e1 k\u1ef9 m\u1ee9c \u0111\u1ed9 tho\u00e1t v\u1ecb c\u00f3 gi\u00e1 tr\u1ecb ti\u00ean l\u01b0\u1ee3ng trong \u0111i\u1ec1u tr\u1ecb ph\u1eabu thu\u1eadt v\u00e0 l\u1ef1a ch\u1ecdn ph\u01b0\u01a1ng ph\u00e1p ph\u1eabu thu\u1eadt.\n", "\u0110\u1ec3 \u0111\u00e1nh gi\u00e1 m\u1ee9c \u0111\u1ed9 tho\u00e1t v\u1ecb, ch\u00fang t\u00f4i ti\u1ebfn h\u00e0nh kh\u1ea3o s\u00e1t tr\u00ean phim\n", "CHT CSTL tr\u00ean c\u1ea3 hai b\u00ecnh di\u1ec7n \u0111\u1ee9ng d\u1ecdc v\u00e0 c\u1eaft ngang.\n", "V\u1ec1 m\u1ee9c \u0111\u1ed9 tho\u00e1t v\u1ecb ch\u00fang t\u00f4i th\u1ea5y t\u1ef7 l\u1ec7 ph\u00ecnh \u0111\u0129a \u0111\u1ec7m (bulge) v\u00e0 t\u1ef7 l\u1ec7 tho\u00e1t v\u1ecb (extrusion) chi\u1ebfm t\u1ef7 l\u1ec7 cao 60% v\u00e0 52,73% ph\u00f9 h\u1ee3p v\u1edbi k\u1ebft qu\u1ea3 nghi\u00ean c\u1ee9u c\u1ee7a Hu\u1ef3nh H\u1ed3ng Ch\u00e2u v\u1edbi t\u1ef7 l\u1ec7 ph\u00ecnh \u0111\u0129a \u0111\u1ec7m (50%), tho\u00e1t v\u1ecb (extrusion) 52,73%.\n", "Theo M.\n", "R.\n", "Konieczny v\u00e0 cs m\u1ee9c \u0111\u1ed9 tho\u00e1t v\u1ecb: l\u1ed3i (Protrusion) 11,9%, tho\u00e1t v\u1ecb (extrusion) 41,1% v\u00e0 tho\u00e1t v\u1ecb m\u1ea3nh r\u1eddi (sequestration) 47,0% [7].\n", "Kh\u00e1c bi\u1ec7t n\u00e0y c\u00f3 th\u1ec3 kh\u00e1c nhau v\u1ec1 m\u1ee5c ti\u00eau v\u00e0 s\u1ed1 l\u01b0\u1ee3ng \u0111\u1ed1i t\u01b0\u1ee3ng nghi\u00ean c\u1ee9u.\n", "Th\u1ec3 TV\u0110\u0110\n", "K\u1ebft qu\u1ea3 nghi\u00ean c\u1ee9u cho th\u1ea5y tho\u00e1t v\u1ecb ra sau chi\u1ebfm 98,18%, kh\u00f4ng c\u00f3 tho\u00e1t v\u1ecb ra tr\u01b0\u1edbc v\u00e0 tho\u00e1t v\u1ecb Schmorl.\n", "Nguy\u1ec5n V\u0103n Ch\u01b0\u01a1ng v\u00e0 cs nghi\u00ean c\u1ee9u 4.718 b\u1ec7nh nh\u00e2n TV\u0110\u0110 CSTL c\u0169ng cho r\u1eb1ng tho\u00e1t v\u1ecb ra sau chi\u1ebfm t\u1ef7 l\u1ec7 cao nh\u1ea5t (96,06%) [2].\n", "Nghi\u00ean c\u1ee9u c\u1ee7a M.\n", "R.\n", "Konieczny v\u00e0 cs cho th\u1ea5y 100% tho\u00e1t v\u1ecb ra sau [7].\n", "Ch\u1ee9c n\u0103ng c\u1ee7a v\u00f2ng s\u1ee3i l\u00e0 gi\u00fap gi\u1eef cho nh\u00e2n nh\u1ea7y kh\u00f4ng b\u1ecb tho\u00e1t ra ngo\u00e0i, tuy nhi\u00ean do qu\u00e1 tr\u00ecnh tho\u00e1i ho\u00e1 c\u1ee7a \u0111\u0129a \u0111\u1ec7m c\u1ed9ng th\u00eam l\u1ef1c t\u00e1c \u0111\u1ed9ng v\u00e0o d\u1ec5 g\u00e2y n\u00ean t\u00ecnh tr\u1ea1ng r\u00e1ch v\u00f2ng s\u1ee3i, v\u00e0 l\u00e2u ng\u00e0y nh\u00e2n nh\u1ea7y s\u1ebd tho\u00e1t kh\u1ecfi v\u00f2ng s\u1ee3i g\u00e2y n\u00ean b\u1ec7nh l\u00fd TV\u0110\u0110.\n", "\u1ede \u0111o\u1ea1n th\u1eaft l\u01b0ng, v\u00f2ng s\u1ee3i ph\u00e2n b\u1ed1 kh\u00f4ng \u0111\u1ed3ng \u0111\u1ec1u \u1edf ph\u00eda tr\u01b0\u1edbc v\u00e0 sau \u0111\u0129a \u0111\u1ec7m, \u1edf ph\u00eda sau c\u00e1c s\u1ee3i m\u1ecfng h\u01a1n v\u00e0 y\u1ebfu h\u01a1n ph\u00eda tr\u01b0\u1edbc n\u00ean v\u1ecb tr\u00ed r\u00e1ch th\u01b0\u1eddng hay g\u1eb7p \u1edf ph\u00eda sau, v\u00ec v\u1eady tho\u00e1t v\u1ecb ra sau th\u01b0\u1eddng hay g\u1eb7p tr\u00ean l\u00e2m s\u00e0ng.\n", "Tr\u00ean h\u00ecnh \u1ea3nh CHT, t\u1ed5 ch\u1ee9c tho\u00e1t v\u1ecb l\u00e0 t\u1ed5 ch\u1ee9c nh\u00e2n nh\u00e0y t\u0103ng t\u00edn hi\u1ec7u tr\u00ean h\u00ecnh \u1ea3nh T2W, t\u00edn hi\u1ec7u trung gian tr\u00ean T1W b\u1ecb d\u1ecbch chuy\u1ec3n ra kh\u1ecfi v\u1ecb tr\u00ed b\u00ecnh th\u01b0\u1eddng.\n", "Th\u00f4ng qua h\u00ecnh \u1ea3nh tho\u00e1t v\u1ecb tr\u00ean c\u00e1c \u1ea3nh c\u1eaft ngang cho th\u1ea5y v\u1ecb tr\u00ed tho\u00e1t v\u1ecb, ch\u00fang t\u00f4i th\u1ea5y tho\u00e1t v\u1ecb trung t\u00e2m g\u1eb7p nhi\u1ec1u nh\u1ea5t v\u1edbi t\u1ef7 l\u1ec7 41,82% ph\u00f9 h\u1ee3p v\u1edbi nghi\u00ean c\u1ee9u c\u1ee7a Nguy\u1ec5n Mai\n", "H\u01b0\u01a1ng TV\u0110\u0110 th\u1ec3 trung t\u00e2m g\u1eb7p nhi\u1ec1u nh\u1ea5t 51,64% v\u00e0 Ho\u00e0ng \u0110\u1ee9c Ki\u1ec7t 52,1% TV\u0110\u0110 ra sau th\u1ec3 trung t\u00e2m.\n", "So s\u00e1nh t\u1ed5n th\u01b0\u01a1ng r\u1ec5 th\u1ea7n kinh tr\u00ean l\u00e2m s\u00e0ng v\u00e0 CHT\n", "T\u1ed5n th\u01b0\u01a1ng r\u1ec5 th\u1ea7n kinh l\u00e0 do r\u1ec5 th\u1ea7n kinh b\u1ecb ch\u00e8n \u00e9p.\n", "Tu\u1ef3 thu\u1ed9c v\u00e0o v\u1ecb tr\u00ed, m\u1ee9c \u0111\u1ed9 v\u00e0 \u0111\u1eb7c bi\u1ec7t l\u00e0 c\u00e1c th\u1ec3 ch\u00e8n \u00e9p kh\u00e1c nhau m\u00e0 r\u1ec5 th\u1ea7n kinh b\u1ecb t\u1ed5n th\u01b0\u01a1ng \u1edf m\u1ee9c \u0111\u1ed9 kh\u00e1c nhau, c\u00f3 th\u1ec3 ch\u1ec9 c\u00f3 m\u1ed9t r\u1ec5 nh\u01b0ng c\u0169ng c\u00f3 th\u1ec3 nhi\u1ec1u r\u1ec5 c\u00f9ng b\u1ecb t\u1ed5n th\u01b0\u01a1ng.\n", "T\u1ef7 l\u1ec7 ch\u00e8n \u00e9p r\u1ec5 th\u1ea7n kinh tr\u00ean CHT ph\u1ea7n nhi\u1ec1u \u1edf r\u1ec5 L5 v\u00e0 S1 (67,28%, 45,45%) ph\u00f9 h\u1ee3p v\u1edbi nghi\u00ean c\u1ee9u c\u1ee7a c\u00e1c t\u00e1c gi\u1ea3 trong n\u01b0\u1edbc.\n", "Qua k\u1ebft qu\u1ea3 nghi\u00ean c\u1ee9u, ch\u00fang t\u00f4i th\u1ea5y \u0111\u1ed9 ph\u00f9 h\u1ee3p c\u1ee7a 2 nh\u00f3m t\u1ef7 l\u1ec7 l\u00e0 t\u01b0\u01a1ng \u0111\u1ed1i cao \u1edf t\u1ed5n th\u01b0\u01a1ng r\u1ec5 L5 v\u00e0 S1 (98,17% v\u00e0 100%), c\u00f3 th\u1ec3 v\u00ec t\u1ed5n th\u01b0\u01a1ng r\u1ec5 L5 v\u00e0 S1 th\u01b0\u1eddng g\u1eb7p nhi\u1ec1u tr\u00ean l\u00e2m s\u00e0ng v\u00e0 d\u1ea5u hi\u1ec7u c\u1ee7a t\u1ed5n th\u01b0\u01a1ng d\u1ec5 th\u0103m kh\u00e1m v\u00e0 ph\u00e1t hi\u1ec7n h\u01a1n.\n", "TV\u0110\u0110 L4/5: r\u1ec5 L5 b\u1ecb t\u1ed5n th\u01b0\u01a1ng, \u0111au m\u1eb7t sau \u0111\u00f9i, \u0111au \u1edf b\u1eafp ch\u00e2n, \u0111au lan xu\u1ed1ng mu ch\u00e2n v\u00e0 ng\u00f3n ch\u00e2n c\u00e1i, gi\u1ea3m c\u1ea3m gi\u00e1c n\u00f4ng m\u1eb7t tr\u01b0\u1edbc ngo\u00e0i c\u1eb3ng ch\u00e2n v\u00e0 mu ch\u00e2n, d\u1ecb c\u1ea3m v\u00e0 t\u00ea b\u1eafp ch\u00e2n, mu b\u00e0n ch\u00e2n v\u00e0 ng\u00f3n c\u00e1i v\u00e0 th\u01b0\u1eddng th\u1ea5y teo c\u01a1 m\u00f4ng v\u00e0 c\u01a1 khu tr\u01b0\u1edbc ngo\u00e0i c\u1eb3ng ch\u00e2n.\n", "Khi th\u0103m kh\u00e1m th\u1ea5y kh\u00f4ng g\u1ea5p \u0111\u01b0\u1ee3c b\u00e0n ch\u00e2n v\u1ec1 ph\u00eda mu ch\u00e2n, b\u00e0n ch\u00e2n r\u0169 xu\u1ed1ng (g\u1ecdi l\u00e0 b\u00e0n ch\u00e2n thu\u1ed5ng), b\u1ec7nh nh\u00e2n \u0111\u1ee9ng \u0111\u01b0\u1ee3c b\u1eb1ng m\u0169i b\u00e0n ch\u00e2n nh\u01b0ng kh\u00f4ng \u0111\u1ee9ng \u0111\u01b0\u1ee3c b\u1eb1ng g\u00f3t ch\u00e2n.\n", "Khi \u0111i ng\u01b0\u1eddi b\u1ec7nh ph\u1ea3i nh\u1ea5c ch\u00e2n cao \u0111\u1ec3 \u0111\u1ea7u c\u00e1c ng\u00f3n ch\u00e2n kh\u00f4ng b\u1ecb qu\u1ec7t \u0111\u1ea5t, kh\u00f4ng xoay \u0111\u01b0\u1ee3c b\u00e0n ch\u00e2n v\u00e0o trong, d\u1ea5u hi\u1ec7u Lass\u00e8gue (+).\n", "TV\u0110\u0110 L5/S1: C\u00f3 th\u1ec3 g\u00e2y ch\u00e8n c\u1ea3 r\u1ec5 L5 v\u00e0 r\u1ec5 S1, c\u0169ng c\u00f3 khi ch\u1ec9 ch\u00e8n \u00e9p r\u1ec5 L5 ho\u1eb7c r\u1ec5 S1 v\u1edbi bi\u1ec3u hi\u1ec7n t\u00ecnh tr\u1ea1ng ch\u00e8n \u00e9p r\u1ec5 S1, \u0111au b\u1eafp ch\u00e2n, \u0111au c\u1ed5 ch\u00e2n v\u00e0 gan b\u00e0n ch\u00e2n, c\u00f3 th\u1ec3 th\u1ea5y d\u1ecb c\u1ea3m v\u00e0 t\u00ea gan b\u00e0n ch\u00e2n.\n", "Ng\u01b0\u1eddi b\u1ec7nh kh\u00f4ng g\u1ea5p \u0111\u01b0\u1ee3c b\u00e0n ch\u00e2n v\u1ec1 ph\u00eda gan ch\u00e2n.\n", "B\u1ec7nh nh\u00e2n kh\u00f4ng th\u1ec3 \u0111\u1ee9ng b\u1eb1ng m\u0169i b\u00e0n ch\u00e2n, kh\u00f4ng xoay \u0111\u01b0\u1ee3c b\u00e0n ch\u00e2n ra ngo\u00e0i.\n", "Ngo\u00e0i ra c\u00f2n th\u1ea5y c\u00f3 gi\u1ea3m ho\u1eb7c m\u1ea5t ph\u1ea3n x\u1ea1 g\u00f3t, teo c\u01a1 m\u00f4ng, c\u01a1 c\u1eb3ng ch\u00e2n v\u00e0 d\u1ea5u hi\u1ec7u Lass\u00e8gue (+).\n", "\u1ede nh\u00f3m t\u1ed5n th\u01b0\u01a1ng r\u1ec5 th\u1ea7n kinh L3, L4 th\u00ec s\u1ef1 ph\u00f9 h\u1ee3p kh\u00f4ng cao (5,46%, 7,28%), t\u1ef7 l\u1ec7 ph\u00e1t hi\u1ec7n t\u1ed5n th\u01b0\u01a1ng r\u1ec5 th\u1ea7n kinh tr\u00ean l\u00e2m s\u00e0ng c\u00f2n th\u1ea5p, gi\u1ea3i th\u00edch l\u00e0 do t\u1ed5n th\u01b0\u01a1ng r\u1ec5 L3-L4 s\u1ebd c\u00f3 bi\u1ec3u hi\u1ec7n gi\u1ea3m s\u1ee9c c\u01a1 t\u1ee9 \u0111\u1ea7u \u0111\u00f9i.\n", "Th\u0103m kh\u00e1m th\u1ea5y c\u00f3 \u0111\u1ed9ng t\u00e1c y\u1ebfu khi du\u1ed7i c\u1eb3ng ch\u00e2n.\n", "Tri\u1ec7u ch\u1ee9ng n\u00e0y \u1edf m\u1ed9t s\u1ed1 b\u1ec7nh nh\u00e2n c\u00f3 bi\u1ec3u hi\u1ec7n s\u1edbm v\u00e0 k\u00edn \u0111\u00e1o n\u1ebfu nh\u01b0 kh\u00f4ng c\u00f3 s\u1ef1 th\u0103m kh\u00e1m v\u00e0 \u0111\u00e1nh gi\u00e1 k\u1ef9 l\u01b0\u1ee1ng.\n", "D\u1ea5u hi\u1ec7u gi\u1ea3m s\u1ee9c c\u01a1 t\u1ee9 \u0111\u1ea7u \u0111\u00f9i th\u1ec3 hi\u1ec7n b\u1eb1ng vi\u1ec7c \u0111i l\u00ean c\u1ea7u thang kh\u00f3 kh\u0103n, nh\u1ea5t l\u00e0 khi n\u00e2ng \u0111\u00f9i v\u00e0 ch\u00e2n b\u01b0\u1edbc l\u00ean, trong khi \u0111\u00f3 b\u1ec7nh nh\u00e2n v\u1eabn c\u00f3 th\u1ec3 th\u1ef1c hi\u1ec7n \u0111\u01b0\u1ee3c nghi\u1ec7m ph\u00e1p \u0111i b\u1eb1ng m\u0169i ch\u00e2n v\u00e0 g\u00f3t ch\u00e2n r\u1ea5t b\u00ecnh th\u01b0\u1eddng ho\u1eb7c \u0111i l\u1ea1i tr\u00ean \u0111\u01b0\u1eddng ph\u1eb3ng g\u1ea7n nh\u01b0 b\u00ecnh th\u01b0\u1eddng.\n", "M\u1ee9c \u0111\u1ed9 h\u1eb9p \u1ed1ng s\u1ed1ng do TV\u0110\u0110\n", "V\u1ec1 h\u00ecnh th\u00e1i \u1ed1ng s\u1ed1ng, ch\u00fang t\u00f4i \u0111\u00e1nh gi\u00e1 m\u1ee9c \u0111\u1ed9 h\u1eb9p \u1ed1ng s\u1ed1ng d\u1ef1a v\u00e0o \u0111o \u0111\u01b0\u1eddng k\u00ednh tr\u01b0\u1edbc \u2013 sau c\u1ee7a \u1ed1ng s\u1ed1ng th\u1eaft l\u01b0ng \u1edf v\u1ecb tr\u00ed ngang m\u1ee9c gi\u1eefa th\u00e2n \u0111\u1ed1t s\u1ed1ng c\u00f3 tho\u00e1t v\u1ecb tr\u00ean \u1ea3nh\n", "T2W c\u1eaft d\u1ecdc v\u00e0 \u0111\u00e1nh gi\u00e1 \u1edf 4 m\u1ee9c \u0111\u1ed9 h\u1eb9p theo\n", "H\u1ed3 H\u1eefu L\u01b0\u01a1ng: - \u0110\u1ed9 1: \u0111\u01b0\u1eddng k\u00ednh tr\u01b0\u1edbc sau \u1ed1ng s\u1ed1ng m\u1ea5t < 1/4 - \u0110\u1ed9 2: \u0111\u01b0\u1eddng k\u00ednh tr\u01b0\u1edbc sau \u1ed1ng s\u1ed1ng m\u1ea5t < 1/2 - \u0110\u1ed9 3: \u0111\u01b0\u1eddng k\u00ednh tr\u01b0\u1edbc sau \u1ed1ng s\u1ed1ng m\u1ea5t > 1/2 - \u0110\u1ed9 4: \u0111\u01b0\u1eddng k\u00ednh tr\u01b0\u1edbc sau \u1ed1ng s\u1ed1ng m\u1ea5t > 3/4 ho\u1eb7c b\u1ecb m\u1ea5t ho\u00e0n to\u00e0n.\n", "R.J.\n", "Bischoff v\u00e0 cs so s\u00e1nh gi\u00e1 tr\u1ecb ch\u1ea9n \u0111o\u00e1n c\u1ee7a ch\u1ee5p CLVT, ch\u1ee5p CHT v\u00e0 ch\u1ee5p tu\u1ef7 c\u1ea3n quang trong TV\u0110\u0110 cho th\u1ea5y ch\u1ee5p tu\u1ef7 b\u01a1m c\u1ea3n quang c\u00f3 \u0111\u1ed9 \u0111\u1eb7c hi\u1ec7u cao nh\u1ea5t v\u00e0 c\u00f3 \u0111\u1ed9 nh\u1ea1y t\u01b0\u01a1ng \u0111\u01b0\u01a1ng v\u1edbi ch\u1ee5p CLVT v\u00e0 ch\u1ee5p CHT, nh\u1edd \u0111\u00f3 tr\u00ean h\u00ecnh \u1ea3nh CHT ta c\u0169ng c\u00f3 th\u1ec3 d\u1ef1a v\u00e0o ph\u00e2n lo\u1ea1i n\u00e0y \u0111\u1ec3 \u0111\u00e1nh gi\u00e1 m\u1ee9c \u0111\u1ed9 h\u1eb9p c\u1ee7a \u1ed1ng s\u1ed1ng.\n", "Nhi\u1ec1u nghi\u00ean c\u1ee9u \u0111\u1ed1i chi\u1ebfu t\u1ef7 l\u1ec7 h\u1eb9p \u1ed1ng s\u1ed1ng tr\u00ean CHT v\u00e0 k\u1ebft qu\u1ea3 c\u1ee7a ph\u1eabu thu\u1eadt \u0111\u00e3 \u0111\u01b0a ra k\u1ebft qu\u1ea3 c\u00f3 cho th\u1ea5y \u0111\u1ed9 ch\u00ednh x\u00e1c kh\u00e1 cao.\n", "Nghi\u00ean c\u1ee9u c\u1ee7a L\u00ea Ho\u00e0ng Anh tr\u00ean 204 b\u1ec7nh nh\u00e2n \u0111\u01b0\u1ee3c ph\u1eabu thu\u1eadt, th\u1ea5y k\u1ebft qu\u1ea3 sau ph\u1eabu thu\u1eadt ph\u00f9 h\u1ee3p v\u1edbi ch\u1ea9n \u0111o\u00e1n h\u1eb9p \u1ed1ng s\u1ed1ng th\u1eaft l\u01b0ng c\u00f9ng b\u1eb1ng CHT 204 b\u1ec7nh nh\u00e2n, \u0111\u1ed9 nh\u1ea1y 100%, t\u01b0\u01a1ng t\u1ef1 nh\u01b0 m\u1ed9t s\u1ed1 t\u00e1c gi\u1ea3 kh\u00e1c.\n", "K\u1ebft qu\u1ea3 nghi\u00ean c\u1ee9u c\u1ee7a ch\u00fang t\u00f4i cho th\u1ea5y t\u1ef7 l\u1ec7 b\u1ec7nh nh\u00e2n TV\u0110\u0110 g\u00e2y h\u1eb9p \u1ed1ng s\u1ed1ng chi\u1ebfm 52,73%, trong \u0111\u00f3 m\u1ee9c \u0111\u1ed9 h\u1eb9p v\u1eeba chi\u1ebfm t\u1ef7 l\u1ec7 cao nh\u1ea5t 34,55%, h\u1eb9p n\u1eb7ng chi\u1ebfm t\u1ef7 l\u1ec7 th\u1ea5p h\u01a1n 16,36%.\n", "P.\n", "Azimi v\u00e0 cs nghi\u00ean c\u1ee9u 357 tr\u01b0\u1eddng h\u1ee3p c\u0169ng cho k\u1ebft qu\u1ea3 t\u01b0\u01a1ng t\u1ef1, h\u1eb9p v\u1eeba chi\u1ebfm t\u1ef7 l\u1ec7 cao nh\u1ea5t 46,7%, h\u1eb9p n\u1eb7ng chi\u1ebfm t\u1ec9 l\u1ec7 th\u1ea5p nh\u1ea5t 15,4%.\n"], "5": ["5.\n", "K\u1ebft lu\u1eadn\n", "\u0110\u1eb7c \u0111i\u1ec3m l\u00e2m s\u00e0ng - Tu\u1ed5i hay g\u1eb7p t\u1eeb 50-69 (47,3%), trung b\u00ecnh 58,96 \u00b1 16,4, t\u1ef7 l\u1ec7 n\u1eef/nam l\u00e0 1,12/1.\n", "- B\u1ec7nh th\u01b0\u1eddng kh\u1edfi ph\u00e1t sau ho\u1ea1t \u0111\u1ed9ng, v\u1eadn \u0111\u1ed9ng qu\u00e1 s\u1ee9c ho\u1eb7c b\u00ea v\u00e1c n\u1eb7ng (47,2%), nh\u1eefng ng\u01b0\u1eddi l\u00e0m vi\u1ec7c n\u1eb7ng c\u00f3 nguy c\u01a1 b\u1ecb TV\u0110\u0110 cao h\u01a1n so v\u1edbi nh\u1eefng ng\u01b0\u1eddi l\u00e0m vi\u1ec7c nh\u1eb9 (63,7%).\n", "- Th\u1eddi gian m\u1eafc b\u1ec7nh trung b\u00ecnh l\u00e0 13,35 \u00b111,4 (th\u00e1ng).\n", "- Tri\u1ec7u ch\u1ee9ng th\u01b0\u1eddng g\u1eb7p: \u0111au l\u01b0ng (100%), \u0111au lan d\u1ecdc theo \u0111\u01b0\u1eddng \u0111i c\u1ee7a d\u00e2y th\u1ea7n kinh h\u00f4ng to, \u0111au v\u1edbi t\u00ednh ch\u1ea5t c\u01a1 h\u1ecdc (85,45%), h\u1ea1n ch\u1ebf v\u1eadn \u0111\u1ed9ng c\u1ed9t s\u1ed1ng (90,91%), d\u1ea5u hi\u1ec7u\n", "Las\u00e8gue (+) (74,55%), d\u1ea5u hi\u1ec7u chu\u00f4ng b\u1ea5m (+) (54,55%); c\u00e1c d\u1ea5u hi\u1ec7u t\u1ed5n th\u01b0\u01a1ng r\u1ec5 th\u1ea7n kinh: r\u1ed1i lo\u1ea1n c\u1ea3m gi\u00e1c 72,73%, r\u1ed1i lo\u1ea1n v\u1eadn \u0111\u1ed9ng 50,91%.\n", "- T\u1ed5n th\u01b0\u01a1ng r\u1ec5 th\u1ea7n kinh hay g\u1eb7p tr\u00ean l\u00e2m s\u00e0ng ch\u1ee7 y\u1ebfu r\u1ec5 L5 v\u00e0 S1 v\u1edbi t\u1ef7 l\u1ec7 65,45%, 45,45%.\n", "\u0110\u1eb7c \u0111i\u1ec3m h\u00ecnh \u1ea3nh c\u1ed9ng h\u01b0\u1edfng t\u1eeb - Tho\u00e1t v\u1ecb hay g\u1eb7p t\u1ea1i t\u1ea7ng L4/5 (81,8%) v\u00e0\n", "L5/S1 (70,9%).\n", "- M\u1ee9c \u0111\u1ed9 tho\u00e1t v\u1ecb ch\u1ee7 y\u1ebfu l\u00e0 ph\u00ecnh (bulge) v\u00e0 tho\u00e1t v\u1ecb (extrution) chi\u1ebfm t\u1ef7 l\u1ec7 t\u01b0\u01a1ng \u1ee9ng l\u00e0 60% v\u00e0 52,73%.\n", "- 98,18% tho\u00e1t v\u1ecb ra sau, trong \u0111\u00f3 tho\u00e1t v\u1ecb - T\u1ef7 l\u1ec7 ch\u00e8n \u00e9p r\u1ec5 th\u1ea7n kinh ph\u00e1t hi\u1ec7n tr\u00ean\n", "CHT l\u00e0 90,91%, t\u1ed5n th\u01b0\u01a1ng h\u1eb9p \u1ed1ng s\u1ed1ng l\u00e0 52,73%, trong \u0111\u00f3 ch\u1ee7 y\u1ebfu l\u00e0 h\u1eb9p v\u1eeba chi\u1ebfm 34,55%.\n", "- \u0110\u00e1nh gi\u00e1 t\u1ed5n th\u01b0\u01a1ng r\u1ec5 th\u1ea7n kinh tr\u00ean l\u00e2m s\u00e0ng v\u00e0 c\u1ed9ng h\u01b0\u1edfng t\u1eeb c\u00f3 ph\u00f9 h\u1ee3p r\u1ea5t cao \u1edf r\u1ec5\n", "L5 v\u00e0 S1 (98,17% v\u00e0 100%).\n"]}, "Word count": 5661}