{"title": "Original Article\n", "content": {"0": ["T\u00f3m t\u1eaft: M\u00f4 h\u00ecnh d\u01b0\u1ee3c \u0111\u1ed9ng h\u1ecdc qu\u1ea7n th\u1ec3 c\u1ee7a pyrazinamid c\u00f9ng v\u1edbi \u0111\u00e1nh gi\u00e1 c\u00e1c y\u1ebfu t\u1ed1 \u1ea3nh h\u01b0\u1edfng t\u1edbi c\u00e1c th\u00f4ng s\u1ed1 d\u01b0\u1ee3c \u0111\u1ed9ng h\u1ecdc \u0111\u01b0\u1ee3c x\u00e2y d\u1ef1ng t\u1eeb d\u1eef li\u1ec7u c\u1ee7a 129 b\u1ec7nh nh\u00e2n lao ph\u1ed5i t\u1ea1i 3 b\u1ec7nh b\u1ec7nh nh\u00e2n \u0111\u01b0\u1ee3c thu th\u1eadp v\u00e0o ng\u00e0y \u0111i\u1ec1u tr\u1ecb th\u1ee9 10-14 \u0111\u1ec3 ph\u00e2n t\u00edch n\u1ed3ng \u0111\u1ed9 thu\u1ed1c trong huy\u1ebft t\u01b0\u01a1ng b\u1eb1ng ph\u01b0\u01a1ng ph\u00e1p LC-MS/MS.\n", "D\u1eef li\u1ec7u n\u1ed3ng \u0111\u1ed9 - th\u1eddi gian \u0111\u01b0\u1ee3c x\u1eed l\u00fd b\u1eb1ng ph\u01b0\u01a1ng ph\u00e1p m\u00f4 h\u00ecnh \u1ea3nh h\u01b0\u1edfng h\u1ed7n h\u1ee3p phi tuy\u1ebfn t\u00ednh (Non-linear mixed effect modeling) tr\u00ean ph\u1ea7n m\u1ec1m MONOLIX 2019R2.\n", "M\u00f4 h\u00ecnh k\u1ebft qu\u1ea3 thu \u0111\u01b0\u1ee3c l\u00e0 m\u00f4 h\u00ecnh d\u01b0\u1ee3c \u0111\u1ed9ng h\u1ecdc 1 ng\u0103n h\u1ea5p thu b\u1eadc 1 c\u00f3 th\u1eddi gian tr\u1ec5 (h\u1eb1ng s\u1ed1 h\u1ea5p thu Ka = 3,99 h-1, th\u1eddi gian tr\u1ec5 Tlag = 0,445 h), th\u1ea3i tr\u1eeb tuy\u1ebfn t\u00ednh, th\u1ec3 t\u00edch ph\u00e2n b\u1ed1 27,5 L, v\u00e0 t\u1ed1c \u0111\u1ed9 thanh th\u1ea3i 2,65 L/h.\n", "C\u00e2n n\u1eb7ng tr\u1eeb m\u1ee1 (fat \u2013 free mass, t\u00ednh theo c\u00f4ng th\u1ee9c c\u1ee7a\n", "Janmahasatian) c\u00f3 \u1ea3nh h\u01b0\u1edfng t\u1edbi s\u1ef1 kh\u00e1c bi\u1ec7t gi\u1eefa c\u00e1c c\u00e1 th\u1ec3 c\u1ee7a hai \u0111\u1ea1i l\u01b0\u1ee3ng: th\u1ec3 t\u00edch ph\u00e2n b\u1ed1 v\u00e0 t\u1ed1c \u0111\u1ed9 thanh th\u1ea3i.\n", "T\u1eeb kho\u00e1: D\u01b0\u1ee3c \u0111\u1ed9ng h\u1ecdc qu\u1ea7n th\u1ec3, Pyrazinamid, lao ph\u1ed5i, c\u00e2n n\u1eb7ng tr\u1eeb m\u1ee1.\n"], "1": ["1.\n", "M\u1edf \u0111\u1ea7u\n", "B\u1ec7nh lao l\u00e0 m\u1ed9t b\u1ec7nh truy\u1ec1n nhi\u1ec5m \u0111\u00e3 t\u1ed3n t\u1ea1i h\u00e0ng ngh\u00ecn n\u0103m, g\u00e2y n\u00ean c\u00e1c v\u1ea5n \u0111\u1ec1 v\u1ec1 s\u1ee9c kho\u1ebb nghi\u00eam tr\u1ecdng.\n", "C\u1ee5 th\u1ec3, lao l\u00e0 m\u1ed9t trong m\u01b0\u1eddi nguy\u00ean nh\u00e2n g\u00e2y t\u1eed vong h\u00e0ng \u0111\u1ea7u tr\u00ean th\u1ebf gi\u1edbi, \u0111\u1ebfn n\u0103m 2019 c\u00f3 h\u01a1n 1,4 tri\u1ec7u ng\u01b0\u1eddi t\u1eed vong v\u00ec c\u0103n b\u1ec7nh n\u00e0y [1].\n", "Th\u1ef1c t\u1ebf, c\u00f4ng t\u00e1c ph\u00f2ng ch\u1ed1ng v\u00e0 \u0111i\u1ec1u tr\u1ecb lao tr\u00ean quy m\u00f4 to\u00e0n c\u1ea7u hi\u1ec7n t\u1ea1i v\u1eabn c\u00f2n nhi\u1ec1u kh\u00f3 kh\u0103n nh\u01b0: kho\u1ea3ng c\u00e1ch gi\u1eefa c\u00e1c qu\u1ed1c gia trong \u0111\u1ea7u t\u01b0 chi ph\u00ed ph\u00f2ng v\u00e0 \u0111i\u1ec1u tr\u1ecb, t\u1ed1c \u0111\u1ed9 nghi\u00ean c\u1ee9u, ph\u00e1t tri\u1ec3n c\u00e1c thu\u1ed1c m\u1edbi ch\u1eadm,...\n", "trong khi t\u00ecnh tr\u1ea1ng kh\u00e1ng kh\u00e1ng sinh \u0111ang c\u00e0ng ng\u00e0y c\u00e0ng tr\u1edf n\u00ean ph\u1ed5 bi\u1ebfn, \u1ea3nh h\u01b0\u1edfng t\u1edbi hi\u1ec7u qu\u1ea3 c\u1ee7a c\u00e1c ph\u00e1c \u0111\u1ed3 hi\u1ec7n t\u1ea1i, v\u1ed1n \u0111\u01b0\u1ee3c x\u00e2y d\u1ef1ng t\u1eeb l\u00e2u [2, 3].\n", "Do \u0111\u00f3, nhi\u1ec1u nghi\u00ean _* T\u00e1c gi\u1ea3 li\u00ean h\u1ec7.\n", "c\u1ee9u \u0111a ng\u00e0nh \u0111\u00e3 \u0111\u01b0\u1ee3c th\u1ef1c hi\u1ec7n v\u00e0 t\u1ed1i \u01b0u ho\u00e1 c\u00e1c ph\u00e1c \u0111\u1ed3 hi\u1ec7n t\u1ea1i l\u00e0 tr\u1ecdng t\u00e2m [1].\n", "Nghi\u00ean c\u1ee9u d\u01b0\u1ee3c \u0111\u1ed9ng h\u1ecdc - d\u01b0\u1ee3c l\u1ef1c hoc (PK/PD), c\u1ee5 th\u1ec3 l\u00e0 d\u01b0\u1ee3c \u0111\u1ed9ng h\u1ecdc qu\u1ea7n th\u1ec3, l\u00e0 ph\u01b0\u01a1ng ph\u00e1p m\u1edbi, gi\u00fap t\u1ed1i \u01b0u li\u1ec1u \u0111i\u1ec1u tr\u1ecb c\u0169ng nh\u01b0 c\u00e1 th\u1ec3 ho\u00e1 \u0111i\u1ec1u tr\u1ecb.\n", "Pyrazinamid (PZA) \u0111\u01b0\u1ee3c \u0111\u01b0a v\u00e0o s\u1eed d\u1ee5ng trong ph\u00e1c \u0111\u1ed3 ch\u1ed1ng lao t\u1eeb n\u0103m 1952, \u0111\u00f3ng vai tr\u00f2 quan tr\u1ecdng trong vi\u1ec7c r\u00fat ng\u1eafn th\u1eddi gian \u0111i\u1ec1u tr\u1ecb lao m\u00e0 kh\u00f4ng t\u0103ng \u0111\u1ed9c t\u00ednh v\u00e0 \u00edt t\u00e1c d\u1ee5ng ph\u1ee5 [4].\n", "Hi\u1ec7n t\u1ea1i, ch\u01b0a c\u00f3 nghi\u00ean c\u1ee9u v\u1ec1 d\u01b0\u1ee3c \u0111\u1ed9ng h\u1ecdc qu\u1ea7n th\u1ec3 c\u1ee7a pyrazinamid tr\u00ean b\u1ec7nh nh\u00e2n lao ph\u1ed5i t\u1ea1i Vi\u1ec7t Nam.\n", "V\u00ec v\u1eady ch\u00fang t\u00f4i ti\u1ebfn h\u00e0nh nghi\u00ean c\u1ee9u x\u00e2y d\u1ef1ng m\u00f4 h\u00ecnh d\u01b0\u1ee3c \u0111\u1ed9ng h\u1ecdc qu\u1ea7n th\u1ec3 c\u1ee7a pyrazinamid tr\u00ean b\u1ec7nh nh\u00e2n lao ph\u1ed5i t\u1ea1i 3 b\u1ec7nh vi\u1ec7n: B\u1ec7nh vi\u1ec7n Ph\u1ed5i Trung \u01b0\u01a1ng, B\u1ec7nh vi\u1ec7n Ph\u1ed5i H\u00e0 N\u1ed9i, v\u00e0 B\u1ec7nh vi\u1ec7n K74\n", "Trung \u01b0\u01a1ng nh\u1eb1m x\u00e1c \u0111\u1ecbnh c\u00e1c th\u00f4ng s\u1ed1 d\u01b0\u1ee3c \u0111\u1ed9ng h\u1ecdc qu\u1ea7n th\u1ec3 v\u00e0 kh\u1ea3o s\u00e1t c\u00e1c y\u1ebfu t\u1ed1 \u1ea3nh h\u01b0\u1edfng \u0111\u1ebfn d\u01b0\u1ee3c \u0111\u1ed9ng h\u1ecdc c\u1ee7a PZA.\n"], "2": ["2.\n", "\u0110\u1ed1i t\u01b0\u1ee3ng v\u00e0 ph\u01b0\u01a1ng ph\u00e1p nghi\u00ean c\u1ee9u 2.1.\n", "\u0110\u1ed1i t\u01b0\u1ee3ng nghi\u00ean c\u1ee9u\n", "T\u1ea5t c\u1ea3 d\u1eef li\u1ec7u v\u1ec1 b\u1ec7nh nh\u00e2n thu \u0111\u01b0\u1ee3c t\u1eeb \u0111\u1ec1 t\u00e0i nghi\u00ean c\u1ee9u khoa h\u1ecdc c\u1ea5p Nh\u00e0 n\u01b0\u1edbc: Ph\u00e2n t\u00edch d\u01b0\u1ee3c \u0111\u1ed9ng h\u1ecdc - d\u01b0\u1ee3c l\u1ef1c h\u1ecdc \u0111\u1ec3 l\u1ef1a ch\u1ecdn li\u1ec1u \u0111i\u1ec1u tr\u1ecb t\u1ed1i \u01b0u cho b\u1ec7nh nh\u00e2n lao ph\u1ed5i \u0111i\u1ec1u tr\u1ecb th\u1ea5t b\u1ea1i v\u00e0 \u0111i\u1ec1u tr\u1ecb t\u00e1i ph\u00e1t.\n", "T\u1ed5ng s\u1ed1 c\u00f3 129 b\u1ec7nh nh\u00e2n \u0111\u01b0\u1ee3c thu nh\u1eadn v\u00e0o nghi\u00ean c\u1ee9u (t\u1eeb th\u00e1ng 3/2017 \u0111\u1ebfn th\u00e1ng 3/2018) v\u1edbi ti\u00eau ch\u00ed l\u1ef1a ch\u1ecdn: b\u1ec7nh nh\u00e2n lao ph\u1ed5i ng\u01b0\u1eddi l\u1edbn (tr\u00ean 16 tu\u1ed5i) m\u1eafc m\u1edbi ho\u1eb7c t\u00e1i tr\u1ecb v\u00e0 \u0111i\u1ec1u tr\u1ecb b\u1eb1ng c\u00e1c thu\u1ed1c ch\u1ed1ng lao h\u00e0ng 1.\n", "Ti\u00eau chu\u1ea9n lo\u1ea1i tr\u1eeb b\u1ec7nh nh\u00e2n bao g\u1ed3m: ph\u1ee5 n\u1eef c\u00f3 thai v\u00e0 cho con b\u00fa; ng\u01b0\u1eddi d\u01b0\u1edbi 16 tu\u1ed5i; b\u1ec7nh nh\u00e2n m\u1eafc lao \u0111a kh\u00e1ng thu\u1ed1c; b\u1ec7nh nh\u00e2n suy gan, th\u1eadn n\u1eb7ng ho\u1eb7c c\u00f3 nguy c\u01a1 t\u1eed vong; b\u1ec7nh nh\u00e2n nu\u00f4i c\u1ea5y kh\u00f4ng m\u1ecdc vi khu\u1ea9n; b\u1ec7nh nh\u00e2n kh\u00f4ng tu\u00e2n th\u1ee7 \u0111i\u1ec1u tr\u1ecb v\u00e0 b\u1ec7nh nh\u00e2n d\u1eebng \u0111i\u1ec1u tr\u1ecb do t\u00e1c d\u1ee5ng kh\u00f4ng mong mu\u1ed1n.\n", "2.2.\n", "Ph\u01b0\u01a1ng ph\u00e1p nghi\u00ean c\u1ee9u 2.2.1.\n", "Thu th\u1eadp th\u00f4ng tin b\u1ec7nh nh\u00e2n v\u00e0 d\u1eef li\u1ec7u d\u01b0\u1ee3c \u0111\u1ed9ng h\u1ecdc\n", "B\u1ec7nh nh\u00e2n trong nghi\u00ean c\u1ee9u \u0111\u01b0\u1ee3c s\u1eed d\u1ee5ng ph\u00e1c \u0111\u1ed3 \u0111i\u1ec1u tr\u1ecb IA v\u00e0 II theo H\u01b0\u1edbng d\u1eabn c\u1ee7a\n", "Ch\u01b0\u01a1ng tr\u00ecnh Ch\u1ed1ng lao Qu\u1ed1c gia Vi\u1ec7t Nam n\u0103m 2016.\n", "B\u1ec7nh nh\u00e2n \u0111\u01b0\u1ee3c thu th\u1eadp c\u00e1c th\u00f4ng tin nh\u01b0: tu\u1ed5i, c\u00e2n n\u1eb7ng, chi\u1ec1u cao, gi\u1edbi t\u00ednh, t\u00ecnh tr\u1ea1ng HIV, th\u00f3i quen u\u1ed1ng r\u01b0\u1ee3u, h\u00fat thu\u1ed1c, ch\u1ec9 s\u1ed1 AST, ALT v\u00e0 lo\u1ea1i thu\u1ed1c s\u1eed d\u1ee5ng khi b\u1eaft \u0111\u1ea7u tham gia nghi\u00ean c\u1ee9u.\n", "C\u00e1c m\u1eabu m\u00e1u \u0111\u01b0\u1ee3c thu th\u1eadp v\u00e0o ng\u00e0y 10-14 sau khi b\u1eaft \u0111\u1ea7u \u0111i\u1ec1u tr\u1ecb \u0111\u1ec3 \u0111\u1ea3m b\u1ea3o n\u1ed3ng \u0111\u1ed9 thu\u1ed1c trong m\u00e1u \u1ed5n \u0111\u1ecbnh.\n", "Sau khi \u0103n s\u00e1ng 2 ti\u1ebfng b\u1ec7nh nh\u00e2n \u0111\u01b0\u1ee3c d\u00f9ng thu\u1ed1c v\u00e0 b\u1eaft \u0111\u1ea7u l\u1ea5y m\u1eabu.\n", "M\u1ed7i b\u1ec7nh nh\u00e2n \u0111\u01b0\u1ee3c l\u1ea5y 4 m\u1eabu m\u00e1u v\u00e0 \u0111\u01b0\u1ee3c chia th\u00e0nh 2 d\u01b0\u1edbi nh\u00f3m v\u1edbi ch\u1ebf \u0111\u1ed9 l\u1ea5y m\u1eabu kh\u00e1c nhau: tr\u01b0\u1edbc khi d\u00f9ng thu\u1ed1c v\u00e0 sau khi d\u00f9ng thu\u1ed1c 1, 4, 6 gi\u1edd; tr\u01b0\u1edbc khi d\u00f9ng thu\u1ed1c v\u00e0 sau khi d\u00f9ng thu\u1ed1c 2, 5, 8 gi\u1edd; m\u1ed7i m\u1eabu 4 ml.\n", "\u1ed0ng nghi\u1ec7m ch\u1ee9a m\u1eabu cho v\u00e0o b\u00ecnh \u0111\u1ef1ng n\u01b0\u1edbc \u0111\u00e1 tr\u01b0\u1edbc khi ly t\u00e2m \u0111\u1ec3 b\u1ea3o qu\u1ea3n; trong v\u00f2ng 45 ph\u00fat sau khi l\u1ea5y m\u00e1u, ly t\u00e2m \u0111\u1ec3 t\u00e1ch huy\u1ebft t\u01b0\u01a1ng, cho v\u00e0o \u1ed1ng nghi\u1ec7m c\u00f3 d\u00e1n nh\u00e3n m\u00e3 huy\u1ebft t\u01b0\u01a1ng, c\u00f3 ghi ng\u00e0y v\u00e0 th\u1eddi \u0111i\u1ec3m l\u1ea5y m\u1eabu.\n", "M\u1eabu huy\u1ebft t\u01b0\u01a1ng \u0111\u01b0\u1ee3c b\u1ecdc k\u00edn tr\u00e1nh \u00e1nh s\u00e1ng, cho v\u00e0o b\u00ecnh \u0111\u00e1 l\u1ea1nh, v\u1eadn chuy\u1ec3n v\u1ec1 ph\u00f2ng th\u00ed nghi\u1ec7m t\u1ea1i Vi\u1ec7n ki\u1ec3m nghi\u1ec7m thu\u1ed1c Trung \u01b0\u01a1ng (c\u01a1 s\u1edf 2), b\u1ea3o qu\u1ea3n - 40 oC \u0111\u1ebfn khi ph\u00e2n t\u00edch.\n", "M\u1eabu huy\u1ebft t\u01b0\u01a1ng \u0111\u01b0\u1ee3c ph\u00e2n t\u00edch b\u1eb1ng ph\u01b0\u01a1ng ph\u00e1p s\u1eafc kh\u00ed l\u1ecfng kh\u1ed1i ph\u1ed5 (HPLC - MS/MS) theo quy tr\u00ecnh \u0111\u01b0\u1ee3c x\u00e2y d\u1ef1ng v\u00e0 th\u1ea9m \u0111\u1ecbnh t\u1ea1i Trung t\u00e2m \u0111\u00e1nh gi\u00e1 t\u01b0\u01a1ng \u0111\u01b0\u01a1ng sinh h\u1ecdc - Vi\u1ec7n Ki\u1ec3m nghi\u1ec7m Thu\u1ed1c\n", "Trung \u01b0\u01a1ng [5].\n", "2.2.2.\n", "X\u00e2y d\u1ef1ng m\u00f4 h\u00ecnh d\u01b0\u1ee3c \u0111\u1ed9ng h\u1ecdc qu\u1ea7n th\u1ec3 c\u1ee7a Pyrazinamid\n", "D\u1eef li\u1ec7u n\u1ed3ng \u0111\u1ed9 - th\u1eddi gian v\u00e0 th\u00f4ng tin c\u1ee7a m\u1ed7i c\u00e1 nh\u00e2n b\u1ec7nh nh\u00e2n \u0111\u01b0\u1ee3c chu\u1ea9n ho\u00e1 v\u00e0 \u0111\u01b0a v\u00e0o ph\u1ea7n m\u1ec1m MONOLIX 2019R2 \u0111\u1ec3 x\u00e2y d\u1ef1ng m\u00f4 h\u00ecnh d\u01b0\u1ee3c \u0111\u1ed9ng h\u1ecdc qu\u1ea7n th\u1ec3 c\u0169ng nh\u01b0 x\u00e1c \u0111\u1ecbnh c\u00e1c y\u1ebfu t\u1ed1 d\u1ef1 \u0111o\u00e1n c\u00f3 \u1ea3nh h\u01b0\u1edfng t\u1edbi c\u00e1c th\u00f4ng s\u1ed1 d\u01b0\u1ee3c \u0111\u1ed9ng h\u1ecdc.\n", "Quy tr\u00ecnh x\u00e2y d\u1ef1ng m\u00f4 h\u00ecnh theo ph\u01b0\u01a1ng ph\u00e1p m\u00f4 h\u00ecnh ho\u00e1 \u1ea3nh h\u01b0\u1edfng h\u1ed7n h\u1ee3p phi tuy\u1ebfn, g\u1ed3m c\u00e1c b\u01b0\u1edbc sau:\n", "B\u01b0\u1edbc 1: x\u00e2y d\u1ef1ng m\u00f4 h\u00ecnh c\u1ea5u tr\u00fac\n", "D\u1eef li\u1ec7u \u0111\u01b0\u1ee3c \u0111\u01b0a v\u00e0o c\u00e1c m\u00f4 h\u00ecnh d\u01b0\u1ee3c \u0111\u1ed9ng h\u1ecdc kh\u00e1c nhau v\u00e0 ch\u1ecdn ra m\u00f4 h\u00ecnh t\u1ed1i \u01b0u b\u1eb1ng Test Likelihood Ratio.\n", "C\u00e1c m\u00f4 h\u00ecnh \u0111\u01b0\u1ee3c ki\u1ec3m tra l\u1ea7n l\u01b0\u1ee3t: S\u1ed1 ng\u0103n (1 ng\u0103n ho\u1eb7c 2 ng\u0103n);\n", "Ki\u1ec3u h\u1ea5p thu (H\u1ea5p thu b\u1eadc 1, h\u1ea5p thu b\u1eadc 1 c\u00f3 th\u1eddi gian tr\u1ec5 (Tlag) ho\u1eb7c h\u1ea5p thu c\u00f3 ng\u0103n chuy\u1ec3n ti\u1ebfp theo m\u00f4 h\u00ecnh Savic [6]).\n", "Gi\u1ea3 \u0111\u1ecbnh qu\u00e1 tr\u00ecnh th\u1ea3i tr\u1eeb tu\u00e2n theo \u0111\u1ed9ng h\u1ecdc tuy\u1ebfn t\u00ednh b\u1eadc 1 v\u00e0 c\u00e1c th\u00f4ng s\u1ed1 d\u01b0\u1ee3c \u0111\u1ed9ng h\u1ecdc qu\u1ea7n th\u1ec3 c\u00f3 ph\u00e2n b\u1ed1 logarit chu\u1ea9n.\n", "B\u01b0\u1edbc 2: x\u00e2y d\u1ef1ng m\u00f4 h\u00ecnh c\u00f3 sai s\u1ed1 th\u1ed1ng k\u00ea\n", "Sau kh\u00ed x\u00e1c \u0111\u1ecbnh \u0111\u01b0\u1ee3c m\u00f4 h\u00ecnh c\u1ea5u tr\u00fac, ki\u1ec3m tra c\u00e1c sai s\u1ed1 gi\u1ea3 \u0111\u1ecbnh: sai s\u1ed1 m\u0169, sai s\u1ed1 c\u1ed9ng, sai s\u1ed1 t\u1ef7 l\u1ec7, sai s\u1ed1 h\u1ed7n h\u1ee3p c\u1ed9ng \u2013 t\u1ef7 l\u1ec7.\n", "M\u00f4 h\u00ecnh sai s\u1ed1 cho k\u1ebft qu\u1ea3 BICc th\u1ea5p nh\u1ea5t s\u1ebd \u0111\u01b0\u1ee3c l\u1ef1a ch\u1ecdn.\n", "BICc (corrected Bayesian Criteria) l\u00e0 gi\u00e1 tr\u1ecb d\u1eabn xu\u1ea5t t\u1eeb LL (likelihood) theo c\u00f4ng th\u1ee9c: BICc = -2LL + dim(R)*log(N) + dim(F)*log(n).\n", "V\u1edbi LL l\u00e0 th\u00f4ng s\u1ed1 ch\u1ec9 kh\u1ea3 n\u0103ng m\u00e0 c\u00e1c n\u1ed3ng \u0111\u1ed3 quan s\u00e1t \u0111\u01b0\u1ee3c m\u00f4 t\u1ea3 ch\u00ednh x\u00e1c b\u1edfi m\u00f4 h\u00ecnh \u0111\u01b0\u1ee3c kh\u1edbp; N: c\u1ee1 m\u1eabu; n: s\u1ed1 m\u1eabu d\u01b0\u1ee3c \u0111\u1ed9ng h\u1ecdc; R: th\u00f4ng s\u1ed1 qu\u1ea7n th\u1ec3 t\u1eeb m\u00f4 h\u00ecnh tham s\u1ed1 c\u00e1 th\u1ec3 ng\u1eabu nhi\u00ean: F: th\u00f4ng s\u1ed1 qu\u1ea7n th\u1ec3 t\u1eeb m\u00f4 h\u00ecnh sai s\u1ed1 c\u00e1 th\u1ec3 kh\u00f4ng ng\u1eabu nhi\u00ean v\u00e0 tham s\u1ed1 sai s\u1ed1.\n", "\u0110\u1ed3ng th\u1eddi, ch\u00fang t\u00f4i ki\u1ec3m tra hi\u1ec7p ph\u01b0\u01a1ng sai gi\u1eefa c\u00e1c y\u1ebfu t\u1ed1 \u1ea3nh h\u01b0\u1edfng ng\u1eabu nhi\u00ean (random effect) t\u01b0\u01a1ng \u1ee9ng v\u1edbi m\u1ed7i th\u00f4ng s\u1ed1 d\u01b0\u1ee3c \u0111\u1ed9ng h\u1ecdc v\u00e0 \u0111\u01b0a ra th\u00f4ng s\u1ed1 t\u01b0\u01a1ng quan (correlation) gi\u1eefa c\u00e1c c\u1eb7p y\u1ebfu t\u1ed1 ng\u1eabu nhi\u00ean n\u1ebfu quan s\u00e1t \u0111\u01b0\u1ee3c m\u1ed1i t\u01b0\u01a1ng quan c\u1ea3i thi\u1ec7n m\u00f4 h\u00ecnh m\u1ed9t c\u00e1ch \u0111\u00e1ng k\u1ec3.\n", "B\u01b0\u1edbc 3: x\u00e2y d\u1ef1ng m\u00f4 h\u00ecnh c\u00f3 y\u1ebfu t\u1ed1 d\u1ef1 \u0111o\u00e1n.\n", "C\u00e1c y\u1ebfu t\u1ed1 d\u1ef1 \u0111o\u00e1n gi\u1ea3 \u0111\u1ecbnh bao g\u1ed3m, tu\u1ed5i, gi\u1edbi t\u00ednh, c\u00e2n n\u1eb7ng, chi\u1ec1u cao, ch\u1ec9 s\u1ed1 BMI, c\u00e2n n\u1eb7ng tr\u1eeb m\u1ee1 (FFM), c\u00e2n n\u1eb7ng l\u00fd t\u01b0\u1edfng, di\u1ec7n t\u00edch da, t\u00ecnh tr\u1ea1ng HIV, AST, ALT, th\u00f3i quen s\u1eed d\u1ee5ng r\u01b0\u1ee3u, thu\u1ed1c l\u00e1, lo\u1ea1i vi\u00ean thu\u1ed1c s\u1eed d\u1ee5ng.\n", "C\u00e2n n\u1eb7ng tr\u1eeb m\u1ee1 - fat free mass (FFM) \u0111\u01b0\u1ee3c t\u00ednh theo c\u1ed9ng th\u1ee9c c\u1ee7a Janmahasatian [7]:\n", "FFM (nam) = 9,27 \u00d7103 \u00d7Wt 6,68 \u00d7 103+216 \u00d7BMI\n", "FFM (n\u1eef) = 9,27 \u00d7103 \u00d7Wt 8,78 \u00d7 103+244 \u00d7BMI\n", "Trong \u0111\u00f3: Wt: c\u00e2n n\u1eb7ng (kg); BMI: body mass index.\n", "Ki\u1ec3m tra c\u1ed9ng tuy\u1ebfn gi\u1eefa c\u00e1c th\u00f4ng s\u1ed1 v\u00e0 y\u1ebfu t\u1ed1 d\u1ef1 \u0111o\u00e1n, gi\u1eefa c\u00e1c y\u1ebfu t\u1ed1 d\u1ef1 \u0111o\u00e1n v\u1edbi nhau.\n", "C\u00e1c y\u1ebfu t\u1ed1 \u1ea3nh h\u01b0\u1edfng \u0111\u01b0\u1ee3c ki\u1ec3m tra theo th\u1ee9 t\u1ef1 hai b\u01b0\u1edbc: th\u00eam v\u00e0o l\u1ea7n l\u01b0\u1ee3t (forward inclusion) v\u00e0 lo\u1ea1i b\u1ecf l\u1ea7n l\u01b0\u1ee3t (backward elimination) nh\u01b0 sau:\n", "Th\u00eam v\u00e0o l\u1ea7n l\u01b0\u1ee3t (forward inclusion): \u0111\u01b0a c\u00e1c y\u1ebfu t\u1ed1 v\u00e0o m\u00f4 h\u00ecnh: \u0111\u01b0a l\u1ea7n l\u01b0\u1ee3t c\u00e1c y\u1ebfu t\u1ed1 v\u00e0o m\u00f4 h\u00ecnh, y\u1ebfu t\u1ed1 n\u00e0o l\u00e0m gi\u1ea3m -2LL l\u1edbn h\u01a1n 6,635 (\u1ee9ng v\u1edbi p<0,01) v\u00e0 nhi\u1ec1u nh\u1ea5t \u0111\u01b0\u1ee3c gi\u1eef l\u1ea1i, ti\u1ebfp t\u1ee5c \u0111\u01b0a c\u00e1c y\u1ebfu t\u1ed1 c\u00f2n l\u1ea1i v\u00e0o m\u00f4 h\u00ecnh nh\u01b0 b\u01b0\u1edbc tr\u00ean \u0111\u1ebfn khi n\u00e0o kh\u00f4ng c\u00f2n y\u1ebfu t\u1ed1 n\u00e0o l\u00e0m gi\u1ea3m -2LL l\u1edbn h\u01a1n 6,635.\n", "Sau b\u01b0\u1edbc n\u00e0y thu \u0111\u01b0\u1ee3c m\u00f4 h\u00ecnh d\u01b0\u1ee3c \u0111\u1ed9ng h\u1ecdc qu\u1ea7n th\u1ec3 c\u01a1 b\u1ea3n.\n", "Lo\u1ea1t b\u1ecf l\u1ea7n l\u01b0\u1ee3t (backward elimination):\n", "Lo\u1ea1i c\u00e1c y\u1ebfu t\u1ed1 ra kh\u1ecfi m\u00f4 h\u00ecnh c\u01a1 b\u1ea3n: s\u1eed d\u1ee5ng\n", "Test Likelihood Ratio \u0111\u1ec3 ki\u1ec3m tra khi lo\u1ea1i t\u1eebng y\u1ebfu t\u1ed1 ra kh\u1ecfi m\u00f4 h\u00ecnh.\n", "Y\u1ebfu t\u1ed1 n\u00e0o l\u00e0m t\u0103ng - 2LL tr\u00ean 10,838 (\u1ee9ng v\u1edbi p<0,001) \u0111\u01b0\u1ee3c cho l\u00e0 c\u00f3 \u00fd ngh\u0129a v\u00e0 \u0111\u01b0\u1ee3c gi\u1eef l\u1ea1i trong m\u00f4 h\u00ecnh k\u1ebft qu\u1ea3.\n", "B\u01b0\u1edbc 4: th\u1ea9m \u0111\u1ecbnh m\u00f4 h\u00ecnh k\u1ebft qu\u1ea3\n", "K\u1ebft qu\u1ea3 c\u1ee7a m\u00f4 h\u00ecnh cu\u1ed1i c\u00f9ng \u0111\u01b0\u1ee3c th\u1ea9m \u0111\u1ecbnh th\u00f4ng qua ki\u1ec3m tra: bi\u1ec3u \u0111\u1ed3 kh\u1edbp c\u00e1 th\u1ec3; bi\u1ec3u \u0111\u1ed3 gi\u1eefa n\u1ed3ng \u0111\u1ed9 quan s\u00e1t v\u00e0 n\u1ed3ng \u0111\u1ed9 d\u1ef1 \u0111o\u00e1n b\u1edfi th\u00f4ng s\u1ed1 qu\u1ea7n th\u1ec3, gi\u1eefa n\u1ed3ng \u0111\u1ed9 quan s\u00e1t v\u00e0 n\u1ed3ng \u0111\u1ed9 d\u1ef1 \u0111o\u00e1n b\u1edfi th\u00f4ng s\u1ed1 c\u00e1 th\u1ec3; bi\u1ec3u \u0111\u1ed3 IWRES (sai s\u1ed1 d\u1ef1 \u0111o\u00e1n c\u00f3 tr\u1ecdng s\u1ed1 \u01b0\u1edbc t\u00ednh t\u1eeb th\u00f4ng s\u1ed1 c\u1ea3 th\u1ec3); v\u00e0 bi\u1ec3u \u0111\u1ed3 VPC (visual predictive checks).\n"], "3": ["3.\n", "K\u1ebft qu\u1ea3 3.1.\n", "\u0110\u1eb7c \u0111i\u1ec3m m\u1eabu nghi\u00ean c\u1ee9u\n", "\u0110\u1eb7c \u0111i\u1ec3m c\u1ee7a 129 b\u1ec7nh nh\u00e2n nghi\u00ean c\u1ee9u \u0111\u01b0\u1ee3c t\u00f3m t\u1eaft trong B\u1ea3ng 1.\n", "Nam gi\u1edbi chi\u1ebfm \u0111a s\u1ed1 v\u1edbi 72,09%; \u0111\u1ed9 tu\u1ed5i trung v\u1ecb c\u1ee7a b\u1ec7nh nh\u00e2n l\u00e0 45.\n", "77 b\u1ec7nh nh\u00e2n m\u1eafc lao l\u1ea7n \u0111\u1ea7u (chi\u1ebfm 59,7%); 01 b\u1ec7nh nh\u00e2n m\u1eafc k\u00e8m HIV.\n", "38 b\u1ec7nh nh\u00e2n c\u00f3 th\u00f3i quen s\u1eed d\u1ee5ng r\u01b0\u1ee3u v\u00e0 45 b\u1ec7nh nh\u00e2n c\u00f3 ti\u1ec1n s\u1eed h\u00fat thu\u1ed1c.\n", "H\u1ea7u h\u1ebft c\u00e1c b\u1ec7nh nh\u00e2n s\u1eed d\u1ee5ng thu\u1ed1c vi\u00ean n\u00e9n Turbezid 3 th\u00e0nh ph\u1ea7n: isoniazid 75 mg, rifampicin 150mg v\u00e0\n", "Pyrazinamid 400 mg (109 b\u1ec7nh nh\u00e2n, chi\u1ebfm 84,5%), s\u1ed1 b\u1ec7nh nh\u00e2n c\u00f2n l\u1ea1i s\u1eed d\u1ee5ng vi\u00ean \u0111\u01a1n th\u00e0nh ph\u1ea7n Pyrazinamide 500 mg v\u00e0 vi\u00ean Turbe (rifampicin 150 mg v\u00e0 isoniazid 100 mg).\n", "Trung v\u1ecb li\u1ec1u chia theo c\u00e2n n\u1eb7ng c\u1ee7a m\u1eabu nghi\u00ean c\u1ee9u l\u00e0 26,37 mg/kg, v\u1edbi li\u1ec1u theo c\u00e2n n\u1eb7ng th\u1ea5p nh\u1ea5t l\u00e0 17,65 mg/kg, li\u1ec1u theo c\u00e2n n\u1eb7ng cao nh\u1ea5t l\u00e0 37,5 mg/kg.\n", "Ngo\u00e0i ra, ch\u00fang t\u00f4i kh\u1ea3o s\u00e1t th\u00eam li\u1ec1u chia theo FFM v\u1edbi trung v\u1ecb 31,49 mg/kg c\u00e2n n\u1eb7ng tr\u1eeb m\u1ee1, li\u1ec1u th\u1ea5p nh\u1ea5t v\u00e0 cao nh\u1ea5t l\u1ea7n l\u01b0\u1ee3t l\u00e0 22,54 mg/kg v\u00e0 54,32 mg/kg\n", "FFM.\n", "Ph\u00e2n b\u1ed1 li\u1ec1u theo c\u00e2n n\u1eb7ng v\u00e0 c\u00e2n n\u1eb7ng tr\u1eeb m\u1ee1 \u0111\u01b0\u1ee3c th\u1ec3 hi\u1ec7n \u1edf H\u00ecnh 1.\n", "Li\u1ec1u theo kg Li\u1ec1u theo FFM\n", "L i\u1ec1 u ( m g /k g )\n", "H\u00ecnh 1.\n", "Ph\u00e2n b\u1ed1 li\u1ec1u chia theo c\u00e2n n\u1eb7ng v\u00e0 li\u1ec1u theo c\u00e2n n\u1eb7ng tr\u1eeb m\u1ee1.\n", "B\u1ea3ng 1.\n", "\u0110\u1eb7c \u0111i\u1ec3m m\u1eabu b\u1ec7nh nh\u00e2n nghi\u00ean c\u1ee9u\n", "\u0110\u1eb7c \u0111i\u1ec3m S\u1ed1 b\u1ec7nh nh\u00e2n (N = 129)\n", "Tu\u1ed5i (trung v\u1ecb, t\u1ee9 ph\u00e2n v\u1ecb) 45 (31,75; 57)\n", "Gi\u1edbi t\u00ednh (Nam, %) 93 (72,09%)\n", "Chi\u1ec1u cao (cm, trung v\u1ecb, t\u1ee9 ph\u00e2n v\u1ecb) 163 (158,75; 168)\n", "C\u00e2n n\u1eb7ng (kg, trung v\u1ecb, t\u1ee9 ph\u00e2n v\u1ecb) 50 (45; 50)\n", "BMI (kg/m2, trung v\u1ecb, t\u1ee9 ph\u00e2n v\u1ecb) 18,73 (17,14; 20,3)\n", "C\u00e2n n\u1eb7ng tr\u1eeb m\u1ee1 (kg trung v\u1ecb, t\u1ee9 ph\u00e2n v\u1ecb) 41,46 (35,02; 46,29)\n", "Nghi\u1ec7n r\u01b0\u1ee3u (n, %) 38 (29,46%)\n", "H\u00fat thu\u1ed1c (n, %) 45 (34,88 %)\n", "HIV (n, %) 1 (0,78%)\n", "AST (trung v\u1ecb, t\u1ee9 ph\u00e2n v\u1ecb) 26,5 (21,45; 36,73)\n", "ALT (trung v\u1ecb, t\u1ee9 ph\u00e2n v\u1ecb) 22,4 (14,5; 31,8)\n", "D\u1ea1ng vi\u00ean n\u00e9n Pyrazinamide \u0111\u01a1n ho\u1ea1t ch\u1ea5t 20 (15,50%)\n", "Vi\u00ean \u0111a ho\u1ea1t ch\u1ea5t (Turbezid) 109 (84,50%)\n", "Li\u1ec1u l\u01b0\u1ee3ng (mg/ng\u00e0y) 800 7 (5,43%) 1000 2 (1,55%) 1200 75 (58,14%) 1500 15 (11,63%) 1600 26 (20,16%) 2000 4 (3,10%)\n", "Li\u1ec1u trung v\u1ecb theo c\u00e2n n\u1eb7ng (mg/kg, trung v\u1ecb, max, min) 26,37 (17,65; 37,5)\n", "Li\u1ec1u trung v\u1ecb theo c\u00e2n n\u1eb7ng tr\u1eeb m\u1ee1 (mg/kg, trung v\u1ecb, max, min) 31,49 (22,54; 54,32) 3.2.\n", "M\u00f4 h\u00ecnh c\u1ea5u tr\u00fac c\u00f3 sai s\u1ed1 th\u1ed1ng k\u00ea\n", "M\u00f4 h\u00ecnh c\u1ea5u tr\u00fac ph\u00f9 h\u1ee3p v\u1edbi d\u1eef li\u1ec7u n\u1ed3ng \u0111\u1ed9 - th\u1eddi gian \u0111\u00e3 thu th\u1eadp \u0111\u01b0\u1ee3c l\u00e0 m\u00f4 h\u00ecnh 1 ng\u0103n, h\u1ea5p thu b\u1eadc 1 c\u00f3 th\u1eddi gian tr\u1ec5, th\u1ea3i tr\u1eeb tuy\u1ebfn t\u00ednh b\u1eadc 1.\n", "Trong \u0111\u00f3, m\u00f4 h\u00ecnh 1 ng\u0103n cho th\u1ea5y \u0111\u1ed9 kh\u1edbp d\u1eef li\u1ec7u h\u01a1n m\u00f4 h\u00ecnh 2 ng\u0103n (BICc = 3501,81 so v\u1edbi 3523,69 c\u1ee7a m\u00f4 h\u00ecnh 2 ng\u0103n); h\u1ea5p thu b\u1eadc 1 c\u00f3 th\u1eddi gian tr\u1ec5 kh\u1edbp d\u1eef li\u1ec7u t\u1ed1i h\u01a1n h\u1ea5p thu b\u1eadc 1 kh\u00f4ng c\u00f3 th\u1eddi gian tr\u1ec5 v\u00e0 h\u1ea5p thu th\u00f4ng qua ng\u0103n chuy\u1ec3n ti\u1ebfp.\n", "M\u00f4 h\u00ecnh sai s\u1ed1 sau khi kh\u1ea3o s\u00e1t 5 m\u00f4 h\u00ecnh kh\u00e1c nhau (sai s\u1ed1 m\u0169, sai s\u1ed1 c\u1ed9ng, sai s\u1ed1 t\u1ef7 l\u1ec7, sai s\u1ed1 h\u1ed7n h\u1ee3p c\u1ed9ng - t\u1ef7 l\u1ec7 lo\u1ea1i 1 v\u00e0 2) cho th\u1ea5y m\u00f4 h\u00ecnh sai s\u1ed1 m\u0169 cho kh\u1ea3 n\u0103ng kh\u1edbp m\u00f4 h\u00ecnh t\u1ed1t nh\u1ea5t (BICc = 3443,81) n\u00ean \u0111\u01b0\u1ee3c ch\u1ecdn l\u00e0m m\u00f4 h\u00ecnh sai s\u1ed1 c\u1ee7a m\u00f4 h\u00ecnh d\u01b0\u1ee3c \u0111\u1ed9ng h\u1ecdc qu\u1ea7n th\u1ec3.\n", "K\u1ebft qu\u1ea3 ki\u1ec3m tra hi\u1ec7p ph\u01b0\u01a1ng sai cho th\u1ea5y: c\u1eb7p y\u1ebfu t\u1ed1 ng\u1eabu nhi\u00ean (random effect) c\u1ee7a V v\u00e0 Cl l\u00e0m gi\u1ea3m \u0111\u00e1ng k\u1ec3 -2LL \u0111\u1ebfn 64,62 \u0111\u01a1n v\u1ecb v\u1edbi h\u1ec7 s\u1ed1 t\u01b0\u01a1ng quan (correlation) corr_V_Cl = 0,689.\n", "B\u1ea3ng 2.\n", "M\u1ed9t s\u1ed1 y\u1ebfu t\u1ed1 d\u1ef1 \u0111o\u00e1n c\u00f3 \u00fd ngh\u0129a trong c\u00e1i thi\u1ec7n m\u00f4 h\u00ecnh\n", "Y\u1ebfu t\u1ed1 d\u1ef1 \u0111o\u00e1n Th\u00f4ng s\u1ed1 -2LL p-value\n", "M\u00f4 h\u00ecnh c\u00f3 01 y\u1ebfu t\u1ed1 d\u1ef1 \u0111o\u00e1n\n", "FFM V -36,81 1,1.10-12\n", "Chi\u1ec1u cao V -27,09 2,96.10-8\n", "C\u00e2n n\u1eb7ng V -23,26 3,1.10-12\n", "FFM Cl 0,72 2,16.10-5\n", "Gi\u1edbi t\u00ednh Tlag -7,94 0,0524\n", "BMI Cl -9,68 6,31.10-6\n", "M\u00f4 h\u00ecnh c\u00f3 02 y\u1ebfu t\u1ed1 d\u1ef1 \u0111o\u00e1n\n", "FFM Cl -15,46 6,2.10-6 3.3.\n", "M\u00f4 h\u00ecnh c\u00f3 y\u1ebfu t\u1ed1 d\u1ef1 \u0111o\u00e1n\n", "FFM d\u1ef1 \u0111o\u00e1n cho V l\u00e0 y\u1ebfu t\u1ed1 d\u1ef1 \u0111o\u00e1n l\u00e0m gi\u1ea3m -2LL c\u1ee7a m\u00f4 h\u00ecnh nhi\u1ec1u nh\u1ea5t (36,81) do \u0111\u00f3 \u0111\u01b0\u1ee3c \u0111\u01b0a v\u00e0o m\u00f4 h\u00ecnh c\u00f3 01 y\u1ebfu t\u1ed1 d\u1ef1 \u0111o\u00e1n.\n", "K\u1ebft qu\u1ea3 \u0111\u1ed9 gi\u1ea3m gi\u00e1 tr\u1ecb -2LL c\u1ee7a c\u00e1c y\u1ebfu t\u1ed1 d\u1ef1 \u0111o\u00e1n \u0111\u01b0\u1ee3c t\u00f3m t\u1eaft \u1edf b\u1ea3ng 2 c\u00f9ng gi\u00e1 tr\u1ecb p t\u01b0\u01a1ng \u1ee9ng.\n", "Kh\u1ea3o s\u00e1t m\u00f4 h\u00ecnh c\u00f3 2 y\u1ebfu t\u1ed1 d\u1ef1 \u0111o\u00e1n cho th\u1ea5y: FFM d\u1ef1 \u0111o\u00e1n cho Cl l\u00e0 y\u1ebfu t\u1ed1 l\u00e0m gi\u1ea3m -2LL cao nh\u1ea5t (15,46) v\u00ec v\u1eady \u0111\u01b0\u1ee3c ch\u1ecdn l\u00e0m y\u1ebfu t\u1ed1 d\u1ef1 \u0111o\u00e1n th\u1ee9 hai.\n", "Kh\u00f4ng c\u00f3 m\u00f4 h\u00ecnh n\u00e0o c\u00f3 3 y\u1ebfu t\u1ed1 d\u1ef1 \u0111o\u00e1n l\u00e0m t\u0103ng \u0111\u1ed9 kh\u1edbp c\u1ee7a m\u00f4 h\u00ecnh m\u1ed9t c\u00e1ch \u0111\u00e1ng k\u1ec3 (-2LL > 6,635) v\u00ec v\u1eady m\u00f4 h\u00ecnh y\u1ebfu t\u1ed1 d\u1ef1 \u0111o\u00e1n \u0111\u1ea7y \u0111\u1ee7 g\u1ed3m 2 y\u1ebfu t\u1ed1 l\u00e0 FFM d\u1ef1 \u0111o\u00e1n cho V, FFM d\u1ef1 \u0111o\u00e1n cho Cl.\n", "Khi \u0111\u01b0a c\u00e1c y\u1ebfu t\u1ed1 ra kh\u1ecfi m\u00f4 h\u00ecnh, \u0111\u1ed9 t\u0103ng c\u1ee7a -2LL \u0111\u1ec1u tho\u1ea3 m\u00e3n \u0111i\u1ec1u ki\u1ec7n \u0111\u1ec3 gi\u1eef c\u00e1c y\u1ebfu t\u1ed1 l\u1ea1i m\u00f4 h\u00ecnh cu\u1ed1i c\u00f9ng (52,99 cho FFM d\u1ef1 \u0111o\u00e1n V; 15,46 cho\n", "FFM d\u1ef1 \u0111o\u00e1n Cl).\n", "Th\u00f4ng s\u1ed1 d\u01b0\u1ee3c \u0111\u1ed9ng h\u1ecdc qu\u1ea7n th\u1ec3 c\u1ee7a m\u00f4 h\u00ecnh c\u1ea5u tr\u00fac v\u00e0 m\u00f4 h\u00ecnh c\u00f3 y\u1ebfu t\u1ed1 d\u1ef1 \u0111o\u00e1n \u0111\u01b0\u1ee3c th\u1ec3 hi\u1ec7n \u1edf B\u1ea3ng 3.\n", "B\u1ea3ng 3.\n", "K\u1ebft qu\u1ea3 m\u00f4 h\u00ecnh d\u01b0\u1ee3c \u0111\u1ed9ng h\u1ecdc qu\u1ea7n th\u1ec3 v\u00e0 m\u00f4 h\u00ecnh c\u00f3 y\u1ebfu t\u1ed1 d\u1ef1 \u0111o\u00e1n\n", "Th\u00f4ng s\u1ed1 m\u00f4 h\u00ecnh\n", "Th\u00f4ng s\u1ed1 qu\u1ea7n th\u1ec3 Bi\u1ebfn thi\u00ean c\u00e1 th\u1ec3\n", "Gi\u00e1 tr\u1ecb SE, RSE% SE, RSE%\n", "M\u00f4 h\u00ecnh c\u1ea5u tr\u00fac c\u01a1 b\u1ea3n\n", "T_lag\n", "Ka\n", "V\n", "Cl\n", "Sai s\u1ed1 c\u1ed9ng\n", "Corr_V_Cl 0,457 3,83 27,3 2,64 0,118 0,711 0,0989; 21,6 0,917; 23,9 0,637; 2,33 0,0773; 2,93 0,00631; 5,36 0,0572; 8,04 0,415 1,36 0,233 0,324 0,134; 32,3 0,213; 15,6 0,0186; 8 0,0206; 6,37\n", "M\u00f4 h\u00ecnh c\u00f3 y\u1ebfu t\u1ed1 d\u1ef1 \u0111o\u00e1n\n", "T_lag\n", "Ka\n", "V\n", "Cl \u03b2_V_tFFM \u03b2_Cl_tFFM\n", "Sai s\u1ed1 m\u0169\n", "Corr_V_Cl 0,445 3,99 27,5 2,65 1,99 1,68 0,122 0,689 0,0585; 13,1 0,923; 23,1 0,518; 1,89 0,0722; 2,72 0,246; 12,4 0,357; 21,3 0,00677; 5,54 0.0659; 9,56 0,415 1,41 0,177 0,301 0,0933; 22,5 0,2; 14,2 0,0156; 8,83 0,0195; 6,49\n", "T_lag: th\u1eddi gian h\u1ea5p thu tr\u1ec5; Ka: h\u1eb1ng s\u1ed1 h\u1ea5p thu; V: th\u1ec3 t\u00edch ph\u00e2n b\u1ed1; Cl: t\u1ed1c \u0111\u1ed9 thanh th\u1ea3i;\n", "Corr_V_Cl: h\u1ec7 s\u1ed1 t\u01b0\u01a1ng quan hi\u1ec7p ph\u01b0\u01a1ng sai gi\u1eefa V v\u00e0 Cl;.\n", "C\u00e1c h\u1ec7 s\u1ed1 h\u1ed3i quy \u03b2_V_tFFM v\u00e0 \u03b2_Cl_tFFM th\u1ec3 hi\u1ec7n m\u1ed1i t\u01b0\u01a1ng quan gi\u1eefa V_FFM v\u00e0\n", "Cl_FMM qua ph\u01b0\u01a1ng tr\u00ecnh: = + 1,99 \u00d7  41,46 +  = + 1,68 \u00d7  41,46 +\n", "V\u1edbi Vpop v\u00e0 Clpop l\u00e0 th\u00f4ng s\u1ed1 th\u1ec3 t\u00edch ph\u00e2n b\u1ed1 v\u00e0 \u0111\u1ed9 thanh th\u1ea3i \u0111\u1ea1i di\u1ec7n cho c\u00e1 th\u1ec3 c\u00f3 FFM 41,46 kg (gi\u00e1 tr\u1ecb FFM trung v\u1ecb c\u1ee7a qu\u1ea7n th\u1ec3) l\u1ea7n l\u01b0\u1ee3t l\u00e0 27,5 L v\u00e0 2,65 L/h.\n", "3.4.\n", "Th\u1ea9m \u0111\u1ecbnh m\u00f4 h\u00ecnh d\u01b0\u1ee3c \u0111\u1ed9ng h\u1ecdc k\u1ebft qu\u1ea3 3.4.1.\n", "Kh\u1ea3 n\u0103ng d\u1ef1 \u0111o\u00e1n c\u1ee7a m\u00f4 h\u00ecnh d\u01b0\u1ee3c \u0111\u1ed9ng h\u1ecdc qu\u1ea7n th\u1ec3\n", "H\u00ecnh 2 v\u00e0 3 th\u1ec3 hi\u1ec7n kh\u1ea3 n\u0103ng d\u1ef1 \u0111o\u00e1n c\u1ee7a m\u00f4 h\u00ecnh d\u01b0\u1ee3c \u0111\u1ed9ng h\u1ecdc cu\u1ed1i c\u00f9ng so v\u1edbi d\u1eef li\u1ec7u quan s\u00e1t th\u1ef1c t\u1ebf, d\u1ef1a tr\u00ean th\u00f4ng s\u1ed1 qu\u1ea7n th\u1ec3 v\u00e0 th\u00f4ng s\u1ed1 c\u00e1 th\u1ec3.\n", "C\u00e1c \u0111i\u1ec3m tr\u00ean c\u00e0ng bi\u1ec3u \u0111\u1ed3 n\u1eb1m g\u1ea7n \u0111\u01b0\u1eddng th\u1eb3ng x = y c\u00e0ng th\u1ec3 hi\u1ec7n \u0111\u1ed9 ch\u00ednh x\u00e1c c\u1ee7a m\u00f4 h\u00ecnh so v\u1edbi th\u1ef1c t\u1ebf.\n", "Hai h\u00ecnh \u0111\u1ec1u cho th\u1ea5y c\u00e1c \u0111i\u1ec3m ph\u00e2n b\u1ed1 \u0111\u1ec1u v\u00e0 ng\u1eabu nhi\u00ean quanh \u0111\u01b0\u1eddng th\u1eb3ng x = y.\n", "H\u00ecnh 3 cho th\u1ea5y kh\u1ea3 n\u0103ng kh\u1edbp v\u1edbi d\u1eef li\u1ec7u th\u1ef1c t\u1ebf t\u1ed1t khi c\u00e1c \u0111i\u1ec3m n\u1eb1m g\u1ea7n v\u1edbi \u0111\u01b0\u1eddng th\u1eb3ng x = y.\n", "H\u00ecnh 2.\n", "N\u1ed3ng \u0111\u1ed9 th\u1ef1c t\u1ebf - n\u1ed3ng \u0111\u1ed9 d\u1ef1 \u0111o\u00e1n theo th\u00f4ng s\u1ed1 qu\u1ea7n th\u1ec3.\n", "V\u1edbi m\u1ed7i \u0111i\u1ec3m t\u01b0\u01a1ng \u1ee9ng v\u1edbi 01 m\u1eabu b\u1ec7nh ph\u1ea9m c\u00f3 gi\u00e1 tr\u1ecb tr\u1ee5c tung l\u00e0 n\u1ed3ng \u0111\u1ed9 th\u1ef1c t\u1ebf thu \u0111\u01b0\u1ee3c v\u00e0 gi\u00e1 tr\u1ecb tr\u1ee5c ho\u00e0nh l\u00e0 gi\u00e1 tr\u1ecb n\u1ed3ng \u0111\u1ed9 c\u1ee7a m\u1eabu \u0111\u01b0\u1ee3c \u01b0\u1edbc t\u00ednh d\u1ef1a tr\u00ean th\u00f4ng s\u1ed1 d\u01b0\u1ee3c \u0111\u1ed9ng h\u1ecdc qu\u1ea7n th\u1ec3 c\u1ee7a m\u00f4 h\u00ecnh.\n", "H\u00ecnh 3.\n", "N\u1ed3ng \u0111\u1ed9 th\u1ef1c t\u1ebf - n\u1ed3ng \u0111\u1ed9 d\u1ef1 \u0111o\u00e1n theo th\u00f4ng s\u1ed1 c\u00e1 th\u1ec3.\n", "V\u1edbi m\u1ed7i \u0111i\u1ec3m t\u01b0\u01a1ng \u1ee9ng v\u1edbi 01 m\u1eabu b\u1ec7nh ph\u1ea9m c\u00f3 gi\u00e1 tr\u1ecb tr\u1ee5c tung l\u00e0 n\u1ed3ng \u0111\u1ed9 th\u1ef1c t\u1ebf thu \u0111\u01b0\u1ee3c v\u00e0 gi\u00e1 tr\u1ecb tr\u1ee5c ho\u00e0nh l\u00e0 gi\u00e1 tr\u1ecb n\u1ed3ng \u0111\u1ed9 c\u1ee7a m\u1eabu \u0111\u01b0\u1ee3c \u01b0\u1edbc t\u00ednh d\u1ef1a tr\u00ean th\u00f4ng s\u1ed1 d\u01b0\u1ee3c \u0111\u1ed9ng h\u1ecdc c\u00e1 th\u1ec3 c\u1ee7a b\u1ec7nh nh\u00e2n t\u01b0\u01a1ng \u1ee9ng.\n", "H\u00ecnh 4.\n", "Bi\u1ec3u \u0111\u1ed3 IWRES theo th\u1eddi gian.\n", "N \u1ed3 n g \u0111 \u1ed9 t h \u1ef1 c t\u1ebf\n", "N\u1ed3ng \u0111\u1ed9 d\u1ef1 \u0111o\u00e1n theo th\u00f4ng s\u1ed1 qu\u1ea7n th\u1ec3\n", "N \u1ed3 n g \u0111 \u1ed9 t h \u1ef1 c t\u1ebf\n", "N\u1ed3ng \u0111\u1ed9 d\u1ef1 \u0111o\u00e1n theo th\u00f4ng s\u1ed1 c\u00e1 th\u1ec3\n", "T r\u1ecd n g s \u1ed1\n", "I\n", "W\n", "R\n", "E\n", "S\n", "Th\u1eddi gian\n", "H\u00ecnh 5.\n", "Bi\u1ec1u \u0111\u1ed3 IWRES theo n\u1ed3ng \u0111\u1ed9.\n", "3.4.2.\n", "Sai s\u1ed1 d\u1ef1 \u0111o\u00e1n theo th\u1eddi gian v\u00e0 n\u1ed3ng \u0111\u1ed9\n", "Bi\u1ec1u \u0111\u1ed3 tr\u1ecdng s\u1ed1 ph\u1ea7n d\u01b0 c\u00e1 th\u1ec3 c\u00f3 tr\u1ecdng s\u1ed1 (IWRES) theo th\u1eddi gian v\u00e0 n\u1ed3ng \u0111\u1ed9 \u0111\u01b0\u1ee3c th\u1ec3 hi\u1ec7n \u1edf H\u00ecnh 4 v\u00e0 5.\n", "C\u00e1c gi\u00e1 tr\u1ecb ph\u00e2n b\u1ed1 \u0111\u1ec1u quanh gi\u00e1 tr\u1ecb 0 v\u00e0 h\u1ea7u h\u1ebft n\u1eb1m trong kho\u1ea3ng \u00b1 2SD, ng\u1eabu nhi\u00ean v\u00e0 \u00edt \u0111i\u1ec3m ngo\u1ea1i l\u1ea1i ch\u1ee9ng t\u1ecf t\u00ednh t\u00ednh x\u00e1c c\u1ee7a m\u00f4 h\u00ecnh.\n", "3.4.3.\n", "Bi\u1ec3u \u0111\u1ed3 VPC\n", "H\u00ecnh 6 th\u1ec3 hi\u1ec7n bi\u1ec3u \u0111\u1ed3 VPC m\u00f4 t\u1ea3 kh\u1ea3 n\u0103ng kh\u1edbp c\u1ee7a m\u00f4 h\u00ecnh khi m\u00f4 ph\u1ecfng v\u1edbi d\u1eef li\u1ec7u 3000 b\u1ec7nh nh\u00e2n theo m\u00f4 ph\u1ecfng Monte Carlo.\n", "Trong \u0111\u00f3 c\u00e1c \u0111\u01b0\u1eddng li\u1ec1n m\u00e0u xanh th\u1ec3 hi\u1ec7n cho d\u1eef li\u1ec7u n\u1ed3ng \u0111\u1ed9 - th\u1eddi gian th\u1ef1c t\u1ebf \u1edf b\u00e1ch ph\u00e2n v\u1ecb th\u1ee9 10, 50, 90.\n", "C\u00e1c v\u00f9ng m\u00e0u t\u01b0\u01a1ng \u1ee9ng v\u1edbi 90% kho\u1ea3ng d\u1ef1 \u0111o\u00e1n theo m\u00f4 h\u00ecnh c\u1ee7a c\u00e1c b\u00e1ch ph\u00e2n v\u1ecb, v\u1edbi m\u00e0u xanh c\u1ee7a b\u00e1ch ph\u00e2n v\u1ecb th\u1ee9 10 v\u00e0 90, m\u00e0u h\u1ed3ng c\u1ee7a b\u00e1ch ph\u00e2n v\u1ecb th\u1ee9 50.\n", "V\u00f9ng ngo\u1ea1i l\u1ea1i \u0111\u01b0\u1ee3c \u0111\u00e1nh d\u1ea5u m\u00e0u \u0111\u1ecf, v\u00f9ng ngo\u1ea1i lai \u00edt ch\u1ee9ng t\u1ecf m\u00f4 h\u00ecnh th\u1ec3 hi\u1ec7n \u0111\u01b0\u1ee3c t\u1ed1t xu h\u01b0\u1edbng c\u0169ng nh\u01b0 sai s\u1ed1 c\u1ee7a m\u1eabu quan s\u00e1t.\n", "M\u00f4 h\u00ecnh k\u1ebft qu\u1ea3 cho th\u1ea5y c\u00f3 v\u00f9ng ngo\u1ea1i lai \u1edf b\u00e1ch ph\u00e2n v\u1ecb th\u1ee9 10 v\u00e0 90, kh\u00f4ng c\u00f3 v\u00f9ng m\u00e0u \u0111\u1ecf \u1edf b\u00e1ch ph\u00e2n v\u1ecb th\u1ee9 50 cho th\u1ea5y m\u00f4 h\u00ecnh d\u1ef1 \u0111o\u00e1n ch\u00ednh x\u00e1c h\u01a1n v\u1edbi c\u00e1c gi\u00e1 tr\u1ecb n\u1eb1m g\u1ea7n trung v\u1ecb.\n", "Nh\u00ecn chung, c\u00e1c v\u00f9ng ngo\u1ea1i lai kh\u00e1 nh\u1ecf ch\u1ee9ng t\u1ecf m\u00f4 h\u00ecnh cho k\u1ebft qu\u1ea3 kh\u1edbp v\u1edbi d\u1eef li\u1ec7u th\u1ef1c t\u1ebf.\n", "H\u00ecnh 6.\n", "Bi\u1ec1u \u0111\u1ed3 VPC.\n", "C\u00e1c \u0111i\u1ec3m tr\u00ean bi\u1ec3u \u0111\u1ed3 th\u1ec3 hi\u1ec7n d\u1eef li\u1ec7u th\u1ef1c t\u1ebf n\u1ed3ng \u0111\u1ed9 - th\u1eddi gian \u1edf b\u00e1ch ph\u00e2n v\u1ecb th\u1ee9 10, 50 v\u00e0 90.\n", "T r\u1ecd n g s \u1ed1\n", "I\n", "W\n", "R\n", "E\n", "S\n", "N\u1ed3ng \u0111\u1ed9 4.\n", "B\u00e0n lu\u1eadn\n", "M\u00f4 h\u00ecnh 1 ng\u0103n cho k\u1ebft qu\u1ea3 kh\u1edbp n\u1ed3ng \u0111\u1ed9 thu\u1ed1c - th\u1eddi gian t\u1ed1t nh\u1ea5t, m\u00f4 h\u00ecnh 2 ng\u0103n kh\u00f4ng cho th\u1ea5y s\u1ef1 c\u1ea3i thi\u1ec7n \u0111\u1ed9 kh\u1edbp c\u1ee7a m\u00f4 h\u00ecnh.\n", "V\u1ec1 \u0111\u1eb7c \u0111i\u1ec3m h\u1ea5p thu c\u1ee7a qu\u1ea7n th\u1ec3, m\u00f4 h\u00ecnh h\u1ea5p thu b\u1eadc 1 c\u00f3 th\u1eddi gian tr\u1ec5 cho k\u1ebft qu\u1ea3 ph\u00f9 h\u1ee3p nh\u1ea5t.\n", "K\u1ebft qu\u1ea3 c\u1ee7a ch\u00fang t\u00f4i ph\u00f9 h\u1ee3p v\u1edbi \u0111\u1eb7c \u0111i\u1ec3m c\u1ee7a pyrazinamid \u0111\u01b0\u1ee3c x\u00e9t t\u1edbi trong nghi\u00ean c\u1ee9u l\u00e0 vi\u00ean n\u00e9n d\u00f9ng \u0111\u01b0\u1eddng u\u1ed1ng, do \u0111\u00f3 qu\u00e1 tr\u00ecnh h\u1ea5p thu s\u1ebd kh\u00f4ng x\u1ea3y ra ngay l\u1eadp t\u1ee9c.\n", "M\u1ed9t s\u1ed1 nghi\u00ean c\u1ee9u kh\u00e1c tr\u00ean th\u1ebf gi\u1edbi c\u0169ng \u0111\u01b0a ra m\u00f4 h\u00ecnh m\u1ed9t ng\u0103n cho pyrazinamid v\u1edbi \u0111\u1eb7c \u0111i\u1ec3m h\u1ea5p thu ph\u00f9 h\u1ee3p v\u1edbi \u0111\u01b0\u1eddng u\u1ed1ng v\u00e0 d\u1ea1ng vi\u00ean n\u00e9n [8-13].\n", "M\u00f4 h\u00ecnh sai s\u1ed1 m\u0169 l\u00e0 m\u00f4 h\u00ecnh cho \u0111\u1ed9 kh\u1edbp t\u1ed1t nh\u1ea5t v\u1edbi s\u1ed1 li\u1ec7u n\u1ed3ng \u0111\u1ed9 - th\u1eddi gian thu \u0111\u01b0\u1ee3c.\n", "M\u00f4 h\u00ecnh c\u1ee7a Abdelwahal, Chirewah, v\u00e0 Denti l\u1ef1a ch\u1ecdn sai s\u1ed1 h\u1ed7n h\u1ee3p c\u1ed9ng - t\u1ef7 l\u1ec7 t\u1eeb \u0111\u1ea7u m\u00e0 kh\u00f4ng kh\u1ea3o s\u00e1t c\u00e1c m\u00f4 h\u00ecnh kh\u00e1c [8-10].\n", "Nghi\u00ean c\u1ee9u c\u1ee7a Alsultan x\u00e9t 05 m\u00f4 h\u00ecnh sai s\u1ed1 t\u01b0\u01a1ng t\u1ef1 nghi\u00ean c\u1ee9u c\u1ee7a ch\u00fang t\u00f4i cho th\u1ea5y m\u00f4 h\u00ecnh sai s\u1ed1 h\u1ed7n h\u1ee3p c\u1ed9ng - t\u1ef7 l\u1ec7 ph\u00f9 h\u1ee3p v\u1edbi m\u00f4 h\u00ecnh d\u01b0\u1ee3c \u0111\u1ed9ng h\u1ecdc qu\u1ea7n th\u1ec3 c\u1ee7a Pyrazinamid nh\u1ea5t [12].\n", "Gi\u00e1 tr\u1ecb \u01b0\u1edbc t\u00ednh v\u1ec1 th\u1ec3 t\u00edch ph\u00e2n b\u1ed1 (V/F) v\u00e0 \u0111\u1ed9 thanh th\u1ea3i (Cl/F) c\u1ee7a pyrazinamid theo nghi\u00ean c\u1ee9u c\u1ee7a ch\u00fang t\u00f4i l\u1ea7n l\u01b0\u1ee3t l\u00e0 27,5 L v\u00e0 2,65 L/h.\n", "Trong khi \u0111\u00f3, nghi\u00ean c\u1ee9u c\u1ee7a Chirewah v\u00e0 c\u1ed9ng s\u1ef1 tr\u00ean 61 b\u1ec7nh nh\u00e2n lao c\u00f3 m\u1eafc k\u00e8m HIV n\u0103m 2017 cho k\u1ebft qu\u1ea3 V = 43 L, CL = 3,35 L/h [8].\n", "T\u1ea1i Ch\u00e2u Phi, m\u1ed9t nghi\u00ean c\u1ee9u tr\u00ean b\u1ec7nh nh\u00e2n lao m\u1eafc k\u00e8m HIV tr\u00ean 18 ph\u1ee5 n\u1eef \u1edf Nam Phi n\u0103m 2020 cho k\u1ebft qu\u1ea3 V = 43,8 L v\u00e0 CL = 3,39 L/h [9]; nghi\u00ean c\u1ee9u tr\u00ean 100 b\u1ec7nh nh\u00e2n lao t\u1ea1i\n", "Tanzania (50% d\u01b0\u01a1ng t\u00ednh HIV) cho k\u1ebft qu\u1ea3 V = 40,1 L v\u00e0 CL = 3,32 L/h [11]; nghi\u00ean c\u1ee9u tr\u00ean b\u1ec7nh nh\u00e2n lao \u0111a kh\u00e1ng l\u1ea1i cho th\u1ea5y \u0111\u1ed9 thanh th\u1ea3i v\u00e0 th\u1ec3 t\u00edch ph\u00e2n b\u1ed1 kh\u00e1c bi\u1ec7t v\u1edbi V = 62,3 L v\u00e0 \u0111\u1ed9 thanh th\u1ea3i CL = 4,28 L/h [10].\n", "Alsultan v\u00e0 c\u1ed9ng s\u1ef1 \u0111\u00e3 ti\u1ebfn h\u00e0nh x\u00e2y d\u1ef1ng m\u00f4 h\u00ecnh d\u01b0\u1ee3c \u0111\u1ed9ng h\u1ecdc qu\u1ea7n th\u1ec3 tr\u00ean 72 b\u1ec7nh nh\u00e2n lao cho th\u1ea5y\n", "V/F = 46,5 L \u1edf ph\u1ee5 n\u1eef v\u00e0 54 L \u1edf \u0111\u00e0n \u00f4ng,\n", "CL = 5,06 L/h [11].\n", "\u1ede nh\u00f3m b\u1ec7nh nh\u00e2n tr\u1ebb em, nghi\u00ean c\u1ee9u c\u1ee7a McIlleron v\u00e0 c\u1ed9ng s\u1ef1 cho k\u1ebft qu\u1ea3\n", "V = 9,64 L v\u00e0 CL = 1,08 L/h v\u1edbi 34 tr\u1ebb em \u0111\u1ed9 tu\u1ed5i trung b\u00ecnh l\u00e0 3,32 tu\u1ed5i [13].\n", "\u0110i\u1ec1u n\u00e0y cho th\u1ea5y s\u1ef1 ch\u00eanh l\u1ec7ch t\u01b0\u01a1ng \u0111\u1ed1i \u0111\u00e1ng k\u1ec3 v\u1ec1 th\u1ec3 t\u00edch ph\u00e2n b\u1ed1 c\u0169ng nh\u01b0 \u0111\u1ed9 thanh th\u1ea3i gi\u1eefa c\u00e1c qu\u1ea7n th\u1ec3 v\u00e0 c\u1ed9ng \u0111\u1ed3ng kh\u00e1c nhau.\n", "trong \u0111\u00f3 c\u00f3 th\u1ec3 do s\u1ef1 kh\u00e1c bi\u1ec7t v\u1ec1 k\u00edch c\u1ee1 c\u01a1 th\u1ec3 \u1edf c\u00e1c nh\u00f3m d\u00e2n c\u01b0 kh\u00e1c nhau, c\u00f3 th\u1ec3 d\u1eabn t\u1edbi s\u1ef1 kh\u00e1c bi\u1ec7t v\u1ec1 li\u1ec1u \u0111i\u1ec1u tr\u1ecb n\u00f3i chung.\n", "C\u00e2n n\u1eb7ng tr\u1eeb m\u1ee1 (FFM) d\u1ef1 \u0111o\u00e1n cho hai th\u00f4ng s\u1ed1 l\u00e0 V v\u00e0 Cl.\n", "K\u00edch th\u01b0\u1edbc c\u01a1 th\u1ec3, \u0111\u1ea1i di\u1ec7n b\u1edfi c\u00e2n n\u1eb7ng, l\u00e0 m\u1ed9t y\u1ebfu t\u1ed1 \u1ea3nh h\u01b0\u1edfng \u0111\u1ebfn t\u1edbi c\u00e1c ch\u1ee9c n\u0103ng sinh h\u1ecdc trong c\u01a1 th\u1ec3, trong \u0111\u00f3 bao g\u1ed3m c\u00e1c th\u00f4ng s\u1ed1 d\u01b0\u1ee3c \u0111\u1ed9ng h\u1ecdc nh\u01b0 th\u1ec3 t\u00edch ph\u00e2n b\u1ed1 v\u00e0 \u0111\u1ed9 thanh th\u1ea3i.\n", "B\u00ean c\u1ea1nh c\u00e2n n\u1eb7ng c\u00f3 c\u00e1c bi\u1ebfn d\u1ef1 \u0111o\u00e1n \u0111\u1ea1i di\u1ec7n cho k\u00edch th\u01b0\u1edbc c\u01a1 th\u1ec3 nh\u01b0: c\u00e2n n\u1eb7ng g\u1ea7y, c\u00e2n n\u1eb7ng tr\u1eeb m\u1ee1, c\u00e2n n\u1eb7ng t\u1ebf b\u00e0o c\u01a1 th\u1ec3 , di\u1ec7n t\u00edch da v\u00e0 kh\u1ed1i l\u01b0\u1ee3ng gan [14].\n", "M\u1ed9t s\u1ed1 nghi\u00ean c\u1ee9u tr\u00ean th\u1ebf gi\u1edbi c\u0169ng cho th\u1ea5y s\u1ef1 \u1ea3nh h\u01b0\u1edbng c\u1ee7a c\u00e1c y\u1ebfu t\u1ed1 li\u00ean quan \u0111\u1ebfn k\u00edch th\u01b0\u1edbc c\u01a1 th\u1ec3 \u1ea3nh h\u01b0\u1edfng \u0111\u1ebfn 2 th\u00f4ng s\u1ed1 V v\u00e0 Cl.\n", "Nghi\u00ean c\u1ee9u c\u1ee7a Chirewah v\u00e0 c\u1ed9ng s\u1ef1 cho k\u1ebft qu\u1ea3 t\u01b0\u01a1ng t\u1ef1 v\u1edbi nghi\u00ean c\u1ee9u c\u1ee7a ch\u00fang t\u00f4i v\u1edbi y\u1ebfu t\u1ed1\n", "FFM d\u1ef1 \u0111o\u00e1n cho th\u1ec3 t\u00edch ph\u00e2n b\u1ed1 v\u00e0 \u0111\u1ed9 thanh th\u1ea3i [8].\n", "M\u1ed9t s\u1ed1 nghi\u00ean c\u1ee9u kh\u00e1c ch\u1ec9 ra m\u1ed1i li\u00ean h\u1ec7 gi\u1eefa y\u1ebfu c\u00e2n n\u1eb7ng v\u1edbi hai th\u00f4ng s\u1ed1 tr\u00ean [11, 12], theo gi\u1ea3 thuy\u1ebft c\u1ee7a Holford, th\u1ec3 t\u00edch ph\u00e2n b\u1ed1 v\u00e0 t\u1ed1c \u0111\u1ed9 thanh th\u1ea3i \u0111\u1ec1u ch\u1ecbu \u1ea3nh h\u01b0\u1edfng c\u1ee7a c\u00e2n n\u1eb7ng theo ph\u01b0\u01a1ng tr\u00ecnh h\u00e0m m\u0169 Y = a.Wb [14].\n", "Nghi\u00ean c\u1ee9u c\u1ee7a ch\u00fang t\u1ed1i cho th\u1ea5y s\u1ef1 c\u1ea3i thi\u1ec7n c\u1ee7a m\u00f4 h\u00ecnh khi \u0111\u01b0a c\u00e1c y\u1ebfu t\u1ed1 \u1ea3nh h\u01b0\u1edfng c\u00f3 li\u00ean quan \u0111\u1ebfn k\u00edch th\u01b0\u1edbc c\u01a1 th\u1ec3 v\u00e0o s\u00e0ng l\u1ecdc.\n", "C\u1ee5 th\u1ec3, c\u00e2n n\u1eb7ng, ch\u1ec9 s\u1ed1 BMI, c\u00e2n n\u1eb7ng tr\u1eeb m\u1ee1 \u0111\u1ec1u cho c\u1ea3i thi\u1ec7n m\u00f4 h\u00ecnh r\u00f5 r\u1ec7t v\u1edbi -2LL l\u1ea7n l\u01b0\u1ee3t l\u00e0: -23,26, -9,68 v\u00e0 -36,81.\n", "K\u1ebft qu\u1ea3 kh\u1ea3o s\u00e1t cho th\u1ea5y FFM kh\u1edbp t\u1ed1t h\u01a1n so v\u1edbi c\u00e2n n\u1eb7ng ho\u1eb7c\n", "BMI v\u1edbi \u0111\u1ed9 gi\u1ea3m -2LL cao h\u01a1n c\u0169ng nh\u01b0 gi\u1ea3m bi\u1ebfn thi\u00ean c\u00e1 th\u1ec3 (gi\u1ea3m t\u1eeb 23,3% xu\u1ed1ng 17,7 % v\u1edbi V; gi\u1ea3m t\u1eeb 32,4% xu\u1ed1ng 30,1% v\u1edbi Cl).\n", "Nh\u01b0 v\u1eady c\u00f3 th\u1ec3 s\u1eed d\u1ee5ng FFM nh\u01b0 m\u1ed9t y\u1ebfu t\u1ed1 trong t\u00ednh to\u00e1n li\u1ec1u cho b\u1ec7nh nh\u00e2n, thay v\u00ec \u00e1p d\u1ee5ng c\u00e2n n\u1eb7ng nh\u01b0 th\u01b0\u1eddng l\u1ec7.\n", "Th\u1ef1c t\u1ebf cho th\u1ea5y, ph\u1ea7n m\u1ee1 trong c\u01a1 th\u1ec3 \u1ea3nh r\u1ea5t \u00edt v\u00e0o qu\u00e1 tr\u00ecnh chuy\u1ec3n ho\u00e1 c\u1ee7a c\u01a1 th\u1ec3, v\u00ec v\u1eady, c\u00e2n n\u1eb7ng tr\u1eeb m\u1ee1 l\u00e0 m\u1ed9t ch\u1ec9 s\u1ed1 ti\u1ec1m n\u0103ng trong vi\u1ec7c t\u00ednh to\u00e1n li\u1ec1u cho c\u00e1 th\u1ec3 nh\u1eb9 c\u00e2n, \u0111\u1eb7c bi\u1ec7t l\u00e0 qu\u1ea7n th\u1ec3 c\u00f3 ch\u00eanh l\u1ec7ch l\u1edbn v\u1ec1 tr\u1ecdng l\u01b0\u1ee3ng c\u01a1 th\u1ec3 [14].\n", "Trong m\u1eabu b\u1ec7nh nh\u00e2n trong nghi\u00ean c\u1ee9u, ph\u00e2n b\u1ed1 c\u1ee7a gi\u00e1 tr\u1ecb li\u1ec1u tr\u00ean c\u00e2n n\u1eb7ng (bi\u1ec3u di\u1ec5n t\u1ea1i H\u00ecnh 1), cho th\u1ea5y ch\u1ebf \u0111\u1ed9 li\u1ec1n hi\u1ec7n t\u1ea1i c\u1ee7a pyrazinamide kh\u00f4ng nh\u1eefng kh\u00f4ng \u0111\u1ed3ng \u0111\u1ec1u m\u00e0 c\u00f2n kh\u00f4ng \u0111\u1ea3m b\u1ea3o n\u1eb1m trong kho\u1ea3ng 20-30 mg/kg c\u00e2n n\u1eb7ng theo H\u01b0\u1edbng d\u1eabn ch\u1ea9n \u0111o\u00e1n, \u0111i\u1ec1u tri v\u00e0 d\u1ef1 ph\u00f2ng b\u1ec7nh lao do\n", "B\u1ed9 Y t\u1ebf ban h\u00e0nh [15], c\u00f3 th\u1ec3 \u1ea3nh h\u01b0\u1edfng t\u1edbi hi\u1ec7u qu\u1ea3 \u0111i\u1ec1u tr\u1ecb.\n", "\u0110i\u1ec1u n\u00e0y g\u1ee3i \u00fd cho vi\u1ec7c s\u1eed d\u1ee5ng m\u1ed9t \u0111\u1ea1i l\u01b0\u1ee3ng \u0111o k\u00edch c\u1ee1 c\u01a1 th\u1ec3 kh\u00e1c ph\u00f9 h\u1ee3p \u0111\u1ec3 l\u00e0m chu\u1ea9n cho li\u1ec1u thu\u1ed1c ch\u1ed1ng lao h\u00e0ng 1, v\u00ed d\u1ee5 nh\u01b0 c\u00e2n n\u1eb7ng tr\u1eeb m\u1ee1 (FFM).\n", "C\u00e1c th\u00f4ng s\u1ed1 li\u00ean quan \u0111\u1ebfn qu\u00e1 tr\u00ecnh h\u1ea5p thu l\u00e0 th\u1eddi gian tr\u1ec5 (Tlag) v\u00e0 h\u1eb1ng s\u1ed1 h\u1ea5p thu (Ka) c\u00f3 k\u1ebft qu\u1ea3 l\u1ea7n l\u01b0\u1ee3t l\u00e0 0,45 h v\u00e0 3,99 h-1, kh\u00f4ng c\u1ed1 y\u1ebfu t\u1ed1 n\u00e0o d\u1ef1 \u0111o\u00e1n ph\u00f9 h\u1ee3p cho 2 th\u00f4ng s\u1ed1 n\u00e0y trong nghi\u00ean c\u1ee9u c\u1ee7a ch\u00fang t\u00f4i.\n", "\u0110\u1ed9 bi\u1ebfn thi\u00ean c\u00e1 th\u1ec3 c\u1ee7a h\u1eb1ng s\u1ed1 h\u1ea5p thu l\u00e0 141%, \u0111i\u1ec1u n\u00e0y g\u1ee3i \u00fd v\u1ec1 s\u1ef1 bi\u1ebfn thi\u00ean v\u00e0 kh\u00f3 d\u1ef1 \u0111o\u00e1n trong pha h\u1ea5p thu c\u1ee7a Pyrazinamid.\n", "M\u1ed9t s\u1ed1 y\u1ebfu t\u1ed1 \u0111\u01b0\u1ee3c cho l\u00e0 \u1ea3nh h\u01b0\u1edfng \u0111\u1ebfn h\u1ea5p thu c\u1ee7a pyrazinamid nh\u01b0: t\u00ecnh tr\u1ea1ng HIV, gi\u1edbi t\u00ednh, lo\u1ea1i vi\u00ean n\u00e9n s\u1eed d\u1ee5ng (vi\u00ean \u0111\u01a1n th\u00e0nh ph\u1ea7n ho\u1eb7c vi\u00ean ph\u1ed1i h\u1ee3p) \u0111\u00e3 \u0111\u01b0\u1ee3c \u0111\u01b0a v\u00e0o kh\u1edbp v\u1edbi m\u00f4 h\u00ecnh.\n", "Tuy nhi\u00ean kh\u00f4ng y\u1ebfu t\u1ed1 n\u00e0o c\u00f3 \u1ea3nh h\u01b0\u1edfng \u0111\u00e1ng k\u1ec3 \u0111\u1ebfn c\u00e1c th\u00f4ng s\u1ed1 d\u01b0\u1ee3c \u0111\u1ed9ng h\u1ecdc do ch\u1ec9 s\u1ed1 -2LL gi\u1ea3m kh\u00f4ng \u0111\u00e1ng k\u1ec3.\n"], "5": ["5.\n", "K\u1ebft lu\u1eadn\n", "D\u01b0\u1ee3c \u0111\u1ed9ng h\u1ecdc c\u1ee7a pyrazinamid tr\u00ean b\u1ec7nh nh\u00e2n lao ph\u00f9 h\u1ee3p v\u1edbi m\u00f4 h\u00ecnh 01 ng\u0103n, h\u1ea5p thu b\u1eadc 1 c\u00f3 th\u1eddi gian tr\u1ec5, th\u1ea3i tr\u1eeb tuy\u1ebfn t\u00ednh b\u1eadc m\u1ed9t.\n", "C\u00e1c th\u00f4ng s\u1ed1 d\u01b0\u1ee3c \u0111\u1ed9ng h\u1ecdc qu\u1ea7n th\u1ec3 thu \u0111\u01b0\u1ee3c l\u1ea7n l\u01b0\u1ee3t l\u00e0: Tlag = 0,45 h; Ka = 3,99 h-1; V = 27,5 L;\n", "Cl = 2,65 L/h.\n", "C\u00e2n n\u1eb7ng tr\u1eeb m\u1ee1 d\u1ef1 \u0111o\u00e1n cho th\u1ec3 t\u00edch ph\u00e2n b\u1ed1 v\u00e0 \u0111\u1ed9 thanh th\u1ea3i, trong khi c\u00e1c th\u00f4ng s\u1ed1 d\u01b0\u1ee3c \u0111\u1ed9ng h\u1ecdc li\u00ean quan \u0111\u1ebfn qu\u00e1 tr\u00ecnh h\u1ea5p thu kh\u00f4ng \u0111\u01b0\u1ee3c d\u1ef1 \u0111o\u00e1n b\u1edfi b\u1ea5t k\u1ef3 y\u1ebfu t\u1ed1 \u0111\u01b0\u1ee3c \u0111\u01b0a v\u00e0o n\u00e0o.\n", "K\u1ebft qu\u1ea3 nghi\u00ean c\u1ee9u cho th\u1ea5y ti\u1ec1m n\u0103ng c\u1ee7a c\u00e2n n\u1eb7ng tr\u1eeb m\u1ee1 trong vi\u1ec7c \u0111i\u1ec1u ch\u1ec9nh li\u1ec1u pyrazinamid tr\u00ean b\u1ec7nh nh\u00e2n lao ph\u1ed5i.\n", "L\u1eddi c\u1ea3m \u01a1n\n", "Nghi\u00ean c\u1ee9u s\u1eed d\u1ee5ng kinh ph\u00ed t\u1eeb \u0111\u1ec1 t\u00e0i nghi\u00ean c\u1ee9u Khoa h\u1ecdc C\u00f4ng ngh\u1ec7 c\u1ea5p Nh\u00e0 n\u01b0\u1edbc (M\u00e3 s\u1ed1\n", "HNQT/SP\u0110P/01.16) do Tr\u01b0\u1eddng \u0110\u1ea1i h\u1ecdc\n", "Y D\u01b0\u1ee3c, \u0110\u1ea1i h\u1ecdc Qu\u1ed1c gia H\u00e0 N\u1ed9i ch\u1ee7 tr\u00ec v\u00e0\n", "PGS.\n", "TS.\n", "L\u00ea Th\u1ecb Luy\u1ebfn l\u00e0 ch\u1ee7 nhi\u1ec7m \u0111\u1ec1 t\u00e0i.\n", "\u0110\u1ec1 t\u00e0i \u0111\u01b0\u1ee3c B\u1ed9 Khoa h\u1ecdc v\u00e0 C\u00f4ng ngh\u1ec7 t\u00e0i tr\u1ee3, thu\u1ed9c Ch\u01b0\u01a1ng tr\u00ecnh h\u1ee3p t\u00e1c Song ph\u01b0\u01a1ng v\u00e0 \u0110a ph\u01b0\u01a1ng v\u1ec1 khoa h\u1ecdc v\u00e0 c\u00f4ng ngh\u00ea \u0111\u1ebfn n\u0103m 2020 v\u00e0 Ch\u01b0\u01a1ng tr\u00ecnh Newton Fund Vi\u1ec7t Nam.\n", "Ch\u00fang t\u00f4i xin ch\u00e2n th\u00e0nh c\u1ea3m \u01a1n B\u1ec7nh vi\u1ec7n Ph\u1ed5i Trung \u01b0\u01a1ng, B\u1ec7nh vi\u1ec7n Ph\u1ed5i H\u00e0 N\u1ed9i, B\u1ec7nh vi\u1ec7n K74\n", "Trung \u01b0\u01a1ng \u0111\u00e3 cung c\u1ea5p c\u00e1c m\u1eabu ph\u1ea9m ph\u1ee5c v\u1ee5 cho nghi\u00ean c\u1ee9u.\n"]}, "Word count": 5035}