{"title": "Original Article\n", "content": {"0": ["T\u00f3m t\u1eaft: B\u00e0i b\u00e1o t\u1eadp trung nghi\u00ean c\u1ee9u \u0111\u1eb7c \u0111i\u1ec3m h\u00ecnh th\u00e1i v\u00e0 \u0111\u1eb7c \u0111i\u1ec3m vi ph\u1eabu c\u1ee7a c\u00e2y C\u1ecf r\u01b0\u01a1i l\u00e1 b\u1eafc thu h\u00e1i t\u1ea1i t\u1ec9nh Nam \u0110\u1ecbnh.\n", "K\u1ebft qu\u1ea3 \u0111\u00e3 x\u00e1c \u0111\u1ecbnh \u0111\u01b0\u1ee3c t\u00ean khoa h\u1ecdc c\u1ee7a c\u00e2y l\u00e0: Murdannia bracteata (h\u1ecd Commelinaceae).\n", "\u0110\u1ed3ng th\u1eddi, b\u1ed9 d\u1eef li\u1ec7u v\u1ec1 \u0111\u1eb7c \u0111i\u1ec3m vi ph\u1eabu (th\u00e2n, l\u00e1) v\u00e0 \u0111\u1eb7c \u0111i\u1ec3m vi ph\u1eabu b\u1ed9t d\u01b0\u1ee3c li\u1ec7u (th\u00e2n, l\u00e1) c\u1ee7a lo\u00e0i M.\n", "bracteata \u0111\u00e3 \u0111\u01b0\u1ee3c x\u00e2y d\u1ef1ng.\n", "\u0110\u1eb7c \u0111i\u1ec3m h\u00ecnh th\u00e1i c\u00e2y nh\u01b0: c\u00f3 tr\u00e0ng hoa m\u00e0u t\u00edm nh\u1ea1t, l\u00e1 b\u1eafc h\u00ecnh b\u1ea7u d\u1ee5c.\n", "\u0110\u1eb7c \u0111i\u1ec3m vi ph\u1eabu nh\u01b0: tinh th\u1ec3 canci oxalat h\u00ecnh kim n\u1eb1m r\u1ea3i r\u00e1c ho\u1eb7c t\u1eadp trung trong c\u00e1c t\u1ebf b\u00e0o m\u00f4 m\u1ec1m l\u00e1 c\u00e2y; vi ph\u1eabu b\u1ed9t c\u00f3 m\u1ea3nh m\u1ea1ch xo\u1eafn, c\u00e1c l\u00f4ng che ch\u1edf \u0111a b\u00e0o,...\n", "T\u1eeb kho\u00e1: C\u1ecf r\u01b0\u01a1i l\u00e1 b\u1eafc, Murdannia bracteata, M.\n", "bracteata, Commelinaceae, \u0111\u1eb7c \u0111i\u1ec3m h\u00ecnh th\u00e1i, \u0111\u1eb7c \u0111i\u1ec3m vi ph\u1eabu.\n"], "1": ["1.\n", "M\u1edf \u0111\u1ea7u\n", "Chi Murdannia l\u00e0 m\u1ed9t trong nh\u1eefng chi l\u1edbn nh\u1ea5t thu\u1ed9c h\u1ecd Commelinaceae, g\u1ed3m kho\u1ea3ng 60 lo\u00e0i \u0111\u01b0\u1ee3c ph\u00e2n b\u1ed1 r\u1ed9ng kh\u1eafp th\u1ebf gi\u1edbi, t\u1eadp trung ch\u1ee7 y\u1ebfu \u1edf v\u00f9ng nhi\u1ec7t \u0111\u1edbi, c\u1eadn nhi\u1ec7t \u0111\u1edbi v\u00e0 \u00f4n \u0111\u1edbi \u1ea5m thu\u1ed9c Ch\u00e2u \u00c1, Ch\u00e2u Phi, Trung v\u00e0 Nam M\u1ef9, \u0111\u1eb7c bi\u1ec7t l\u00e0 Ch\u00e2u \u00c1 v\u1edbi h\u01a1n 50% s\u1ed1 l\u01b0\u1ee3ng lo\u00e0i [1].\n", "Trong \u0111\u00f3 ph\u00e1t hi\u1ec7n \u1edf Ch\u00e2u Phi c\u00f3 11 lo\u00e0i [2],\n", "\u1ea4n \u0110\u1ed9 c\u00f3 29 lo\u00e0i [3], Trung v\u00e0 Nam M\u1ef9 c\u00f3 6 lo\u00e0i [1].\n", "C\u00e1c nghi\u00ean c\u1ee9u g\u1ea7n \u0111\u00e2y tr\u00ean th\u1ebf gi\u1edbi \u0111\u01b0\u1ee3c th\u1ef1c hi\u1ec7n nhi\u1ec1u nh\u1ea5t \u1edf \u1ea4n \u0110\u1ed9 [3].\n", "Hi\u1ec7n nay, \u1edf Vi\u1ec7t Nam Chi Murdannia c\u00f3 15 lo\u00e0i, \u0111\u01b0\u1ee3c GS.\n", "TSKH.\n", "Ph\u1ea1m Ho\u00e0ng H\u1ed9 m\u00f4 t\u1ea3 trong C\u00e2y c\u1ecf Vi\u1ec7t Nam [4, 5].\n", "C\u00e1c lo\u00e0i \u0111\u01b0\u1ee3c s\u1eed d\u1ee5ng l\u00e0m thu\u1ed1c l\u00e0: M.\n", "bracteata,\n", "M.\n", "divergens, M.\n", "edulis, M.\n", "medica,\n", "M.\n", "nudiflora, M.\n", "simplex, M.\n", "triquetra [4].\n", "_* T\u00e1c gi\u1ea3 li\u00ean h\u1ec7.\n", "C\u00e2y C\u1ecf r\u01b0\u01a1i l\u00e1 b\u1eafc l\u00e0 m\u1ed9t d\u01b0\u1ee3c li\u1ec7u \u0111\u01b0\u1ee3c s\u1eed d\u1ee5ng nhi\u1ec1u trong Y h\u1ecdc c\u1ed5 truy\u1ec1n [6].\n", "Cho \u0111\u1ebfn nay, c\u00e1c c\u00f4ng tr\u00ecnh nghi\u00ean c\u1ee9u \u0111\u00e3 c\u00f4ng b\u1ed1 v\u1ec1 \u0111\u1eb7c \u0111i\u1ec3m h\u00ecnh th\u00e1i, th\u00e0nh ph\u1ea7n ho\u00e1 h\u1ecdc c\u0169ng nh\u01b0 t\u00e1c d\u1ee5ng sinh h\u1ecdc c\u1ee7a c\u00e2y C\u1ecf r\u01b0\u01a1i l\u00e1 b\u1eafc \u1edf Vi\u1ec7t Nam v\u00e0 tr\u00ean th\u1ebf gi\u1edbi hi\u1ec7n c\u00f2n r\u1ea5t \u00edt.\n", "B\u00e0i b\u00e1o n\u00e0y c\u00f4ng b\u1ed1 m\u1ed9t s\u1ed1 k\u1ebft qu\u1ea3 nghi\u00ean c\u1ee9u v\u1ec1 \u0111\u1eb7c \u0111i\u1ec3m th\u1ef1c v\u1eadt, b\u1ed5 sung th\u00eam t\u01b0 li\u1ec7u cho vi\u1ec7c x\u00e1c \u0111\u1ecbnh lo\u00e0i, t\u1eeb \u0111\u00f3 \u0111\u1eb7t n\u1ec1n t\u1ea3ng cho vi\u1ec7c nghi\u00ean c\u1ee9u th\u00e0nh ph\u1ea7n ho\u00e1 h\u1ecdc v\u00e0 t\u00e1c d\u1ee5ng sinh h\u1ecdc c\u1ee7a c\u00e2y C\u1ecf r\u01b0\u01a1i l\u00e1 b\u1eafc.\n"], "2": ["2.\n", "\u0110\u1ed1i t\u01b0\u1ee3ng v\u00e0 ph\u01b0\u01a1ng ph\u00e1p nghi\u00ean c\u1ee9u 2.1.\n", "\u0110\u1ed1i t\u01b0\u1ee3ng nghi\u00ean c\u1ee9u\n", "C\u00e2y C\u1ecf r\u01b0\u01a1i l\u00e1 b\u1eafc \u0111\u01b0\u1ee3c thu h\u00e1i v\u00e0o th\u00e1ng 11 n\u0103m 2020 t\u1ea1i x\u00e3 C\u1ed5 L\u1ec5, huy\u1ec7n Tr\u1ef1c Ninh, t\u1ec9nh\n", "Nam \u0110\u1ecbnh.\n", "B\u1ea3o qu\u1ea3n, l\u01b0u m\u1eabu t\u1ea1i: B\u1ed9 m\u00f4n D\u01b0\u1ee3c li\u1ec7u \u2013 D\u01b0\u1ee3c h\u1ecdc C\u1ed5 truy\u1ec1n, Tr\u01b0\u1eddng \u0110\u1ea1i h\u1ecdc Y\n", "D\u01b0\u1ee3c, \u0110\u1ea1i h\u1ecdc Qu\u1ed1c gia H\u00e0 N\u1ed9i, (s\u1ed1 hi\u1ec7u ti\u00eau b\u1ea3n: UMP-082021).\n", "2.2.\n", "Trang thi\u1ebft b\u1ecb, d\u1ee5ng c\u1ee5 - K\u00ednh hi\u1ec3n vi soi vi ph\u1eabu g\u1eafn camera: Meiji\n", "Infinity 1 (Nh\u1eadt B\u1ea3n).\n", "- K\u00ednh hi\u1ec3n vi soi n\u1ed5i g\u1eafn camera: Optika (\u00dd).\n", "2.3.\n", "Ho\u00e1 ch\u1ea5t, thu\u1ed1c th\u1eed\n", "Ho\u00e1 ch\u1ea5t d\u00f9ng trong t\u1ea9y nhu\u1ed9m vi ph\u1eabu: - N\u01b0\u1edbc javen: C\u00f4ng ty C\u1ed5 ph\u1ea7n B\u1ed9t gi\u1eb7t &\n", "Ho\u00e1 ch\u1ea5t \u0110\u1ee9c Giang, H\u00e0 N\u1ed9i, Vi\u1ec7t Nam.\n", "S\u1ea3n xu\u1ea5t theo ti\u1ec3u chu\u1ea9n TCCS 96: 2009/HC\u0110G.\n", "- Acid acetic: C\u00f4ng ty Xilong Scientific,\n", "Guangdong, Trung Qu\u1ed1c.\n", "S\u1ea3n xu\u1ea5t theo ti\u1ec3u chu\u1ea9n ISO 9001 \u2013 ISO 14001 \u2013 OHSAS 18001.\n", "- Xanh methylen: C\u00f4ng ty Shanghai\n", "Zhanyun Chemical, Shanghai, Trung Qu\u1ed1c.\n", "S\u1ea3n xu\u1ea5t theo ti\u1ec3u chu\u1ea9n ISO 9001 \u2013 2000.\n", "- \u0110\u1ecf son ph\u00e8n: C\u00f4ng ty Shanghai Zhanyun\n", "Chemical, Shanghai, Trung Qu\u1ed1c.\n", "S\u1ea3n xu\u1ea5t theo ti\u1ec3u chu\u1ea9n ISO 9001 \u2013 2000.\n", "- N\u01b0\u1edbc c\u1ea5t.\n", "2.4.\n", "Ph\u01b0\u01a1ng ph\u00e1p nghi\u00ean c\u1ee9u - Ph\u00e2n t\u00edch h\u00ecnh th\u00e1i th\u1ef1c v\u1eadt: m\u00f4 t\u1ea3 \u0111\u1eb7c \u0111i\u1ec3m h\u00ecnh th\u00e1i theo ph\u01b0\u01a1ng ph\u00e1p m\u00f4 t\u1ea3 ph\u00e2n t\u00edch [7].\n", "- Gi\u00e1m \u0111\u1ecbnh t\u00ean khoa h\u1ecdc c\u1ee7a m\u1eabu nghi\u00ean c\u1ee9u: \u0111\u1ed1i chi\u1ebfu \u0111\u1eb7c \u0111i\u1ec3m m\u00f4 t\u1ea3 v\u1edbi \u0111\u1eb7c \u0111i\u1ec3m h\u00ecnh th\u00e1i \u0111\u00e3 \u0111\u01b0\u1ee3c c\u00f4ng b\u1ed1 v\u1ec1 chi Murdannia v\u00e0 m\u1ed9t s\u1ed1 lo\u00e0i thu\u1ed9c chi n\u00e0y [4, 5].\n", "- M\u00f4 t\u1ea3 gi\u1ea3i ph\u1eabu: th\u00e2n, l\u00e1: c\u1eaft, t\u1ea9y v\u00e0 nhu\u1ed9m ti\u00eau b\u1ea3n theo ph\u01b0\u01a1ng ph\u00e1p nhu\u1ed9m k\u00e9p [8].\n", "Soi b\u1ed9t: l\u00ean ti\u00eau b\u1ea3n b\u1ed9t theo ph\u01b0\u01a1ng ph\u00e1p gi\u1ecdt \u00e9p [8].\n", "Quan s\u00e1t c\u1ea5u t\u1ea1o gi\u1ea3i ph\u1eabu v\u00e0 \u0111\u1eb7c \u0111i\u1ec3m b\u1ed9t d\u01b0\u1ee3c li\u1ec7u d\u01b0\u1edbi k\u00ednh hi\u1ec3n vi, m\u00f4 t\u1ea3 v\u00e0 ch\u1ee5p \u1ea3nh b\u1eb1ng m\u00e1y \u1ea3nh k\u1ef9 thu\u1eadt s\u1ed1.\n"], "3": ["3.\n", "K\u1ebft qu\u1ea3 nghi\u00ean c\u1ee9u 3.1.\n", "\u0110\u1eb7c \u0111i\u1ec3m h\u00ecnh th\u00e1i\n", "Th\u00e2n th\u1ea3o s\u1ed1ng l\u00e2u n\u0103m, r\u1ec5 s\u1ee3i d\u00e0i \u0111\u01b0\u1eddng k\u00ednh 0,15 - 0,4 cm m\u00e0u n\u00e2u nh\u1ea1t.\n", "Th\u00e2n h\u00ecnh tr\u1ee5, c\u00f3 kh\u00eda d\u1ecdc, chia \u0111\u1ed1t d\u00e0i t\u1eeb 3 - 10 cm, m\u00e0u xanh \u0111\u1eadm, ph\u1ee7 l\u00f4ng d\u00e0y \u0111\u1eb7c, m\u00e0u tr\u1eafng.\n", "L\u00e1 \u0111\u01a1n, m\u1ecdc so le; b\u1eb9 l\u00e1 d\u00e0i t\u1eeb 0,7 - 1,3 cm, m\u00e0u xanh nh\u1ea1t, \u1edf g\u1ed1c c\u00f3 m\u00e0u tr\u1eafng, \u00f4m l\u1ea5y th\u00e2n, m\u1eb7t ngo\u00e0i ph\u1ee7 l\u00f4ng d\u00e0y \u0111\u1eb7c, m\u00e0u tr\u1eafng; phi\u1ebfn l\u00e1 nguy\u00ean, h\u00ecnh d\u1ea3i d\u00e0i, h\u00ecnh m\u00e1c ho\u1eb7c h\u00ecnh elip thu\u00f4n, k\u00edch th\u01b0\u1edbc 1,2-2,2 cm \u00d7 4,0-10,0 cm, hai m\u1eb7t l\u00e1 m\u00e0u x\u1ea1nh \u0111\u1eadm, ph\u1ee7 l\u00f4ng d\u00e0y \u0111\u1eb7c, m\u00e0u tr\u1eafng \u1edf l\u00e1 non, l\u00e1 gi\u00e0 ph\u1ee7 l\u00f4ng d\u00e0y \u0111\u1eb7c, m\u00e0u tr\u1eafng \u1edf m\u1eb7t d\u01b0\u1edbi; m\u00e9p l\u00e1 c\u00f3 l\u00f4ng mi d\u00e0i m\u00e0u tr\u1eafng; g\u00e2n l\u00e1 song song.\n", "H\u00ecnh 1.\n", "\u0110\u1eb7c \u0111i\u1ec3m c\u01a1 quan sinh d\u01b0\u1ee1ng.\n", "Ch\u00fa th\u00edch: 1.\n", "To\u00e0n c\u00e2y; 2.\n", "R\u1ec5 c\u00e2y; 3.\n", "Th\u00e2n c\u00e2y; 4.\n", "H\u00ecnh th\u00e1i l\u00e1; 5.\n", "B\u1eb9 l\u00e1; 6.\n", "M\u00e9p l\u00e1.\n", "C\u1ee5m hoa m\u1ecdc \u1edf n\u00e1ch l\u00e1 mang nhi\u1ec1u hoa, cu\u1ed1ng c\u1ee5m hoa d\u00e0i 5-8 cm, m\u00e0u xanh, ph\u1ee7 l\u00f4ng d\u00e0y m\u00e0u tr\u1eafng, hai l\u00e1 b\u1eafc c\u00f3 h\u00ecnh d\u00e1ng nh\u01b0 l\u00e1, l\u00e1 b\u1eafc ph\u00eda trong th\u01b0\u1eddng b\u00e9 h\u01a1n l\u00e1 b\u1eafc ph\u00eda ngo\u00e0i; m\u1ed7i hoa c\u00f3 m\u1ed9t l\u00e1 b\u1eafc ri\u00eang h\u00ecnh b\u1ea7u d\u1ee5c, r\u1ed9ng 0,6 cm, d\u00e0i 0,4 cm, m\u00e0u xanh nh\u1ea1t, c\u00f3 l\u00f4ng ng\u1eafn th\u01b0a \u1edf m\u1eb7t ngo\u00e0i.\n", "Hoa \u0111\u1ec1u, l\u01b0\u1ee1ng t\u00ednh; cu\u1ed1ng h\u00ecnh tr\u1ee5 d\u00e0i 0,3-0,4 cm, m\u00e0u xanh, nh\u1eb5n; \u0111\u00e0i 3 r\u1eddi, h\u00ecnh l\u00f2ng thuy\u1ec1n, r\u1ed9ng 0,2-0,3 cm, d\u00e0i 0,4 cm, m\u00e0u xanh nh\u1ea1t, c\u00f3 l\u00f4ng ng\u1eafn th\u01b0a \u1edf m\u1eb7t ngo\u00e0i; tr\u00e0ng 3, r\u1eddi, h\u00ecnh c\u00e1nh hoa h\u1ed3ng, r\u1ed9ng 0,7-0,9 cm, d\u00e0i b\u1eb1ng \u0111\u00e0i, m\u00e0u t\u00edm; nh\u1ecb 6 x\u1ebfp th\u00e0nh 2 v\u00f2ng, 3 nh\u1ecb v\u00f2ng ngo\u00e0i b\u1ea5t th\u1ee5 c\u00f3 ch\u1ec9 nh\u1ecb h\u00ecnh s\u1ee3i, m\u00e0u t\u00edm, d\u00e0i 0,4-0,5 cm, mang bao ph\u1ea5n b\u1ea5t th\u1ee5 c\u00f3 3 thu\u1ef3, 3 nh\u1ecb h\u1eefu th\u1ee5 c\u00f3 k\u00edch th\u01b0\u1edbc kh\u00e1c nhau, ch\u1ec9 nh\u1ecb m\u1eadp, m\u00e0u t\u00edm d\u00e0i t\u1eeb 0,2-0,7 cm, mang c\u00e1c l\u00f4ng d\u00e0i m\u00e0u t\u00edm t\u1eadp trung \u1edf ph\u1ea7n ch\u00e2n c\u1ee7a ch\u1ec9 nh\u1ecb, bao ph\u1ea5n 2 \u00f4, h\u00ecnh b\u1ea7u d\u1ee5c, m\u00e0u tr\u1eafng; b\u1ea7u h\u00ecnh elip thu\u00f4n, d\u00e0i 0,3 cm, \u0111\u01b0\u1eddng k\u00ednh 0,15 cm, m\u00e0u xanh, b\u1ea7u 3 l\u00e1 no\u00e3n h\u00e0n li\u1ec1n t\u1ea1o th\u00e0nh 3 \u00f4; v\u00f2i nhu\u1ef5 h\u00ecnh s\u1ee3i d\u00e0i 0,6 cm, m\u00e0u t\u00edm nh\u1ea1t.\n", "Qu\u1ea3 v\u00e0 h\u1ea1t ch\u01b0a th\u1ea5y.\n", "H\u00ecnh 2.\n", "\u0110\u1eb7c \u0111i\u1ec3m c\u01a1 quan sinh s\u1ea3n.\n", "Ch\u00fa th\u00edch: 1.\n", "C\u1ee5m hoa; 2a.\n", "Hoa nguy\u00ean v\u1eb9n t\u1eeb tr\u00ean xu\u1ed1ng; 2b.\n", "Hoa nguy\u00ean v\u1eb9n t\u1eeb d\u01b0\u1edbi l\u00ean; 3.\n", "L\u00e1 b\u1eafc; 4.\n", "\u0110\u00e0i; 5.\n", "Tr\u00e0ng; 6a.\n", "Nh\u1ecb b\u1ea5t th\u1ee5; 6b.\n", "Nh\u1ecb h\u1eefu th\u1ee5; 7.\n", "B\u1ea7u; 8.\n", "B\u1ea7u c\u1eaft ngang.\n", "3.2.\n", "\u0110\u1eb7c \u0111i\u1ec3m vi ph\u1eabu + Vi ph\u1eabu th\u00e2n:\n", "Vi ph\u1eabu th\u00e2n c\u00f3 ti\u1ebft di\u1ec7n tr\u00f2n, c\u1ea5u t\u1ea1o g\u1ed3m c\u00f3 hai ph\u1ea7n l\u00e0 v\u1ecf v\u00e0 tr\u1ee5 gi\u1eefa.\n", "Ph\u1ea7n v\u1ecf chi\u1ec3m 1/6 ti\u1ebft di\u1ec7n, t\u1eeb ngo\u00e0i v\u00e0o trong g\u1ed3m: bi\u1ec3u b\u00ec (2) c\u00f3 c\u1ea5u t\u1ea1o g\u1ed3m m\u1ed9t l\u1edbp t\u1ebf b\u00e0o h\u00ecnh \u0111a gi\u00e1c x\u1ebfp s\u00edt nhau, v\u00e1ch ngo\u00e0i ho\u00e1 cutin, tr\u00ean bi\u1ec3u b\u00ec mang c\u00e1c l\u00f4ng che ch\u1edf \u0111a b\u00e0o h\u00ecnh d\u1ea3i (1).\n", "M\u00f4 n\u00e2ng \u0111\u1ee1 (3) g\u1ed3m 2 l\u1edbp t\u1ebf b\u00e0o n\u1eb1m s\u00e1t bi\u1ec3u b\u00ec, v\u00e1ch d\u00e0y, b\u1eaft m\u00e0u h\u1ed3ng chu\u1ea9n b\u1ecb ho\u00e1 m\u00f4 c\u1ee9ng n\u00e2ng \u0111\u1ee1 cho c\u00e2y.\n", "M\u00f4 m\u1ec1m (4) l\u00e0 c\u00e1c t\u1ebf b\u00e0o h\u00ecnh \u0111a gi\u00e1c x\u1ebfp l\u1ed9n x\u1ed9n c\u00f3 k\u00edch th\u01b0\u1edbc l\u1edbn h\u01a1n m\u00f4 n\u00e2ng \u0111\u1ee1.\n", "N\u1ed9i b\u00ec (5) g\u1ed3m m\u1ed9t l\u1edbp t\u1ebf b\u00e0o h\u00ecnh \u0111a gi\u00e1c, v\u00e1ch d\u00e0y l\u00ean h\u00ecnh ch\u1eef U, ph\u1ea7n v\u00e1ch d\u00e0y l\u00ean b\u1eaft m\u00e0u xanh.\n", "Ph\u1ea7n tr\u1ee5 gi\u1eefa t\u1eeb ngo\u00e0i v\u00e0o trong g\u1ed3m: tr\u1ee5 b\u00ec (6) g\u1ed3m 1-2 l\u1edbp t\u1ebf b\u00e0o h\u00ecnh \u0111a gi\u00e1c n\u1eb1m s\u00e1t n\u1ed9i b\u00ec v\u00e0 c\u00f3 k\u00edch th\u01b0\u1edbc nh\u1ecf h\u01a1n c\u00e1c t\u1ebf b\u00e0o n\u1ed9i b\u00ec, v\u00e1ch d\u00e0y b\u00e1ch m\u00e0u xanh.\n", "C\u00e1c b\u00f3 libe g\u1ed7 h\u00ecnh ch\u1eef V n\u1eb1m r\u1ea3i r\u00e1c trong m\u00f4 m\u1ec1m ru\u1ed9t, c\u00e1c b\u00f3 \u1edf ph\u00eda t\u00e2m c\u00f3 k\u00edch th\u01b0\u1edbc l\u1edbn h\u01a1n c\u00e1c b\u00f3 ph\u00eda ngo\u00e0i, trong m\u1ed7i b\u00f3 libe g\u1ed7, g\u1ed7 s\u01a1 c\u1ea5p (8) l\u00e0 c\u00e1c t\u1ebf b\u00e0o h\u00ecnh tr\u00f2n, v\u00e1ch d\u00e0y ho\u00e1 g\u1ed7, b\u1eaft m\u00e0u xanh, x\u1ebfp th\u00e0nh hai b\u00f3 b\u00ean ngo\u00e0i libe s\u01a1 c\u1ea5p (7), trong m\u1ed7i b\u00f3, m\u1ea1ch g\u1ed7 c\u00f3 k\u00edch th\u01b0\u1edbc gi\u1ea3m d\u1ea7n t\u1eeb t\u00e2m ra v\u1ecf.\n", "Libe s\u01a1 c\u1ea5p (7) l\u00e0 nh\u1eefng t\u1ebf b\u00e0o c\u00f3 k\u00edch th\u01b0\u1edbc nh\u1ecf, b\u1eaft m\u00e0u h\u1ed3ng n\u1eb1m gi\u1eefa 2 b\u00f3 g\u1ed7.\n", "M\u00f4 m\u1ec1m ru\u1ed9t (9) g\u1ed3m c\u00e1c t\u1ebf b\u00e0o h\u00ecnh \u0111a gi\u00e1c, c\u00f3 k\u00edch th\u01b0\u1edbc r\u1ea5t l\u1edbn, s\u1eafp x\u1ebfp l\u1ed9n x\u1ed9n, c\u00f3 nhi\u1ec1u kho\u1ea3ng gian b\u00e0o chi\u1ebfm ph\u1ea7n l\u1edbn vi ph\u1eabu.\n", "H\u00ecnh 3.\n", "\u0110\u1eb7c \u0111i\u1ec3m vi ph\u1eabu th\u00e2n.\n", "Ch\u00fa th\u00edch: 1.\n", "L\u00f4ng che ch\u1edf; 2.\n", "Bi\u1ec3u b\u00ec; 3.\n", "M\u00f4 n\u00e2ng \u0111\u1ee1; 4.\n", "M\u00f4 m\u1ec1m v\u1ecf; 5.\n", "N\u1ed9i b\u00ec; 6.\n", "Tr\u1ee5 b\u00ec; 7.\n", "Libe s\u01a1 c\u1ea5p; 8.\n", "G\u1ed7 s\u01a1 c\u1ea5p; 9.\n", "M\u00f4 m\u1ec1m ru\u1ed9t.\n", "+ Vi ph\u1eabu l\u00e1:\n", "Vi ph\u1eabu l\u00e1 c\u00f3 c\u1ea5u t\u1ea1o \u0111\u1ed1i x\u1ee9ng hai b\u00ean, ti\u1ebft di\u1ec7n c\u00f3 m\u1eb7t tr\u00ean l\u00e1 l\u00f5m xu\u1ed1ng \u1edf g\u00e2n gi\u1eefa, c\u1ea5u t\u1ea1o t\u1eeb d\u01b0\u1edbi l\u00ean tr\u00ean g\u1ed3m: bi\u1ec3u b\u00ec d\u01b0\u1edbi (2) g\u1ed3m m\u1ed9t l\u1edbp t\u1ebf b\u00e0o h\u00ecnh \u0111a gi\u00e1c x\u1ebfp s\u00edt nhau, v\u00e1ch ho\u00e1 cutin, tr\u00ean bi\u1ec3u b\u00ec mang c\u00e1c l\u00f4ng che ch\u1edf \u0111a b\u00e0o h\u00ecnh d\u1ea3i (1).\n", "M\u00f4 n\u00e2ng \u0111\u1ee1 (3) g\u1ed3m 2 l\u1edbp t\u1ebf b\u00e0o n\u1eb1m s\u00e1t bi\u1ec3u b\u00ec, v\u00e1ch d\u00e0y, b\u1eaft m\u00e0u h\u1ed3ng chu\u1ea9n b\u1ecb ho\u00e1 m\u00f4 c\u1ee9ng n\u00e2ng \u0111\u1ee1 cho c\u00e2y.\n", "M\u00f4 m\u1ec1m d\u01b0\u1edbi (4) l\u00e0 c\u00e1c t\u1ebf b\u00e0o h\u00ecnh \u0111a gi\u00e1c x\u1ebfp l\u1ed9n x\u1ed9n ph\u00eda trong m\u00f4 n\u00e2ng \u0111\u1ee1.\n", "B\u00f3 libe g\u1ed7 n\u1eb1m g\u1ea7n gi\u1eefa vi ph\u1eabu c\u00f3 libe (5) \u1edf ph\u00eda ngo\u00e0i g\u1ed3m c\u00e1c t\u1ebf b\u00e0o \u0111a gi\u00e1c c\u00f3 k\u00edch th\u01b0\u1edbc b\u00e9, b\u1eaft m\u00e0u h\u1ed3ng.\n", "G\u1ed7 (6) g\u1ed3m m\u1ed9t v\u00e0i t\u1ebf b\u00e0o h\u00ecnh tr\u00f2n, v\u00e1ch d\u00e0y ho\u00e1 g\u1ed7 b\u1eaft m\u00e0u xanh, n\u1eb1m ph\u00eda trong libe.\n", "M\u00f4 m\u1ec1m tr\u00ean (7) g\u1ed3m 2-3 l\u1edbp t\u1ebf b\u00e0o h\u00ecnh \u0111a gi\u00e1c c\u00f3 k\u00edch th\u01b0\u1edbc r\u1ea5t l\u1edbn, s\u1eafp x\u1ebfp l\u1ed9n x\u1ed9n c\u00f3 nhi\u1ec1u gian b\u00e0o.\n", "Bi\u1ec3u b\u00ec tr\u00ean (8) c\u00f3 c\u1ea5u t\u1ea1o g\u1ed3m m\u1ed9t l\u1edbp t\u1ebf b\u00e0o h\u00ecnh \u0111a gi\u00e1c x\u1ebfp s\u00edt nhau, v\u00e1ch ngo\u00e0i ho\u00e1 cutin.\n", "H\u00ecnh 4.\n", "\u0110\u1eb7c \u0111i\u1ec3m vi ph\u1eabu l\u00e1.\n", "Ch\u00fa th\u00edch: 1.\n", "L\u00f4ng che ch\u1edf; 2.\n", "Bi\u1ec3u b\u00ec d\u01b0\u1edbi; 3.\n", "M\u00f4 n\u00e2ng \u0111\u1ee1; 4.\n", "M\u00f4 m\u1ec1m d\u01b0\u1edbi; 5.\n", "Libe; 6.\n", "G\u1ed7; 7.\n", "M\u00f4 m\u1ec1m tr\u00ean; 8.\n", "Bi\u1ec3u b\u00ec tr\u00ean.\n", "3.3.\n", "\u0110\u1eb7c \u0111i\u1ec3m b\u1ed9t d\u01b0\u1ee3c li\u1ec7u\n", "B\u1ed9t d\u01b0\u1ee3c li\u1ec7u l\u00e1 c\u00f3 m\u00e0u xanh nh\u1ea1t, quan s\u00e1t d\u01b0\u1edbi k\u00ednh hi\u1ec3n vi th\u1ea5y c\u00f3 nh\u1eefng \u0111\u1eb7c \u0111i\u1ec3m sau: l\u00f4ng che ch\u1edf (1) \u0111a b\u00e0o h\u00ecnh s\u1ee3i d\u00e0i 200-250 \u00b5m.\n", "M\u1ea3nh m\u00f4 m\u1ec1m (2) g\u1ed3m c\u00e1c t\u1ebf b\u00e0o h\u00ecnh \u0111a gi\u00e1c, k\u00edch th\u01b0\u1edbc l\u1edbn.\n", "H\u1ea1t tinh b\u1ed9t (3) \u0111\u01a1n h\u00ecnh tr\u00f2n quan s\u00e1t r\u00f5 r\u1ed1n h\u00ecnh ch\u1eef Y k\u00edch th\u01b0\u1edbc b\u00e9 t\u1eeb 3-6 \u00b5m, quan s\u00e1t \u0111\u01b0\u1ee3c c\u1ea3 h\u1ea1t tinh b\u1ed9t k\u00e9p \u0111\u00f4i ho\u1eb7c ba.\n", "M\u1ea3nh bi\u1ec3u b\u00ec (4) g\u1ed3m c\u00e1c t\u1ebf b\u00e0o v\u00e1ch ngo\u1eb1n ngo\u00e8o mang l\u1ed7 kh\u00ed, h\u00ecnh b\u1ea7u d\u1ee5c, k\u00edch th\u01b0\u1edbc 25 \u00b5m \u00d7 50 \u00b5m.\n", "Tinh th\u1ec3 canci oxalate h\u00ecnh kim (5) n\u1eb1m ri\u00eang l\u1ebb ho\u1eb7c t\u1ee5 h\u1ecdp th\u00e0nh b\u00f3 d\u00e0i 80-100 \u00b5m.\n", "Ngo\u00e0i ra c\u00f2n quan s\u00e1t th\u1ea5y c\u00e1c m\u1ea3nh m\u1ea1ch xo\u1eafn (6) \u0111\u01b0\u1eddng k\u00ednh kho\u1ea3ng 40 \u00b5m.\n", "B\u1ed9t d\u01b0\u1ee3c li\u1ec7u th\u00e2n c\u00f3 m\u00e0u xanh nh\u1ea1t, quan s\u00e1t d\u01b0\u1edbi k\u00ednh hi\u1ec3n vi th\u1ea5y c\u00f3 nh\u1eefng \u0111\u1eb7c \u0111i\u1ec3m sau: l\u00f4ng che ch\u1edf (1) \u0111a b\u00e0o h\u00ecnh s\u1ee3i d\u00e0i 200-250 \u00b5m.\n", "M\u1ea3nh m\u00f4 m\u1ec1m (2) g\u1ed3m c\u00e1c t\u1ebf b\u00e0o h\u00ecnh \u0111a gi\u00e1c, k\u00edch th\u01b0\u1edbc l\u1edbn, s\u1eafp x\u1ebfp l\u1ed9n x\u1ed9n.\n", "H\u1ea1t tinh b\u1ed9t (3) \u0111\u01a1n h\u00ecnh tr\u00f2n quan s\u00e1t r\u00f5 r\u1ed1n h\u00ecnh ch\u1eef Y k\u00edch th\u01b0\u1edbc b\u00e9 t\u1eeb 3-6 \u00b5m, quan s\u00e1t \u0111\u01b0\u1ee3c c\u1ea3 h\u1ea1t tinh b\u1ed9t k\u00e9p \u0111\u00f4i ho\u1eb7c ba.\n", "Tinh th\u1ec3 canci oxalate h\u00ecnh kim (4) n\u1eb1m ri\u00eang l\u1ebb ho\u1eb7c t\u1ee5 h\u1ecdp th\u00e0nh b\u00f3 d\u00e0i 80-100 \u00b5m.\n", "Ngo\u00e0i ra c\u00f2n quan s\u00e1t th\u1ea5y c\u00e1c m\u1ea3nh m\u1ea1ch xo\u1eafn (6) \u0111\u01b0\u1eddng k\u00ednh kho\u1ea3ng 40 \u00b5m v\u00e0 c\u00e1c m\u1ea3nh m\u1ea1ch \u0111i\u1ec3m (5).\n", "H\u00ecnh 5.\n", "\u0110\u1eb7c \u0111i\u1ec3m b\u1ed9t d\u01b0\u1ee3c li\u1ec7u l\u00e1.\n", "Ch\u00fa th\u00edch: 1.\n", "L\u00f4ng che ch\u1edf, 2.\n", "M\u1ea3nh m\u00f4 m\u1ec1m; 3.\n", "H\u1ea1t tinh b\u1ed9t; 4.\n", "M\u1ea3nh bi\u1ec3u b\u00ec mang l\u1ed7 kh\u00ed; 5.\n", "Tinh th\u1ec3 canxi oxalat h\u00ecnh kim; 6.\n", "M\u1ea3nh m\u1ea1ch xo\u1eafn.\n", "3.4.\n", "X\u00e1c \u0111\u1ecbnh t\u00ean khoa h\u1ecdc\n", "Sau khi ph\u00e2n t\u00edch \u0111\u1eb7c \u0111i\u1ec3m h\u00ecnh th\u00e1i c\u1ee7a th\u00e2n, l\u00e1, hoa; quan s\u00e1t \u0111\u1eb7c \u0111i\u1ec3m gi\u1ea3i ph\u1eabu c\u1ee7a c\u00e1c b\u1ed9 ph\u1eadn tr\u00ean, c\u00f3 s\u1ef1 so s\u00e1nh v\u00e0 \u0111\u1ed1i chi\u1ebfu v\u1edbi c\u00e1c c\u00f4ng b\u1ed1 v\u1ec1 \u0111\u1eb7c \u0111i\u1ec3m h\u00ecnh th\u00e1i, t\u00ean khoa h\u1ecdc c\u1ee7a m\u1ed9t s\u1ed1 lo\u00e0i thu\u1ed9c chi Murdannia trong t\u00e0i li\u1ec7u [4, 5], B\u1ed9 m\u00f4n D\u01b0\u1ee3c li\u1ec7u \u2013 D\u01b0\u1ee3c h\u1ecdc C\u1ed5 truy\u1ec1n,\n", "N\u1ed9i kh\u1eb3ng \u0111\u1ecbnh t\u00ean khoa h\u1ecdc c\u1ee7a c\u00e2y C\u1ecf r\u01b0\u01a1i l\u00e1 b\u1eafc thu h\u00e1i t\u1ea1i t\u1ec9nh Nam \u0110\u1ecbnh l\u00e0: Murdannia bracteata (C.B.Clarke) J.K.Morton ex\n", "D.Y.Hong (h\u1ecd Commelinaceae).\n", "M\u1eabu c\u00e2y n\u00e0y c\u0169ng \u0111\u00e3 \u0111\u01b0\u1ee3c B\u1ed9 m\u00f4n Th\u1ef1c V\u1eadt, Tr\u01b0\u1eddng \u0110\u1ea1i h\u1ecdc\n", "D\u01b0\u1ee3c H\u00e0 N\u1ed9i gi\u00e1m \u0111\u1ecbnh t\u00ean khoa h\u1ecdc l\u00e0 lo\u00e0i\n", "Murdannia bracteata (C.B.Clarke) J.K.Morton ex D.Y.Hong (h\u1ecd Commelinaceae).\n", "H\u00ecnh 6.\n", "\u0110\u1eb7c \u0111i\u1ec3m b\u1ed9t d\u01b0\u1ee3c li\u1ec7u th\u00e2n.\n", "Ch\u00fa th\u00edch: 1.\n", "L\u00f4ng che ch\u1edf, 2.\n", "M\u1ea3nh m\u00f4 m\u1ec1m; 3.\n", "H\u1ea1t tinh b\u1ed9t; 4.\n", "Tinh th\u1ec3 canxi oxalat h\u00ecnh kim; 5.\n", "M\u1ea3nh m\u1ea1ch \u0111i\u1ec3m; 6.\n", "M\u1ea3nh m\u1ea1ch xo\u1eafn.\n"], "4": ["4.\n", "B\u00e0n lu\u1eadn\n", "So v\u1edbi c\u00e1c nghi\u00ean c\u1ee9u tr\u01b0\u1edbc \u0111\u00e2y v\u1ec1 chi\n", "Murdannia nghi\u00ean c\u1ee9u \u0111\u00e3 m\u00f4 t\u1ea3 chi ti\u1ebft h\u01a1n v\u1ec1 \u0111\u1eb7c \u0111i\u1ec3m h\u00ecnh th\u00e1i th\u1ef1c v\u1eadt, \u0111\u1eb7c bi\u1ec7t v\u1ec1 l\u00e1, nh\u1ecb, nhu\u1ef5 v\u00e0 x\u00e1c \u0111\u1ecbnh \u0111\u01b0\u1ee3c t\u00ean khoa h\u1ecdc c\u1ee7a m\u1eabu nghi\u00ean c\u1ee9u l\u00e0 Murdannia bracteata.\n", "K\u1ebft qu\u1ea3 nghi\u00ean c\u1ee9u th\u1ef1c v\u1eadt v\u00e0 x\u00e1c \u0111\u1ecbnh t\u00ean khoa h\u1ecdc c\u1ee7a m\u1eabu nghi\u00ean c\u1ee9u g\u00f3p ph\u1ea7n ph\u00e2n bi\u1ec7t lo\u00e0i\n", "M.\n", "bracteata v\u1edbi c\u00e1c lo\u00e0i kh\u00e1c trong chi\n", "Murdannia, \u0111\u1ed3ng th\u1eddi c\u0169ng l\u00e0 nghi\u00ean c\u1ee9u b\u01b0\u1edbc \u0111\u1ea7u l\u00e0m ti\u1ec1n \u0111\u1ec1 cho m\u1ee5c \u0111\u00edch nghi\u00ean c\u1ee9u chuy\u00ean s\u00e2u h\u01a1n, g\u00f3p ph\u1ea7n x\u00e2y d\u1ef1ng v\u00e0 ho\u00e0n thi\u1ec7n ti\u00eau chu\u1ea9n c\u1ee7a chuy\u00ean lu\u1eadn v\u1ec1 d\u01b0\u1ee3c li\u1ec7u n\u00e0y trong\n", "D\u01b0\u1ee3c \u0111i\u1ec3n Vi\u1ec7t Nam.\n", "V\u1ec1 \u0111\u1eb7c \u0111i\u1ec3m th\u1ef1c v\u1eadt, c\u00f3 m\u1ed9t s\u1ed1 kh\u00e1c bi\u1ec7t c\u1ee7a lo\u00e0i M.\n", "bracteata so v\u1edbi c\u00e1c lo\u00e0i kh\u00e1c c\u00f3 th\u1ec3 th\u1ea5y nh\u01b0: c\u00e1nh hoa (v\u1edbi lo\u00e0i M.\n", "divergens c\u00e1nh hoa m\u00e0u tr\u1eafng v\u00e2n h\u1ed3ng, lo\u00e0i M.\n", "edulis c\u00e1nh hoa m\u00e0u tr\u1eafng, lo\u00e0i M.\n", "nudiflora c\u00f3 c\u00e1nh hoa m\u00e0u t\u00edm \u0111\u1eadm), th\u00e2n (v\u1edbi lo\u00e0i M.\n", "nudiflora, M.\n", "medica th\u00e2n m\u1ecdc b\u00f2, lo\u00e0i M.\n", "simplex, M.\n", "edulis,\n", "M.\n", "keisak th\u00e2n \u0111\u1ee9ng).\n", "Nghi\u00ean c\u1ee9u \u0111\u00e3 ti\u1ebfn h\u00e0nh ph\u00e2n t\u00edch \u0111\u1eb7c \u0111i\u1ec3m vi ph\u1eabu, soi b\u1ed9t th\u00e2n v\u00e0 l\u00e1 c\u1ee7a c\u00e2y.\n", "K\u1ebft qu\u1ea3 nghi\u00ean c\u1ee9u cho th\u1ea5y, c\u00e1c \u0111\u1eb7c \u0111i\u1ec3m vi ph\u1eabu c\u1ee7a c\u00e2y mang c\u00e1c \u0111\u1eb7c \u0111i\u1ec3m chung \u0111\u1eb7c tr\u01b0ng c\u1ee7a th\u1ef1c v\u1eadt h\u1ecd Commelinaceae.\n", "Vi ph\u1eabu th\u00e2n v\u00e0 l\u00e1 b\u1eaft m\u00e0u kh\u00e1 t\u1ed1t, c\u00f3 th\u1ec3 quan s\u00e1t r\u00f5 c\u00e1c l\u1edbp t\u1ebf b\u00e0o tr\u00ean k\u00ednh hi\u1ec3n vi.\n", "C\u00e1c h\u00ecnh \u1ea3nh v\u1ec1 c\u1ea5u t\u1ea1o vi ph\u1eabu c\u1ee7a c\u00e2y r\u1ea5t r\u00f5 n\u00e9t, c\u00f3 nh\u1eefng m\u1ee9c ph\u00f3ng \u0111\u1ea1i kh\u00e1c nhau, c\u00f3 th\u1ec3 d\u00f9ng l\u00e0m t\u01b0 li\u1ec7u cho vi\u1ec7c ti\u00eau chu\u1ea9n ho\u00e1 v\u00e0 ki\u1ec3m nghi\u1ec7m x\u00e1c \u0111\u1ecbnh m\u1eabu c\u00e2y C\u1ecf r\u01b0\u01a1i l\u00e1 b\u1eafc.\n", "K\u1ebft qu\u1ea3 c\u1ee7a nghi\u00ean c\u1ee9u ph\u00f9 h\u1ee3p v\u1edbi t\u00e0i li\u1ec7u \u0111\u00e3 c\u00f4ng b\u1ed1 tr\u00ean th\u1ebf gi\u1edbi v\u1ec1 c\u00e2y C\u1ecf r\u01b0\u01a1i l\u00e1 b\u1eafc.\n", "S\u1eed d\u1ee5ng c\u00e1c thi\u1ebft b\u1ecb hi\u1ec7n \u0111\u1ea1i, k\u1ebft qu\u1ea3 \u0111\u01b0\u1ee3c tr\u00ecnh b\u00e0y d\u01b0\u1edbi d\u1ea1ng \u1ea3nh ch\u1ee5p thay v\u00ec h\u00ecnh v\u1ebd.\n"], "5": ["5.\n", "K\u1ebft lu\u1eadn\n", "Nghi\u00ean c\u1ee9u \u0111\u00e3 m\u00f4 t\u1ea3 chi ti\u1ebft \u0111\u1eb7c \u0111i\u1ec3m th\u1ef1c v\u1eadt v\u00e0 x\u00e1c \u0111\u1ecbnh t\u00ean khoa h\u1ecdc c\u1ee7a m\u1eabu c\u00e2y\n", "C\u1ecf r\u01b0\u01a1i l\u00e1 b\u1eafc thu h\u00e1i t\u1ea1i x\u00e3 C\u1ed5 L\u1ec5, huy\u1ec7n\n", "Tr\u1ef1c Ninh, t\u1ec9nh Nam \u0110\u1ecbnh l\u00e0: Murdannia bracteata (h\u1ecd Commelinaceae).\n", "\u0110\u1ed3ng th\u1eddi nghi\u00ean c\u1ee9u c\u0169ng x\u00e2y d\u1ef1ng \u0111\u01b0\u1ee3c b\u1ed9 d\u1eef li\u1ec7u v\u1ec1 \u0111\u1eb7c \u0111i\u1ec3m vi ph\u1eabu (th\u00e2n, l\u00e1) v\u00e0 b\u1ed9t d\u01b0\u1ee3c li\u1ec7u (th\u00e2n, l\u00e1) c\u1ee7a lo\u00e0i: M.\n", "bracteata.\n", "Hi\u1ec7n nay, t\u1ea1i\n", "Vi\u1ec7t Nam ch\u01b0a c\u00f3 nhi\u1ec1u c\u00f4ng b\u1ed1 v\u1ec1 th\u00e0nh ph\u1ea7n ho\u00e1 h\u1ecdc v\u00e0 t\u00e1c d\u1ee5ng sinh h\u1ecdc c\u1ee7a lo\u00e0i C\u1ecf r\u01b0\u01a1i l\u00e1 b\u1eafc.\n", "V\u00ec v\u1eady, c\u1ea7n c\u00f3 th\u00eam nh\u1eefng nghi\u00ean c\u1ee9u v\u1ec1 th\u00e0nh ph\u1ea7n ho\u00e1 h\u1ecdc, t\u00e1c d\u1ee5ng sinh h\u1ecdc, gi\u00e1 tr\u1ecb s\u1eed d\u1ee5ng c\u0169ng nh\u01b0 kh\u1ea3 n\u0103ng nh\u00e2n gi\u1ed1ng v\u00e0 tr\u1ed3ng tr\u1ecdt c\u1ee7a lo\u00e0i n\u00e0y.\n", "L\u1eddi c\u1ea3m \u01a1n\n", "Nghi\u00ean c\u1ee9u n\u00e0y \u0111\u01b0\u1ee3c t\u00e0i tr\u1ee3 b\u1edfi \u0111\u1ec1 t\u00e0i c\u1ea5p\n", "Nh\u00e0 n\u01b0\u1edbc, m\u00e3 s\u1ed1: \u0110T\u0110LCN-27/21.\n"]}, "Word count": 2722}