{"title": "Original Article\n", "content": {"0": ["T\u00f3m t\u1eaft: X\u00e1c \u0111\u1ecbnh gi\u00e1 tr\u1ecb ti\u00ean l\u01b0\u1ee3ng t\u1eed vong c\u1ee7a thang \u0111i\u1ec3m PELOD-2 \u1edf tr\u1ebb b\u1ecb suy ch\u1ee9c n\u0103ng c\u00e1c c\u01a1 quan.\n", "Nghi\u00ean c\u1ee9u m\u00f4 t\u1ea3 ph\u00e2n t\u00edch ti\u1ebfn c\u1ee9u th\u1ef1c hi\u1ec7n tr\u00ean 110 tr\u1ebb \u0111\u01b0\u1ee3c ch\u1ea9n \u0111o\u00e1n suy ch\u1ee9c n\u0103ng c\u00e1c c\u01a1 quan theo ti\u00eau chu\u1ea9n c\u1ee7a IPSCC 2002 t\u1ea1i khoa \u0110i\u1ec1u tr\u1ecb T\u00edch c\u1ef1c t\u1eeb 01/07/2015 \u0111\u1ebfn 31/06/2016.\n", "\u0110i\u1ec3m PELOD-2 trung b\u00ecnh cao (8,8 \u00b1 3,85), nh\u00f3m t\u1eed vong cao h\u01a1n nh\u00f3m s\u1ed1ng s\u00f3t t\u01b0\u01a1ng \u1ee9ng l\u00e0 7,07 \u00b1 2,37 v\u00e0 10,43 \u00b1 4,28; t\u1ef7 l\u1ec7 t\u1eed vong t\u1ef7 l\u1ec7 thu\u1eadn v\u1edbi ch\u1ec9 s\u1ed1 PELOD-2.\n", "Thang \u0111i\u1ec3m\n", "PELOD-2 c\u00f3 kh\u1ea3 n\u0103ng ph\u00e2n t\u00e1ch gi\u1eefa nh\u00f3m s\u1ed1ng s\u00f3t v\u00e0 t\u1eed vong v\u1edbi di\u1ec7n t\u00edch d\u01b0\u1edbi \u0111\u01b0\u1eddng cong\n", "ROC l\u00e0 0,76; \u0111i\u1ec3m PELOD-2 ph\u00e2n t\u00e1ch l\u00e0 8,5.\n", "Kh\u1ea3 n\u0103ng t\u1eed vong ti\u00ean l\u01b0\u1ee3ng c\u1ee7a thang \u0111i\u1ec3m PELOD- 2 \u1edf m\u1ee9c > 10 \u0111i\u1ec3m g\u1ea7n t\u01b0\u01a1ng \u0111\u01b0\u01a1ng v\u1edbi t\u1eed vong th\u1ef1c t\u1ebf.\n", "Thang \u0111i\u1ec3m PELOD-2 c\u00f3 gi\u00e1 tr\u1ecb t\u1ed1t trong ti\u00ean l\u01b0\u1ee3ng t\u1eed vong khi tr\u1ebb b\u1ecb suy gi\u1ea3m ch\u1ee9c n\u0103ng c\u01a1 quan.\n", "T\u1eeb kho\u00e1: Suy ch\u1ee9c n\u0103ng c\u01a1 quan, thang \u0111i\u1ec3m PELOD-2.\n"], "1": ["1.\n", "M\u1edf \u0111\u1ea7u\n", "Suy ch\u1ee9c n\u0103ng c\u00e1c c\u01a1 quan l\u00e0 h\u1ed9i ch\u1ee9ng th\u01b0\u1eddng g\u1eb7p trong c\u00e1c \u0111\u01a1n v\u1ecb \u0110i\u1ec1u tr\u1ecb T\u00edch c\u1ef1c\n", "Nhi (PICU).\n", "H\u1ed9i ch\u1ee9ng suy ch\u1ee9c n\u0103ng c\u00e1c c\u01a1 quan \u0111\u01b0\u1ee3c \u0111\u1ecbnh ngh\u0129a l\u00e0 r\u1ed1i lo\u1ea1n \u00edt nh\u1ea5t hai h\u1ec7 th\u1ed1ng c\u01a1 quan \u1edf b\u1ec7nh nh\u00e2n c\u00f3 b\u1ec7nh l\u00fd c\u1ea5p t\u00ednh [1].\n", "T\u1ef7 l\u1ec7 t\u1eed vong do suy ch\u1ee9c n\u0103ng c\u00e1c c\u01a1 quan v\u1eabn c\u00f2n cao.\n", "Theo Wilkinson v\u00e0 c\u1ed9ng s\u1ef1, suy ch\u1ee9c n\u0103ng c\u00e1c c\u01a1 quan chi\u1ebfm 27,2% b\u1ec7nh nh\u00e2n t\u1ea1i PICU v\u00e0 54 % tr\u01b0\u1eddng h\u1ee3p t\u1eed vong chung [2].\n", "Theo Tantale\u00e1n v\u00e0 c\u1ed9ng s\u1ef1, c\u00f3 \u0111\u1ebfn 56,5 % tr\u1ebb \u0111i\u1ec1u tr\u1ecb t\u1ea1i PICU b\u1ecb suy ch\u1ee9c n\u0103ng c\u00e1c c\u01a1 quan v\u00e0 91,5 % tr\u1ebb t\u1eed vong c\u00f3 li\u00ean quan v\u1edbi suy ch\u1ee9c n\u0103ng c\u00e1c c\u01a1 quan [3].\n", "Nhi\u1ec1u thang \u0111i\u1ec3m \u0111\u00e1nh gi\u00e1 m\u1ee9c \u0111\u1ed9 n\u1eb7ng, thang \u0111i\u1ec3m ti\u00ean l\u01b0\u1ee3ng nguy c\u01a1 t\u1eed vong \u0111\u00e3 \u0111\u01b0\u1ee3c x\u00e2y d\u1ef1ng v\u00e0 \u00e1p d\u1ee5ng.\n", "M\u1ee5c \u0111\u00edch c\u1ee7a _* T\u00e1c gi\u1ea3 li\u00ean h\u1ec7.\n", "vi\u1ec7c \u0111\u00e1nh gi\u00e1 tr\u00ean l\u00e0 \u0111\u1ec3 ph\u00e2n b\u1ed5 ph\u01b0\u01a1ng ti\u1ec7n, kinh ph\u00ed v\u00e0 nh\u00e2n l\u1ef1c cho vi\u1ec7c ch\u0103m s\u00f3c tr\u1ebb b\u1ecb b\u1ec7nh \u0111\u1ea1t \u0111\u01b0\u1ee3c hi\u1ec7u qu\u1ea3 cao nh\u1ea5t, nh\u1eb1m l\u00e0m gi\u1ea3m nguy c\u01a1 t\u1eed vong c\u0169ng nh\u01b0 gi\u00e1 th\u00e0nh \u0111i\u1ec1u tr\u1ecb.\n", "T\u1ea1i Vi\u1ec7t Nam, c\u00e1c nghi\u00ean c\u1ee9u tr\u01b0\u1edbc \u0111\u00e2y ch\u1ee7 y\u1ebfu s\u1eed d\u1ee5ng thang \u0111i\u1ec3m PELOD tr\u00ean tr\u1ebb b\u1ecb suy ch\u1ee9c n\u0103ng c\u00e1c c\u01a1 quan [4].\n", "Hi\u1ec7n ch\u01b0a c\u00f3 nghi\u00ean c\u1ee9u n\u00e0o s\u1eed d\u1ee5ng thang \u0111i\u1ec3m PELOD-2 \u0111\u1ec3 m\u00f4 t\u1ea3 m\u1ee9c \u0111\u1ed9 nghi\u00eam tr\u1ecdng v\u00e0 di\u1ec5n bi\u1ebfn c\u1ee7a suy ch\u1ee9c n\u0103ng c\u00e1c c\u01a1 quan trong nh\u1eefng ng\u00e0y \u0111\u1ea7u \u0111i\u1ec1u tr\u1ecb c\u0169ng nh\u01b0 \u0111\u1ec3 ti\u00ean l\u01b0\u1ee3ng k\u1ebft qu\u1ea3 \u0111i\u1ec1u tr\u1ecb c\u1ee7a nh\u1eefng b\u1ec7nh nhi suy ch\u1ee9c n\u0103ng c\u00e1c c\u01a1 quan t\u1ea1i khoa \u0111i\u1ec1u tr\u1ecb t\u00edch c\u1ef1c.\n", "Do v\u1eady ch\u00fang t\u00f4i th\u1ef1c hi\u1ec7n nghi\u00ean c\u1ee9u n\u00e0y nh\u1eb1m: X\u00e1c \u0111\u1ecbnh kh\u1ea3 n\u0103ng ti\u00ean l\u01b0\u1ee3ng t\u1eed vong c\u1ee7a thang \u0111i\u1ec3m PELOD-2 \u1edf tr\u1ebb b\u1ecb suy ch\u1ee9c n\u0103ng c\u00e1c c\u01a1 quan.\n"], "2": ["2.\n", "\u0110\u1ed1i t\u01b0\u1ee3ng v\u00e0 ph\u01b0\u01a1ng ph\u00e1p nghi\u00ean c\u1ee9u 2.1.\n", "\u0110\u1ed1i t\u01b0\u1ee3ng nghi\u00ean c\u1ee9u 110 tr\u1ebb \u0111\u01b0\u1ee3c ch\u1ea9n \u0111o\u00e1n suy ch\u1ee9c n\u0103ng c\u00e1c c\u01a1 quan \u0111i\u1ec1u tr\u1ecb t\u1ea1i Khoa \u0110i\u1ec1u tr\u1ecb T\u00edch c\u1ef1c, B\u1ec7nh 2.2.\n", "Ph\u01b0\u01a1ng ph\u00e1p nghi\u00ean c\u1ee9u i) Ti\u00eau chu\u1ea9n l\u1ef1a ch\u1ecdn b\u1ec7nh nh\u00e2n: t\u1ea5t c\u1ea3 nh\u1eefng tr\u1ebb \u0111\u1ee7 ti\u00eau chu\u1ea9n ch\u1ea5n \u0111o\u00e1n h\u1ed9i ch\u1ee9ng suy ch\u1ee9c n\u0103ng c\u00e1c c\u01a1 quan theo ti\u00eau chu\u1ea9n c\u1ee7a\n", "IPSCC 2002 [1] \u0111i\u1ec1u tr\u1ecb t\u1ea1i Khoa \u0110i\u1ec1u tr\u1ecb T\u00edch c\u1ef1c, b\u1ec7nh vi\u1ec7n Nhi trung \u01b0\u01a1ng, \u0111\u1ed3ng \u00fd tham gia nghi\u00ean c\u1ee9u; ii) Lo\u1ea1i tr\u1eeb b\u1ec7nh nh\u00e2n nghi\u00ean c\u1ee9u: v\u00e0o vi\u1ec7n trong t\u00ecnh tr\u1ea1ng ng\u1eebng tu\u1ea7n ho\u00e0n, ch\u1ebft n\u00e3o; iii) Ch\u1ec9 s\u1ed1, bi\u1ebfn s\u1ed1 nghi\u00ean c\u1ee9u: b\u1ec7nh nh\u00e2n nh\u1eadp vi\u1ec7n \u0111\u01b0\u1ee3c thu th\u1eadp c\u00e1c th\u00f4ng tin v\u1ec1 tu\u1ed5i (t\u00ednh theo th\u00e1ng), gi\u1edbi, c\u01a1 quan suy c\u1ee5 th\u1ec3: theo ti\u00eau chu\u1ea9n ch\u1ea9n \u0111o\u00e1n c\u1ee7a IPSCC-2002 [1];\n", "Nguy\u00ean nh\u00e2n g\u00e2y h\u1ed9i ch\u1ee9ng suy ch\u1ee9c n\u0103ng c\u00e1c c\u01a1 quan: x\u00e1c \u0111\u1ecbnh b\u1ec7nh ch\u00ednh d\u1ef1a v\u00e0o c\u00e1c d\u1ea5u hi\u1ec7u l\u00e2m s\u00e0ng, c\u1eadn l\u00e2m s\u00e0ng \u0111\u1ec3 ch\u1ea9n \u0111o\u00e1n b\u1ec7nh ch\u00ednh v\u00e0 b\u1ec7nh ph\u1ed1i h\u1ee3p theo ICD 10; S\u1ed1 c\u01a1 quan suy; th\u1eddi gian th\u1edf m\u00e1y (ng\u00e0y): t\u00ednh t\u1eeb th\u1eddi \u0111i\u1ec3m b\u1eaft \u0111\u1ea7u th\u1edf m\u00e1y \u0111\u1ebfn khi r\u00fat \u1ed1ng n\u1ed9i kh\u00ed qu\u1ea3n th\u00e0nh c\u00f4ng; Th\u1eddi gian n\u1eb1m vi\u1ec7n (ng\u00e0y): t\u00ednh t\u1eeb l\u00fac nh\u1eadp vi\u1ec7n cho \u0111\u1ebfn khi ra vi\u1ec7n.\n", "C\u00e1c bi\u1ebfn s\u1ed1 cho thang \u0111i\u1ec3m PELOD-2: PaO2/FiO2; Lactac m\u00e1u; \u0111i\u1ec3m Glasgow t\u00ednh \u0111i\u1ec3m d\u1ef1a v\u00e0o thang \u0111i\u1ec3m Glasgow cho tr\u1ebb tr\u00ean 4 tu\u1ed5i v\u00e0 nh\u1ecf h\u01a1n 4 tu\u1ed5i; \u0110\u1ed3ng t\u1eed: c\u00f3 ph\u1ea3n x\u1ea1 v\u1edbi \u00e1nh s\u00e1ng ho\u1eb7c kh\u00f4ng; S\u1ed1 l\u01b0\u1ee3ng ti\u1ec3u c\u1ea7u; S\u1ed1 l\u01b0\u1ee3ng b\u1ea1ch c\u1ea7u: x\u00e1c \u0111\u1ecbnh b\u1eb1ng x\u00e9t nghi\u1ec7m c\u00f4ng th\u1ee9c m\u00e1u,\n", "Creatinin m\u00e1u; K\u1ebft qu\u1ea3 \u0111i\u1ec1u tr\u1ecb: s\u1ed1ng hay t\u1eed vong.\n", "T\u1ea5t c\u1ea3 c\u00e1c x\u00e9t nghi\u1ec7m \u0111\u01b0\u1ee3c ti\u1ebfn h\u00e0nh t\u1ea1i c\u00e1c khoa: x\u00e9t nghi\u1ec7m huy\u1ebft h\u1ecdc, x\u00e9t nghi\u1ec7m sinh ho\u00e1, vi sinh v\u00e0 khoa ch\u1ea9n \u0111o\u00e1n h\u00ecnh \u1ea3nh, B\u1ec7nh iv) Thi\u1ebft k\u1ebf nghi\u00ean c\u1ee9u: \u0111\u01b0\u1ee3c th\u1ef1c hi\u1ec7n theo ph\u01b0\u01a1ng ph\u00e1p nghi\u00ean c\u1ee9u m\u00f4 t\u1ea3 ph\u00e2n t\u00edch; v) Ch\u1ecdn m\u1eabu: l\u1ea5y m\u1eabu thu\u1eadn ti\u1ec7n to\u00e0n b\u1ed9 tr\u1ebb \u0111\u1ee7 ti\u00eau chu\u1ea9n ch\u1ea9n \u0111o\u00e1n nh\u1eadp vi\u1ec7n trong th\u1eddi gian t\u1eeb 01/07/2015 \u0111\u1ebfn 31/06/2016; vi) X\u1eed l\u00fd s\u1ed1 li\u1ec7u: th\u00f4ng tin \u0111\u01b0\u1ee3c thu th\u1eadp theo m\u1eabu b\u1ec7nh \u00e1n nghi\u00ean c\u1ee9u th\u1ed1ng nh\u1ea5t, x\u1eed l\u00fd s\u1ed1 li\u1ec7u theo ph\u1ea7n m\u1ec1m SPSS 22.0.\n"], "3": ["3.\n", "K\u1ebft qu\u1ea3\n", "B\u1ea3ng 1.\n", "Kh\u1ea3 n\u0103ng ph\u00e2n lo\u1ea1i c\u1ee7a thang \u0111i\u1ec3m PELOD-2\n", "Tham s\u1ed1 Gi\u00e1 tr\u1ecb\n", "\u0110i\u1ec3m PELOD-2 trung b\u00ecnh ng\u00e0y 1 c\u1ee7a nh\u00f3m nghi\u00ean c\u1ee9u 8,8 \u00b1 3,85\n", "\u0110i\u1ec3m PELOD-2 trung b\u00ecnh ng\u00e0y 1 c\u1ee7a nh\u00f3m s\u1ed1ng 7,07 \u00b1 2,37\n", "\u0110i\u1ec3m PELOD-2 trung b\u00ecnh ng\u00e0y 1 c\u1ee7a nh\u00f3m t\u1eed vong 10,43 \u00b1 4,28\n", "\u0110i\u1ec3m ph\u00e2n t\u00e1ch (cutoff point) 8,5\n", "Di\u1ec7n t\u00edch d\u01b0\u1edbi \u0111\u01b0\u1eddng cong\n", "ROC (CI 95%) 0,77 (0,68 - 0,86)\n", "Hosmer-Lemeshow \u03c7 14,96\n", "H\u00ecnh 1.\n", "Di\u1ec7n t\u00edch d\u01b0\u1edbi \u0111\u01b0\u1eddng cong ROC c\u1ee7a nh\u00f3m nghi\u00ean c\u1ee9u.\n", "Nh\u1eadn x\u00e9t: thang \u0111i\u1ec3m PELOD-2 c\u00f3 kh\u1ea3 n\u0103ng ph\u00e2n t\u00e1ch t\u01b0\u01a1ng \u0111\u1ed1i t\u1ed1t gi\u1eefa hai nh\u00f3m c\u00f3 nguy c\u01a1 t\u1eed vong v\u00e0 s\u1ed1ng s\u00f3t v\u1edbi di\u1ec7n t\u00edch d\u01b0\u1edbi \u0111\u01b0\u1eddng cong ROC l\u00e0 0,77 (CI 95%), v\u1edbi \u0111i\u1ec3m ph\u00e2n t\u00e1ch l\u00e0 8,5; Hosmer-Lameshow \u03c7 = 14,96 (B\u1ea3ng 1,\n", "H\u00ecnh 1).\n", "H\u00ecnh 2.\n", "T\u01b0\u01a1ng quan gi\u1eefa PELOD-2 v\u1edbi t\u1ef7 l\u1ec7 t\u1eed vong ti\u00ean l\u01b0\u1ee3ng v\u00e0 t\u1eed vong th\u1ef1c t\u1ebf.\n", "\u0110i\u1ec3m 3 \u0110i\u1ec3m 7 \u0110i\u1ec3m 10 \u0110i\u1ec3m 13 \u0110i\u1ec3m 15 \u0110i\u1ec3m 18 \u0110i\u1ec3m 22\n", "T\u1eed vong th\u1ef1c t\u1ebf T\u1eed vong ti\u00ean l\u01b0\u1ee3ng\n", "T\u1ef7 l\u1ec7 (%)\n", "\u0110 \u1ed9 n h \u1ea1y\n", "\u0110\u1ed9 \u0111\u1eb7c hi\u1ec7u\n", "Nh\u1eadn x\u00e9t: t\u1ea1i \u0111i\u1ec3m PELOD-2 >10 t\u1eed vong th\u1ef1c t\u1ebf v\u00e0 ti\u00ean l\u01b0\u1ee3ng l\u00e0 t\u01b0\u01a1ng \u0111\u01b0\u01a1ng nhau (H\u00ecnh 2).\n", "B\u1ea3ng 2.\n", "\u0110i\u1ec3m PELOD-2 trung b\u00ecnh ng\u00e0y 2 v\u00e0 3 c\u1ee7a hai nh\u00f3m t\u1eed vong v\u00e0 s\u1ed1ng s\u00f3t\n", "Tham s\u1ed1\n", "Ng\u00e0y 2 (n=58)\n", "Ng\u00e0y 3 (n=44) p\n", "PELOD-2 trung b\u00ecnh chung 9,7 \u00b1 4,49 10,25 \u00b1 4,76\n", "PELOD-2 trung b\u00ecnh nh\u00f3m s\u1ed1ng s\u00f3t 7,00 \u00b1 2,25 6,5 \u00b1 1,46 <0,001\n", "PELOD-2 trung b\u00ecnh nh\u00f3m t\u1eed vong 11,42 \u00b1 4,71 12,39 \u00b1 4,66 <0,001\n", "ROC (CI95%) 0,74 (0,6-0,89) 0,93 (0,85-1,0)\n", "Hosmer-\n", "Lameshow \u03c7 9,9 5,88\n", "Nh\u1eadn x\u00e9t: \u0111i\u1ec3m PELOD-2 trung b\u00ecnh c\u1ee7a nh\u00f3m t\u1eed vong cao h\u01a1n nh\u00f3m s\u1ed1ng v\u1edbi di\u1ec7n t\u00edch d\u01b0\u1edbi \u0111\u01b0\u1eddng cong ROC l\u00e0 0,74.\n", "Thang \u0111i\u1ec3m\n", "PELOD-2 \u0111o \u1edf ng\u00e0y th\u1ee9 3 c\u00f3 kh\u1ea3 ph\u00e2n t\u00e1ch r\u1ea5t t\u1ed1t gi\u1eefa hai nh\u00f3m c\u00f3 nguy c\u01a1 t\u1eed vong v\u00e0 s\u1ed1ng s\u00f3t v\u1edbi di\u1ec7n t\u00edch d\u01b0\u1edbi \u0111\u01b0\u1eddng cong ROC l\u00e0 0,93 (B\u1ea3ng 2).\n", "B\u1ea3ng 3.\n", "Li\u00ean quan gi\u1eefa nguy c\u01a1 t\u1eed vong v\u1edbi s\u1ef1 thay \u0111\u1ed5i \u0111i\u1ec3m PELOD-2 ng\u00e0y 2 v\u00e0 3 so v\u1edbi ng\u00e0y 1\n", "Ch\u1ec9 s\u1ed1 OR CI (95%) p\n", "\u0110i\u1ec3m\n", "PELOD-2 ng\u00e0y 1 1,36 1,17 - 1,58 <0,0001\n", "PELOD-2\n", "N1-2 1,19 0,96 - 1,46 0,111\n", "PELOD-2\n", "N1-3 1,47 1,11 - 1,94 <0,01\n", "Ghi ch\u00fa: PELOD-2 N1-2: Ch\u00eanh l\u1ec7ch \u0111i\u1ec3m\n", "PELOD-2 ng\u00e0y 2 so v\u1edbi ng\u00e0y1; PELOD-2 N1- 3: Ch\u00eanh l\u1ec7ch \u0111i\u1ec3m PELOD-2 ng\u00e0y 2 so v\u1edbi ng\u00e0y 1.\n", "Nh\u1eadn x\u00e9t: nguy c\u01a1 t\u1eed vong t\u0103ng t\u1ef7 l\u1ec7 thu\u1eadn v\u1edbi s\u1ef1 t\u0103ng \u0111i\u1ec3m PELOD-2 \u0111o \u1edf ng\u00e0y 3 so v\u1edbi ng\u00e0y \u0111\u1ea7u nh\u1eadp khoa (B\u1ea3ng 3).\n", "Nh\u1eadn x\u00e9t: thang \u0111i\u1ec3m PELOD-2 c\u00f3 kh\u1ea3 n\u0103ng ti\u00ean l\u01b0\u1ee3ng t\u1eed vong t\u1ed1t nh\u1ea5t tr\u00ean nh\u00f3m b\u1ec7nh nh\u00e2n suy ch\u1ee9c n\u0103ng \u2265 5 c\u01a1 quan v\u1edbi di\u1ec7n t\u00edch d\u01b0\u1edbi \u0111\u01b0\u1eddng cong ROC l\u00e0 0,83.\n", "T\u1ef7 l\u1ec7 t\u1eed vong th\u1ef1c t\u1ebf v\u00e0 ti\u00ean l\u01b0\u1ee3ng t\u01b0\u01a1ng \u0111\u01b0\u01a1ng nhau n\u1ebfu tr\u1ebb b\u1ecb suy ch\u1ee9c n\u0103ng 4 c\u01a1 quan (B\u1ea3ng 4).\n", "B\u1ea3ng 4.\n", "Kh\u1ea3 n\u0103ng ti\u00ean l\u01b0\u1ee3ng t\u1eed vong c\u1ee7a \u0111i\u1ec3m PELOD-2 theo s\u1ed1 c\u01a1 quan suy\n", "S\u1ed1 c\u01a1 quan suy\n", "S\u1ed1 b\u1ec7nh nh\u00e2n\n", "S\u1ed1 t\u1eed vong\n", "\u0110i\u1ec3m PELOD- 2 trung b\u00ecnh\n", "ROC 95%CI 2 c\u01a1 quan 21 5 6,62 0,76 0,54 - 0,97 3 c\u01a1 quan 33 13 8,06 0,78 0,61 - 0,95 4 c\u01a1 quan 29 16 9,03 0,70 0,49 - 0,9 \u22655 c\u01a1 quan 27 22 10,93 0,83 0,67 - 0,98\n", "B\u1ea3ng 5.\n", "Kh\u1ea3 n\u0103ng ti\u00ean l\u01b0\u1ee3ng t\u1eed vong c\u1ee7a PELOD-2 theo c\u01a1 quan suy\n", "Lo\u1ea1i c\u01a1 quan suy\n", "S\u1ed1 b\u1ec7nh nh\u00e2n\n", "T\u1eed vong\n", "N,(%)\n", "\u0110i\u1ec3m PELOD-2 trung b\u00ecnh\n", "ROC 95%CI\n", "H\u00f4 h\u1ea5p 109 56(51,4) 8,8 \u00b1 3,8 0,76 0,67 - 0,86\n", "Tu\u1ea7n ho\u00e0n 100 53(53) 8,9 \u00b1 3,9 0,77 0,67 - 0,86\n", "Huy\u1ebft h\u1ecdc 71 41(57,7) 9,3 \u00b1 3,9 0,74 0,63 - 0,86\n", "Th\u1ea7n kinh 58 38(65,5) 9,5 \u00b1 4,1 0,82 0,71 - 0,93\n", "Gan 38 24(63,2) 9,8 \u00b1 4,8 0,80 0,66 - 0,94\n", "Th\u1eadn 27 21(77,8) 10,4 \u00b1 4,9 0,72 0,72 - 0,91\n", "Nh\u1eadn x\u00e9t: kh\u1ea3 n\u0103ng ph\u00e2n lo\u1ea1i c\u1ee7a thang \u0111i\u1ec3m\n", "PELOD-2 cao nh\u1ea5t \u1edf nh\u00f3m suy ch\u1ee9c n\u0103ng th\u1ea7n kinh v\u1edbi di\u1ec7n t\u00edch d\u01b0\u1edbi \u0111\u01b0\u1eddng cong ROC l\u00e0 0,82 (B\u1ea3ng 5).\n"], "4": ["4.\n", "B\u00e0n lu\u1eadn\n", "Trong nghi\u00ean c\u1ee9u c\u1ee7a ch\u00fang t\u00f4i, \u0111i\u1ec3m\n", "PELOD-2 ng\u00e0y \u0111\u1ea7u l\u00e0 8,8 \u00b1 3,85; k\u1ebft qu\u1ea3 n\u00e0y ph\u00f9 h\u1ee3p v\u1edbi m\u00f4 h\u00ecnh b\u1ec7nh t\u1eadt trong nghi\u00ean c\u1ee9u.\n", "K\u1ebft qu\u1ea3 c\u1ee7a nghi\u00ean c\u1ee9u cao h\u01a1n so v\u1edbi c\u00e1c nghi\u00ean c\u1ee9u c\u1ee7a S.\n", "Leteurtre (2013) v\u00e0\n", "J.\n", "P.\n", "Goncalves (2015) t\u01b0\u01a1ng \u1ee9ng l\u00e0 4,8 \u00b1 4,3 v\u00e0 5,1 \u00b1 3,1 [5, 6].\n", "Trong nghi\u00ean c\u1ee9u c\u1ee7a Leteurtre c\u00f3 \u0111\u1ebfn 43% b\u1ec7nh nh\u00e2n kh\u00f4ng suy ch\u1ee9c n\u0103ng \u0111a c\u01a1 quan, 27% b\u1ec7nh nh\u00e2n suy ch\u1ee9c n\u0103ng 2 c\u01a1 quan, 30% c\u00f3 suy t\u1eeb 3 c\u01a1 quan tr\u1edf l\u00ean.\n", "Trong nghi\u00ean c\u1ee9u n\u00e0y ph\u1ea7n l\u1edbn l\u00e0 b\u1ec7nh nh\u00e2n n\u1eb7ng, suy ch\u1ee9c n\u0103ng 3 ho\u1eb7c 4 c\u01a1 quan (chi\u1ebfm 56,4%) v\u1edbi c\u00e1c r\u1ed1i lo\u1ea1n sinh l\u00fd n\u1eb7ng n\u1ec1.\n", "Ch\u00ednh \u0111i\u1ec1u n\u00e0y l\u00e0m cho \u0111i\u1ec3m PELOD-2 trung b\u00ecnh ng\u00e0y \u0111\u1ea7u nh\u1eadp thang \u0111i\u1ec3m PELOD \u1edf b\u1ec7nh nh\u00e2n suy ch\u1ee9c n\u0103ng c\u00e1c c\u01a1 quan nh\u1eadn th\u1ea5y \u0111i\u1ec3m PELOD trung b\u00ecnh \u1edf b\u1ec7nh nh\u00e2n suy ch\u1ee9c n\u0103ng c\u00e1c c\u01a1 quan kh\u00e1 cao 20,17 \u00b1 11,71 [4].\n", "\u0110i\u1ec3m PELOD-2 trung b\u00ecnh ng\u00e0y 2 v\u00e0 ng\u00e0y 3 trong nghi\u00ean c\u1ee9u l\u00e0 t\u01b0\u01a1ng \u0111\u01b0\u01a1ng nhau t\u01b0\u01a1ng \u1ee9ng l\u00e0 9,7 \u00b1 4,49 v\u00e0 10,25 \u00b1 4,76.\n", "Tuy nhi\u00ean \u0111i\u1ec3m\n", "PELOD-2 trung b\u00ecnh c\u1ee7a nh\u00f3m t\u1eed vong cao h\u01a1n nh\u00f3m s\u1ed1ng s\u00f3t c\u00f3 \u00fd ngh\u0129a th\u1ed1ng k\u00ea (B\u1ea3ng 2).\n", "Thang \u0111i\u1ec3m PELOD-2 \u0111o \u1edf ng\u00e0y th\u1ee9 3 c\u00f3 kh\u1ea3 ph\u00e2n t\u00e1ch r\u1ea5t t\u1ed1t gi\u1eefa hai nh\u00f3m c\u00f3 nguy c\u01a1 t\u1eed vong v\u00e0 s\u1ed1ng s\u00f3t v\u1edbi di\u1ec7n t\u00edch d\u01b0\u1edbi \u0111\u01b0\u1eddng cong\n", "ROC l\u00e0 0,93.\n", "\u1ede ng\u00e0y 2 thang \u0111i\u1ec3m n\u00e0y c\u0169ng c\u00f3 kh\u1ea3 n\u0103ng ph\u00e2n t\u00e1ch gi\u1eefa nh\u00f3m s\u1ed1ng v\u00e0 t\u1eed vong v\u1edbi di\u1ec7n t\u00edch d\u01b0\u1edbi \u0111\u01b0\u1eddng cong l\u00e0 0,74.\n", "K\u1ebft qu\u1ea3 n\u00e0y kh\u00e1c v\u1edbi nghi\u00ean c\u1ee9u c\u1ee7a t\u00e1c gi\u1ea3 Leteurtre v\u00e0 c\u1ed9ng s\u1ef1 khi \u0111o l\u01b0\u1eddng \u0111i\u1ec3m PELOD-2 h\u1eb1ng ng\u00e0y t\u1ea1i 7 Khoa \u0110i\u1ec1u tr\u1ecb t\u00edch c\u1ef1c t\u1ea1i Ph\u00e1p v\u00e0 B\u1ec9 [5].\n", "Trong nghi\u00ean c\u1ee9u n\u00e0y, t\u1ef7 su\u1ea5t ch\u00eanh c\u1ee7a ch\u00eanh l\u1ec7ch \u0111i\u1ec3m PELOD-2 ng\u00e0y 1 so v\u1edbi ng\u00e0y 2 l\u00e0 kh\u00f4ng c\u00f3 \u00fd ngh\u0129a v\u1edbi OR = 1,19 (0,96 - 1,46) v\u00e0 p < 0,111.\n", "Kh\u1ea3 n\u0103ng ph\u00e2n lo\u1ea1i c\u1ee7a thang \u0111i\u1ec3m\n", "PELOD-2 \u0111\u01b0\u1ee3c \u0111\u1ec1 c\u1eadp khi so s\u00e1nh \u0111i\u1ec3m s\u1ed1 trung b\u00ecnh c\u1ee7a nh\u00f3m s\u1ed1ng s\u00f3t so v\u1edbi nh\u00f3m t\u1eed vong.\n", "Trong nghi\u00ean c\u1ee9u n\u00e0y, \u0111i\u1ec3m PELOD-2 trung b\u00ecnh c\u1ee7a nh\u00f3m s\u1ed1ng s\u00f3t th\u1ea5p h\u01a1n so v\u1edbi nh\u00f3m t\u1eed vong v\u1edbi \u0111i\u1ec3m s\u1ed1 7,07 \u00b1 2,37 so v\u1edbi 10,43 \u00b1 4,28 (p < 0,001).\n", "K\u1ebft qu\u1ea3 nghi\u00ean c\u1ee9u n\u00e0y nh\u1eadn th\u1ea5y \u0111i\u1ec3m \u0110i\u1ec3m PELOD-2 trung b\u00ecnh c\u1ee7a nh\u00f3m b\u1ec7nh nh\u00e2n s\u1ed1ng s\u00f3t cao h\u01a1n so v\u1edbi nghi\u00ean c\u1ee9u c\u1ee7a\n", "S.\n", "Leteurtre c\u1ed9ng s\u1ef1 (2013) v\u1edbi k\u1ebft qu\u1ea3 t\u01b0\u01a1ng \u1ee9ng l\u00e0 4,2 \u00b1 3,2 [5] c\u0169ng nh\u01b0 c\u1ee7a\n", "J.\n", "P.\n", "Goncalves, (2015) l\u00e0 4,8 \u00b1 2,6 [6].\n", "\u0110i\u1ec1u n\u00e0y c\u00f3 th\u1ec3 do nh\u00f3m b\u1ec7nh nh\u00e2n c\u1ee7a nghi\u00ean c\u1ee9u l\u00e0 nh\u1eefng b\u1ec7nh nh\u00e2n n\u1eb7ng h\u01a1n suy ch\u1ee9c n\u0103ng nhi\u1ec1u c\u01a1 quan nh\u01b0ng \u0111i\u1ec1u ki\u1ec7n c\u01a1 s\u1edf v\u1eadt ch\u1ea5t c\u1ee7a\n", "Kkhoa \u0110i\u1ec1u tr\u1ecb t\u00edch c\u1ef1c ch\u01b0a th\u1ec3 trang b\u1ecb \u0111\u1ea7y \u0111\u1ee7 nh\u01b0 t\u1ea1i Ph\u00e1p v\u00e0 B\u1ed3 \u0110\u00e0o Nha c\u00f9ng v\u1edbi t\u00ecnh tr\u1ea1ng qu\u00e1 t\u1ea3i c\u1ee7a khoa khi\u1ebfn t\u1ef7 l\u1ec7 t\u1eed vong t\u1ea1i khoa c\u00f2n kh\u00e1 cao do \u0111\u00f3 \u0111i\u1ec3m PELOD-2 trung b\u00ecnh c\u1ee7a nh\u00f3m t\u1eed vong trong nghi\u00ean c\u1ee9u n\u00e0y th\u1ea5p h\u01a1n so v\u1edbi nghi\u00ean c\u1ee9u c\u1ee7a 2 t\u00e1c gi\u1ea3 tr\u00ean.\n", "\u0110i\u1ec3m PELOD- 2 trung b\u00ecnh ng\u00e0y 2 v\u00e0 3 c\u1ee7a nh\u00f3m s\u1ed1ng s\u00f3t v\u00e0 t\u1eed vong trong nghi\u00ean c\u1ee9u c\u0169ng c\u00f3 s\u1ef1 kh\u00e1c bi\u1ec7t c\u00f3 \u00fd ngh\u0129a v\u1edbi v\u1edbi \u0111i\u1ec3m trung b\u00ecnh c\u1ee7a nh\u00f3m s\u1ed1ng s\u00f3t v\u00e0 t\u1eed vong \u1edf ng\u00e0y 2 t\u01b0\u01a1ng \u1ee9ng l\u00e0 7,0 \u00b1 2,25 v\u00e0 11,42 \u00b1 4,71 (p < 0,006); \u1edf ng\u00e0y 3 l\u00e0 6,5 \u00b1 1,46 v\u00e0 12,39 \u00b1 4,66 (p < 0,001) [4, 7].\n", "K\u1ebft qu\u1ea3 tr\u00f4ng Bi\u1ec3u \u0111\u1ed3 1cho th\u1ea5y thang \u0111i\u1ec3m\n", "PELOD-2 trong nghi\u00ean c\u1ee9u n\u00e0y c\u00f3 kh\u1ea3 n\u0103ng ph\u00e2n t\u00e1ch hai nh\u00f3m t\u1eed vong v\u00e0 s\u1ed1ng s\u00f3t, v\u1edbi di\u1ec7n t\u00edch d\u01b0\u1edbi \u0111\u01b0\u1eddng cong ROC l\u00e0 0,77 (0,68 - 0,86) v\u1edbi CI l\u00e0 95% v\u00e0 Hosmer Lemeshow \u03c7 (chi squared) = 14,96.\n", "M\u00f4 h\u00ecnh ti\u00ean l\u01b0\u1ee3ng t\u1eed vong c\u1ee7a thang \u0111i\u1ec3m PELOD-2 m\u1edbi \u0111\u01b0\u1ee3c Leteurtre v\u00e0 c\u1ed9ng s\u1ef1 \u0111\u01b0a ra v\u00e0o n\u0103m 2013v\u1edbi kh\u1ea3 n\u0103ng ti\u00ean l\u01b0\u1ee3ng r\u1ea5t t\u1ed1t nguy c\u01a1 t\u1eed vong v\u1edbi di\u1ec7n t\u00edch d\u01b0\u1edbi \u0111\u01b0\u1eddng cong ROC l\u00e0 0,942 (0,925 - 0,96) [5].\n", "C\u00f3 c\u00f9ng k\u1ebft qu\u1ea3, nghi\u00ean c\u1ee9u c\u1ee7a t\u00e1c gi\u1ea3 J.\n", "P.\n", "Goncalves, th\u1ea5y thang \u0111i\u1ec3m PELOD-2 c\u00f3 kh\u1ea3 n\u0103ng ph\u00e2n t\u00e1ch r\u1ea5t t\u1ed1t nguy c\u01a1 c\u1ee7a hai nh\u00f3m t\u1eed vong v\u00e0 s\u1ed1ng s\u00f3t v\u1edbi di\u1ec7n t\u00edch d\u01b0\u1edbi \u0111\u01b0\u1eddng cong\n", "ROC c\u1ee7a thang \u0111i\u1ec3m PELOD-2 l\u00e0 0,94 v\u1edbi\n", "Hosmer and Lemeshow \u03c72 (chi squared) l\u00e0 9,576, p = 0,022 [6].\n", "Khi ch\u00fang t\u00f4i \u00e1p d\u1ee5ng thang \u0111i\u1ec3m n\u00e0y cho nh\u00f3m b\u1ec7nh nh\u00e2n suy ch\u1ee9c n\u0103ng c\u00e1c c\u01a1 quan th\u00ec th\u1ea5y kh\u1ea3 n\u0103ng ti\u00ean l\u01b0\u1ee3ng c\u1ee7a thang \u0111i\u1ec3m PELOD-2 kh\u00f4ng c\u00f2n \u0111\u01b0\u1ee3c t\u1ed1t nh\u01b0 trong nghi\u00ean c\u1ee9u ban \u0111\u1ea7u.\n", "\u0110i\u1ec1u n\u00e0y c\u00f3 th\u1ec3 l\u00e0 do m\u00f4 h\u00ecnh b\u1ec7nh t\u1eadt kh\u00e1c nhau do \u0111\u00f3 k\u1ebft qu\u1ea3 c\u00f3 s\u1ef1 kh\u00e1c bi\u1ec7t nh\u01b0 v\u1eady.\n", "Trong nghi\u00ean c\u1ee9u x\u00e2y d\u1ef1ng thang \u0111i\u1ec3m PELOD-2 c\u00f3 so s\u00e1nh kh\u1ea3 n\u0103ng ph\u00e2n lo\u1ea1i c\u1ee7a thang \u0111i\u1ec3m PELOD-2 v\u1edbi phi\u00ean b\u1ea3n c\u0169 l\u00e0 thang \u0111i\u1ec3m PELOD th\u1ea5y kh\u1ea3 n\u0103ng ph\u00e2n lo\u1ea1i c\u1ee7a thang \u0111i\u1ec3m PELOD-2 t\u1ed1t h\u01a1n v\u1edbi di\u1ec7n t\u00edch d\u01b0\u1edbi \u0111\u01b0\u1eddng cong ROC c\u1ee7a PELOD-2 l\u00e0 0,94 cao h\u01a1n c\u00f3 \u00fd ngh\u0129a so v\u1edbi phi\u00ean b\u1ea3n c\u0169 l\u00e0 0,857 (p<0,01) [5].\n", "Trong nghi\u00ean c\u1ee9u n\u00e0y kh\u1ea3 n\u0103ng ph\u00e2n \u0111\u1ed9 c\u1ee7a thang \u0111i\u1ec3m PELOD-2 \u0111o v\u00e0o ng\u00e0y 3 l\u00e0 r\u1ea5t t\u1ed1t v\u1edbi di\u1ec7n t\u00edch d\u01b0\u1edbi \u0111\u01b0\u1eddng cong ROC l\u00e0 0,93 (0,85 - 1,00); \u0111o v\u00e0o ng\u00e0y 2 l\u00e0 ch\u1ea5p nh\u1eadn \u0111\u01b0\u1ee3c v\u1edbi di\u1ec7n t\u00edch d\u01b0\u1edbi \u0111\u01b0\u1eddng cong ROC l\u00e0 0,74 (0,59 - 0,89) (B\u1ea3ng 2).\n", "K\u1ebft qu\u1ea3 nghi\u00ean c\u1ee9u n\u00e0y c\u0169ng t\u01b0\u01a1ng \u0111\u01b0\u01a1ng v\u1edbi k\u1ebft qu\u1ea3 nghi\u00ean c\u1ee9u c\u1ee7a h\u1eb1ng ng\u00e0y [5].\n", "Theo B\u1ea3ng 2 cho th\u1ea5y khi thang \u0111i\u1ec3m PELOD-2 t\u0103ng l\u00ean, t\u1ef7 l\u1ec7 t\u1eed vong t\u0103ng l\u00ean c\u00f3 \u00fd ngh\u0129a th\u1ed1ng k\u00ea.\n", "Kh\u1ea3 n\u0103ng ti\u00ean l\u01b0\u1ee3ng t\u1eed vong \u1edf kho\u1ea3ng \u0111i\u1ec3m PELOD-2 nh\u1ecf h\u01a1n 10 l\u00e0 cao h\u01a1n th\u1ef1c t\u1ebf nh\u01b0ng \u1edf \u0111i\u1ec3m PELOD-2 l\u1edbn h\u01a1n 10 t\u1eed vong ti\u00ean l\u01b0\u1ee3ng v\u00e0 th\u1ef1c t\u1ebf l\u00e0 t\u01b0\u01a1ng \u0111\u01b0\u01a1ng nhau (H\u00ecnh 2).\n", "Kh\u1ea3 n\u0103ng ph\u00e2n \u0111\u1ed9 c\u1ee7a thang \u0111i\u1ec3m\n", "PELOD-2 c\u00f2n \u0111\u01b0\u1ee3c th\u1ec3 hi\u1ec7n \u0111i\u1ec3m PELOD-2 trung b\u00ecnh theo s\u1ed1 c\u01a1 quan suy (B\u1ea3ng 4), \u0111i\u1ec3m\n", "PELOD-2 v\u00e0 s\u1ed1 c\u01a1 quan suy c\u00f3 t\u01b0\u01a1ng quan ch\u1eb7t ch\u1ebd.\n", "K\u1ebft qu\u1ea3 n\u00e0y ph\u00f9 h\u1ee3p v\u1edbi nghi\u00ean c\u1ee9u c\u1ee7a\n", "Leteurtre (2013) v\u00e0 ph\u00f9 h\u1ee3p v\u1edbi m\u1ee5c \u0111\u00edch x\u00e2y d\u1ef1ng thang \u0111i\u1ec3m PELOD-2 t\u00e1c gi\u1ea3 Leteurtre nh\u1eb1m l\u01b0\u1ee3ng ho\u00e1 m\u1ee9c \u0111\u1ed9 r\u1ed1i lo\u1ea1n ch\u1ee9c n\u0103ng c\u1ee7a c\u00e1c h\u1ec7 c\u01a1 quan quan tr\u1ecdng \u0111\u1ed3ng th\u1eddi d\u1ef1 b\u00e1o nguy c\u01a1 t\u1eed vong \u0111\u1ec3 c\u00f3 k\u1ebf ho\u1ea1ch ph\u00e2n b\u1ed5 ngu\u1ed3n nh\u00e2n l\u1ef1c, v\u1eadt l\u1ef1c h\u1ee3p l\u00fd cho m\u1ed7i b\u1ec7nh [5].\n", "Theo k\u1ebft qu\u1ea3 trong B\u1ea3ng 5 th\u1ea5y h\u00f4 h\u1ea5p, tu\u1ea7n ho\u00e0n l\u00e0 c\u01a1 quan suy c\u00f3 \u0111i\u1ec3m PELOD-2 trung b\u00ecnh th\u1ea5p nh\u1ea5t 8,81 v\u00e0 8,94 \u0111i\u1ec3m; th\u1eadn v\u00e0 gan l\u00e0 2 c\u01a1 quan suy c\u00f3 \u0111i\u1ec3m cao nh\u1ea5t l\u00e0 10,37 v\u00e0 9,84 \u0111i\u1ec3m.\n", "Ng\u01b0\u1ee3c l\u1ea1i suy th\u1eadn v\u00e0 suy gan th\u01b0\u1eddng xu\u1ea5t hi\u1ec7n \u1edf nh\u00f3m b\u1ec7nh nh\u00e2n n\u1eb7ng suy ch\u1ee9c n\u0103ng t\u1eeb 4 c\u01a1 quan tr\u1edf l\u00ean h\u01a1n n\u1eefa \u0111i\u1ec3m PELOD-2 c\u00f3 s\u1ef1 t\u01b0\u01a1ng quan ch\u1eb7t ch\u1ebd v\u1edbi s\u1ed1 t\u1ea1ng suy do \u0111\u00f3 \u0111i\u1ec3m PELOD-2 trung b\u00ecnh \u1edf 2 nh\u00f3m c\u01a1 quan n\u00e0y cao nh\u1ea5t l\u00e0 ph\u00f9 h\u1ee3p v\u1edbi logic.\n", "\u0110i\u1ec3m PELOD-2 trung b\u00ecnh c\u1ee7a nh\u00f3m b\u1ec7nh nh\u00e2n suy ch\u1ee9c n\u0103ng th\u1eadn cao nh\u1ea5t l\u00e0 10,4 \u00b1 4,9 r\u1ea5t ph\u00f9 h\u1ee3p v\u1edbi t\u1ef7 l\u1ec7 t\u1eed vong trong nh\u00f3m b\u1ec7nh nh\u00e2n suy ch\u1ee9c n\u0103ng th\u1eadn c\u0169ng l\u00e0 cao nh\u1ea5t (77,8%) (B\u1ea3ng 5).\n", "\u0110i\u1ec1u n\u00e0y m\u1ed9t l\u1ea7n n\u1eefa g\u00f3p ph\u1ea7n kh\u1eb3ng \u0111\u1ecbnh gi\u00e1 tr\u1ecb ti\u00ean l\u01b0\u1ee3ng t\u1eed vong c\u1ee7a thang \u0111i\u1ec3m PELOD-2.\n", "Nghi\u00ean c\u1ee9u c\u1ee7a t\u00e1c gi\u1ea3 Tr\u1ea7n Ki\u00eam H\u1ea3o (2012) t\u1ea1i B\u1ec7nh vi\u1ec7n Trung \u01b0\u01a1ng Hu\u1ebf c\u0169ng cho k\u1ebft qu\u1ea3 t\u1ef7 l\u1ec7 t\u1eed vong do suy ch\u1ee9c n\u0103ng th\u1eadn chi\u1ebfm t\u1ef7 l\u1ec7 cao nh\u1ea5t trong nh\u00f3m b\u1ec7nh nhi suy ch\u1ee9c n\u0103ng c\u00e1c c\u01a1 quan [4].\n"], "5": ["5.\n", "K\u1ebft lu\u1eadn\n", "\u0110i\u1ec3m PELOD-2 trung b\u00ecnh cao (8,8 \u00b1 3,85), nh\u00f3m t\u1eed vong cao h\u01a1n nh\u00f3m s\u1ed1ng s\u00f3t t\u01b0\u01a1ng \u1ee9ng l\u00e0 7,07 \u00b1 2,37 v\u00e0 10,43 \u00b1 4,28; t\u1ef7 l\u1ec7 t\u1eed vong t\u1ef7 l\u1ec7 thu\u1eadn v\u1edbi ch\u1ec9 s\u1ed1 PELOD-2.\n", "Thang \u0111i\u1ec3m\n", "PELOD-2 c\u00f3 kh\u1ea3 n\u0103ng ph\u00e2n t\u00e1ch gi\u1eefa nh\u00f3m s\u1ed1ng s\u00f3t v\u00e0 t\u1eed vong v\u1edbi di\u1ec7n t\u00edch d\u01b0\u1edbi \u0111\u01b0\u1eddng cong ROC l\u00e0 0,76; \u0111i\u1ec3m PELOD-2 ph\u00e2n t\u00e1ch l\u00e0 8,5.\n", "Kh\u1ea3 n\u0103ng t\u1eed vong ti\u00ean l\u01b0\u1ee3ng c\u1ee7a thang \u0111i\u00eam\n", "PELOD-2 \u1edf m\u1ee9c > 10 \u0111i\u1ec3m g\u1ea7n t\u01b0\u01a1ng \u0111\u01b0\u01a1ng v\u1edbi t\u1eed vong th\u1ef1c t\u1ebf.\n"]}, "Word count": 3006}